# OpenSignals Text File Format. Version 1
# {"00:07:80:4D:33:A1": {"position": 0, "device": "biosignalsplux", "device name": "00:07:80:4D:33:A1", "device connection": "BTH00:07:80:4D:33:A1", "sampling rate": 1000, "resolution": [16], "firmware version": 775, "comments": "", "keywords": "", "mode": 0, "sync interval": 2, "date": "2026-6-2", "time": "13:11:9.163", "channels": [1], "sensor": ["EEG"], "label": ["CH1"], "column": ["nSeq", "DI", "CH1"], "special": [{"SpO2": [80, 40, 5, 4, 3, 3]}, {"SpO2": [80, 40, 5, 4, 3, 3]}, {"SpO2": [80, 40, 5, 4, 3, 3]}, {"SpO2": [80, 40, 5, 4, 3, 3]}, {"SpO2": [80, 40, 5, 4, 3, 3]}, {"SpO2": [80, 40, 5, 4, 3, 3]}, {"SpO2": [80, 40, 5, 4, 3, 3]}, {"SpO2": [80, 40, 5, 4, 3, 3]}], "digital IO": [0, 1], "sleeve color": ["green"]}}
# EndOfHeader
0	0	32416	
1	0	32180	
2	0	31720	
3	0	31520	
4	0	31084	
5	0	30620	
6	0	30672	
7	0	30864	
8	0	32008	
9	0	32980	
10	0	32944	
11	0	32584	
12	0	32528	
13	0	32604	
14	0	32160	
15	0	32184	
16	0	32728	
17	0	32928	
18	0	32948	
19	0	33436	
20	0	33888	
21	0	33644	
22	0	32268	
23	0	31308	
24	0	31352	
25	0	32120	
26	0	32456	
27	0	33124	
28	0	33248	
29	0	33176	
30	0	33360	
31	0	33280	
32	0	33216	
33	0	32940	
34	0	32256	
35	0	31400	
36	0	30948	
37	0	31736	
38	0	32164	
39	0	32056	
40	0	31668	
41	0	31120	
42	0	30656	
43	0	30964	
44	0	31620	
45	0	32536	
46	0	33000	
47	0	32012	
48	0	30888	
49	0	30132	
50	0	29844	
51	0	29556	
52	0	29504	
53	0	30048	
54	0	30496	
55	0	30588	
56	0	30504	
57	0	30712	
58	0	30396	
59	0	29652	
60	0	29200	
61	0	29484	
62	0	29696	
63	0	29724	
64	0	29920	
65	0	30748	
66	0	31340	
67	0	31392	
68	0	31788	
69	0	32320	
70	0	32640	
71	0	32100	
72	0	31368	
73	0	30876	
74	0	30692	
75	0	31328	
76	0	32644	
77	0	33588	
78	0	34612	
79	0	35392	
80	0	35872	
81	0	35664	
82	0	35084	
83	0	34264	
84	0	33492	
85	0	33004	
86	0	32744	
87	0	32704	
88	0	33036	
89	0	33272	
90	0	33396	
91	0	33752	
92	0	33536	
93	0	34068	
94	0	34384	
95	0	34392	
96	0	34232	
97	0	33904	
98	0	33480	
99	0	33384	
100	0	33620	
101	0	33480	
102	0	33480	
103	0	33576	
104	0	33516	
105	0	32480	
106	0	30480	
107	0	29588	
108	0	29856	
109	0	30996	
110	0	32620	
111	0	33472	
112	0	34096	
113	0	34420	
114	0	34428	
115	0	34772	
116	0	35024	
117	0	35658	
118	0	37320	
119	0	40200	
120	0	43152	
121	0	45928	
122	0	47328	
123	0	47560	
124	0	47296	
125	0	45744	
126	0	42572	
127	0	38168	
128	0	34328	
129	0	32724	
130	0	33248	
131	0	34056	
132	0	34304	
133	0	34516	
134	0	35768	
135	0	37744	
136	0	40024	
137	0	41900	
138	0	42664	
139	0	42784	
140	0	42820	
141	0	42716	
142	0	41844	
143	0	40904	
144	0	41020	
145	0	41596	
146	0	42696	
147	0	43660	
148	0	43928	
149	0	43076	
150	0	41224	
151	0	39780	
152	0	39448	
153	0	40964	
154	0	43744	
155	0	46592	
156	0	49200	
157	0	50368	
158	0	49552	
159	0	47784	
160	0	46060	
161	0	45100	
162	0	43588	
163	0	42124	
164	0	41460	
165	0	41088	
166	0	42024	
167	0	42800	
168	0	43400	
169	0	43872	
170	0	44292	
171	0	44456	
172	0	44184	
173	0	43680	
174	0	42924	
175	0	41816	
176	0	41420	
177	0	41324	
178	0	40992	
179	0	39736	
180	0	37256	
181	0	35396	
182	0	35184	
183	0	36376	
184	0	38548	
185	0	40356	
186	0	40888	
187	0	40196	
188	0	38928	
189	0	37288	
190	0	35704	
191	0	35220	
192	0	36664	
193	0	38824	
194	0	41288	
195	0	43200	
196	0	44444	
197	0	45408	
198	0	45388	
199	0	44620	
200	0	42864	
201	0	42256	
202	0	42344	
203	0	43120	
204	0	44040	
205	0	44948	
206	0	45196	
207	0	44408	
208	0	43696	
209	0	43440	
210	0	42872	
211	0	42296	
212	0	41896	
213	0	41684	
214	0	41528	
215	0	41368	
216	0	41940	
217	0	42640	
218	0	43056	
219	0	43048	
220	0	41990	
221	0	40976	
222	0	39736	
223	0	38836	
224	0	38784	
225	0	38984	
226	0	39036	
227	0	39152	
228	0	38968	
229	0	37928	
230	0	37456	
231	0	37900	
232	0	38336	
233	0	38584	
234	0	39572	
235	0	40624	
236	0	41296	
237	0	41816	
238	0	42396	
239	0	42580	
240	0	41896	
241	0	40968	
242	0	39608	
243	0	38608	
244	0	37140	
245	0	34872	
246	0	32936	
247	0	32716	
248	0	33576	
249	0	34924	
250	0	35624	
251	0	35772	
252	0	35924	
253	0	36080	
254	0	36532	
255	0	37080	
256	0	37768	
257	0	38944	
258	0	39952	
259	0	40808	
260	0	40848	
261	0	41012	
262	0	41420	
263	0	41532	
264	0	41348	
265	0	40744	
266	0	39192	
267	0	36976	
268	0	35840	
269	0	36040	
270	0	36472	
271	0	37188	
272	0	37784	
273	0	38112	
274	0	38152	
275	0	37828	
276	0	37592	
277	0	37168	
278	0	36644	
279	0	35940	
280	0	35328	
281	0	34788	
282	0	34240	
283	0	33596	
284	0	32996	
285	0	32912	
286	0	32648	
287	0	32412	
288	0	31804	
289	0	31224	
290	0	30960	
291	0	30968	
292	0	30580	
293	0	30324	
294	0	30140	
295	0	29252	
296	0	28876	
297	0	28821	
298	0	28332	
299	0	27880	
300	0	26556	
301	0	25496	
302	0	25976	
303	0	27216	
304	0	28200	
305	0	28992	
306	0	28856	
307	0	28578	
308	0	28656	
309	0	27980	
310	0	27052	
311	0	26104	
312	0	25396	
313	0	24444	
314	0	23128	
315	0	22664	
316	0	23392	
317	0	23940	
318	0	24460	
319	0	24934	
320	0	25340	
321	0	26168	
322	0	26849	
323	0	26944	
324	0	27220	
325	0	26968	
326	0	25792	
327	0	24740	
328	0	24116	
329	0	23378	
330	0	22940	
331	0	22800	
332	0	22608	
333	0	21412	
334	0	20325	
335	0	19796	
336	0	20000	
337	0	20476	
338	0	20428	
339	0	21012	
340	0	21228	
341	0	21592	
342	0	22448	
343	0	22964	
344	0	23320	
345	0	24684	
346	0	25856	
347	0	25986	
348	0	25860	
349	0	25920	
350	0	25824	
351	0	25848	
352	0	26812	
353	0	28572	
354	0	29832	
355	0	29912	
356	0	30048	
357	0	30364	
358	0	29832	
359	0	29572	
360	0	29544	
361	0	29420	
362	0	28944	
363	0	28408	
364	0	28344	
365	0	29104	
366	0	30714	
367	0	33416	
368	0	35056	
369	0	36304	
370	0	36256	
371	0	35948	
372	0	36668	
373	0	37516	
374	0	38336	
375	0	38060	
376	0	36212	
377	0	35200	
378	0	35780	
379	0	35972	
380	0	35540	
381	0	35232	
382	0	34496	
383	0	33194	
384	0	32160	
385	0	33024	
386	0	34200	
387	0	34248	
388	0	34808	
389	0	35964	
390	0	37220	
391	0	37752	
392	0	37784	
393	0	37968	
394	0	37640	
395	0	36272	
396	0	34020	
397	0	31836	
398	0	30692	
399	0	30392	
400	0	29936	
401	0	29780	
402	0	30556	
403	0	31308	
404	0	32336	
405	0	33632	
406	0	35472	
407	0	37112	
408	0	38208	
409	0	39164	
410	0	40036	
411	0	40492	
412	0	40692	
413	0	41432	
414	0	41928	
415	0	42196	
416	0	41988	
417	0	41256	
418	0	41140	
419	0	41144	
420	0	41300	
421	0	42208	
422	0	43060	
423	0	43576	
424	0	43588	
425	0	43288	
426	0	43136	
427	0	43236	
428	0	43532	
429	0	43580	
430	0	42828	
431	0	42112	
432	0	41040	
433	0	39840	
434	0	38692	
435	0	37632	
436	0	36688	
437	0	36664	
438	0	37240	
439	0	37024	
440	0	36164	
441	0	35240	
442	0	34360	
443	0	33452	
444	0	32374	
445	0	31224	
446	0	30300	
447	0	29708	
448	0	29386	
449	0	29384	
450	0	29592	
451	0	29504	
452	0	29824	
453	0	30432	
454	0	31100	
455	0	31620	
456	0	32148	
457	0	32584	
458	0	32652	
459	0	32076	
460	0	31944	
461	0	32226	
462	0	33016	
463	0	33768	
464	0	34348	
465	0	34168	
466	0	33928	
467	0	33416	
468	0	32984	
469	0	33056	
470	0	33736	
471	0	34816	
472	0	35444	
473	0	36004	
474	0	36200	
475	0	35948	
476	0	35496	
477	0	35436	
478	0	35720	
479	0	35844	
480	0	35744	
481	0	34984	
482	0	34120	
483	0	34548	
484	0	35112	
485	0	35436	
486	0	35412	
487	0	35472	
488	0	35328	
489	0	34652	
490	0	34488	
491	0	34856	
492	0	34928	
493	0	34536	
494	0	33764	
495	0	33716	
496	0	33632	
497	0	33018	
498	0	31880	
499	0	31364	
500	0	31304	
501	0	31256	
502	0	31464	
503	0	31444	
504	0	30820	
505	0	29880	
506	0	29452	
507	0	29466	
508	0	29564	
509	0	29724	
510	0	30192	
511	0	31232	
512	0	31952	
513	0	31816	
514	0	31544	
515	0	31140	
516	0	30670	
517	0	30528	
518	0	30666	
519	0	30544	
520	0	30344	
521	0	30316	
522	0	30520	
523	0	30596	
524	0	30240	
525	0	29596	
526	0	29168	
527	0	28708	
528	0	28512	
529	0	28368	
530	0	28850	
531	0	29384	
532	0	29372	
533	0	29092	
534	0	28672	
535	0	28708	
536	0	28744	
537	0	29036	
538	0	29692	
539	0	29860	
540	0	29576	
541	0	29308	
542	0	28992	
543	0	28760	
544	0	28616	
545	0	28976	
546	0	29824	
547	0	30524	
548	0	30968	
549	0	31820	
550	0	32548	
551	0	32480	
552	0	32112	
553	0	31720	
554	0	31248	
555	0	31168	
556	0	31408	
557	0	32266	
558	0	33292	
559	0	34004	
560	0	33744	
561	0	33308	
562	0	32796	
563	0	32512	
564	0	32208	
565	0	31884	
566	0	31624	
567	0	31840	
568	0	32884	
569	0	33936	
570	0	34096	
571	0	33012	
572	0	32708	
573	0	32672	
574	0	32792	
575	0	32872	
576	0	32592	
577	0	32688	
578	0	32476	
579	0	32360	
580	0	32716	
581	0	32932	
582	0	33200	
583	0	33308	
584	0	33544	
585	0	33804	
586	0	34252	
587	0	34148	
588	0	34176	
589	0	34520	
590	0	34612	
591	0	34306	
592	0	33472	
593	0	32912	
594	0	32988	
595	0	33160	
596	0	33264	
597	0	33496	
598	0	33536	
599	0	33220	
600	0	32860	
601	0	32268	
602	0	32108	
603	0	32488	
604	0	32824	
605	0	32584	
606	0	32524	
607	0	32664	
608	0	32320	
609	0	32144	
610	0	31616	
611	0	31420	
612	0	32056	
613	0	33284	
614	0	33848	
615	0	33520	
616	0	32840	
617	0	32624	
618	0	32248	
619	0	32316	
620	0	32400	
621	0	32444	
622	0	33028	
623	0	33340	
624	0	32800	
625	0	32044	
626	0	30496	
627	0	28164	
628	0	25348	
629	0	22842	
630	0	21496	
631	0	22328	
632	0	25372	
633	0	29512	
634	0	32900	
635	0	35564	
636	0	37020	
637	0	37652	
638	0	37356	
639	0	36996	
640	0	36692	
641	0	35644	
642	0	33520	
643	0	30304	
644	0	27532	
645	0	25748	
646	0	25148	
647	0	25488	
648	0	25868	
649	0	25752	
650	0	25732	
651	0	26292	
652	0	27156	
653	0	28357	
654	0	29560	
655	0	30900	
656	0	31612	
657	0	31620	
658	0	31544	
659	0	31480	
660	0	30888	
661	0	30168	
662	0	30024	
663	0	30000	
664	0	29984	
665	0	30232	
666	0	30072	
667	0	29972	
668	0	29568	
669	0	29352	
670	0	29396	
671	0	29864	
672	0	30204	
673	0	30760	
674	0	32288	
675	0	33144	
676	0	33100	
677	0	33040	
678	0	33224	
679	0	32784	
680	0	32418	
681	0	31936	
682	0	31082	
683	0	30748	
684	0	29772	
685	0	29352	
686	0	29576	
687	0	30280	
688	0	30828	
689	0	31416	
690	0	31840	
691	0	32336	
692	0	32644	
693	0	32540	
694	0	32088	
695	0	31000	
696	0	30004	
697	0	29992	
698	0	30320	
699	0	30588	
700	0	30680	
701	0	30424	
702	0	30696	
703	0	31604	
704	0	31784	
705	0	31400	
706	0	31368	
707	0	31808	
708	0	32284	
709	0	33072	
710	0	33492	
711	0	33596	
712	0	33600	
713	0	33420	
714	0	33300	
715	0	33512	
716	0	33868	
717	0	34328	
718	0	34912	
719	0	35156	
720	0	34896	
721	0	35400	
722	0	36696	
723	0	37864	
724	0	38380	
725	0	38404	
726	0	37736	
727	0	37360	
728	0	37668	
729	0	38008	
730	0	38332	
731	0	38472	
732	0	38428	
733	0	37944	
734	0	37084	
735	0	35808	
736	0	34432	
737	0	33512	
738	0	33484	
739	0	33440	
740	0	33260	
741	0	32404	
742	0	32004	
743	0	31848	
744	0	32016	
745	0	32000	
746	0	31588	
747	0	31320	
748	0	32192	
749	0	33244	
750	0	33228	
751	0	33114	
752	0	33008	
753	0	32536	
754	0	31572	
755	0	30308	
756	0	29312	
757	0	29208	
758	0	29560	
759	0	29808	
760	0	29824	
761	0	29464	
762	0	28804	
763	0	28668	
764	0	28732	
765	0	28596	
766	0	28532	
767	0	29044	
768	0	29748	
769	0	30296	
770	0	30592	
771	0	30948	
772	0	31456	
773	0	31992	
774	0	32604	
775	0	32912	
776	0	33532	
777	0	33812	
778	0	33916	
779	0	34088	
780	0	34720	
781	0	35484	
782	0	35980	
783	0	36644	
784	0	36904	
785	0	36296	
786	0	35940	
787	0	35696	
788	0	35404	
789	0	36104	
790	0	36708	
791	0	36640	
792	0	36376	
793	0	35512	
794	0	34368	
795	0	33004	
796	0	31988	
797	0	31424	
798	0	31360	
799	0	31608	
800	0	31716	
801	0	31860	
802	0	31912	
803	0	31700	
804	0	30960	
805	0	30292	
806	0	30412	
807	0	30544	
808	0	30448	
809	0	30768	
810	0	31544	
811	0	31412	
812	0	30948	
813	0	31212	
814	0	32008	
815	0	32164	
816	0	32181	
817	0	32608	
818	0	33148	
819	0	32360	
820	0	31448	
821	0	31176	
822	0	31584	
823	0	32288	
824	0	33028	
825	0	33232	
826	0	33252	
827	0	33768	
828	0	34744	
829	0	35220	
830	0	35136	
831	0	35448	
832	0	35004	
833	0	34940	
834	0	34776	
835	0	34380	
836	0	33936	
837	0	33136	
838	0	32608	
839	0	32892	
840	0	33456	
841	0	34056	
842	0	34808	
843	0	35376	
844	0	35592	
845	0	36108	
846	0	36420	
847	0	36776	
848	0	36968	
849	0	37000	
850	0	36424	
851	0	35876	
852	0	35912	
853	0	35864	
854	0	34932	
855	0	34188	
856	0	34076	
857	0	33872	
858	0	33588	
859	0	33960	
860	0	34276	
861	0	34444	
862	0	34468	
863	0	34600	
864	0	34888	
865	0	35428	
866	0	35860	
867	0	35776	
868	0	35800	
869	0	35720	
870	0	35280	
871	0	35028	
872	0	34718	
873	0	34304	
874	0	34384	
875	0	35064	
876	0	35264	
877	0	35228	
878	0	35080	
879	0	34524	
880	0	33748	
881	0	33060	
882	0	32224	
883	0	31424	
884	0	30280	
885	0	29236	
886	0	28456	
887	0	28032	
888	0	28564	
889	0	30168	
890	0	32312	
891	0	33890	
892	0	35008	
893	0	35200	
894	0	34600	
895	0	34048	
896	0	33808	
897	0	34224	
898	0	35500	
899	0	36692	
900	0	37292	
901	0	37656	
902	0	37884	
903	0	37996	
904	0	37948	
905	0	37576	
906	0	37064	
907	0	36336	
908	0	36352	
909	0	37056	
910	0	37644	
911	0	37280	
912	0	36536	
913	0	35472	
914	0	34824	
915	0	34972	
916	0	35952	
917	0	36708	
918	0	37420	
919	0	38168	
920	0	38536	
921	0	38332	
922	0	37848	
923	0	37584	
924	0	37808	
925	0	37748	
926	0	37096	
927	0	36552	
928	0	36288	
929	0	35804	
930	0	34900	
931	0	34240	
932	0	34112	
933	0	34280	
934	0	34276	
935	0	34568	
936	0	34932	
937	0	35180	
938	0	34772	
939	0	33952	
940	0	33260	
941	0	33340	
942	0	33700	
943	0	33568	
944	0	33808	
945	0	34234	
946	0	34168	
947	0	33604	
948	0	33328	
949	0	33448	
950	0	33472	
951	0	33556	
952	0	33740	
953	0	33636	
954	0	33112	
955	0	32712	
956	0	32036	
957	0	31224	
958	0	30664	
959	0	30976	
960	0	31596	
961	0	32136	
962	0	32108	
963	0	31912	
964	0	31768	
965	0	31976	
966	0	32240	
967	0	32168	
968	0	32164	
969	0	32652	
970	0	32888	
971	0	32564	
972	0	32308	
973	0	32236	
974	0	32248	
975	0	32728	
976	0	33044	
977	0	32600	
978	0	31988	
979	0	31864	
980	0	31252	
981	0	30428	
982	0	30106	
983	0	30112	
984	0	30440	
985	0	30848	
986	0	31276	
987	0	31484	
988	0	31852	
989	0	32920	
990	0	33348	
991	0	33128	
992	0	32616	
993	0	32432	
994	0	32704	
995	0	32268	
996	0	32156	
997	0	32524	
998	0	32712	
999	0	32944	
1000	0	33404	
1001	0	34212	
1002	0	34844	
1003	0	35324	
1004	0	35592	
1005	0	35304	
1006	0	34772	
1007	0	34536	
1008	0	34288	
1009	0	34296	
1010	0	34644	
1011	0	35124	
1012	0	35896	
1013	0	36540	
1014	0	36680	
1015	0	37204	
1016	0	37732	
1017	0	37748	
1018	0	37272	
1019	0	36496	
1020	0	35608	
1021	0	35408	
1022	0	35292	
1023	0	34692	
1024	0	34920	
1025	0	35392	
1026	0	35768	
1027	0	35702	
1028	0	35064	
1029	0	34560	
1030	0	33980	
1031	0	33284	
1032	0	33156	
1033	0	32712	
1034	0	32296	
1035	0	31908	
1036	0	31264	
1037	0	31016	
1038	0	30788	
1039	0	30540	
1040	0	29988	
1041	0	29252	
1042	0	28932	
1043	0	28984	
1044	0	29220	
1045	0	29236	
1046	0	28980	
1047	0	28616	
1048	0	27772	
1049	0	27380	
1050	0	27284	
1051	0	27260	
1052	0	27572	
1053	0	28104	
1054	0	28520	
1055	0	28392	
1056	0	27756	
1057	0	27404	
1058	0	26748	
1059	0	26152	
1060	0	25836	
1061	0	25800	
1062	0	26140	
1063	0	26884	
1064	0	27760	
1065	0	28500	
1066	0	28800	
1067	0	29160	
1068	0	29804	
1069	0	30132	
1070	0	29480	
1071	0	28700	
1072	0	29344	
1073	0	30820	
1074	0	32232	
1075	0	32932	
1076	0	33152	
1077	0	33188	
1078	0	33148	
1079	0	33028	
1080	0	32880	
1081	0	32428	
1082	0	31968	
1083	0	32432	
1084	0	32880	
1085	0	32980	
1086	0	33296	
1087	0	34004	
1088	0	34672	
1089	0	34568	
1090	0	34096	
1091	0	34140	
1092	0	34648	
1093	0	35184	
1094	0	35772	
1095	0	36048	
1096	0	35740	
1097	0	34832	
1098	0	33932	
1099	0	33548	
1100	0	33704	
1101	0	33952	
1102	0	34552	
1103	0	34880	
1104	0	34876	
1105	0	34796	
1106	0	34948	
1107	0	34952	
1108	0	35024	
1109	0	35364	
1110	0	35360	
1111	0	35224	
1112	0	35328	
1113	0	35310	
1114	0	34912	
1115	0	34372	
1116	0	33730	
1117	0	33104	
1118	0	32712	
1119	0	32664	
1120	0	33088	
1121	0	33268	
1122	0	33016	
1123	0	33048	
1124	0	32832	
1125	0	32336	
1126	0	31440	
1127	0	31116	
1128	0	30820	
1129	0	30832	
1130	0	30536	
1131	0	29844	
1132	0	29264	
1133	0	29340	
1134	0	29100	
1135	0	27888	
1136	0	26768	
1137	0	26000	
1138	0	25498	
1139	0	24924	
1140	0	23672	
1141	0	22844	
1142	0	23064	
1143	0	23852	
1144	0	25176	
1145	0	27988	
1146	0	30600	
1147	0	32652	
1148	0	34272	
1149	0	34980	
1150	0	35048	
1151	0	34496	
1152	0	34336	
1153	0	34428	
1154	0	34332	
1155	0	33948	
1156	0	33280	
1157	0	32472	
1158	0	30432	
1159	0	28976	
1160	0	29284	
1161	0	30304	
1162	0	31016	
1163	0	31928	
1164	0	32548	
1165	0	32772	
1166	0	33032	
1167	0	33228	
1168	0	33580	
1169	0	33988	
1170	0	34160	
1171	0	33784	
1172	0	32916	
1173	0	32224	
1174	0	31496	
1175	0	30896	
1176	0	30356	
1177	0	30064	
1178	0	30112	
1179	0	30888	
1180	0	31476	
1181	0	31400	
1182	0	31240	
1183	0	31452	
1184	0	31162	
1185	0	30764	
1186	0	30872	
1187	0	31844	
1188	0	32872	
1189	0	33304	
1190	0	33960	
1191	0	34384	
1192	0	34184	
1193	0	34164	
1194	0	34404	
1195	0	34152	
1196	0	34000	
1197	0	34564	
1198	0	34568	
1199	0	33888	
1200	0	33496	
1201	0	33840	
1202	0	34020	
1203	0	33972	
1204	0	33580	
1205	0	33360	
1206	0	33352	
1207	0	33396	
1208	0	33140	
1209	0	33048	
1210	0	33440	
1211	0	33036	
1212	0	31888	
1213	0	31372	
1214	0	31376	
1215	0	31200	
1216	0	31012	
1217	0	30920	
1218	0	31332	
1219	0	31508	
1220	0	31364	
1221	0	31068	
1222	0	30820	
1223	0	31228	
1224	0	31940	
1225	0	32288	
1226	0	32492	
1227	0	32652	
1228	0	32804	
1229	0	32520	
1230	0	32340	
1231	0	32268	
1232	0	31916	
1233	0	31456	
1234	0	30612	
1235	0	29360	
1236	0	28512	
1237	0	28346	
1238	0	28152	
1239	0	28172	
1240	0	28420	
1241	0	28856	
1242	0	29396	
1243	0	29588	
1244	0	29700	
1245	0	29796	
1246	0	29960	
1247	0	30304	
1248	0	30976	
1249	0	31812	
1250	0	32080	
1251	0	32664	
1252	0	33476	
1253	0	34356	
1254	0	34752	
1255	0	34028	
1256	0	32936	
1257	0	32576	
1258	0	33144	
1259	0	33528	
1260	0	33432	
1261	0	32876	
1262	0	32272	
1263	0	31584	
1264	0	31194	
1265	0	31336	
1266	0	31936	
1267	0	33000	
1268	0	33808	
1269	0	34440	
1270	0	34800	
1271	0	34828	
1272	0	34780	
1273	0	34864	
1274	0	34920	
1275	0	35360	
1276	0	36068	
1277	0	36212	
1278	0	34984	
1279	0	33968	
1280	0	33556	
1281	0	33356	
1282	0	33068	
1283	0	32784	
1284	0	32912	
1285	0	32828	
1286	0	32624	
1287	0	33036	
1288	0	33208	
1289	0	33084	
1290	0	32368	
1291	0	31848	
1292	0	31552	
1293	0	31204	
1294	0	30704	
1295	0	29848	
1296	0	29204	
1297	0	28880	
1298	0	28800	
1299	0	28796	
1300	0	29084	
1301	0	30036	
1302	0	31368	
1303	0	32240	
1304	0	32584	
1305	0	32836	
1306	0	32976	
1307	0	33344	
1308	0	33320	
1309	0	33048	
1310	0	32232	
1311	0	31732	
1312	0	31464	
1313	0	31260	
1314	0	30808	
1315	0	30384	
1316	0	29920	
1317	0	29886	
1318	0	29884	
1319	0	30018	
1320	0	29992	
1321	0	29776	
1322	0	30040	
1323	0	30512	
1324	0	30868	
1325	0	31472	
1326	0	31616	
1327	0	32117	
1328	0	32864	
1329	0	33396	
1330	0	33568	
1331	0	33632	
1332	0	33900	
1333	0	33888	
1334	0	33080	
1335	0	32248	
1336	0	32248	
1337	0	32800	
1338	0	33632	
1339	0	34384	
1340	0	34572	
1341	0	34656	
1342	0	35008	
1343	0	35192	
1344	0	35304	
1345	0	35656	
1346	0	35760	
1347	0	35816	
1348	0	35592	
1349	0	35424	
1350	0	35740	
1351	0	36344	
1352	0	36324	
1353	0	36292	
1354	0	35992	
1355	0	35440	
1356	0	35172	
1357	0	34556	
1358	0	33828	
1359	0	33760	
1360	0	34224	
1361	0	34636	
1362	0	35148	
1363	0	35216	
1364	0	34976	
1365	0	35024	
1366	0	35348	
1367	0	35692	
1368	0	35764	
1369	0	35656	
1370	0	35016	
1371	0	35172	
1372	0	36080	
1373	0	36092	
1374	0	35536	
1375	0	34480	
1376	0	34072	
1377	0	33260	
1378	0	32236	
1379	0	31400	
1380	0	31092	
1381	0	30992	
1382	0	30684	
1383	0	30644	
1384	0	30916	
1385	0	31492	
1386	0	32068	
1387	0	32708	
1388	0	32768	
1389	0	32200	
1390	0	31840	
1391	0	32336	
1392	0	32576	
1393	0	32920	
1394	0	32752	
1395	0	32376	
1396	0	31640	
1397	0	31500	
1398	0	32056	
1399	0	32392	
1400	0	32728	
1401	0	33112	
1402	0	33386	
1403	0	33920	
1404	0	34420	
1405	0	34504	
1406	0	34292	
1407	0	34152	
1408	0	34308	
1409	0	34396	
1410	0	34580	
1411	0	35112	
1412	0	35724	
1413	0	36124	
1414	0	36080	
1415	0	35828	
1416	0	36048	
1417	0	37092	
1418	0	37808	
1419	0	38440	
1420	0	38824	
1421	0	39472	
1422	0	39840	
1423	0	40240	
1424	0	40232	
1425	0	39444	
1426	0	38528	
1427	0	37600	
1428	0	36724	
1429	0	36604	
1430	0	37656	
1431	0	38368	
1432	0	37876	
1433	0	36640	
1434	0	35176	
1435	0	33904	
1436	0	32884	
1437	0	32448	
1438	0	32672	
1439	0	33080	
1440	0	33536	
1441	0	33536	
1442	0	33020	
1443	0	33224	
1444	0	33808	
1445	0	33900	
1446	0	33936	
1447	0	34000	
1448	0	34308	
1449	0	34436	
1450	0	34512	
1451	0	34336	
1452	0	33708	
1453	0	33016	
1454	0	31804	
1455	0	31146	
1456	0	30332	
1457	0	29774	
1458	0	28836	
1459	0	27976	
1460	0	27440	
1461	0	27668	
1462	0	29632	
1463	0	32988	
1464	0	37480	
1465	0	40988	
1466	0	42700	
1467	0	42612	
1468	0	41484	
1469	0	40224	
1470	0	39304	
1471	0	38124	
1472	0	37652	
1473	0	36904	
1474	0	35600	
1475	0	34424	
1476	0	33704	
1477	0	33260	
1478	0	33348	
1479	0	33752	
1480	0	34652	
1481	0	35744	
1482	0	36672	
1483	0	37972	
1484	0	38100	
1485	0	37660	
1486	0	37416	
1487	0	36744	
1488	0	36124	
1489	0	35840	
1490	0	36172	
1491	0	36188	
1492	0	35004	
1493	0	33652	
1494	0	32480	
1495	0	31520	
1496	0	31160	
1497	0	31212	
1498	0	31238	
1499	0	31184	
1500	0	31088	
1501	0	29488	
1502	0	28656	
1503	0	28272	
1504	0	28202	
1505	0	28948	
1506	0	29952	
1507	0	30568	
1508	0	30824	
1509	0	30612	
1510	0	30540	
1511	0	30296	
1512	0	30344	
1513	0	30572	
1514	0	30552	
1515	0	30748	
1516	0	31072	
1517	0	31152	
1518	0	30504	
1519	0	30788	
1520	0	31048	
1521	0	30912	
1522	0	31248	
1523	0	31596	
1524	0	31852	
1525	0	31884	
1526	0	31824	
1527	0	32232	
1528	0	32732	
1529	0	33004	
1530	0	33176	
1531	0	33400	
1532	0	33984	
1533	0	34340	
1534	0	34784	
1535	0	34944	
1536	0	33976	
1537	0	33516	
1538	0	33512	
1539	0	33032	
1540	0	33104	
1541	0	33368	
1542	0	33864	
1543	0	34580	
1544	0	34976	
1545	0	35188	
1546	0	35488	
1547	0	35396	
1548	0	35172	
1549	0	35152	
1550	0	34144	
1551	0	33480	
1552	0	34112	
1553	0	34448	
1554	0	33568	
1555	0	32252	
1556	0	31528	
1557	0	31336	
1558	0	31652	
1559	0	32136	
1560	0	33008	
1561	0	33188	
1562	0	33368	
1563	0	33688	
1564	0	33640	
1565	0	32652	
1566	0	31900	
1567	0	31400	
1568	0	31024	
1569	0	31044	
1570	0	31252	
1571	0	31608	
1572	0	31892	
1573	0	31728	
1574	0	31576	
1575	0	31816	
1576	0	32376	
1577	0	33608	
1578	0	34628	
1579	0	34772	
1580	0	34300	
1581	0	34328	
1582	0	34436	
1583	0	35168	
1584	0	36286	
1585	0	36012	
1586	0	35464	
1587	0	35440	
1588	0	35588	
1589	0	34874	
1590	0	33952	
1591	0	33680	
1592	0	33516	
1593	0	32932	
1594	0	32976	
1595	0	32672	
1596	0	32008	
1597	0	31860	
1598	0	31564	
1599	0	31048	
1600	0	30752	
1601	0	31012	
1602	0	31220	
1603	0	31208	
1604	0	31764	
1605	0	32016	
1606	0	31624	
1607	0	31772	
1608	0	32344	
1609	0	32712	
1610	0	32472	
1611	0	31672	
1612	0	31404	
1613	0	30916	
1614	0	30360	
1615	0	29956	
1616	0	30436	
1617	0	31412	
1618	0	32056	
1619	0	32412	
1620	0	32792	
1621	0	33416	
1622	0	33524	
1623	0	33064	
1624	0	32660	
1625	0	33044	
1626	0	33684	
1627	0	33128	
1628	0	32136	
1629	0	31616	
1630	0	30776	
1631	0	30488	
1632	0	30424	
1633	0	30132	
1634	0	29748	
1635	0	29872	
1636	0	30328	
1637	0	30644	
1638	0	30996	
1639	0	31452	
1640	0	31464	
1641	0	30988	
1642	0	30237	
1643	0	29592	
1644	0	28828	
1645	0	27968	
1646	0	28496	
1647	0	29968	
1648	0	31196	
1649	0	31644	
1650	0	31344	
1651	0	30320	
1652	0	29712	
1653	0	29624	
1654	0	30224	
1655	0	31076	
1656	0	31724	
1657	0	32784	
1658	0	33404	
1659	0	33754	
1660	0	34348	
1661	0	34705	
1662	0	34376	
1663	0	33848	
1664	0	33632	
1665	0	33332	
1666	0	33404	
1667	0	33212	
1668	0	33074	
1669	0	32986	
1670	0	33260	
1671	0	33592	
1672	0	34116	
1673	0	34244	
1674	0	34248	
1675	0	33856	
1676	0	33256	
1677	0	33592	
1678	0	34548	
1679	0	35680	
1680	0	36712	
1681	0	37356	
1682	0	37496	
1683	0	37696	
1684	0	37788	
1685	0	37688	
1686	0	37304	
1687	0	37160	
1688	0	36912	
1689	0	36856	
1690	0	36524	
1691	0	34808	
1692	0	32900	
1693	0	32176	
1694	0	32304	
1695	0	32672	
1696	0	33176	
1697	0	33540	
1698	0	33712	
1699	0	33140	
1700	0	33152	
1701	0	32788	
1702	0	31604	
1703	0	30684	
1704	0	30400	
1705	0	30216	
1706	0	30620	
1707	0	31256	
1708	0	31676	
1709	0	31856	
1710	0	32136	
1711	0	32480	
1712	0	32256	
1713	0	32004	
1714	0	31572	
1715	0	31516	
1716	0	31524	
1717	0	31208	
1718	0	31296	
1719	0	31292	
1720	0	30652	
1721	0	30152	
1722	0	30080	
1723	0	29952	
1724	0	29916	
1725	0	29776	
1726	0	29840	
1727	0	30164	
1728	0	30380	
1729	0	30577	
1730	0	30796	
1731	0	30752	
1732	0	30464	
1733	0	30108	
1734	0	29772	
1735	0	28744	
1736	0	27156	
1737	0	26428	
1738	0	26768	
1739	0	27624	
1740	0	28388	
1741	0	29048	
1742	0	29452	
1743	0	29608	
1744	0	29220	
1745	0	28948	
1746	0	29504	
1747	0	30816	
1748	0	30882	
1749	0	30680	
1750	0	29904	
1751	0	29080	
1752	0	28736	
1753	0	29292	
1754	0	29532	
1755	0	29464	
1756	0	29504	
1757	0	29408	
1758	0	29100	
1759	0	29160	
1760	0	29432	
1761	0	29976	
1762	0	30544	
1763	0	30116	
1764	0	29524	
1765	0	29204	
1766	0	29032	
1767	0	29360	
1768	0	31164	
1769	0	33272	
1770	0	34892	
1771	0	34872	
1772	0	33564	
1773	0	31768	
1774	0	30706	
1775	0	30736	
1776	0	31380	
1777	0	32100	
1778	0	32756	
1779	0	33660	
1780	0	34392	
1781	0	35120	
1782	0	35348	
1783	0	35416	
1784	0	35492	
1785	0	35904	
1786	0	35916	
1787	0	36400	
1788	0	36984	
1789	0	38384	
1790	0	39592	
1791	0	40160	
1792	0	40372	
1793	0	40840	
1794	0	40832	
1795	0	40576	
1796	0	40088	
1797	0	40412	
1798	0	41384	
1799	0	42600	
1800	0	43840	
1801	0	45272	
1802	0	46392	
1803	0	47392	
1804	0	48272	
1805	0	48468	
1806	0	48152	
1807	0	47448	
1808	0	47016	
1809	0	47392	
1810	0	48640	
1811	0	49808	
1812	0	49396	
1813	0	48716	
1814	0	47896	
1815	0	47252	
1816	0	46936	
1817	0	46568	
1818	0	46428	
1819	0	46464	
1820	0	46120	
1821	0	45500	
1822	0	44856	
1823	0	44728	
1824	0	44856	
1825	0	44268	
1826	0	43212	
1827	0	42756	
1828	0	42320	
1829	0	41808	
1830	0	41544	
1831	0	41684	
1832	0	41856	
1833	0	41496	
1834	0	41096	
1835	0	40464	
1836	0	40252	
1837	0	40128	
1838	0	40372	
1839	0	40160	
1840	0	39604	
1841	0	38944	
1842	0	37992	
1843	0	37092	
1844	0	36464	
1845	0	36352	
1846	0	36492	
1847	0	36112	
1848	0	35308	
1849	0	34528	
1850	0	34672	
1851	0	35152	
1852	0	35896	
1853	0	36512	
1854	0	36444	
1855	0	35860	
1856	0	35680	
1857	0	35356	
1858	0	35412	
1859	0	35020	
1860	0	34176	
1861	0	33732	
1862	0	33440	
1863	0	33976	
1864	0	34876	
1865	0	35752	
1866	0	36152	
1867	0	36512	
1868	0	36512	
1869	0	36624	
1870	0	37016	
1871	0	36900	
1872	0	36436	
1873	0	35900	
1874	0	35860	
1875	0	36244	
1876	0	36516	
1877	0	36346	
1878	0	36284	
1879	0	36408	
1880	0	35628	
1881	0	34956	
1882	0	35364	
1883	0	36256	
1884	0	36424	
1885	0	36376	
1886	0	36452	
1887	0	36544	
1888	0	36836	
1889	0	36604	
1890	0	36536	
1891	0	36916	
1892	0	37348	
1893	0	37520	
1894	0	37640	
1895	0	37616	
1896	0	36796	
1897	0	35740	
1898	0	35224	
1899	0	34612	
1900	0	34532	
1901	0	34556	
1902	0	34952	
1903	0	35824	
1904	0	37004	
1905	0	37736	
1906	0	37520	
1907	0	36652	
1908	0	36092	
1909	0	35928	
1910	0	36012	
1911	0	35636	
1912	0	35376	
1913	0	35292	
1914	0	34964	
1915	0	34284	
1916	0	33664	
1917	0	33504	
1918	0	33140	
1919	0	32848	
1920	0	33052	
1921	0	33432	
1922	0	33628	
1923	0	33660	
1924	0	33840	
1925	0	33744	
1926	0	33932	
1927	0	34588	
1928	0	34888	
1929	0	35128	
1930	0	35452	
1931	0	35624	
1932	0	35640	
1933	0	35636	
1934	0	35636	
1935	0	35200	
1936	0	34324	
1937	0	34084	
1938	0	34132	
1939	0	33980	
1940	0	33516	
1941	0	32200	
1942	0	31284	
1943	0	31380	
1944	0	31664	
1945	0	32040	
1946	0	32108	
1947	0	31536	
1948	0	31736	
1949	0	32076	
1950	0	32100	
1951	0	31752	
1952	0	31500	
1953	0	31444	
1954	0	31796	
1955	0	31932	
1956	0	31736	
1957	0	31372	
1958	0	31360	
1959	0	31376	
1960	0	30884	
1961	0	29944	
1962	0	29392	
1963	0	29992	
1964	0	30160	
1965	0	30000	
1966	0	29964	
1967	0	30232	
1968	0	31240	
1969	0	32096	
1970	0	32016	
1971	0	31608	
1972	0	31112	
1973	0	30748	
1974	0	30300	
1975	0	30040	
1976	0	29976	
1977	0	30532	
1978	0	31552	
1979	0	31984	
1980	0	32328	
1981	0	32576	
1982	0	32772	
1983	0	33488	
1984	0	33752	
1985	0	34120	
1986	0	35004	
1987	0	35192	
1988	0	34916	
1989	0	34044	
1990	0	33240	
1991	0	33304	
1992	0	33256	
1993	0	32824	
1994	0	32416	
1995	0	31896	
1996	0	31448	
1997	0	30784	
1998	0	30424	
1999	0	30992	
2000	0	31064	
2001	0	30836	
2002	0	31248	
2003	0	32036	
2004	0	32760	
2005	0	32936	
2006	0	32724	
2007	0	32428	
2008	0	32668	
2009	0	32804	
2010	0	32002	
2011	0	31508	
2012	0	32056	
2013	0	32708	
2014	0	32756	
2015	0	32772	
2016	0	32232	
2017	0	31548	
2018	0	31094	
2019	0	31272	
2020	0	31376	
2021	0	30904	
2022	0	30188	
2023	0	29064	
2024	0	28860	
2025	0	29396	
2026	0	30540	
2027	0	32050	
2028	0	32956	
2029	0	32980	
2030	0	33148	
2031	0	33632	
2032	0	33800	
2033	0	33964	
2034	0	34472	
2035	0	34692	
2036	0	34360	
2037	0	33924	
2038	0	33756	
2039	0	33304	
2040	0	33400	
2041	0	34000	
2042	0	34352	
2043	0	34277	
2044	0	33740	
2045	0	33704	
2046	0	34056	
2047	0	33984	
2048	0	33184	
2049	0	31984	
2050	0	30336	
2051	0	28860	
2052	0	27604	
2053	0	26816	
2054	0	26684	
2055	0	27532	
2056	0	28692	
2057	0	29412	
2058	0	30056	
2059	0	31128	
2060	0	32724	
2061	0	34068	
2062	0	34896	
2063	0	35128	
2064	0	35120	
2065	0	35840	
2066	0	36984	
2067	0	37572	
2068	0	36672	
2069	0	34920	
2070	0	34044	
2071	0	33804	
2072	0	33472	
2073	0	33252	
2074	0	33288	
2075	0	33232	
2076	0	33098	
2077	0	33492	
2078	0	33856	
2079	0	33752	
2080	0	33588	
2081	0	33688	
2082	0	33804	
2083	0	34184	
2084	0	34468	
2085	0	34144	
2086	0	33648	
2087	0	33032	
2088	0	32613	
2089	0	32804	
2090	0	33696	
2091	0	34124	
2092	0	34184	
2093	0	33368	
2094	0	33108	
2095	0	33612	
2096	0	34308	
2097	0	34960	
2098	0	35320	
2099	0	34640	
2100	0	34352	
2101	0	34292	
2102	0	34052	
2103	0	33352	
2104	0	32236	
2105	0	31888	
2106	0	31800	
2107	0	31668	
2108	0	31876	
2109	0	32464	
2110	0	33114	
2111	0	33536	
2112	0	33320	
2113	0	33032	
2114	0	32832	
2115	0	32644	
2116	0	31848	
2117	0	30532	
2118	0	29782	
2119	0	29370	
2120	0	29624	
2121	0	29892	
2122	0	29964	
2123	0	29540	
2124	0	29158	
2125	0	29376	
2126	0	30032	
2127	0	30688	
2128	0	30848	
2129	0	30936	
2130	0	30604	
2131	0	30392	
2132	0	30784	
2133	0	31044	
2134	0	31064	
2135	0	30564	
2136	0	30140	
2137	0	29796	
2138	0	29490	
2139	0	29560	
2140	0	29696	
2141	0	28676	
2142	0	27764	
2143	0	28028	
2144	0	28412	
2145	0	29268	
2146	0	29704	
2147	0	29448	
2148	0	29121	
2149	0	28744	
2150	0	29072	
2151	0	29620	
2152	0	29868	
2153	0	29888	
2154	0	29600	
2155	0	29128	
2156	0	28976	
2157	0	29228	
2158	0	30224	
2159	0	31160	
2160	0	31564	
2161	0	31924	
2162	0	32104	
2163	0	32600	
2164	0	33016	
2165	0	32444	
2166	0	32112	
2167	0	32696	
2168	0	33516	
2169	0	34268	
2170	0	34644	
2171	0	34868	
2172	0	34540	
2173	0	33832	
2174	0	33152	
2175	0	32308	
2176	0	32276	
2177	0	32240	
2178	0	32284	
2179	0	32564	
2180	0	32532	
2181	0	32800	
2182	0	33488	
2183	0	33780	
2184	0	34144	
2185	0	35032	
2186	0	35832	
2187	0	36532	
2188	0	37208	
2189	0	37096	
2190	0	36204	
2191	0	35064	
2192	0	33936	
2193	0	32848	
2194	0	31898	
2195	0	32288	
2196	0	33292	
2197	0	34348	
2198	0	35400	
2199	0	35808	
2200	0	35776	
2201	0	35076	
2202	0	34256	
2203	0	34000	
2204	0	34056	
2205	0	33964	
2206	0	34084	
2207	0	34328	
2208	0	34344	
2209	0	34416	
2210	0	34912	
2211	0	35380	
2212	0	35644	
2213	0	35900	
2214	0	36236	
2215	0	35928	
2216	0	35576	
2217	0	35328	
2218	0	35004	
2219	0	34864	
2220	0	34804	
2221	0	35900	
2222	0	37072	
2223	0	37612	
2224	0	37264	
2225	0	36704	
2226	0	36036	
2227	0	35240	
2228	0	34808	
2229	0	34544	
2230	0	34172	
2231	0	33812	
2232	0	33736	
2233	0	33884	
2234	0	33728	
2235	0	33408	
2236	0	33200	
2237	0	33480	
2238	0	33792	
2239	0	34240	
2240	0	34448	
2241	0	33736	
2242	0	32904	
2243	0	32236	
2244	0	31804	
2245	0	31816	
2246	0	32160	
2247	0	32392	
2248	0	33164	
2249	0	34160	
2250	0	35170	
2251	0	35096	
2252	0	34520	
2253	0	33516	
2254	0	32704	
2255	0	32092	
2256	0	31816	
2257	0	32200	
2258	0	32944	
2259	0	33424	
2260	0	33952	
2261	0	34744	
2262	0	35248	
2263	0	35404	
2264	0	35644	
2265	0	35812	
2266	0	35376	
2267	0	35164	
2268	0	35688	
2269	0	36568	
2270	0	37352	
2271	0	37368	
2272	0	36612	
2273	0	35184	
2274	0	33840	
2275	0	32908	
2276	0	32620	
2277	0	32560	
2278	0	32608	
2279	0	33288	
2280	0	34280	
2281	0	34900	
2282	0	35152	
2283	0	35088	
2284	0	35248	
2285	0	35652	
2286	0	35840	
2287	0	35320	
2288	0	35104	
2289	0	35488	
2290	0	36180	
2291	0	36540	
2292	0	36516	
2293	0	36256	
2294	0	36032	
2295	0	35576	
2296	0	35192	
2297	0	34388	
2298	0	33824	
2299	0	34008	
2300	0	34148	
2301	0	34184	
2302	0	33568	
2303	0	32968	
2304	0	33576	
2305	0	34808	
2306	0	36272	
2307	0	37492	
2308	0	37856	
2309	0	37480	
2310	0	36864	
2311	0	36580	
2312	0	36100	
2313	0	35668	
2314	0	35564	
2315	0	35552	
2316	0	34384	
2317	0	33580	
2318	0	33116	
2319	0	33012	
2320	0	33136	
2321	0	33500	
2322	0	33404	
2323	0	32800	
2324	0	32364	
2325	0	32496	
2326	0	33028	
2327	0	33312	
2328	0	33832	
2329	0	33824	
2330	0	33744	
2331	0	34052	
2332	0	34384	
2333	0	34900	
2334	0	35364	
2335	0	35668	
2336	0	35960	
2337	0	36112	
2338	0	36284	
2339	0	36028	
2340	0	36160	
2341	0	35620	
2342	0	34340	
2343	0	33768	
2344	0	33860	
2345	0	34160	
2346	0	34260	
2347	0	33856	
2348	0	33204	
2349	0	33020	
2350	0	33028	
2351	0	32868	
2352	0	32519	
2353	0	32472	
2354	0	32264	
2355	0	32176	
2356	0	32076	
2357	0	32260	
2358	0	32452	
2359	0	32400	
2360	0	32184	
2361	0	32044	
2362	0	31776	
2363	0	30592	
2364	0	29548	
2365	0	29572	
2366	0	30384	
2367	0	30496	
2368	0	30456	
2369	0	30888	
2370	0	31292	
2371	0	31548	
2372	0	31848	
2373	0	32088	
2374	0	32052	
2375	0	32328	
2376	0	32756	
2377	0	32908	
2378	0	32960	
2379	0	32324	
2380	0	31900	
2381	0	31948	
2382	0	32116	
2383	0	32268	
2384	0	32608	
2385	0	32540	
2386	0	32460	
2387	0	31708	
2388	0	31148	
2389	0	31736	
2390	0	32464	
2391	0	32572	
2392	0	32396	
2393	0	32108	
2394	0	31476	
2395	0	30812	
2396	0	30376	
2397	0	30028	
2398	0	30004	
2399	0	29780	
2400	0	29348	
2401	0	29528	
2402	0	30278	
2403	0	30912	
2404	0	31808	
2405	0	32736	
2406	0	33304	
2407	0	33520	
2408	0	33580	
2409	0	33632	
2410	0	33492	
2411	0	33716	
2412	0	34024	
2413	0	34920	
2414	0	34520	
2415	0	32700	
2416	0	31072	
2417	0	30268	
2418	0	29908	
2419	0	29124	
2420	0	28440	
2421	0	28732	
2422	0	29336	
2423	0	29932	
2424	0	30640	
2425	0	30672	
2426	0	30200	
2427	0	29896	
2428	0	30732	
2429	0	32140	
2430	0	33504	
2431	0	34552	
2432	0	34752	
2433	0	33692	
2434	0	32444	
2435	0	31788	
2436	0	31768	
2437	0	31808	
2438	0	32000	
2439	0	32196	
2440	0	32692	
2441	0	33208	
2442	0	33768	
2443	0	34048	
2444	0	34000	
2445	0	33552	
2446	0	33140	
2447	0	33104	
2448	0	33472	
2449	0	33896	
2450	0	34920	
2451	0	35532	
2452	0	35400	
2453	0	34860	
2454	0	34608	
2455	0	34420	
2456	0	34260	
2457	0	33784	
2458	0	33448	
2459	0	33308	
2460	0	32956	
2461	0	32320	
2462	0	32292	
2463	0	32796	
2464	0	33144	
2465	0	33208	
2466	0	33224	
2467	0	32614	
2468	0	32568	
2469	0	33040	
2470	0	33208	
2471	0	33236	
2472	0	32984	
2473	0	32080	
2474	0	31188	
2475	0	30484	
2476	0	30164	
2477	0	30056	
2478	0	29608	
2479	0	29288	
2480	0	28976	
2481	0	28472	
2482	0	27968	
2483	0	28404	
2484	0	29014	
2485	0	29700	
2486	0	30448	
2487	0	31240	
2488	0	31514	
2489	0	31616	
2490	0	31868	
2491	0	32172	
2492	0	32304	
2493	0	32568	
2494	0	32816	
2495	0	32472	
2496	0	31524	
2497	0	30268	
2498	0	29400	
2499	0	28961	
2500	0	29296	
2501	0	29696	
2502	0	30036	
2503	0	29894	
2504	0	29284	
2505	0	29172	
2506	0	29800	
2507	0	31064	
2508	0	31572	
2509	0	31536	
2510	0	31304	
2511	0	31300	
2512	0	31632	
2513	0	31776	
2514	0	31700	
2515	0	31600	
2516	0	30932	
2517	0	30036	
2518	0	29708	
2519	0	29872	
2520	0	30208	
2521	0	30720	
2522	0	31264	
2523	0	31380	
2524	0	31204	
2525	0	31440	
2526	0	32360	
2527	0	33156	
2528	0	33140	
2529	0	33164	
2530	0	32984	
2531	0	32748	
2532	0	32744	
2533	0	33032	
2534	0	33716	
2535	0	34272	
2536	0	34384	
2537	0	34504	
2538	0	34656	
2539	0	35156	
2540	0	35244	
2541	0	35080	
2542	0	35332	
2543	0	35952	
2544	0	36520	
2545	0	36976	
2546	0	36812	
2547	0	37088	
2548	0	37728	
2549	0	37688	
2550	0	37356	
2551	0	37044	
2552	0	37340	
2553	0	37632	
2554	0	37440	
2555	0	37420	
2556	0	37296	
2557	0	36976	
2558	0	36508	
2559	0	35700	
2560	0	35488	
2561	0	35660	
2562	0	35300	
2563	0	34500	
2564	0	34224	
2565	0	34376	
2566	0	34522	
2567	0	34600	
2568	0	34416	
2569	0	33932	
2570	0	33840	
2571	0	33188	
2572	0	31972	
2573	0	31612	
2574	0	31964	
2575	0	32340	
2576	0	31768	
2577	0	30872	
2578	0	29824	
2579	0	28794	
2580	0	28128	
2581	0	28016	
2582	0	28680	
2583	0	29560	
2584	0	30304	
2585	0	30492	
2586	0	30520	
2587	0	30810	
2588	0	31144	
2589	0	31576	
2590	0	31704	
2591	0	30916	
2592	0	30324	
2593	0	30144	
2594	0	30432	
2595	0	30944	
2596	0	31424	
2597	0	31596	
2598	0	31676	
2599	0	31612	
2600	0	31216	
2601	0	30828	
2602	0	30712	
2603	0	31024	
2604	0	31352	
2605	0	31672	
2606	0	31968	
2607	0	32616	
2608	0	33140	
2609	0	33216	
2610	0	32996	
2611	0	32932	
2612	0	32900	
2613	0	32464	
2614	0	31848	
2615	0	31468	
2616	0	31044	
2617	0	30832	
2618	0	30692	
2619	0	30864	
2620	0	31016	
2621	0	31372	
2622	0	31456	
2623	0	31636	
2624	0	32300	
2625	0	32560	
2626	0	32836	
2627	0	32164	
2628	0	31664	
2629	0	32036	
2630	0	32276	
2631	0	32672	
2632	0	32712	
2633	0	31708	
2634	0	30888	
2635	0	30596	
2636	0	30500	
2637	0	29796	
2638	0	29536	
2639	0	29540	
2640	0	29048	
2641	0	28640	
2642	0	28460	
2643	0	27340	
2644	0	26092	
2645	0	25596	
2646	0	25508	
2647	0	26000	
2648	0	26884	
2649	0	27660	
2650	0	27872	
2651	0	27852	
2652	0	27524	
2653	0	26864	
2654	0	25940	
2655	0	25412	
2656	0	25272	
2657	0	25636	
2658	0	26324	
2659	0	26736	
2660	0	27092	
2661	0	27320	
2662	0	27688	
2663	0	28476	
2664	0	29156	
2665	0	29592	
2666	0	29720	
2667	0	29388	
2668	0	29768	
2669	0	31120	
2670	0	33264	
2671	0	34576	
2672	0	34816	
2673	0	34804	
2674	0	34688	
2675	0	34612	
2676	0	34680	
2677	0	34904	
2678	0	35552	
2679	0	36192	
2680	0	37084	
2681	0	37488	
2682	0	37340	
2683	0	37152	
2684	0	37208	
2685	0	36480	
2686	0	35840	
2687	0	35636	
2688	0	36320	
2689	0	37116	
2690	0	37980	
2691	0	39052	
2692	0	40340	
2693	0	41256	
2694	0	41332	
2695	0	41088	
2696	0	40796	
2697	0	40608	
2698	0	40652	
2699	0	40608	
2700	0	40000	
2701	0	39396	
2702	0	38496	
2703	0	37384	
2704	0	36496	
2705	0	35592	
2706	0	34692	
2707	0	34108	
2708	0	33600	
2709	0	32924	
2710	0	32736	
2711	0	33572	
2712	0	33844	
2713	0	33880	
2714	0	33888	
2715	0	33700	
2716	0	33368	
2717	0	33264	
2718	0	32692	
2719	0	32032	
2720	0	32220	
2721	0	32408	
2722	0	32212	
2723	0	31696	
2724	0	31260	
2725	0	31588	
2726	0	32364	
2727	0	32496	
2728	0	32464	
2729	0	32916	
2730	0	33368	
2731	0	32310	
2732	0	31092	
2733	0	30336	
2734	0	30156	
2735	0	30308	
2736	0	30968	
2737	0	31916	
2738	0	32532	
2739	0	32852	
2740	0	32848	
2741	0	32624	
2742	0	32532	
2743	0	32252	
2744	0	31840	
2745	0	31692	
2746	0	31192	
2747	0	30780	
2748	0	30624	
2749	0	30644	
2750	0	30876	
2751	0	31304	
2752	0	31440	
2753	0	31140	
2754	0	31276	
2755	0	31664	
2756	0	31784	
2757	0	31656	
2758	0	31100	
2759	0	30552	
2760	0	30104	
2761	0	30104	
2762	0	30548	
2763	0	30852	
2764	0	30856	
2765	0	31000	
2766	0	31044	
2767	0	31432	
2768	0	31924	
2769	0	32568	
2770	0	32768	
2771	0	32648	
2772	0	32392	
2773	0	31988	
2774	0	30932	
2775	0	30204	
2776	0	29776	
2777	0	29528	
2778	0	29772	
2779	0	30484	
2780	0	30924	
2781	0	30588	
2782	0	30312	
2783	0	30420	
2784	0	29712	
2785	0	28656	
2786	0	28376	
2787	0	29016	
2788	0	29288	
2789	0	29292	
2790	0	29160	
2791	0	28744	
2792	0	28532	
2793	0	28032	
2794	0	27788	
2795	0	27886	
2796	0	27826	
2797	0	28116	
2798	0	28452	
2799	0	29092	
2800	0	29944	
2801	0	30584	
2802	0	31460	
2803	0	32204	
2804	0	32868	
2805	0	33120	
2806	0	32868	
2807	0	32740	
2808	0	32500	
2809	0	32058	
2810	0	31896	
2811	0	31912	
2812	0	32060	
2813	0	32416	
2814	0	32660	
2815	0	32984	
2816	0	33322	
2817	0	33620	
2818	0	33996	
2819	0	34228	
2820	0	34764	
2821	0	35420	
2822	0	36308	
2823	0	36592	
2824	0	36108	
2825	0	35848	
2826	0	35424	
2827	0	35184	
2828	0	35468	
2829	0	35872	
2830	0	36396	
2831	0	36324	
2832	0	35760	
2833	0	35712	
2834	0	35928	
2835	0	35936	
2836	0	35740	
2837	0	35608	
2838	0	35024	
2839	0	34924	
2840	0	34912	
2841	0	35016	
2842	0	35424	
2843	0	35596	
2844	0	35588	
2845	0	35560	
2846	0	35052	
2847	0	34516	
2848	0	34748	
2849	0	34696	
2850	0	35460	
2851	0	36372	
2852	0	36568	
2853	0	36200	
2854	0	36072	
2855	0	36168	
2856	0	36552	
2857	0	37152	
2858	0	36692	
2859	0	35984	
2860	0	35624	
2861	0	35112	
2862	0	34844	
2863	0	34484	
2864	0	34500	
2865	0	34176	
2866	0	33636	
2867	0	33292	
2868	0	33104	
2869	0	33376	
2870	0	33660	
2871	0	33796	
2872	0	33864	
2873	0	33376	
2874	0	32960	
2875	0	33042	
2876	0	33264	
2877	0	33456	
2878	0	33568	
2879	0	33644	
2880	0	33844	
2881	0	33692	
2882	0	33336	
2883	0	33024	
2884	0	32856	
2885	0	33016	
2886	0	33712	
2887	0	33964	
2888	0	33534	
2889	0	33244	
2890	0	33156	
2891	0	33120	
2892	0	32720	
2893	0	32248	
2894	0	31748	
2895	0	31336	
2896	0	30724	
2897	0	30164	
2898	0	29648	
2899	0	29324	
2900	0	29688	
2901	0	30052	
2902	0	30704	
2903	0	31592	
2904	0	32176	
2905	0	32780	
2906	0	33120	
2907	0	33596	
2908	0	34428	
2909	0	35276	
2910	0	36064	
2911	0	36620	
2912	0	36456	
2913	0	35744	
2914	0	35184	
2915	0	34872	
2916	0	34620	
2917	0	34224	
2918	0	33828	
2919	0	33964	
2920	0	34004	
2921	0	33648	
2922	0	32776	
2923	0	31856	
2924	0	30968	
2925	0	30296	
2926	0	30134	
2927	0	30420	
2928	0	31000	
2929	0	31456	
2930	0	31316	
2931	0	30884	
2932	0	31028	
2933	0	31076	
2934	0	30776	
2935	0	30272	
2936	0	29556	
2937	0	29056	
2938	0	28836	
2939	0	28696	
2940	0	29192	
2941	0	29424	
2942	0	29596	
2943	0	29848	
2944	0	29964	
2945	0	29360	
2946	0	29424	
2947	0	29120	
2948	0	28354	
2949	0	27772	
2950	0	28332	
2951	0	29292	
2952	0	29712	
2953	0	29976	
2954	0	30364	
2955	0	31036	
2956	0	31740	
2957	0	32360	
2958	0	32492	
2959	0	32332	
2960	0	32304	
2961	0	31880	
2962	0	30936	
2963	0	30464	
2964	0	30504	
2965	0	30916	
2966	0	31328	
2967	0	31844	
2968	0	32632	
2969	0	33144	
2970	0	33284	
2971	0	33264	
2972	0	33032	
2973	0	32820	
2974	0	32272	
2975	0	31432	
2976	0	30140	
2977	0	29072	
2978	0	28528	
2979	0	28032	
2980	0	27706	
2981	0	27700	
2982	0	28296	
2983	0	28548	
2984	0	28696	
2985	0	29340	
2986	0	29456	
2987	0	29264	
2988	0	29106	
2989	0	29476	
2990	0	30436	
2991	0	31668	
2992	0	32500	
2993	0	32196	
2994	0	31552	
2995	0	31476	
2996	0	31472	
2997	0	31960	
2998	0	32848	
2999	0	33796	
3000	0	34184	
3001	0	34012	
3002	0	34344	
3003	0	34796	
3004	0	35476	
3005	0	36184	
3006	0	37188	
3007	0	37992	
3008	0	37672	
3009	0	37128	
3010	0	37208	
3011	0	37976	
3012	0	39068	
3013	0	39864	
3014	0	40112	
3015	0	39952	
3016	0	39420	
3017	0	39600	
3018	0	40380	
3019	0	41136	
3020	0	41528	
3021	0	41800	
3022	0	41832	
3023	0	41104	
3024	0	40730	
3025	0	40552	
3026	0	40608	
3027	0	40544	
3028	0	40632	
3029	0	40688	
3030	0	40528	
3031	0	40144	
3032	0	39908	
3033	0	39620	
3034	0	38352	
3035	0	36976	
3036	0	36642	
3037	0	36504	
3038	0	36872	
3039	0	37344	
3040	0	37436	
3041	0	36872	
3042	0	35788	
3043	0	35572	
3044	0	36012	
3045	0	36284	
3046	0	36532	
3047	0	36764	
3048	0	36680	
3049	0	36880	
3050	0	36684	
3051	0	36744	
3052	0	36584	
3053	0	35624	
3054	0	34612	
3055	0	34096	
3056	0	34332	
3057	0	34596	
3058	0	34165	
3059	0	33412	
3060	0	32692	
3061	0	32248	
3062	0	32296	
3063	0	32376	
3064	0	32192	
3065	0	32120	
3066	0	32428	
3067	0	32648	
3068	0	32636	
3069	0	32748	
3070	0	33344	
3071	0	33292	
3072	0	32324	
3073	0	31044	
3074	0	29960	
3075	0	28916	
3076	0	28352	
3077	0	28888	
3078	0	29876	
3079	0	30232	
3080	0	30674	
3081	0	30980	
3082	0	31392	
3083	0	31508	
3084	0	31920	
3085	0	32716	
3086	0	33320	
3087	0	32964	
3088	0	32292	
3089	0	31628	
3090	0	31112	
3091	0	30392	
3092	0	29996	
3093	0	30228	
3094	0	30344	
3095	0	30340	
3096	0	29992	
3097	0	29824	
3098	0	29880	
3099	0	29632	
3100	0	29652	
3101	0	29420	
3102	0	29484	
3103	0	29464	
3104	0	29656	
3105	0	29812	
3106	0	30204	
3107	0	30780	
3108	0	31220	
3109	0	31424	
3110	0	31340	
3111	0	31056	
3112	0	30960	
3113	0	31036	
3114	0	30908	
3115	0	30480	
3116	0	30188	
3117	0	30456	
3118	0	30504	
3119	0	30192	
3120	0	30396	
3121	0	30440	
3122	0	30588	
3123	0	31728	
3124	0	32648	
3125	0	33480	
3126	0	33744	
3127	0	33596	
3128	0	33428	
3129	0	33560	
3130	0	34056	
3131	0	34312	
3132	0	35020	
3133	0	35696	
3134	0	36112	
3135	0	35860	
3136	0	35328	
3137	0	35116	
3138	0	34380	
3139	0	33440	
3140	0	33228	
3141	0	33344	
3142	0	33428	
3143	0	33408	
3144	0	33104	
3145	0	32960	
3146	0	32996	
3147	0	32752	
3148	0	32760	
3149	0	32648	
3150	0	32720	
3151	0	33388	
3152	0	33960	
3153	0	34632	
3154	0	35472	
3155	0	36496	
3156	0	36936	
3157	0	36372	
3158	0	35276	
3159	0	34220	
3160	0	33856	
3161	0	34192	
3162	0	34160	
3163	0	34248	
3164	0	34092	
3165	0	33256	
3166	0	33352	
3167	0	34228	
3168	0	35060	
3169	0	35268	
3170	0	35060	
3171	0	34328	
3172	0	34176	
3173	0	34480	
3174	0	34396	
3175	0	33896	
3176	0	33548	
3177	0	33804	
3178	0	34064	
3179	0	34384	
3180	0	34792	
3181	0	34324	
3182	0	33848	
3183	0	33260	
3184	0	32816	
3185	0	33296	
3186	0	34104	
3187	0	34864	
3188	0	35532	
3189	0	35476	
3190	0	36068	
3191	0	36512	
3192	0	36684	
3193	0	36292	
3194	0	35808	
3195	0	35344	
3196	0	35168	
3197	0	34788	
3198	0	34456	
3199	0	34540	
3200	0	34804	
3201	0	35200	
3202	0	35488	
3203	0	35212	
3204	0	34284	
3205	0	33736	
3206	0	34020	
3207	0	34316	
3208	0	33712	
3209	0	33044	
3210	0	32768	
3211	0	33136	
3212	0	34060	
3213	0	34652	
3214	0	34932	
3215	0	34904	
3216	0	34788	
3217	0	33900	
3218	0	31968	
3219	0	29696	
3220	0	27224	
3221	0	25388	
3222	0	24692	
3223	0	25216	
3224	0	26284	
3225	0	28208	
3226	0	31456	
3227	0	34976	
3228	0	37560	
3229	0	38592	
3230	0	38406	
3231	0	37064	
3232	0	36216	
3233	0	36176	
3234	0	36062	
3235	0	35104	
3236	0	33144	
3237	0	30948	
3238	0	28968	
3239	0	27418	
3240	0	26604	
3241	0	26912	
3242	0	28988	
3243	0	32136	
3244	0	36136	
3245	0	38780	
3246	0	37616	
3247	0	34048	
3248	0	30056	
3249	0	27220	
3250	0	25336	
3251	0	24396	
3252	0	24664	
3253	0	25604	
3254	0	26776	
3255	0	28240	
3256	0	29048	
3257	0	27616	
3258	0	25812	
3259	0	24872	
3260	0	24040	
3261	0	23104	
3262	0	22584	
3263	0	22196	
3264	0	22101	
3265	0	22156	
3266	0	22352	
3267	0	22840	
3268	0	23532	
3269	0	24268	
3270	0	24428	
3271	0	24700	
3272	0	24988	
3273	0	24816	
3274	0	24416	
3275	0	24608	
3276	0	24816	
3277	0	25120	
3278	0	25784	
3279	0	26672	
3280	0	27072	
3281	0	27314	
3282	0	27216	
3283	0	26548	
3284	0	25488	
3285	0	25924	
3286	0	28140	
3287	0	30472	
3288	0	31376	
3289	0	30552	
3290	0	27104	
3291	0	24080	
3292	0	22612	
3293	0	20876	
3294	0	19164	
3295	0	18764	
3296	0	18900	
3297	0	18248	
3298	0	16464	
3299	0	14454	
3300	0	14112	
3301	0	15386	
3302	0	18328	
3303	0	22488	
3304	0	26576	
3305	0	28932	
3306	0	29140	
3307	0	29624	
3308	0	30812	
3309	0	30756	
3310	0	28724	
3311	0	25872	
3312	0	25128	
3313	0	25520	
3314	0	23736	
3315	0	20785	
3316	0	20176	
3317	0	21264	
3318	0	20840	
3319	0	20480	
3320	0	20746	
3321	0	21092	
3322	0	21228	
3323	0	21092	
3324	0	20781	
3325	0	20672	
3326	0	21256	
3327	0	22348	
3328	0	24256	
3329	0	24976	
3330	0	25288	
3331	0	26400	
3332	0	29000	
3333	0	32420	
3334	0	34608	
3335	0	36828	
3336	0	38376	
3337	0	37996	
3338	0	36900	
3339	0	34704	
3340	0	31748	
3341	0	29676	
3342	0	28605	
3343	0	29536	
3344	0	31844	
3345	0	34408	
3346	0	36508	
3347	0	37804	
3348	0	38036	
3349	0	36964	
3350	0	35992	
3351	0	37608	
3352	0	40108	
3353	0	40352	
3354	0	36320	
3355	0	31336	
3356	0	27620	
3357	0	25536	
3358	0	24492	
3359	0	23316	
3360	0	21564	
3361	0	19588	
3362	0	19772	
3363	0	22320	
3364	0	24628	
3365	0	25677	
3366	0	25930	
3367	0	26668	
3368	0	27100	
3369	0	27532	
3370	0	27948	
3371	0	28700	
3372	0	30668	
3373	0	34192	
3374	0	35652	
3375	0	32024	
3376	0	25068	
3377	0	17116	
3378	0	9402	
3379	0	2910	
3380	0	734	
3381	0	4312	
3382	0	12334	
3383	0	21936	
3384	0	31180	
3385	0	36784	
3386	0	39820	
3387	0	41944	
3388	0	41512	
3389	0	38372	
3390	0	34328	
3391	0	32448	
3392	0	34376	
3393	0	38812	
3394	0	40288	
3395	0	38032	
3396	0	35176	
3397	0	33272	
3398	0	31944	
3399	0	31368	
3400	0	31628	
3401	0	32432	
3402	0	32644	
3403	0	33128	
3404	0	34088	
3405	0	34032	
3406	0	32940	
3407	0	30820	
3408	0	27532	
3409	0	24816	
3410	0	23142	
3411	0	23316	
3412	0	26168	
3413	0	29384	
3414	0	31896	
3415	0	35812	
3416	0	38584	
3417	0	37844	
3418	0	34060	
3419	0	31308	
3420	0	30256	
3421	0	30908	
3422	0	33040	
3423	0	36856	
3424	0	40092	
3425	0	41124	
3426	0	40784	
3427	0	39712	
3428	0	38060	
3429	0	36800	
3430	0	37952	
3431	0	39048	
3432	0	38664	
3433	0	37160	
3434	0	35364	
3435	0	34104	
3436	0	31508	
3437	0	27320	
3438	0	24148	
3439	0	23336	
3440	0	25004	
3441	0	28416	
3442	0	31648	
3443	0	34432	
3444	0	36424	
3445	0	38148	
3446	0	40464	
3447	0	42844	
3448	0	45536	
3449	0	46492	
3450	0	45004	
3451	0	42520	
3452	0	40556	
3453	0	38808	
3454	0	37168	
3455	0	34764	
3456	0	32660	
3457	0	33916	
3458	0	35932	
3459	0	36648	
3460	0	36840	
3461	0	36020	
3462	0	33504	
3463	0	29516	
3464	0	26268	
3465	0	25224	
3466	0	26288	
3467	0	30684	
3468	0	35144	
3469	0	36532	
3470	0	37134	
3471	0	39412	
3472	0	41140	
3473	0	40272	
3474	0	39316	
3475	0	38960	
3476	0	38788	
3477	0	39272	
3478	0	39448	
3479	0	37384	
3480	0	34812	
3481	0	32392	
3482	0	30952	
3483	0	31276	
3484	0	32636	
3485	0	34192	
3486	0	35040	
3487	0	34092	
3488	0	33132	
3489	0	32840	
3490	0	31512	
3491	0	29264	
3492	0	27380	
3493	0	27456	
3494	0	29324	
3495	0	30940	
3496	0	32474	
3497	0	33480	
3498	0	34604	
3499	0	36236	
3500	0	38416	
3501	0	39664	
3502	0	38244	
3503	0	35480	
3504	0	33788	
3505	0	33376	
3506	0	33816	
3507	0	34216	
3508	0	34490	
3509	0	35456	
3510	0	36264	
3511	0	36688	
3512	0	36544	
3513	0	35908	
3514	0	34320	
3515	0	33344	
3516	0	35080	
3517	0	38040	
3518	0	39992	
3519	0	39348	
3520	0	36448	
3521	0	33056	
3522	0	30264	
3523	0	28148	
3524	0	25648	
3525	0	24368	
3526	0	24964	
3527	0	26044	
3528	0	27108	
3529	0	28704	
3530	0	30548	
3531	0	33152	
3532	0	36012	
3533	0	38224	
3534	0	37652	
3535	0	35968	
3536	0	34716	
3537	0	33456	
3538	0	33280	
3539	0	33664	
3540	0	33240	
3541	0	32752	
3542	0	32556	
3543	0	31636	
3544	0	30796	
3545	0	30852	
3546	0	32004	
3547	0	32680	
3548	0	31596	
3549	0	30228	
3550	0	29308	
3551	0	29028	
3552	0	28688	
3553	0	28584	
3554	0	28792	
3555	0	28904	
3556	0	28624	
3557	0	28124	
3558	0	27326	
3559	0	26812	
3560	0	26396	
3561	0	27348	
3562	0	29820	
3563	0	32152	
3564	0	33772	
3565	0	33856	
3566	0	32904	
3567	0	32884	
3568	0	34096	
3569	0	33220	
3570	0	30552	
3571	0	29128	
3572	0	29760	
3573	0	30552	
3574	0	30112	
3575	0	28704	
3576	0	27720	
3577	0	26668	
3578	0	25684	
3579	0	25424	
3580	0	25972	
3581	0	26368	
3582	0	26740	
3583	0	27220	
3584	0	27188	
3585	0	27420	
3586	0	28060	
3587	0	28908	
3588	0	29480	
3589	0	29524	
3590	0	29520	
3591	0	29476	
3592	0	30448	
3593	0	33548	
3594	0	38152	
3595	0	42176	
3596	0	43604	
3597	0	41312	
3598	0	37780	
3599	0	34772	
3600	0	30144	
3601	0	25916	
3602	0	24080	
3603	0	24788	
3604	0	25996	
3605	0	27032	
3606	0	28144	
3607	0	29848	
3608	0	31568	
3609	0	32400	
3610	0	31860	
3611	0	28840	
3612	0	25828	
3613	0	24332	
3614	0	24093	
3615	0	25036	
3616	0	26928	
3617	0	28148	
3618	0	28632	
3619	0	29532	
3620	0	31144	
3621	0	32888	
3622	0	34896	
3623	0	36284	
3624	0	37020	
3625	0	37896	
3626	0	39816	
3627	0	41488	
3628	0	40132	
3629	0	37920	
3630	0	37428	
3631	0	36964	
3632	0	33232	
3633	0	26760	
3634	0	22140	
3635	0	19596	
3636	0	18224	
3637	0	18668	
3638	0	20660	
3639	0	22876	
3640	0	25524	
3641	0	28416	
3642	0	32512	
3643	0	36040	
3644	0	38232	
3645	0	38648	
3646	0	37988	
3647	0	37320	
3648	0	36724	
3649	0	36496	
3650	0	36636	
3651	0	37108	
3652	0	38324	
3653	0	39944	
3654	0	41616	
3655	0	42900	
3656	0	44424	
3657	0	45824	
3658	0	46456	
3659	0	46432	
3660	0	45872	
3661	0	45284	
3662	0	45904	
3663	0	47544	
3664	0	50124	
3665	0	51500	
3666	0	48464	
3667	0	43468	
3668	0	39956	
3669	0	38928	
3670	0	39100	
3671	0	39144	
3672	0	38848	
3673	0	38008	
3674	0	37264	
3675	0	36732	
3676	0	36416	
3677	0	36364	
3678	0	36844	
3679	0	37672	
3680	0	38356	
3681	0	39224	
3682	0	40896	
3683	0	43540	
3684	0	46280	
3685	0	48116	
3686	0	48776	
3687	0	49168	
3688	0	49492	
3689	0	49072	
3690	0	47944	
3691	0	46044	
3692	0	43852	
3693	0	41992	
3694	0	40944	
3695	0	40576	
3696	0	40696	
3697	0	40860	
3698	0	41604	
3699	0	42584	
3700	0	43752	
3701	0	44980	
3702	0	46448	
3703	0	48024	
3704	0	49220	
3705	0	50124	
3706	0	50332	
3707	0	50028	
3708	0	49316	
3709	0	47672	
3710	0	46228	
3711	0	45104	
3712	0	44940	
3713	0	45540	
3714	0	46668	
3715	0	47168	
3716	0	47376	
3717	0	47868	
3718	0	48584	
3719	0	48720	
3720	0	48192	
3721	0	48212	
3722	0	48860	
3723	0	48692	
3724	0	47764	
3725	0	46184	
3726	0	44728	
3727	0	44044	
3728	0	43088	
3729	0	41928	
3730	0	40900	
3731	0	39992	
3732	0	38928	
3733	0	37796	
3734	0	37424	
3735	0	37280	
3736	0	37812	
3737	0	39272	
3738	0	40488	
3739	0	41940	
3740	0	42292	
3741	0	42844	
3742	0	43180	
3743	0	41792	
3744	0	40728	
3745	0	40716	
3746	0	40676	
3747	0	40480	
3748	0	40792	
3749	0	40780	
3750	0	40008	
3751	0	38944	
3752	0	38028	
3753	0	37528	
3754	0	37408	
3755	0	38100	
3756	0	39672	
3757	0	41232	
3758	0	42376	
3759	0	43336	
3760	0	44704	
3761	0	45816	
3762	0	45716	
3763	0	43712	
3764	0	41616	
3765	0	40044	
3766	0	39748	
3767	0	39576	
3768	0	39840	
3769	0	40164	
3770	0	40688	
3771	0	41436	
3772	0	42364	
3773	0	42960	
3774	0	42728	
3775	0	41752	
3776	0	40732	
3777	0	39560	
3778	0	38800	
3779	0	37940	
3780	0	37944	
3781	0	38024	
3782	0	37832	
3783	0	37256	
3784	0	37340	
3785	0	37640	
3786	0	37896	
3787	0	38668	
3788	0	39760	
3789	0	40772	
3790	0	42056	
3791	0	43408	
3792	0	45232	
3793	0	46616	
3794	0	47156	
3795	0	46560	
3796	0	45628	
3797	0	44384	
3798	0	42512	
3799	0	41032	
3800	0	39836	
3801	0	39416	
3802	0	39768	
3803	0	40556	
3804	0	41452	
3805	0	40960	
3806	0	39360	
3807	0	37680	
3808	0	36448	
3809	0	36064	
3810	0	36388	
3811	0	37324	
3812	0	39104	
3813	0	40192	
3814	0	41360	
3815	0	42296	
3816	0	42360	
3817	0	42488	
3818	0	42796	
3819	0	42920	
3820	0	41964	
3821	0	39008	
3822	0	35952	
3823	0	34080	
3824	0	32744	
3825	0	32336	
3826	0	32408	
3827	0	33136	
3828	0	34556	
3829	0	36536	
3830	0	37720	
3831	0	37744	
3832	0	37336	
3833	0	36880	
3834	0	37044	
3835	0	37332	
3836	0	37772	
3837	0	37848	
3838	0	38744	
3839	0	40120	
3840	0	41448	
3841	0	42140	
3842	0	42200	
3843	0	41328	
3844	0	40008	
3845	0	39216	
3846	0	37900	
3847	0	36304	
3848	0	34288	
3849	0	32604	
3850	0	31540	
3851	0	30808	
3852	0	31128	
3853	0	31232	
3854	0	32268	
3855	0	33996	
3856	0	35688	
3857	0	36876	
3858	0	37164	
3859	0	36764	
3860	0	34520	
3861	0	31608	
3862	0	29308	
3863	0	28030	
3864	0	27976	
3865	0	28248	
3866	0	28436	
3867	0	28440	
3868	0	28480	
3869	0	28328	
3870	0	28188	
3871	0	28192	
3872	0	28248	
3873	0	27724	
3874	0	27200	
3875	0	28124	
3876	0	29588	
3877	0	29924	
3878	0	29532	
3879	0	29248	
3880	0	29968	
3881	0	30696	
3882	0	30976	
3883	0	30768	
3884	0	30856	
3885	0	31250	
3886	0	31920	
3887	0	32268	
3888	0	32584	
3889	0	32792	
3890	0	33304	
3891	0	33556	
3892	0	34000	
3893	0	34068	
3894	0	34556	
3895	0	35252	
3896	0	35500	
3897	0	35264	
3898	0	34352	
3899	0	33848	
3900	0	34312	
3901	0	34556	
3902	0	34216	
3903	0	33252	
3904	0	32256	
3905	0	31584	
3906	0	31192	
3907	0	30884	
3908	0	30604	
3909	0	30488	
3910	0	31252	
3911	0	31996	
3912	0	32348	
3913	0	32568	
3914	0	32876	
3915	0	33492	
3916	0	35172	
3917	0	37500	
3918	0	39488	
3919	0	40280	
3920	0	38264	
3921	0	35496	
3922	0	34236	
3923	0	34164	
3924	0	34226	
3925	0	34092	
3926	0	33292	
3927	0	31756	
3928	0	30808	
3929	0	31144	
3930	0	32328	
3931	0	33576	
3932	0	33892	
3933	0	32848	
3934	0	31072	
3935	0	29354	
3936	0	28260	
3937	0	28340	
3938	0	29120	
3939	0	29832	
3940	0	30852	
3941	0	31600	
3942	0	31928	
3943	0	31980	
3944	0	32156	
3945	0	32448	
3946	0	32864	
3947	0	33540	
3948	0	34148	
3949	0	34724	
3950	0	36212	
3951	0	37148	
3952	0	37984	
3953	0	38532	
3954	0	38600	
3955	0	38480	
3956	0	38024	
3957	0	37644	
3958	0	36820	
3959	0	35480	
3960	0	34488	
3961	0	34248	
3962	0	35316	
3963	0	37180	
3964	0	37936	
3965	0	36788	
3966	0	34268	
3967	0	33204	
3968	0	34272	
3969	0	35576	
3970	0	33936	
3971	0	30872	
3972	0	29524	
3973	0	29916	
3974	0	32352	
3975	0	34668	
3976	0	35588	
3977	0	35144	
3978	0	33812	
3979	0	32280	
3980	0	30984	
3981	0	30104	
3982	0	29280	
3983	0	28784	
3984	0	28728	
3985	0	29024	
3986	0	28836	
3987	0	29024	
3988	0	30008	
3989	0	31128	
3990	0	32184	
3991	0	33280	
3992	0	33872	
3993	0	33664	
3994	0	32928	
3995	0	32332	
3996	0	31900	
3997	0	31416	
3998	0	31596	
3999	0	31428	
4000	0	31024	
4001	0	31088	
4002	0	31784	
4003	0	34320	
4004	0	36552	
4005	0	37968	
4006	0	38592	
4007	0	37088	
4008	0	34404	
4009	0	32616	
4010	0	31840	
4011	0	31680	
4012	0	31568	
4013	0	31576	
4014	0	31216	
4015	0	31380	
4016	0	32400	
4017	0	32774	
4018	0	33076	
4019	0	33004	
4020	0	32328	
4021	0	31776	
4022	0	31765	
4023	0	32952	
4024	0	33904	
4025	0	34168	
4026	0	34136	
4027	0	34240	
4028	0	34018	
4029	0	34008	
4030	0	34768	
4031	0	35792	
4032	0	36276	
4033	0	33880	
4034	0	31260	
4035	0	30856	
4036	0	32560	
4037	0	31536	
4038	0	28748	
4039	0	26124	
4040	0	23448	
4041	0	22088	
4042	0	22584	
4043	0	23760	
4044	0	25312	
4045	0	26764	
4046	0	25944	
4047	0	23754	
4048	0	22120	
4049	0	22832	
4050	0	25280	
4051	0	27660	
4052	0	29092	
4053	0	31232	
4054	0	33556	
4055	0	35180	
4056	0	35464	
4057	0	33448	
4058	0	30620	
4059	0	29040	
4060	0	29560	
4061	0	30400	
4062	0	32112	
4063	0	32276	
4064	0	30092	
4065	0	28624	
4066	0	28944	
4067	0	29016	
4068	0	28504	
4069	0	27900	
4070	0	28140	
4071	0	29320	
4072	0	31504	
4073	0	32436	
4074	0	30716	
4075	0	28560	
4076	0	29184	
4077	0	32568	
4078	0	36256	
4079	0	39660	
4080	0	41788	
4081	0	42384	
4082	0	41652	
4083	0	39760	
4084	0	38252	
4085	0	36720	
4086	0	34184	
4087	0	31828	
4088	0	31300	
4089	0	31916	
4090	0	32440	
4091	0	32184	
4092	0	31808	
4093	0	31752	
4094	0	31920	
4095	0	32396	
4096	0	32532	
4097	0	32572	
4098	0	33896	
4099	0	36604	
4100	0	39096	
4101	0	38496	
4102	0	36108	
4103	0	34234	
4104	0	33312	
4105	0	33240	
4106	0	34632	
4107	0	36788	
4108	0	38032	
4109	0	35964	
4110	0	32304	
4111	0	29812	
4112	0	28308	
4113	0	27084	
4114	0	26994	
4115	0	27940	
4116	0	28116	
4117	0	28904	
4118	0	30144	
4119	0	31760	
4120	0	33672	
4121	0	35232	
4122	0	37220	
4123	0	39772	
4124	0	41904	
4125	0	43248	
4126	0	41256	
4127	0	36804	
4128	0	31732	
4129	0	28384	
4130	0	27444	
4131	0	28680	
4132	0	30536	
4133	0	32376	
4134	0	33154	
4135	0	33696	
4136	0	34604	
4137	0	36032	
4138	0	38684	
4139	0	41396	
4140	0	42292	
4141	0	39480	
4142	0	35696	
4143	0	32652	
4144	0	31368	
4145	0	31344	
4146	0	31688	
4147	0	32460	
4148	0	32872	
4149	0	34656	
4150	0	36242	
4151	0	34964	
4152	0	33696	
4153	0	32312	
4154	0	30228	
4155	0	29312	
4156	0	29332	
4157	0	29108	
4158	0	29560	
4159	0	30836	
4160	0	33560	
4161	0	37792	
4162	0	41876	
4163	0	45100	
4164	0	47546	
4165	0	47208	
4166	0	45152	
4167	0	43096	
4168	0	40392	
4169	0	38608	
4170	0	37656	
4171	0	36884	
4172	0	35940	
4173	0	35336	
4174	0	35288	
4175	0	35334	
4176	0	35108	
4177	0	34392	
4178	0	32481	
4179	0	32088	
4180	0	34584	
4181	0	37196	
4182	0	39960	
4183	0	42752	
4184	0	44456	
4185	0	44980	
4186	0	44656	
4187	0	43688	
4188	0	42424	
4189	0	41260	
4190	0	40548	
4191	0	40676	
4192	0	40796	
4193	0	40120	
4194	0	37632	
4195	0	35492	
4196	0	35008	
4197	0	35248	
4198	0	35872	
4199	0	36280	
4200	0	36292	
4201	0	37352	
4202	0	38416	
4203	0	38380	
4204	0	38360	
4205	0	38264	
4206	0	38184	
4207	0	37664	
4208	0	37428	
4209	0	37724	
4210	0	37744	
4211	0	38048	
4212	0	38440	
4213	0	38688	
4214	0	38276	
4215	0	37512	
4216	0	36072	
4217	0	34072	
4218	0	32932	
4219	0	33036	
4220	0	33232	
4221	0	33914	
4222	0	35032	
4223	0	36064	
4224	0	36772	
4225	0	37244	
4226	0	37548	
4227	0	37576	
4228	0	37632	
4229	0	38088	
4230	0	39080	
4231	0	40572	
4232	0	40508	
4233	0	37272	
4234	0	34164	
4235	0	32136	
4236	0	31540	
4237	0	31708	
4238	0	32536	
4239	0	33388	
4240	0	33572	
4241	0	34180	
4242	0	35576	
4243	0	36760	
4244	0	37392	
4245	0	36528	
4246	0	33764	
4247	0	31220	
4248	0	29936	
4249	0	29740	
4250	0	30088	
4251	0	30844	
4252	0	30548	
4253	0	29352	
4254	0	28704	
4255	0	28572	
4256	0	28532	
4257	0	28440	
4258	0	28188	
4259	0	28164	
4260	0	29044	
4261	0	29480	
4262	0	30072	
4263	0	30148	
4264	0	29960	
4265	0	29888	
4266	0	29658	
4267	0	29276	
4268	0	28800	
4269	0	29208	
4270	0	30640	
4271	0	31948	
4272	0	33104	
4273	0	33720	
4274	0	33712	
4275	0	33600	
4276	0	33676	
4277	0	33700	
4278	0	32936	
4279	0	32516	
4280	0	34048	
4281	0	35608	
4282	0	36172	
4283	0	35648	
4284	0	34304	
4285	0	33372	
4286	0	33588	
4287	0	34676	
4288	0	35856	
4289	0	36820	
4290	0	36524	
4291	0	33920	
4292	0	31764	
4293	0	30904	
4294	0	30728	
4295	0	30852	
4296	0	31272	
4297	0	31948	
4298	0	32848	
4299	0	33692	
4300	0	34204	
4301	0	34764	
4302	0	35168	
4303	0	35576	
4304	0	35684	
4305	0	35844	
4306	0	35240	
4307	0	34952	
4308	0	34952	
4309	0	35340	
4310	0	35308	
4311	0	34360	
4312	0	33282	
4313	0	32776	
4314	0	32088	
4315	0	31766	
4316	0	31564	
4317	0	31236	
4318	0	31040	
4319	0	31528	
4320	0	31928	
4321	0	31860	
4322	0	31952	
4323	0	32264	
4324	0	32280	
4325	0	31920	
4326	0	32432	
4327	0	34072	
4328	0	35936	
4329	0	36088	
4330	0	33506	
4331	0	30596	
4332	0	29077	
4333	0	28776	
4334	0	28760	
4335	0	27748	
4336	0	27180	
4337	0	27324	
4338	0	27760	
4339	0	28172	
4340	0	28276	
4341	0	28248	
4342	0	27828	
4343	0	26964	
4344	0	24868	
4345	0	22272	
4346	0	21268	
4347	0	21952	
4348	0	23904	
4349	0	25244	
4350	0	25832	
4351	0	26292	
4352	0	26784	
4353	0	27660	
4354	0	28484	
4355	0	28756	
4356	0	29508	
4357	0	31604	
4358	0	34560	
4359	0	36964	
4360	0	38064	
4361	0	37864	
4362	0	36684	
4363	0	35028	
4364	0	33484	
4365	0	32108	
4366	0	30112	
4367	0	28000	
4368	0	26200	
4369	0	24748	
4370	0	23968	
4371	0	23516	
4372	0	23525	
4373	0	23340	
4374	0	24736	
4375	0	26244	
4376	0	27196	
4377	0	28776	
4378	0	31068	
4379	0	32986	
4380	0	35096	
4381	0	36656	
4382	0	37820	
4383	0	39016	
4384	0	39600	
4385	0	39968	
4386	0	39308	
4387	0	36132	
4388	0	32356	
4389	0	28944	
4390	0	26352	
4391	0	25636	
4392	0	25900	
4393	0	26180	
4394	0	26594	
4395	0	27536	
4396	0	28016	
4397	0	28144	
4398	0	28780	
4399	0	29464	
4400	0	30016	
4401	0	30048	
4402	0	30016	
4403	0	30202	
4404	0	30612	
4405	0	31128	
4406	0	31248	
4407	0	31116	
4408	0	31144	
4409	0	31344	
4410	0	31424	
4411	0	30844	
4412	0	29960	
4413	0	28900	
4414	0	27800	
4415	0	27160	
4416	0	27100	
4417	0	29068	
4418	0	31332	
4419	0	31552	
4420	0	29496	
4421	0	27368	
4422	0	26724	
4423	0	26940	
4424	0	27356	
4425	0	28072	
4426	0	28612	
4427	0	29468	
4428	0	31304	
4429	0	30912	
4430	0	28600	
4431	0	26824	
4432	0	25664	
4433	0	25914	
4434	0	27384	
4435	0	29572	
4436	0	31628	
4437	0	32572	
4438	0	32688	
4439	0	32748	
4440	0	33320	
4441	0	33932	
4442	0	32100	
4443	0	28460	
4444	0	25688	
4445	0	24348	
4446	0	23764	
4447	0	23144	
4448	0	22200	
4449	0	22232	
4450	0	23456	
4451	0	24904	
4452	0	26416	
4453	0	27194	
4454	0	27680	
4455	0	28128	
4456	0	28172	
4457	0	28258	
4458	0	28372	
4459	0	28148	
4460	0	27656	
4461	0	27784	
4462	0	27992	
4463	0	28044	
4464	0	28068	
4465	0	28548	
4466	0	28836	
4467	0	29300	
4468	0	29468	
4469	0	29752	
4470	0	29616	
4471	0	29648	
4472	0	30448	
4473	0	31756	
4474	0	32880	
4475	0	33252	
4476	0	33752	
4477	0	34376	
4478	0	34508	
4479	0	33936	
4480	0	33952	
4481	0	33898	
4482	0	33600	
4483	0	32952	
4484	0	32192	
4485	0	31544	
4486	0	30668	
4487	0	30932	
4488	0	32672	
4489	0	33668	
4490	0	33732	
4491	0	31808	
4492	0	28936	
4493	0	27142	
4494	0	26780	
4495	0	27096	
4496	0	27600	
4497	0	27948	
4498	0	28624	
4499	0	29508	
4500	0	30488	
4501	0	32240	
4502	0	34224	
4503	0	35500	
4504	0	36280	
4505	0	36912	
4506	0	37188	
4507	0	36912	
4508	0	36156	
4509	0	35056	
4510	0	33920	
4511	0	31896	
4512	0	29452	
4513	0	27364	
4514	0	26388	
4515	0	26084	
4516	0	26256	
4517	0	26780	
4518	0	27572	
4519	0	27600	
4520	0	27748	
4521	0	27620	
4522	0	27492	
4523	0	27308	
4524	0	26904	
4525	0	26888	
4526	0	27540	
4527	0	28128	
4528	0	28584	
4529	0	28568	
4530	0	29016	
4531	0	29764	
4532	0	30368	
4533	0	30456	
4534	0	29940	
4535	0	29348	
4536	0	28520	
4537	0	27934	
4538	0	27244	
4539	0	26540	
4540	0	26128	
4541	0	26140	
4542	0	26512	
4543	0	26588	
4544	0	26748	
4545	0	27434	
4546	0	28152	
4547	0	28320	
4548	0	28704	
4549	0	29472	
4550	0	29764	
4551	0	29952	
4552	0	31296	
4553	0	33176	
4554	0	34472	
4555	0	34772	
4556	0	33712	
4557	0	31792	
4558	0	30304	
4559	0	29640	
4560	0	29928	
4561	0	30368	
4562	0	30328	
4563	0	29948	
4564	0	29524	
4565	0	29612	
4566	0	29522	
4567	0	29468	
4568	0	29292	
4569	0	29192	
4570	0	29184	
4571	0	29484	
4572	0	29928	
4573	0	30312	
4574	0	30780	
4575	0	31332	
4576	0	31292	
4577	0	30220	
4578	0	29528	
4579	0	29360	
4580	0	29772	
4581	0	30404	
4582	0	31168	
4583	0	31644	
4584	0	32104	
4585	0	32888	
4586	0	33796	
4587	0	34364	
4588	0	34556	
4589	0	34628	
4590	0	34748	
4591	0	34840	
4592	0	34460	
4593	0	34065	
4594	0	34088	
4595	0	34700	
4596	0	35244	
4597	0	35168	
4598	0	34336	
4599	0	33016	
4600	0	32352	
4601	0	32476	
4602	0	32556	
4603	0	32492	
4604	0	32084	
4605	0	32476	
4606	0	33372	
4607	0	33584	
4608	0	33696	
4609	0	34712	
4610	0	35928	
4611	0	36584	
4612	0	35584	
4613	0	33304	
4614	0	31632	
4615	0	31002	
4616	0	31468	
4617	0	31736	
4618	0	31916	
4619	0	31752	
4620	0	31548	
4621	0	31080	
4622	0	30776	
4623	0	30296	
4624	0	29892	
4625	0	29752	
4626	0	29676	
4627	0	29832	
4628	0	30560	
4629	0	31856	
4630	0	32000	
4631	0	31592	
4632	0	30964	
4633	0	30472	
4634	0	30596	
4635	0	30784	
4636	0	30844	
4637	0	30804	
4638	0	31700	
4639	0	32888	
4640	0	34004	
4641	0	34864	
4642	0	35584	
4643	0	36344	
4644	0	36796	
4645	0	36976	
4646	0	36536	
4647	0	36100	
4648	0	35600	
4649	0	34900	
4650	0	34168	
4651	0	33984	
4652	0	33856	
4653	0	33792	
4654	0	33600	
4655	0	33368	
4656	0	32872	
4657	0	33208	
4658	0	34864	
4659	0	36744	
4660	0	38032	
4661	0	36520	
4662	0	32960	
4663	0	30584	
4664	0	28980	
4665	0	28640	
4666	0	30272	
4667	0	32000	
4668	0	32888	
4669	0	33088	
4670	0	33568	
4671	0	34084	
4672	0	34660	
4673	0	35428	
4674	0	36396	
4675	0	37000	
4676	0	36264	
4677	0	33968	
4678	0	32488	
4679	0	31876	
4680	0	31396	
4681	0	30798	
4682	0	29856	
4683	0	29520	
4684	0	30308	
4685	0	32432	
4686	0	35316	
4687	0	37688	
4688	0	39872	
4689	0	41208	
4690	0	39908	
4691	0	37424	
4692	0	32892	
4693	0	27200	
4694	0	22284	
4695	0	18734	
4696	0	16940	
4697	0	17532	
4698	0	19152	
4699	0	22290	
4700	0	27036	
4701	0	31592	
4702	0	34784	
4703	0	36184	
4704	0	36104	
4705	0	35656	
4706	0	35256	
4707	0	34520	
4708	0	33748	
4709	0	32644	
4710	0	31888	
4711	0	31740	
4712	0	31484	
4713	0	31820	
4714	0	31744	
4715	0	31464	
4716	0	30924	
4717	0	30924	
4718	0	31088	
4719	0	31032	
4720	0	30616	
4721	0	30408	
4722	0	31452	
4723	0	32684	
4724	0	33760	
4725	0	35104	
4726	0	35600	
4727	0	35320	
4728	0	34688	
4729	0	33096	
4730	0	30736	
4731	0	28176	
4732	0	25944	
4733	0	23864	
4734	0	22364	
4735	0	22004	
4736	0	22700	
4737	0	24404	
4738	0	26656	
4739	0	29012	
4740	0	31536	
4741	0	34544	
4742	0	37592	
4743	0	41092	
4744	0	44424	
4745	0	46192	
4746	0	45952	
4747	0	43240	
4748	0	39304	
4749	0	36224	
4750	0	34496	
4751	0	33512	
4752	0	32840	
4753	0	32772	
4754	0	33696	
4755	0	34576	
4756	0	34532	
4757	0	33200	
4758	0	31712	
4759	0	31272	
4760	0	31472	
4761	0	31872	
4762	0	31752	
4763	0	31852	
4764	0	32172	
4765	0	32276	
4766	0	32224	
4767	0	32028	
4768	0	31736	
4769	0	31704	
4770	0	32124	
4771	0	32600	
4772	0	33098	
4773	0	33364	
4774	0	33076	
4775	0	32060	
4776	0	30512	
4777	0	29656	
4778	0	29972	
4779	0	30524	
4780	0	32056	
4781	0	33568	
4782	0	33936	
4783	0	33596	
4784	0	32744	
4785	0	31276	
4786	0	30380	
4787	0	30944	
4788	0	31896	
4789	0	33328	
4790	0	34740	
4791	0	35280	
4792	0	35332	
4793	0	35048	
4794	0	34628	
4795	0	33660	
4796	0	32694	
4797	0	32004	
4798	0	31976	
4799	0	32072	
4800	0	31968	
4801	0	31808	
4802	0	31648	
4803	0	31796	
4804	0	31692	
4805	0	31744	
4806	0	31680	
4807	0	31460	
4808	0	31596	
4809	0	31680	
4810	0	31760	
4811	0	32128	
4812	0	32572	
4813	0	32828	
4814	0	33320	
4815	0	33640	
4816	0	33824	
4817	0	33616	
4818	0	33816	
4819	0	35464	
4820	0	37704	
4821	0	39024	
4822	0	39888	
4823	0	38876	
4824	0	36636	
4825	0	35692	
4826	0	35548	
4827	0	35564	
4828	0	36216	
4829	0	37392	
4830	0	37956	
4831	0	37824	
4832	0	37388	
4833	0	37060	
4834	0	36976	
4835	0	36192	
4836	0	35936	
4837	0	36260	
4838	0	36308	
4839	0	36336	
4840	0	36172	
4841	0	35300	
4842	0	34848	
4843	0	34872	
4844	0	35492	
4845	0	36388	
4846	0	37048	
4847	0	37316	
4848	0	36924	
4849	0	36876	
4850	0	36732	
4851	0	35672	
4852	0	34756	
4853	0	35120	
4854	0	35248	
4855	0	35152	
4856	0	35376	
4857	0	35584	
4858	0	35896	
4859	0	36072	
4860	0	35600	
4861	0	34580	
4862	0	33456	
4863	0	32916	
4864	0	32988	
4865	0	33012	
4866	0	32952	
4867	0	32664	
4868	0	32648	
4869	0	32856	
4870	0	33516	
4871	0	35528	
4872	0	37060	
4873	0	37368	
4874	0	36760	
4875	0	34356	
4876	0	31624	
4877	0	29832	
4878	0	29588	
4879	0	30176	
4880	0	30496	
4881	0	30752	
4882	0	31096	
4883	0	31520	
4884	0	31396	
4885	0	30808	
4886	0	30772	
4887	0	30664	
4888	0	30448	
4889	0	30680	
4890	0	31128	
4891	0	31468	
4892	0	31976	
4893	0	32252	
4894	0	32184	
4895	0	31904	
4896	0	31920	
4897	0	31240	
4898	0	30816	
4899	0	30740	
4900	0	30644	
4901	0	30296	
4902	0	30336	
4903	0	30272	
4904	0	30544	
4905	0	30948	
4906	0	30916	
4907	0	31188	
4908	0	31460	
4909	0	31388	
4910	0	31608	
4911	0	31800	
4912	0	31960	
4913	0	31352	
4914	0	30492	
4915	0	30248	
4916	0	30136	
4917	0	30112	
4918	0	29936	
4919	0	30072	
4920	0	31908	
4921	0	33920	
4922	0	35072	
4923	0	34804	
4924	0	32996	
4925	0	31584	
4926	0	30952	
4927	0	30888	
4928	0	31284	
4929	0	31616	
4930	0	31524	
4931	0	31336	
4932	0	31760	
4933	0	32300	
4934	0	31880	
4935	0	30512	
4936	0	29464	
4937	0	29396	
4938	0	29050	
4939	0	28488	
4940	0	28240	
4941	0	28204	
4942	0	28568	
4943	0	28904	
4944	0	30400	
4945	0	32432	
4946	0	34024	
4947	0	34712	
4948	0	33404	
4949	0	32252	
4950	0	31784	
4951	0	31520	
4952	0	30732	
4953	0	29592	
4954	0	29064	
4955	0	28768	
4956	0	29112	
4957	0	29988	
4958	0	30472	
4959	0	30874	
4960	0	31172	
4961	0	32196	
4962	0	33060	
4963	0	34196	
4964	0	34780	
4965	0	34332	
4966	0	33320	
4967	0	32356	
4968	0	31600	
4969	0	30912	
4970	0	30168	
4971	0	29680	
4972	0	29672	
4973	0	29636	
4974	0	29585	
4975	0	29440	
4976	0	29636	
4977	0	29908	
4978	0	30396	
4979	0	30600	
4980	0	30352	
4981	0	30936	
4982	0	31312	
4983	0	31688	
4984	0	31724	
4985	0	31824	
4986	0	32356	
4987	0	33012	
4988	0	33664	
4989	0	33892	
4990	0	33948	
4991	0	33696	
4992	0	33608	
4993	0	33188	
4994	0	32964	
4995	0	32696	
4996	0	32204	
4997	0	31924	
4998	0	31816	
4999	0	32016	
5000	0	32316	
5001	0	32448	
5002	0	32508	
5003	0	32144	
5004	0	31760	
5005	0	31468	
5006	0	31772	
5007	0	32040	
5008	0	32080	
5009	0	32268	
5010	0	32864	
5011	0	33652	
5012	0	35320	
5013	0	37216	
5014	0	38220	
5015	0	37280	
5016	0	33688	
5017	0	30088	
5018	0	28078	
5019	0	27360	
5020	0	27344	
5021	0	28400	
5022	0	29809	
5023	0	30920	
5024	0	31800	
5025	0	32324	
5026	0	32604	
5027	0	32860	
5028	0	33308	
5029	0	32986	
5030	0	32272	
5031	0	32136	
5032	0	32072	
5033	0	31220	
5034	0	30080	
5035	0	29012	
5036	0	28396	
5037	0	28096	
5038	0	27856	
5039	0	28186	
5040	0	28316	
5041	0	28228	
5042	0	28600	
5043	0	28780	
5044	0	28424	
5045	0	27832	
5046	0	26868	
5047	0	26540	
5048	0	26808	
5049	0	27276	
5050	0	27564	
5051	0	27428	
5052	0	28072	
5053	0	28716	
5054	0	28900	
5055	0	28592	
5056	0	28584	
5057	0	28520	
5058	0	28684	
5059	0	29096	
5060	0	29012	
5061	0	29772	
5062	0	31320	
5063	0	32284	
5064	0	33104	
5065	0	32692	
5066	0	30712	
5067	0	28592	
5068	0	27824	
5069	0	27594	
5070	0	27500	
5071	0	27804	
5072	0	28704	
5073	0	29708	
5074	0	30632	
5075	0	31520	
5076	0	31936	
5077	0	32324	
5078	0	32956	
5079	0	33568	
5080	0	33872	
5081	0	33716	
5082	0	32812	
5083	0	32457	
5084	0	32816	
5085	0	33152	
5086	0	33040	
5087	0	33420	
5088	0	33760	
5089	0	33764	
5090	0	33628	
5091	0	33664	
5092	0	33240	
5093	0	32480	
5094	0	31896	
5095	0	31232	
5096	0	31076	
5097	0	31140	
5098	0	31140	
5099	0	31296	
5100	0	31260	
5101	0	31360	
5102	0	31472	
5103	0	32104	
5104	0	32432	
5105	0	32828	
5106	0	33768	
5107	0	34548	
5108	0	34680	
5109	0	33796	
5110	0	32864	
5111	0	32028	
5112	0	31428	
5113	0	31196	
5114	0	30844	
5115	0	30872	
5116	0	31268	
5117	0	31266	
5118	0	31212	
5119	0	31296	
5120	0	31320	
5121	0	31212	
5122	0	31616	
5123	0	32836	
5124	0	33996	
5125	0	34280	
5126	0	32532	
5127	0	29488	
5128	0	27260	
5129	0	26152	
5130	0	25792	
5131	0	26204	
5132	0	26524	
5133	0	26756	
5134	0	26944	
5135	0	27012	
5136	0	26944	
5137	0	27240	
5138	0	27544	
5139	0	28124	
5140	0	29264	
5141	0	30404	
5142	0	31196	
5143	0	31876	
5144	0	32416	
5145	0	33436	
5146	0	34268	
5147	0	34264	
5148	0	33840	
5149	0	33744	
5150	0	33976	
5151	0	34112	
5152	0	34602	
5153	0	35140	
5154	0	35844	
5155	0	36280	
5156	0	36016	
5157	0	35572	
5158	0	35400	
5159	0	35468	
5160	0	35492	
5161	0	35688	
5162	0	35700	
5163	0	35804	
5164	0	35964	
5165	0	37008	
5166	0	37608	
5167	0	37500	
5168	0	36176	
5169	0	35336	
5170	0	34604	
5171	0	33992	
5172	0	33892	
5173	0	34472	
5174	0	34820	
5175	0	34352	
5176	0	33888	
5177	0	33888	
5178	0	33912	
5179	0	34252	
5180	0	34560	
5181	0	35000	
5182	0	35652	
5183	0	36284	
5184	0	37160	
5185	0	37320	
5186	0	35344	
5187	0	33040	
5188	0	31908	
5189	0	31448	
5190	0	31560	
5191	0	31640	
5192	0	31544	
5193	0	31476	
5194	0	31096	
5195	0	31132	
5196	0	30656	
5197	0	30116	
5198	0	29978	
5199	0	30396	
5200	0	31252	
5201	0	32128	
5202	0	33252	
5203	0	34096	
5204	0	33928	
5205	0	33578	
5206	0	33176	
5207	0	32932	
5208	0	32912	
5209	0	32908	
5210	0	33328	
5211	0	33612	
5212	0	34360	
5213	0	34564	
5214	0	33752	
5215	0	32188	
5216	0	31088	
5217	0	31120	
5218	0	31540	
5219	0	32248	
5220	0	32596	
5221	0	32828	
5222	0	33324	
5223	0	34360	
5224	0	34952	
5225	0	35244	
5226	0	34936	
5227	0	34220	
5228	0	33832	
5229	0	33276	
5230	0	33196	
5231	0	33560	
5232	0	33704	
5233	0	33608	
5234	0	33585	
5235	0	34028	
5236	0	34636	
5237	0	34680	
5238	0	34212	
5239	0	33648	
5240	0	33620	
5241	0	34496	
5242	0	35656	
5243	0	36468	
5244	0	37156	
5245	0	37876	
5246	0	38220	
5247	0	38480	
5248	0	39192	
5249	0	40340	
5250	0	41204	
5251	0	41072	
5252	0	38936	
5253	0	35624	
5254	0	33260	
5255	0	32252	
5256	0	32296	
5257	0	33420	
5258	0	34412	
5259	0	34632	
5260	0	34816	
5261	0	34928	
5262	0	34916	
5263	0	35120	
5264	0	35248	
5265	0	34968	
5266	0	34808	
5267	0	34608	
5268	0	34256	
5269	0	34344	
5270	0	34380	
5271	0	34320	
5272	0	34304	
5273	0	34488	
5274	0	34916	
5275	0	35296	
5276	0	35452	
5277	0	35728	
5278	0	36033	
5279	0	36040	
5280	0	36000	
5281	0	35564	
5282	0	35680	
5283	0	36200	
5284	0	36688	
5285	0	37104	
5286	0	37292	
5287	0	37182	
5288	0	37140	
5289	0	37152	
5290	0	37072	
5291	0	37092	
5292	0	36588	
5293	0	35580	
5294	0	35252	
5295	0	35728	
5296	0	35960	
5297	0	36068	
5298	0	36108	
5299	0	35874	
5300	0	36212	
5301	0	36444	
5302	0	36572	
5303	0	36772	
5304	0	36676	
5305	0	36048	
5306	0	35760	
5307	0	35092	
5308	0	34776	
5309	0	34980	
5310	0	35164	
5311	0	35240	
5312	0	35140	
5313	0	35233	
5314	0	35368	
5315	0	35576	
5316	0	35792	
5317	0	35604	
5318	0	35536	
5319	0	35388	
5320	0	35008	
5321	0	34584	
5322	0	34452	
5323	0	34872	
5324	0	35896	
5325	0	36868	
5326	0	37428	
5327	0	37848	
5328	0	37952	
5329	0	37376	
5330	0	36216	
5331	0	35192	
5332	0	34848	
5333	0	34484	
5334	0	34756	
5335	0	36208	
5336	0	38216	
5337	0	39740	
5338	0	39772	
5339	0	37640	
5340	0	34972	
5341	0	32980	
5342	0	31940	
5343	0	31744	
5344	0	32024	
5345	0	32228	
5346	0	32252	
5347	0	32268	
5348	0	32440	
5349	0	32120	
5350	0	31836	
5351	0	32096	
5352	0	31888	
5353	0	31700	
5354	0	32080	
5355	0	32276	
5356	0	32480	
5357	0	32396	
5358	0	32176	
5359	0	31776	
5360	0	31396	
5361	0	31184	
5362	0	30792	
5363	0	30552	
5364	0	30720	
5365	0	30700	
5366	0	30920	
5367	0	31370	
5368	0	31656	
5369	0	31664	
5370	0	31100	
5371	0	30268	
5372	0	30248	
5373	0	30724	
5374	0	31268	
5375	0	31652	
5376	0	32172	
5377	0	32428	
5378	0	32700	
5379	0	33040	
5380	0	33368	
5381	0	33452	
5382	0	33920	
5383	0	33960	
5384	0	33512	
5385	0	33280	
5386	0	33232	
5387	0	33708	
5388	0	34252	
5389	0	34248	
5390	0	33712	
5391	0	33236	
5392	0	32728	
5393	0	32304	
5394	0	32128	
5395	0	32204	
5396	0	32208	
5397	0	32276	
5398	0	32712	
5399	0	33328	
5400	0	33868	
5401	0	34200	
5402	0	34236	
5403	0	34108	
5404	0	33652	
5405	0	33260	
5406	0	33212	
5407	0	33716	
5408	0	34204	
5409	0	34708	
5410	0	35364	
5411	0	35736	
5412	0	35856	
5413	0	35780	
5414	0	35272	
5415	0	34736	
5416	0	34084	
5417	0	33404	
5418	0	32956	
5419	0	32512	
5420	0	32380	
5421	0	33364	
5422	0	34376	
5423	0	35024	
5424	0	35504	
5425	0	36144	
5426	0	36568	
5427	0	36224	
5428	0	35772	
5429	0	35520	
5430	0	35692	
5431	0	35972	
5432	0	36808	
5433	0	37328	
5434	0	37268	
5435	0	37092	
5436	0	36824	
5437	0	36368	
5438	0	36424	
5439	0	36264	
5440	0	36156	
5441	0	36380	
5442	0	36116	
5443	0	35128	
5444	0	34384	
5445	0	34181	
5446	0	34804	
5447	0	35904	
5448	0	37488	
5449	0	38736	
5450	0	39920	
5451	0	40488	
5452	0	40156	
5453	0	38796	
5454	0	36312	
5455	0	33320	
5456	0	30952	
5457	0	29520	
5458	0	28196	
5459	0	26668	
5460	0	25652	
5461	0	25922	
5462	0	26560	
5463	0	27674	
5464	0	29144	
5465	0	30376	
5466	0	30960	
5467	0	31328	
5468	0	32068	
5469	0	32124	
5470	0	30808	
5471	0	28740	
5472	0	28144	
5473	0	28344	
5474	0	27848	
5475	0	26364	
5476	0	24180	
5477	0	22568	
5478	0	22264	
5479	0	22704	
5480	0	23248	
5481	0	23932	
5482	0	25324	
5483	0	26248	
5484	0	26652	
5485	0	26112	
5486	0	24928	
5487	0	23620	
5488	0	23065	
5489	0	23688	
5490	0	24290	
5491	0	23780	
5492	0	22784	
5493	0	21824	
5494	0	20944	
5495	0	20596	
5496	0	21908	
5497	0	24788	
5498	0	28040	
5499	0	29864	
5500	0	28240	
5501	0	22788	
5502	0	17176	
5503	0	14768	
5504	0	15192	
5505	0	17441	
5506	0	19376	
5507	0	21272	
5508	0	22860	
5509	0	24192	
5510	0	25108	
5511	0	25980	
5512	0	27712	
5513	0	29628	
5514	0	31092	
5515	0	31356	
5516	0	30756	
5517	0	29500	
5518	0	28360	
5519	0	27120	
5520	0	26304	
5521	0	25768	
5522	0	25248	
5523	0	25444	
5524	0	27920	
5525	0	31620	
5526	0	35772	
5527	0	39616	
5528	0	41360	
5529	0	40184	
5530	0	37168	
5531	0	34644	
5532	0	32744	
5533	0	31844	
5534	0	31624	
5535	0	31752	
5536	0	32384	
5537	0	33145	
5538	0	33960	
5539	0	35312	
5540	0	36404	
5541	0	37124	
5542	0	37336	
5543	0	37224	
5544	0	36874	
5545	0	37104	
5546	0	37876	
5547	0	38628	
5548	0	39564	
5549	0	40892	
5550	0	42204	
5551	0	43556	
5552	0	43980	
5553	0	43196	
5554	0	41400	
5555	0	40164	
5556	0	39360	
5557	0	38324	
5558	0	37496	
5559	0	37384	
5560	0	37600	
5561	0	37112	
5562	0	36552	
5563	0	35796	
5564	0	35296	
5565	0	35064	
5566	0	35640	
5567	0	36436	
5568	0	36776	
5569	0	37636	
5570	0	38140	
5571	0	38040	
5572	0	38016	
5573	0	38068	
5574	0	38216	
5575	0	38332	
5576	0	38744	
5577	0	39004	
5578	0	38708	
5579	0	38160	
5580	0	37876	
5581	0	37996	
5582	0	39104	
5583	0	40816	
5584	0	42328	
5585	0	43232	
5586	0	42968	
5587	0	41456	
5588	0	40072	
5589	0	38660	
5590	0	37872	
5591	0	37804	
5592	0	37724	
5593	0	37200	
5594	0	36212	
5595	0	35280	
5596	0	34464	
5597	0	34112	
5598	0	34492	
5599	0	34628	
5600	0	34392	
5601	0	34032	
5602	0	33812	
5603	0	34080	
5604	0	33912	
5605	0	34148	
5606	0	35060	
5607	0	36264	
5608	0	37300	
5609	0	38088	
5610	0	38276	
5611	0	38980	
5612	0	39900	
5613	0	40408	
5614	0	40308	
5615	0	40408	
5616	0	40528	
5617	0	40432	
5618	0	40792	
5619	0	41502	
5620	0	42296	
5621	0	42496	
5622	0	42192	
5623	0	41748	
5624	0	41336	
5625	0	40916	
5626	0	40200	
5627	0	39288	
5628	0	39208	
5629	0	39464	
5630	0	39280	
5631	0	38740	
5632	0	38228	
5633	0	37612	
5634	0	36396	
5635	0	35760	
5636	0	36236	
5637	0	36580	
5638	0	36696	
5639	0	36384	
5640	0	36152	
5641	0	35760	
5642	0	34668	
5643	0	33380	
5644	0	32624	
5645	0	32300	
5646	0	32268	
5647	0	32984	
5648	0	33684	
5649	0	34096	
5650	0	34188	
5651	0	34180	
5652	0	33932	
5653	0	33660	
5654	0	33788	
5655	0	33904	
5656	0	34176	
5657	0	34580	
5658	0	35000	
5659	0	35440	
5660	0	35800	
5661	0	36356	
5662	0	36156	
5663	0	33512	
5664	0	30332	
5665	0	28788	
5666	0	28512	
5667	0	28568	
5668	0	29216	
5669	0	30936	
5670	0	32776	
5671	0	33488	
5672	0	33148	
5673	0	32312	
5674	0	31284	
5675	0	30316	
5676	0	29812	
5677	0	29676	
5678	0	29600	
5679	0	29652	
5680	0	29840	
5681	0	30816	
5682	0	31916	
5683	0	32912	
5684	0	33600	
5685	0	34332	
5686	0	35052	
5687	0	35300	
5688	0	35412	
5689	0	35256	
5690	0	34688	
5691	0	33752	
5692	0	33144	
5693	0	33236	
5694	0	33416	
5695	0	33256	
5696	0	33440	
5697	0	33440	
5698	0	33468	
5699	0	33216	
5700	0	33208	
5701	0	33500	
5702	0	33892	
5703	0	33892	
5704	0	33792	
5705	0	33924	
5706	0	34072	
5707	0	34040	
5708	0	34084	
5709	0	34360	
5710	0	34432	
5711	0	34836	
5712	0	35056	
5713	0	35080	
5714	0	34608	
5715	0	34036	
5716	0	33624	
5717	0	33268	
5718	0	33640	
5719	0	34036	
5720	0	34672	
5721	0	34880	
5722	0	34712	
5723	0	34464	
5724	0	34348	
5725	0	34108	
5726	0	34024	
5727	0	33840	
5728	0	33720	
5729	0	34024	
5730	0	34368	
5731	0	34248	
5732	0	34140	
5733	0	34432	
5734	0	35076	
5735	0	35400	
5736	0	35300	
5737	0	35060	
5738	0	34736	
5739	0	34052	
5740	0	33720	
5741	0	34048	
5742	0	35148	
5743	0	36992	
5744	0	38704	
5745	0	39904	
5746	0	39444	
5747	0	36384	
5748	0	33096	
5749	0	31320	
5750	0	30528	
5751	0	29856	
5752	0	29368	
5753	0	29700	
5754	0	30776	
5755	0	31952	
5756	0	32796	
5757	0	33060	
5758	0	33050	
5759	0	33164	
5760	0	33076	
5761	0	32672	
5762	0	32552	
5763	0	32968	
5764	0	33584	
5765	0	33552	
5766	0	33688	
5767	0	33216	
5768	0	32376	
5769	0	31688	
5770	0	31484	
5771	0	31676	
5772	0	32276	
5773	0	32664	
5774	0	32828	
5775	0	32724	
5776	0	32588	
5777	0	32756	
5778	0	33032	
5779	0	33456	
5780	0	33860	
5781	0	33368	
5782	0	32924	
5783	0	32848	
5784	0	32948	
5785	0	33176	
5786	0	33692	
5787	0	33796	
5788	0	33780	
5789	0	34136	
5790	0	34608	
5791	0	34672	
5792	0	34200	
5793	0	33520	
5794	0	32774	
5795	0	32356	
5796	0	32296	
5797	0	32332	
5798	0	32312	
5799	0	32408	
5800	0	32268	
5801	0	31792	
5802	0	32252	
5803	0	33652	
5804	0	34500	
5805	0	34984	
5806	0	34652	
5807	0	33988	
5808	0	33632	
5809	0	33640	
5810	0	33356	
5811	0	33424	
5812	0	33192	
5813	0	33168	
5814	0	33920	
5815	0	34996	
5816	0	34968	
5817	0	34580	
5818	0	34724	
5819	0	34668	
5820	0	33872	
5821	0	33600	
5822	0	33468	
5823	0	33036	
5824	0	33054	
5825	0	33124	
5826	0	33628	
5827	0	34628	
5828	0	35448	
5829	0	34856	
5830	0	33992	
5831	0	33006	
5832	0	32104	
5833	0	31552	
5834	0	31176	
5835	0	30308	
5836	0	29116	
5837	0	28976	
5838	0	29856	
5839	0	30672	
5840	0	31504	
5841	0	31856	
5842	0	31972	
5843	0	32516	
5844	0	33368	
5845	0	33660	
5846	0	33532	
5847	0	33550	
5848	0	33628	
5849	0	33736	
5850	0	34128	
5851	0	34360	
5852	0	34504	
5853	0	34256	
5854	0	33760	
5855	0	33288	
5856	0	33230	
5857	0	33100	
5858	0	32968	
5859	0	32848	
5860	0	33128	
5861	0	34036	
5862	0	34676	
5863	0	34872	
5864	0	35448	
5865	0	36056	
5866	0	36336	
5867	0	36136	
5868	0	35460	
5869	0	35128	
5870	0	34568	
5871	0	34352	
5872	0	34084	
5873	0	34128	
5874	0	33916	
5875	0	33232	
5876	0	32944	
5877	0	32440	
5878	0	31824	
5879	0	31096	
5880	0	30658	
5881	0	30384	
5882	0	30082	
5883	0	29792	
5884	0	29512	
5885	0	29340	
5886	0	29180	
5887	0	28936	
5888	0	28680	
5889	0	27652	
5890	0	26768	
5891	0	26468	
5892	0	26256	
5893	0	25744	
5894	0	25704	
5895	0	26140	
5896	0	26508	
5897	0	26628	
5898	0	26584	
5899	0	26768	
5900	0	27320	
5901	0	27876	
5902	0	28444	
5903	0	28706	
5904	0	29208	
5905	0	29588	
5906	0	30160	
5907	0	30556	
5908	0	30500	
5909	0	29640	
5910	0	28596	
5911	0	28244	
5912	0	28412	
5913	0	28388	
5914	0	28700	
5915	0	29016	
5916	0	28700	
5917	0	28620	
5918	0	28512	
5919	0	28088	
5920	0	27500	
5921	0	27540	
5922	0	27624	
5923	0	27720	
5924	0	27720	
5925	0	27484	
5926	0	27400	
5927	0	27900	
5928	0	28224	
5929	0	28514	
5930	0	29380	
5931	0	30864	
5932	0	31920	
5933	0	32444	
5934	0	32580	
5935	0	32408	
5936	0	31908	
5937	0	31688	
5938	0	31588	
5939	0	31472	
5940	0	31360	
5941	0	31360	
5942	0	31668	
5943	0	32016	
5944	0	32104	
5945	0	31856	
5946	0	31864	
5947	0	31752	
5948	0	31416	
5949	0	30916	
5950	0	30428	
5951	0	30048	
5952	0	29774	
5953	0	29732	
5954	0	29464	
5955	0	29304	
5956	0	29580	
5957	0	29296	
5958	0	29208	
5959	0	29632	
5960	0	30356	
5961	0	30916	
5962	0	31228	
5963	0	30832	
5964	0	29768	
5965	0	29114	
5966	0	28912	
5967	0	28872	
5968	0	29440	
5969	0	29808	
5970	0	30052	
5971	0	30324	
5972	0	30472	
5973	0	30168	
5974	0	29672	
5975	0	29360	
5976	0	29928	
5977	0	31408	
5978	0	33060	
5979	0	34236	
5980	0	34392	
5981	0	32184	
5982	0	30076	
5983	0	29248	
5984	0	29160	
5985	0	28984	
5986	0	28744	
5987	0	28968	
5988	0	29196	
5989	0	29444	
5990	0	30024	
5991	0	29604	
5992	0	29044	
5993	0	28820	
5994	0	29204	
5995	0	29680	
5996	0	29636	
5997	0	29428	
5998	0	29304	
5999	0	29764	
6000	0	30612	
6001	0	31404	
6002	0	32004	
6003	0	32394	
6004	0	32696	
6005	0	32932	
6006	0	32880	
6007	0	32620	
6008	0	32488	
6009	0	32868	
6010	0	32836	
6011	0	32616	
6012	0	32478	
6013	0	32740	
6014	0	33176	
6015	0	33652	
6016	0	34292	
6017	0	34840	
6018	0	35320	
6019	0	35744	
6020	0	35724	
6021	0	35888	
6022	0	36276	
6023	0	36816	
6024	0	36948	
6025	0	37328	
6026	0	37172	
6027	0	36308	
6028	0	35132	
6029	0	34156	
6030	0	34224	
6031	0	35036	
6032	0	35408	
6033	0	35564	
6034	0	35656	
6035	0	35056	
6036	0	34348	
6037	0	34480	
6038	0	35552	
6039	0	36132	
6040	0	35648	
6041	0	35213	
6042	0	35336	
6043	0	35700	
6044	0	35748	
6045	0	36032	
6046	0	36704	
6047	0	37540	
6048	0	38968	
6049	0	40600	
6050	0	41636	
6051	0	40352	
6052	0	38080	
6053	0	36496	
6054	0	35700	
6055	0	34952	
6056	0	33924	
6057	0	33336	
6058	0	33068	
6059	0	32744	
6060	0	32624	
6061	0	32300	
6062	0	32148	
6063	0	32392	
6064	0	32588	
6065	0	32644	
6066	0	33180	
6067	0	33760	
6068	0	34680	
6069	0	35224	
6070	0	35004	
6071	0	34664	
6072	0	34160	
6073	0	33700	
6074	0	33648	
6075	0	33264	
6076	0	32808	
6077	0	32372	
6078	0	32228	
6079	0	31992	
6080	0	31972	
6081	0	31456	
6082	0	30944	
6083	0	30928	
6084	0	30656	
6085	0	29980	
6086	0	29976	
6087	0	29880	
6088	0	29746	
6089	0	29436	
6090	0	28752	
6091	0	27888	
6092	0	27444	
6093	0	27352	
6094	0	27000	
6095	0	26560	
6096	0	26288	
6097	0	25952	
6098	0	25816	
6099	0	25484	
6100	0	25916	
6101	0	27192	
6102	0	28000	
6103	0	28600	
6104	0	29340	
6105	0	29848	
6106	0	29912	
6107	0	30516	
6108	0	30968	
6109	0	31000	
6110	0	30412	
6111	0	30300	
6112	0	30248	
6113	0	30304	
6114	0	30376	
6115	0	30860	
6116	0	31116	
6117	0	31172	
6118	0	30760	
6119	0	30632	
6120	0	30696	
6121	0	31412	
6122	0	32524	
6123	0	33808	
6124	0	35140	
6125	0	36192	
6126	0	36416	
6127	0	34608	
6128	0	32080	
6129	0	29866	
6130	0	28380	
6131	0	28078	
6132	0	28592	
6133	0	29080	
6134	0	29560	
6135	0	29876	
6136	0	29260	
6137	0	29048	
6138	0	29212	
6139	0	29172	
6140	0	29592	
6141	0	30328	
6142	0	30804	
6143	0	31372	
6144	0	31660	
6145	0	31984	
6146	0	31976	
6147	0	32120	
6148	0	32216	
6149	0	32372	
6150	0	32212	
6151	0	32112	
6152	0	31932	
6153	0	31346	
6154	0	30930	
6155	0	30348	
6156	0	30330	
6157	0	30632	
6158	0	30168	
6159	0	30424	
6160	0	31208	
6161	0	32080	
6162	0	32512	
6163	0	32460	
6164	0	32160	
6165	0	32060	
6166	0	32180	
6167	0	32708	
6168	0	32974	
6169	0	32852	
6170	0	32604	
6171	0	32632	
6172	0	32716	
6173	0	32724	
6174	0	32628	
6175	0	32636	
6176	0	32088	
6177	0	31068	
6178	0	30484	
6179	0	30802	
6180	0	31400	
6181	0	32160	
6182	0	32724	
6183	0	33108	
6184	0	33232	
6185	0	32960	
6186	0	32828	
6187	0	33048	
6188	0	34012	
6189	0	34948	
6190	0	34956	
6191	0	34372	
6192	0	34080	
6193	0	34444	
6194	0	34768	
6195	0	35352	
6196	0	36568	
6197	0	37644	
6198	0	38120	
6199	0	36720	
6200	0	34120	
6201	0	32200	
6202	0	31564	
6203	0	32584	
6204	0	33808	
6205	0	34760	
6206	0	35384	
6207	0	35460	
6208	0	35160	
6209	0	34392	
6210	0	34732	
6211	0	35460	
6212	0	36272	
6213	0	36816	
6214	0	37116	
6215	0	36552	
6216	0	36092	
6217	0	35952	
6218	0	35460	
6219	0	34900	
6220	0	34768	
6221	0	35108	
6222	0	35216	
6223	0	35184	
6224	0	35348	
6225	0	35848	
6226	0	36928	
6227	0	37068	
6228	0	36840	
6229	0	36704	
6230	0	36420	
6231	0	35732	
6232	0	34536	
6233	0	33852	
6234	0	33312	
6235	0	33176	
6236	0	33316	
6237	0	33024	
6238	0	32652	
6239	0	32164	
6240	0	31800	
6241	0	31948	
6242	0	32348	
6243	0	32444	
6244	0	32604	
6245	0	32970	
6246	0	33192	
6247	0	33016	
6248	0	32808	
6249	0	32440	
6250	0	32552	
6251	0	32464	
6252	0	31940	
6253	0	31464	
6254	0	31652	
6255	0	31820	
6256	0	31128	
6257	0	30850	
6258	0	31152	
6259	0	31584	
6260	0	31840	
6261	0	31092	
6262	0	29920	
6263	0	29584	
6264	0	30240	
6265	0	31208	
6266	0	31756	
6267	0	32256	
6268	0	32464	
6269	0	31984	
6270	0	31296	
6271	0	30952	
6272	0	30440	
6273	0	29892	
6274	0	29908	
6275	0	30024	
6276	0	30384	
6277	0	31352	
6278	0	32472	
6279	0	33324	
6280	0	33652	
6281	0	34032	
6282	0	34276	
6283	0	34128	
6284	0	33952	
6285	0	33516	
6286	0	33332	
6287	0	33048	
6288	0	32824	
6289	0	31592	
6290	0	30360	
6291	0	29248	
6292	0	28708	
6293	0	29564	
6294	0	31388	
6295	0	33532	
6296	0	35680	
6297	0	36668	
6298	0	37028	
6299	0	36936	
6300	0	36768	
6301	0	36088	
6302	0	35552	
6303	0	33380	
6304	0	30132	
6305	0	27276	
6306	0	25708	
6307	0	24892	
6308	0	25032	
6309	0	26124	
6310	0	28028	
6311	0	29608	
6312	0	30380	
6313	0	31802	
6314	0	33580	
6315	0	34548	
6316	0	34080	
6317	0	32760	
6318	0	31216	
6319	0	29154	
6320	0	27692	
6321	0	26880	
6322	0	26796	
6323	0	27372	
6324	0	28580	
6325	0	29848	
6326	0	30976	
6327	0	32544	
6328	0	34132	
6329	0	35588	
6330	0	36896	
6331	0	38084	
6332	0	38644	
6333	0	37892	
6334	0	37008	
6335	0	36284	
6336	0	35448	
6337	0	34632	
6338	0	33664	
6339	0	32104	
6340	0	30688	
6341	0	29230	
6342	0	28276	
6343	0	28732	
6344	0	29720	
6345	0	31048	
6346	0	32604	
6347	0	33920	
6348	0	35136	
6349	0	35696	
6350	0	35424	
6351	0	33944	
6352	0	33280	
6353	0	33660	
6354	0	33924	
6355	0	32676	
6356	0	30300	
6357	0	27872	
6358	0	25728	
6359	0	23832	
6360	0	22612	
6361	0	22872	
6362	0	24912	
6363	0	27756	
6364	0	29828	
6365	0	30056	
6366	0	29876	
6367	0	30684	
6368	0	33316	
6369	0	36824	
6370	0	39508	
6371	0	40024	
6372	0	39416	
6373	0	38008	
6374	0	36204	
6375	0	34312	
6376	0	32200	
6377	0	30268	
6378	0	28044	
6379	0	25600	
6380	0	23232	
6381	0	21418	
6382	0	20164	
6383	0	19534	
6384	0	19738	
6385	0	21064	
6386	0	23084	
6387	0	25520	
6388	0	27712	
6389	0	29708	
6390	0	30816	
6391	0	31512	
6392	0	32008	
6393	0	32600	
6394	0	32588	
6395	0	32508	
6396	0	32152	
6397	0	32424	
6398	0	32324	
6399	0	32224	
6400	0	32090	
6401	0	32392	
6402	0	32364	
6403	0	32492	
6404	0	33104	
6405	0	34080	
6406	0	34916	
6407	0	35832	
6408	0	36452	
6409	0	36724	
6410	0	36460	
6411	0	35696	
6412	0	35236	
6413	0	34920	
6414	0	35292	
6415	0	35732	
6416	0	36336	
6417	0	36920	
6418	0	37352	
6419	0	37312	
6420	0	36916	
6421	0	36652	
6422	0	35960	
6423	0	34876	
6424	0	34160	
6425	0	34056	
6426	0	34192	
6427	0	34216	
6428	0	33840	
6429	0	33224	
6430	0	33280	
6431	0	34340	
6432	0	35264	
6433	0	36170	
6434	0	35688	
6435	0	33572	
6436	0	31544	
6437	0	30456	
6438	0	30292	
6439	0	30560	
6440	0	30904	
6441	0	30636	
6442	0	30572	
6443	0	30624	
6444	0	31044	
6445	0	31800	
6446	0	32776	
6447	0	33700	
6448	0	34480	
6449	0	34548	
6450	0	33752	
6451	0	33296	
6452	0	33416	
6453	0	33048	
6454	0	32168	
6455	0	31544	
6456	0	31696	
6457	0	32128	
6458	0	32368	
6459	0	32664	
6460	0	32880	
6461	0	33176	
6462	0	33548	
6463	0	33404	
6464	0	32873	
6465	0	32624	
6466	0	32872	
6467	0	33236	
6468	0	33284	
6469	0	33624	
6470	0	34160	
6471	0	34600	
6472	0	34460	
6473	0	33984	
6474	0	33280	
6475	0	32552	
6476	0	32416	
6477	0	32397	
6478	0	32672	
6479	0	33128	
6480	0	33308	
6481	0	33308	
6482	0	33100	
6483	0	32860	
6484	0	33168	
6485	0	33212	
6486	0	33072	
6487	0	33088	
6488	0	33352	
6489	0	33064	
6490	0	32224	
6491	0	31544	
6492	0	31308	
6493	0	31432	
6494	0	32036	
6495	0	32692	
6496	0	32644	
6497	0	32416	
6498	0	33357	
6499	0	35044	
6500	0	36896	
6501	0	38428	
6502	0	39376	
6503	0	38012	
6504	0	35720	
6505	0	34256	
6506	0	33532	
6507	0	33124	
6508	0	32698	
6509	0	32668	
6510	0	32648	
6511	0	33336	
6512	0	33604	
6513	0	33632	
6514	0	33532	
6515	0	33208	
6516	0	32636	
6517	0	32260	
6518	0	32196	
6519	0	32104	
6520	0	32828	
6521	0	34092	
6522	0	34964	
6523	0	34948	
6524	0	33700	
6525	0	32416	
6526	0	31992	
6527	0	31980	
6528	0	31584	
6529	0	31332	
6530	0	31512	
6531	0	31384	
6532	0	31888	
6533	0	32288	
6534	0	32012	
6535	0	31804	
6536	0	31596	
6537	0	31336	
6538	0	31360	
6539	0	31148	
6540	0	30576	
6541	0	30000	
6542	0	29248	
6543	0	29324	
6544	0	29516	
6545	0	29512	
6546	0	29492	
6547	0	29480	
6548	0	29040	
6549	0	28930	
6550	0	29048	
6551	0	28632	
6552	0	28064	
6553	0	27864	
6554	0	28304	
6555	0	28544	
6556	0	28360	
6557	0	28376	
6558	0	28992	
6559	0	29948	
6560	0	31584	
6561	0	33536	
6562	0	35084	
6563	0	35968	
6564	0	33912	
6565	0	30652	
6566	0	28596	
6567	0	28344	
6568	0	29308	
6569	0	30044	
6570	0	30700	
6571	0	31628	
6572	0	32588	
6573	0	33642	
6574	0	34520	
6575	0	35300	
6576	0	35692	
6577	0	35480	
6578	0	35552	
6579	0	35164	
6580	0	34044	
6581	0	33144	
6582	0	32812	
6583	0	32932	
6584	0	33744	
6585	0	34632	
6586	0	35268	
6587	0	35636	
6588	0	35678	
6589	0	35672	
6590	0	35412	
6591	0	34480	
6592	0	33100	
6593	0	32048	
6594	0	32048	
6595	0	32396	
6596	0	32992	
6597	0	33564	
6598	0	33844	
6599	0	34236	
6600	0	34468	
6601	0	34412	
6602	0	34344	
6603	0	34392	
6604	0	34380	
6605	0	34268	
6606	0	34592	
6607	0	35352	
6608	0	35984	
6609	0	35816	
6610	0	34864	
6611	0	34028	
6612	0	34032	
6613	0	34296	
6614	0	34764	
6615	0	35192	
6616	0	35792	
6617	0	36144	
6618	0	36348	
6619	0	37112	
6620	0	37980	
6621	0	38668	
6622	0	39528	
6623	0	39832	
6624	0	39296	
6625	0	37936	
6626	0	36168	
6627	0	34320	
6628	0	34148	
6629	0	34968	
6630	0	36256	
6631	0	35732	
6632	0	32640	
6633	0	29160	
6634	0	26872	
6635	0	26076	
6636	0	26444	
6637	0	27520	
6638	0	28780	
6639	0	29600	
6640	0	29732	
6641	0	30028	
6642	0	29656	
6643	0	29324	
6644	0	28894	
6645	0	27876	
6646	0	27356	
6647	0	28312	
6648	0	30172	
6649	0	32116	
6650	0	33664	
6651	0	34264	
6652	0	34212	
6653	0	33960	
6654	0	34200	
6655	0	34280	
6656	0	33696	
6657	0	33644	
6658	0	34036	
6659	0	34304	
6660	0	34316	
6661	0	34708	
6662	0	34828	
6663	0	34744	
6664	0	34536	
6665	0	34376	
6666	0	34332	
6667	0	33848	
6668	0	33944	
6669	0	34648	
6670	0	35056	
6671	0	35064	
6672	0	35568	
6673	0	35652	
6674	0	35556	
6675	0	35576	
6676	0	35280	
6677	0	34312	
6678	0	33700	
6679	0	33596	
6680	0	33652	
6681	0	33500	
6682	0	33672	
6683	0	33912	
6684	0	33232	
6685	0	32848	
6686	0	32708	
6687	0	32736	
6688	0	33040	
6689	0	32968	
6690	0	32644	
6691	0	32776	
6692	0	33068	
6693	0	33396	
6694	0	33624	
6695	0	33868	
6696	0	33948	
6697	0	33636	
6698	0	33160	
6699	0	32900	
6700	0	32680	
6701	0	33248	
6702	0	34476	
6703	0	36220	
6704	0	37344	
6705	0	36184	
6706	0	34500	
6707	0	33280	
6708	0	31980	
6709	0	31232	
6710	0	31120	
6711	0	31538	
6712	0	31908	
6713	0	32020	
6714	0	32192	
6715	0	32032	
6716	0	31952	
6717	0	32216	
6718	0	32348	
6719	0	32480	
6720	0	32770	
6721	0	33092	
6722	0	33076	
6723	0	33120	
6724	0	33792	
6725	0	34296	
6726	0	34078	
6727	0	33940	
6728	0	33620	
6729	0	33268	
6730	0	32800	
6731	0	32344	
6732	0	31836	
6733	0	31244	
6734	0	30668	
6735	0	30296	
6736	0	30384	
6737	0	30996	
6738	0	31988	
6739	0	32768	
6740	0	32584	
6741	0	32536	
6742	0	32560	
6743	0	32896	
6744	0	33392	
6745	0	33484	
6746	0	33552	
6747	0	33860	
6748	0	34284	
6749	0	34756	
6750	0	35180	
6751	0	35436	
6752	0	35536	
6753	0	35592	
6754	0	35852	
6755	0	35964	
6756	0	36080	
6757	0	36240	
6758	0	36180	
6759	0	35960	
6760	0	35960	
6761	0	36288	
6762	0	36900	
6763	0	37628	
6764	0	37780	
6765	0	37240	
6766	0	36492	
6767	0	35520	
6768	0	34564	
6769	0	34028	
6770	0	33914	
6771	0	34260	
6772	0	35452	
6773	0	36612	
6774	0	37624	
6775	0	37364	
6776	0	35464	
6777	0	33820	
6778	0	32624	
6779	0	32332	
6780	0	32184	
6781	0	32776	
6782	0	33512	
6783	0	33700	
6784	0	34144	
6785	0	34320	
6786	0	34676	
6787	0	35100	
6788	0	35680	
6789	0	35624	
6790	0	35810	
6791	0	35680	
6792	0	35412	
6793	0	35120	
6794	0	35024	
6795	0	34384	
6796	0	32928	
6797	0	31676	
6798	0	31884	
6799	0	33048	
6800	0	34112	
6801	0	34068	
6802	0	33936	
6803	0	33420	
6804	0	32840	
6805	0	32804	
6806	0	32576	
6807	0	32600	
6808	0	32808	
6809	0	33044	
6810	0	33320	
6811	0	33736	
6812	0	33652	
6813	0	33916	
6814	0	33782	
6815	0	33136	
6816	0	32524	
6817	0	31772	
6818	0	31208	
6819	0	31296	
6820	0	32056	
6821	0	32532	
6822	0	32560	
6823	0	32640	
6824	0	32732	
6825	0	32928	
6826	0	33076	
6827	0	32992	
6828	0	32774	
6829	0	32356	
6830	0	31740	
6831	0	30920	
6832	0	30928	
6833	0	31368	
6834	0	31968	
6835	0	32364	
6836	0	32616	
6837	0	33060	
6838	0	33212	
6839	0	33468	
6840	0	33880	
6841	0	33956	
6842	0	33648	
6843	0	33168	
6844	0	33068	
6845	0	32916	
6846	0	32688	
6847	0	33000	
6848	0	33776	
6849	0	34336	
6850	0	34396	
6851	0	34280	
6852	0	34476	
6853	0	35508	
6854	0	37228	
6855	0	38536	
6856	0	39200	
6857	0	38976	
6858	0	36600	
6859	0	34500	
6860	0	33188	
6861	0	32800	
6862	0	32484	
6863	0	31952	
6864	0	31560	
6865	0	31960	
6866	0	32696	
6867	0	32976	
6868	0	32994	
6869	0	33228	
6870	0	33836	
6871	0	33856	
6872	0	33432	
6873	0	32864	
6874	0	32716	
6875	0	32944	
6876	0	33288	
6877	0	32780	
6878	0	31708	
6879	0	30856	
6880	0	30320	
6881	0	30156	
6882	0	30424	
6883	0	30756	
6884	0	30928	
6885	0	31012	
6886	0	31372	
6887	0	31732	
6888	0	31852	
6889	0	31296	
6890	0	30844	
6891	0	30572	
6892	0	30424	
6893	0	30008	
6894	0	29412	
6895	0	29104	
6896	0	29246	
6897	0	30264	
6898	0	31512	
6899	0	32996	
6900	0	34272	
6901	0	34664	
6902	0	34548	
6903	0	34394	
6904	0	34416	
6905	0	34536	
6906	0	34148	
6907	0	34332	
6908	0	35096	
6909	0	35828	
6910	0	36492	
6911	0	36808	
6912	0	36904	
6913	0	36608	
6914	0	35912	
6915	0	35496	
6916	0	34236	
6917	0	33652	
6918	0	34460	
6919	0	35692	
6920	0	35992	
6921	0	35536	
6922	0	35424	
6923	0	35552	
6924	0	35692	
6925	0	35740	
6926	0	35292	
6927	0	35212	
6928	0	35516	
6929	0	35868	
6930	0	35720	
6931	0	35224	
6932	0	35016	
6933	0	34808	
6934	0	35220	
6935	0	36060	
6936	0	36472	
6937	0	36260	
6938	0	35832	
6939	0	36048	
6940	0	37808	
6941	0	40912	
6942	0	43868	
6943	0	46308	
6944	0	47328	
6945	0	46840	
6946	0	44748	
6947	0	42024	
6948	0	39784	
6949	0	38304	
6950	0	36572	
6951	0	34528	
6952	0	32300	
6953	0	30272	
6954	0	29128	
6955	0	28648	
6956	0	29088	
6957	0	30620	
6958	0	32796	
6959	0	34364	
6960	0	35548	
6961	0	35892	
6962	0	36392	
6963	0	36500	
6964	0	35760	
6965	0	34700	
6966	0	33148	
6967	0	31524	
6968	0	30192	
6969	0	29424	
6970	0	28268	
6971	0	27160	
6972	0	26754	
6973	0	26320	
6974	0	25744	
6975	0	25252	
6976	0	24312	
6977	0	24112	
6978	0	25000	
6979	0	25960	
6980	0	26540	
6981	0	27132	
6982	0	27696	
6983	0	28636	
6984	0	29336	
6985	0	29300	
6986	0	28700	
6987	0	28416	
6988	0	28720	
6989	0	28508	
6990	0	27916	
6991	0	26864	
6992	0	25976	
6993	0	25832	
6994	0	26076	
6995	0	26376	
6996	0	26768	
6997	0	26488	
6998	0	26192	
6999	0	26184	
7000	0	25732	
7001	0	25460	
7002	0	26320	
7003	0	27372	
7004	0	27912	
7005	0	28417	
7006	0	28918	
7007	0	29644	
7008	0	30076	
7009	0	30768	
7010	0	31332	
7011	0	31540	
7012	0	30992	
7013	0	29848	
7014	0	29724	
7015	0	30040	
7016	0	30032	
7017	0	29236	
7018	0	28320	
7019	0	27856	
7020	0	28148	
7021	0	28788	
7022	0	29412	
7023	0	29912	
7024	0	30260	
7025	0	30588	
7026	0	30552	
7027	0	31389	
7028	0	32400	
7029	0	33612	
7030	0	34308	
7031	0	34920	
7032	0	35272	
7033	0	35028	
7034	0	34336	
7035	0	34368	
7036	0	34428	
7037	0	34276	
7038	0	32936	
7039	0	30540	
7040	0	28120	
7041	0	26296	
7042	0	24852	
7043	0	23840	
7044	0	23386	
7045	0	24088	
7046	0	26088	
7047	0	28876	
7048	0	31536	
7049	0	33556	
7050	0	34484	
7051	0	35004	
7052	0	35348	
7053	0	35444	
7054	0	35412	
7055	0	35624	
7056	0	35780	
7057	0	35528	
7058	0	35332	
7059	0	35376	
7060	0	36060	
7061	0	36132	
7062	0	36912	
7063	0	38328	
7064	0	39940	
7065	0	40620	
7066	0	40160	
7067	0	38400	
7068	0	37370	
7069	0	37672	
7070	0	38572	
7071	0	39040	
7072	0	38016	
7073	0	37476	
7074	0	38772	
7075	0	40940	
7076	0	42520	
7077	0	42640	
7078	0	41704	
7079	0	42332	
7080	0	44036	
7081	0	44956	
7082	0	44496	
7083	0	44084	
7084	0	43900	
7085	0	43608	
7086	0	43660	
7087	0	43832	
7088	0	43632	
7089	0	43936	
7090	0	44052	
7091	0	43832	
7092	0	44116	
7093	0	45592	
7094	0	47888	
7095	0	50892	
7096	0	54112	
7097	0	56056	
7098	0	55652	
7099	0	52068	
7100	0	47572	
7101	0	44256	
7102	0	41712	
7103	0	40296	
7104	0	38760	
7105	0	37552	
7106	0	37000	
7107	0	36972	
7108	0	37772	
7109	0	38660	
7110	0	39280	
7111	0	39328	
7112	0	39172	
7113	0	39068	
7114	0	39252	
7115	0	39760	
7116	0	40552	
7117	0	41544	
7118	0	41888	
7119	0	41896	
7120	0	41720	
7121	0	41416	
7122	0	41420	
7123	0	41700	
7124	0	42928	
7125	0	43952	
7126	0	44000	
7127	0	43656	
7128	0	43240	
7129	0	42404	
7130	0	42880	
7131	0	44468	
7132	0	46648	
7133	0	49344	
7134	0	51172	
7135	0	50096	
7136	0	46216	
7137	0	42380	
7138	0	40308	
7139	0	39056	
7140	0	38380	
7141	0	38392	
7142	0	38448	
7143	0	37884	
7144	0	38136	
7145	0	38296	
7146	0	38032	
7147	0	37952	
7148	0	38284	
7149	0	38704	
7150	0	38992	
7151	0	39348	
7152	0	39864	
7153	0	40016	
7154	0	39632	
7155	0	38916	
7156	0	38400	
7157	0	38436	
7158	0	38352	
7159	0	38192	
7160	0	38120	
7161	0	38040	
7162	0	37472	
7163	0	36932	
7164	0	37152	
7165	0	37872	
7166	0	38688	
7167	0	39416	
7168	0	40628	
7169	0	41536	
7170	0	41736	
7171	0	40888	
7172	0	39516	
7173	0	38548	
7174	0	38184	
7175	0	39040	
7176	0	39708	
7177	0	39848	
7178	0	39804	
7179	0	39664	
7180	0	39780	
7181	0	39604	
7182	0	39440	
7183	0	39232	
7184	0	39556	
7185	0	39736	
7186	0	39912	
7187	0	40244	
7188	0	40512	
7189	0	40616	
7190	0	40832	
7191	0	41652	
7192	0	42232	
7193	0	42372	
7194	0	41608	
7195	0	41048	
7196	0	41000	
7197	0	40864	
7198	0	40348	
7199	0	40080	
7200	0	40036	
7201	0	40348	
7202	0	41128	
7203	0	41284	
7204	0	41188	
7205	0	42136	
7206	0	43180	
7207	0	43632	
7208	0	43800	
7209	0	44280	
7210	0	44832	
7211	0	44904	
7212	0	44024	
7213	0	42936	
7214	0	42244	
7215	0	42148	
7216	0	41644	
7217	0	41988	
7218	0	42672	
7219	0	42792	
7220	0	42572	
7221	0	42712	
7222	0	42460	
7223	0	41684	
7224	0	41036	
7225	0	40628	
7226	0	40432	
7227	0	40952	
7228	0	41980	
7229	0	42644	
7230	0	42216	
7231	0	41624	
7232	0	41248	
7233	0	40824	
7234	0	41144	
7235	0	41168	
7236	0	40892	
7237	0	41008	
7238	0	40800	
7239	0	40276	
7240	0	39960	
7241	0	39764	
7242	0	40164	
7243	0	40368	
7244	0	40336	
7245	0	40442	
7246	0	40752	
7247	0	40748	
7248	0	40400	
7249	0	40332	
7250	0	39728	
7251	0	39148	
7252	0	38488	
7253	0	37656	
7254	0	36816	
7255	0	35992	
7256	0	35002	
7257	0	34696	
7258	0	35080	
7259	0	35072	
7260	0	34856	
7261	0	34656	
7262	0	34076	
7263	0	33944	
7264	0	34544	
7265	0	35600	
7266	0	36512	
7267	0	37136	
7268	0	37348	
7269	0	37076	
7270	0	36712	
7271	0	36332	
7272	0	35528	
7273	0	34660	
7274	0	34638	
7275	0	35192	
7276	0	35720	
7277	0	35992	
7278	0	35928	
7279	0	35644	
7280	0	35864	
7281	0	36052	
7282	0	35844	
7283	0	35084	
7284	0	34024	
7285	0	33304	
7286	0	32976	
7287	0	32904	
7288	0	32992	
7289	0	32640	
7290	0	32132	
7291	0	31792	
7292	0	31780	
7293	0	31600	
7294	0	31560	
7295	0	31580	
7296	0	31572	
7297	0	30984	
7298	0	30952	
7299	0	31568	
7300	0	32056	
7301	0	32880	
7302	0	33628	
7303	0	33396	
7304	0	32896	
7305	0	32016	
7306	0	31596	
7307	0	31728	
7308	0	31912	
7309	0	31808	
7310	0	31492	
7311	0	30888	
7312	0	31076	
7313	0	31200	
7314	0	31368	
7315	0	30912	
7316	0	30448	
7317	0	30130	
7318	0	29920	
7319	0	30012	
7320	0	30308	
7321	0	30284	
7322	0	29984	
7323	0	30144	
7324	0	30332	
7325	0	30616	
7326	0	30648	
7327	0	30816	
7328	0	30424	
7329	0	29608	
7330	0	28932	
7331	0	29068	
7332	0	29252	
7333	0	29424	
7334	0	29188	
7335	0	28876	
7336	0	28668	
7337	0	28972	
7338	0	29476	
7339	0	29205	
7340	0	29076	
7341	0	29080	
7342	0	28476	
7343	0	27972	
7344	0	27800	
7345	0	28456	
7346	0	29456	
7347	0	29616	
7348	0	29144	
7349	0	28708	
7350	0	28076	
7351	0	27776	
7352	0	27312	
7353	0	27300	
7354	0	27260	
7355	0	27152	
7356	0	26708	
7357	0	25628	
7358	0	24848	
7359	0	25244	
7360	0	25752	
7361	0	26260	
7362	0	27112	
7363	0	27704	
7364	0	28336	
7365	0	29424	
7366	0	29856	
7367	0	29208	
7368	0	28792	
7369	0	28856	
7370	0	28778	
7371	0	28000	
7372	0	27484	
7373	0	26765	
7374	0	26528	
7375	0	26116	
7376	0	25652	
7377	0	25832	
7378	0	26460	
7379	0	27196	
7380	0	27584	
7381	0	27628	
7382	0	27876	
7383	0	28252	
7384	0	28320	
7385	0	28064	
7386	0	27868	
7387	0	27216	
7388	0	26904	
7389	0	26745	
7390	0	25992	
7391	0	25296	
7392	0	24944	
7393	0	24704	
7394	0	24684	
7395	0	24724	
7396	0	24416	
7397	0	24096	
7398	0	24160	
7399	0	24492	
7400	0	24752	
7401	0	25456	
7402	0	25520	
7403	0	25202	
7404	0	25652	
7405	0	26544	
7406	0	27496	
7407	0	28032	
7408	0	28720	
7409	0	29444	
7410	0	29792	
7411	0	29888	
7412	0	29788	
7413	0	29304	
7414	0	28872	
7415	0	28264	
7416	0	27932	
7417	0	27388	
7418	0	26628	
7419	0	26172	
7420	0	26496	
7421	0	26880	
7422	0	27356	
7423	0	27450	
7424	0	27792	
7425	0	27696	
7426	0	26740	
7427	0	25920	
7428	0	25480	
7429	0	25560	
7430	0	25964	
7431	0	26468	
7432	0	26608	
7433	0	26312	
7434	0	26708	
7435	0	27248	
7436	0	27496	
7437	0	26992	
7438	0	26232	
7439	0	26864	
7440	0	27832	
7441	0	28526	
7442	0	29072	
7443	0	28856	
7444	0	28524	
7445	0	28112	
7446	0	27784	
7447	0	27782	
7448	0	27884	
7449	0	28008	
7450	0	28133	
7451	0	27984	
7452	0	27608	
7453	0	26288	
7454	0	25592	
7455	0	26176	
7456	0	26792	
7457	0	27388	
7458	0	27672	
7459	0	27424	
7460	0	27032	
7461	0	26800	
7462	0	26956	
7463	0	27036	
7464	0	27804	
7465	0	28220	
7466	0	27940	
7467	0	27704	
7468	0	27720	
7469	0	27364	
7470	0	26728	
7471	0	25904	
7472	0	25356	
7473	0	25012	
7474	0	25392	
7475	0	26248	
7476	0	26556	
7477	0	26364	
7478	0	25410	
7479	0	24452	
7480	0	24592	
7481	0	25480	
7482	0	26596	
7483	0	26872	
7484	0	26552	
7485	0	26412	
7486	0	26580	
7487	0	26920	
7488	0	27276	
7489	0	27880	
7490	0	27992	
7491	0	27776	
7492	0	27368	
7493	0	27224	
7494	0	27306	
7495	0	27784	
7496	0	28444	
7497	0	28496	
7498	0	27924	
7499	0	27464	
7500	0	27640	
7501	0	28128	
7502	0	28956	
7503	0	29520	
7504	0	29860	
7505	0	30460	
7506	0	30742	
7507	0	30368	
7508	0	30892	
7509	0	31832	
7510	0	32168	
7511	0	32416	
7512	0	32200	
7513	0	31608	
7514	0	31296	
7515	0	31516	
7516	0	32012	
7517	0	32504	
7518	0	32776	
7519	0	33076	
7520	0	33324	
7521	0	33416	
7522	0	33380	
7523	0	33060	
7524	0	33000	
7525	0	32664	
7526	0	32232	
7527	0	31540	
7528	0	31008	
7529	0	30568	
7530	0	30024	
7531	0	30266	
7532	0	30904	
7533	0	30896	
7534	0	30648	
7535	0	30964	
7536	0	31016	
7537	0	30524	
7538	0	30296	
7539	0	30236	
7540	0	30384	
7541	0	29836	
7542	0	29144	
7543	0	28640	
7544	0	28292	
7545	0	28880	
7546	0	30436	
7547	0	31660	
7548	0	31932	
7549	0	30352	
7550	0	27008	
7551	0	23404	
7552	0	19660	
7553	0	15978	
7554	0	13208	
7555	0	11304	
7556	0	10144	
7557	0	10390	
7558	0	12234	
7559	0	14680	
7560	0	17537	
7561	0	20188	
7562	0	21162	
7563	0	21312	
7564	0	21392	
7565	0	22152	
7566	0	25476	
7567	0	29796	
7568	0	30496	
7569	0	26968	
7570	0	21209	
7571	0	16684	
7572	0	14860	
7573	0	14152	
7574	0	14162	
7575	0	14778	
7576	0	15318	
7577	0	15218	
7578	0	14868	
7579	0	14240	
7580	0	13409	
7581	0	13464	
7582	0	14762	
7583	0	15616	
7584	0	15420	
7585	0	14144	
7586	0	12684	
7587	0	13202	
7588	0	14944	
7589	0	17232	
7590	0	19384	
7591	0	19780	
7592	0	18293	
7593	0	15708	
7594	0	13281	
7595	0	11380	
7596	0	9240	
7597	0	6921	
7598	0	4800	
7599	0	3915	
7600	0	3905	
7601	0	4474	
7602	0	6349	
7603	0	8004	
7604	0	9520	
7605	0	10532	
7606	0	11952	
7607	0	13076	
7608	0	14276	
7609	0	17052	
7610	0	19732	
7611	0	19564	
7612	0	16657	
7613	0	12276	
7614	0	8672	
7615	0	6021	
7616	0	5282	
7617	0	6632	
7618	0	8324	
7619	0	9870	
7620	0	11404	
7621	0	12965	
7622	0	13804	
7623	0	14680	
7624	0	15924	
7625	0	18016	
7626	0	19588	
7627	0	19864	
7628	0	19464	
7629	0	19090	
7630	0	19108	
7631	0	18992	
7632	0	19676	
7633	0	20104	
7634	0	18560	
7635	0	16704	
7636	0	16432	
7637	0	16948	
7638	0	16864	
7639	0	16904	
7640	0	17068	
7641	0	17192	
7642	0	16856	
7643	0	16964	
7644	0	17144	
7645	0	17808	
7646	0	17836	
7647	0	17820	
7648	0	17892	
7649	0	17636	
7650	0	16728	
7651	0	16160	
7652	0	16500	
7653	0	17568	
7654	0	21032	
7655	0	27412	
7656	0	31578	
7657	0	31868	
7658	0	29060	
7659	0	25572	
7660	0	23544	
7661	0	23228	
7662	0	24176	
7663	0	25592	
7664	0	26160	
7665	0	25976	
7666	0	25764	
7667	0	24944	
7668	0	24152	
7669	0	23920	
7670	0	23820	
7671	0	24064	
7672	0	24828	
7673	0	26384	
7674	0	28828	
7675	0	30756	
7676	0	32000	
7677	0	32120	
7678	0	32040	
7679	0	32740	
7680	0	33660	
7681	0	34200	
7682	0	33572	
7683	0	32972	
7684	0	32408	
7685	0	31584	
7686	0	31626	
7687	0	32824	
7688	0	34472	
7689	0	35716	
7690	0	37142	
7691	0	37860	
7692	0	37540	
7693	0	37860	
7694	0	38224	
7695	0	37812	
7696	0	37228	
7697	0	35404	
7698	0	33560	
7699	0	32796	
7700	0	33120	
7701	0	33184	
7702	0	34336	
7703	0	34824	
7704	0	34172	
7705	0	33296	
7706	0	32536	
7707	0	32720	
7708	0	32836	
7709	0	33272	
7710	0	33504	
7711	0	33524	
7712	0	32762	
7713	0	32340	
7714	0	33768	
7715	0	36204	
7716	0	38192	
7717	0	38828	
7718	0	38272	
7719	0	36956	
7720	0	35800	
7721	0	35484	
7722	0	36464	
7723	0	37232	
7724	0	38216	
7725	0	39952	
7726	0	42080	
7727	0	43452	
7728	0	44140	
7729	0	45100	
7730	0	45352	
7731	0	45244	
7732	0	44756	
7733	0	44038	
7734	0	44124	
7735	0	45248	
7736	0	46704	
7737	0	47344	
7738	0	46964	
7739	0	46192	
7740	0	45100	
7741	0	44892	
7742	0	45344	
7743	0	45416	
7744	0	45232	
7745	0	45752	
7746	0	46036	
7747	0	46520	
7748	0	46616	
7749	0	44100	
7750	0	41352	
7751	0	40136	
7752	0	40604	
7753	0	41452	
7754	0	41896	
7755	0	42112	
7756	0	42284	
7757	0	42448	
7758	0	42100	
7759	0	41736	
7760	0	41912	
7761	0	42552	
7762	0	43600	
7763	0	44456	
7764	0	45288	
7765	0	45724	
7766	0	45948	
7767	0	46876	
7768	0	47856	
7769	0	47904	
7770	0	47920	
7771	0	48768	
7772	0	49044	
7773	0	49112	
7774	0	49152	
7775	0	47984	
7776	0	45956	
7777	0	43620	
7778	0	42396	
7779	0	42224	
7780	0	41348	
7781	0	41016	
7782	0	41152	
7783	0	41528	
7784	0	41788	
7785	0	42060	
7786	0	42636	
7787	0	43700	
7788	0	44748	
7789	0	44756	
7790	0	44436	
7791	0	43800	
7792	0	42608	
7793	0	41020	
7794	0	39928	
7795	0	39628	
7796	0	40420	
7797	0	41832	
7798	0	43292	
7799	0	45008	
7800	0	46696	
7801	0	48496	
7802	0	50032	
7803	0	50516	
7804	0	49884	
7805	0	49688	
7806	0	50520	
7807	0	51180	
7808	0	51980	
7809	0	52200	
7810	0	50464	
7811	0	47832	
7812	0	45728	
7813	0	44988	
7814	0	45376	
7815	0	46944	
7816	0	48312	
7817	0	49200	
7818	0	49892	
7819	0	50496	
7820	0	50852	
7821	0	50920	
7822	0	50700	
7823	0	49376	
7824	0	47260	
7825	0	45796	
7826	0	45008	
7827	0	45212	
7828	0	45788	
7829	0	46048	
7830	0	46256	
7831	0	46444	
7832	0	45952	
7833	0	45288	
7834	0	45016	
7835	0	46296	
7836	0	47096	
7837	0	47136	
7838	0	47184	
7839	0	47172	
7840	0	47288	
7841	0	47164	
7842	0	47312	
7843	0	47432	
7844	0	47984	
7845	0	48176	
7846	0	48340	
7847	0	48504	
7848	0	48344	
7849	0	48716	
7850	0	49440	
7851	0	50056	
7852	0	50172	
7853	0	49568	
7854	0	48512	
7855	0	47028	
7856	0	45480	
7857	0	44004	
7858	0	42556	
7859	0	41812	
7860	0	41284	
7861	0	41336	
7862	0	41672	
7863	0	42272	
7864	0	43080	
7865	0	44128	
7866	0	45136	
7867	0	45280	
7868	0	44864	
7869	0	44712	
7870	0	44532	
7871	0	43876	
7872	0	42316	
7873	0	41828	
7874	0	42548	
7875	0	43328	
7876	0	44056	
7877	0	43160	
7878	0	40788	
7879	0	39260	
7880	0	39056	
7881	0	38224	
7882	0	36304	
7883	0	34408	
7884	0	33328	
7885	0	33728	
7886	0	34352	
7887	0	34672	
7888	0	34488	
7889	0	33912	
7890	0	33556	
7891	0	33744	
7892	0	34348	
7893	0	34948	
7894	0	35948	
7895	0	36680	
7896	0	36692	
7897	0	36660	
7898	0	36856	
7899	0	36520	
7900	0	36400	
7901	0	36140	
7902	0	35144	
7903	0	34480	
7904	0	34484	
7905	0	35160	
7906	0	35420	
7907	0	35448	
7908	0	34488	
7909	0	32592	
7910	0	29612	
7911	0	27124	
7912	0	26172	
7913	0	25992	
7914	0	26424	
7915	0	27040	
7916	0	27912	
7917	0	28932	
7918	0	29696	
7919	0	30876	
7920	0	32888	
7921	0	34216	
7922	0	35324	
7923	0	36828	
7924	0	37992	
7925	0	38928	
7926	0	38568	
7927	0	36728	
7928	0	35268	
7929	0	34220	
7930	0	33732	
7931	0	34208	
7932	0	34844	
7933	0	34880	
7934	0	34592	
7935	0	34412	
7936	0	34368	
7937	0	35040	
7938	0	35672	
7939	0	35772	
7940	0	35040	
7941	0	33860	
7942	0	32432	
7943	0	31664	
7944	0	32036	
7945	0	32652	
7946	0	32904	
7947	0	32608	
7948	0	32336	
7949	0	32140	
7950	0	32180	
7951	0	32752	
7952	0	33600	
7953	0	34380	
7954	0	34280	
7955	0	34160	
7956	0	34492	
7957	0	34400	
7958	0	34228	
7959	0	34780	
7960	0	35596	
7961	0	35712	
7962	0	35132	
7963	0	34024	
7964	0	32984	
7965	0	32360	
7966	0	32756	
7967	0	33760	
7968	0	34512	
7969	0	34328	
7970	0	33264	
7971	0	31424	
7972	0	28440	
7973	0	26244	
7974	0	25756	
7975	0	26016	
7976	0	26876	
7977	0	27872	
7978	0	28744	
7979	0	29500	
7980	0	31004	
7981	0	32536	
7982	0	32780	
7983	0	31880	
7984	0	30748	
7985	0	30136	
7986	0	29432	
7987	0	29252	
7988	0	29556	
7989	0	29812	
7990	0	29692	
7991	0	28872	
7992	0	26932	
7993	0	25376	
7994	0	24160	
7995	0	24054	
7996	0	24812	
7997	0	25756	
7998	0	26724	
7999	0	27280	
8000	0	27440	
8001	0	28248	
8002	0	29520	
8003	0	30284	
8004	0	30624	
8005	0	29964	
8006	0	29384	
8007	0	28892	
8008	0	28696	
8009	0	29220	
8010	0	29736	
8011	0	29928	
8012	0	29856	
8013	0	29208	
8014	0	28292	
8015	0	27096	
8016	0	26968	
8017	0	27136	
8018	0	27820	
8019	0	29660	
8020	0	31840	
8021	0	33868	
8022	0	34212	
8023	0	32316	
8024	0	30276	
8025	0	29168	
8026	0	28584	
8027	0	28892	
8028	0	29168	
8029	0	28796	
8030	0	27804	
8031	0	26072	
8032	0	24288	
8033	0	22944	
8034	0	21600	
8035	0	21170	
8036	0	21396	
8037	0	21856	
8038	0	21658	
8039	0	21124	
8040	0	20784	
8041	0	22040	
8042	0	23112	
8043	0	23964	
8044	0	25018	
8045	0	26496	
8046	0	27908	
8047	0	28952	
8048	0	29724	
8049	0	30576	
8050	0	31392	
8051	0	32076	
8052	0	32356	
8053	0	31836	
8054	0	30660	
8055	0	29876	
8056	0	29952	
8057	0	30524	
8058	0	30116	
8059	0	28856	
8060	0	27512	
8061	0	26088	
8062	0	24616	
8063	0	23100	
8064	0	22184	
8065	0	22696	
8066	0	23392	
8067	0	23860	
8068	0	24532	
8069	0	25472	
8070	0	26092	
8071	0	26548	
8072	0	27528	
8073	0	28400	
8074	0	29276	
8075	0	30264	
8076	0	29912	
8077	0	29048	
8078	0	28652	
8079	0	28860	
8080	0	29204	
8081	0	29264	
8082	0	29148	
8083	0	28958	
8084	0	28464	
8085	0	28892	
8086	0	29332	
8087	0	29700	
8088	0	29740	
8089	0	30376	
8090	0	30788	
8091	0	30464	
8092	0	29696	
8093	0	28820	
8094	0	28572	
8095	0	28396	
8096	0	28124	
8097	0	27920	
8098	0	27976	
8099	0	27624	
8100	0	26972	
8101	0	26812	
8102	0	26892	
8103	0	26722	
8104	0	26808	
8105	0	26644	
8106	0	26898	
8107	0	27064	
8108	0	27884	
8109	0	29162	
8110	0	29912	
8111	0	30612	
8112	0	31160	
8113	0	31128	
8114	0	31320	
8115	0	31652	
8116	0	32032	
8117	0	32728	
8118	0	33460	
8119	0	33720	
8120	0	33669	
8121	0	33136	
8122	0	32392	
8123	0	31656	
8124	0	31168	
8125	0	31148	
8126	0	31488	
8127	0	32176	
8128	0	32668	
8129	0	32956	
8130	0	32620	
8131	0	31520	
8132	0	31112	
8133	0	31008	
8134	0	31328	
8135	0	31980	
8136	0	32584	
8137	0	32984	
8138	0	32916	
8139	0	32600	
8140	0	32484	
8141	0	31880	
8142	0	30640	
8143	0	28664	
8144	0	27236	
8145	0	27476	
8146	0	28824	
8147	0	30308	
8148	0	31244	
8149	0	32480	
8150	0	33712	
8151	0	34924	
8152	0	35496	
8153	0	33856	
8154	0	31836	
8155	0	30748	
8156	0	30584	
8157	0	31112	
8158	0	31640	
8159	0	31064	
8160	0	30460	
8161	0	29996	
8162	0	29876	
8163	0	30304	
8164	0	31016	
8165	0	31392	
8166	0	31832	
8167	0	32156	
8168	0	32216	
8169	0	32676	
8170	0	33216	
8171	0	33644	
8172	0	33996	
8173	0	34092	
8174	0	33988	
8175	0	34048	
8176	0	34336	
8177	0	34652	
8178	0	35100	
8179	0	35676	
8180	0	36300	
8181	0	36248	
8182	0	35944	
8183	0	36036	
8184	0	35788	
8185	0	35840	
8186	0	35888	
8187	0	35952	
8188	0	36028	
8189	0	35824	
8190	0	35476	
8191	0	35512	
8192	0	35520	
8193	0	35200	
8194	0	34572	
8195	0	34384	
8196	0	34112	
8197	0	34016	
8198	0	34188	
8199	0	34340	
8200	0	34516	
8201	0	34668	
8202	0	34888	
8203	0	35080	
8204	0	35280	
8205	0	34936	
8206	0	34772	
8207	0	34884	
8208	0	35044	
8209	0	35300	
8210	0	35540	
8211	0	36496	
8212	0	38376	
8213	0	39616	
8214	0	39820	
8215	0	38256	
8216	0	34708	
8217	0	32052	
8218	0	30800	
8219	0	30666	
8220	0	31240	
8221	0	32064	
8222	0	32672	
8223	0	32636	
8224	0	32296	
8225	0	32438	
8226	0	32392	
8227	0	32280	
8228	0	32428	
8229	0	32676	
8230	0	32932	
8231	0	33028	
8232	0	33016	
8233	0	32400	
8234	0	31596	
8235	0	30672	
8236	0	29624	
8237	0	29192	
8238	0	29676	
8239	0	30164	
8240	0	30616	
8241	0	31388	
8242	0	31568	
8243	0	31293	
8244	0	31184	
8245	0	31036	
8246	0	31224	
8247	0	31404	
8248	0	30948	
8249	0	30756	
8250	0	31016	
8251	0	31744	
8252	0	32232	
8253	0	32744	
8254	0	32860	
8255	0	31832	
8256	0	30344	
8257	0	28848	
8258	0	28288	
8259	0	29136	
8260	0	30096	
8261	0	30792	
8262	0	31144	
8263	0	31196	
8264	0	31000	
8265	0	30756	
8266	0	30824	
8267	0	31336	
8268	0	32036	
8269	0	32728	
8270	0	33192	
8271	0	33272	
8272	0	33324	
8273	0	33176	
8274	0	33088	
8275	0	33180	
8276	0	33112	
8277	0	33064	
8278	0	32488	
8279	0	32028	
8280	0	32336	
8281	0	33076	
8282	0	34476	
8283	0	36312	
8284	0	37896	
8285	0	39244	
8286	0	39244	
8287	0	36944	
8288	0	34500	
8289	0	32962	
8290	0	32664	
8291	0	33768	
8292	0	35028	
8293	0	35540	
8294	0	35648	
8295	0	35920	
8296	0	36724	
8297	0	37648	
8298	0	38168	
8299	0	37648	
8300	0	36872	
8301	0	35300	
8302	0	33832	
8303	0	32876	
8304	0	32304	
8305	0	32270	
8306	0	32736	
8307	0	32600	
8308	0	32284	
8309	0	31928	
8310	0	31656	
8311	0	31456	
8312	0	31364	
8313	0	30840	
8314	0	30944	
8315	0	31276	
8316	0	31288	
8317	0	31584	
8318	0	31752	
8319	0	31308	
8320	0	30664	
8321	0	30096	
8322	0	29928	
8323	0	29556	
8324	0	29152	
8325	0	28564	
8326	0	28200	
8327	0	28424	
8328	0	28784	
8329	0	28548	
8330	0	28628	
8331	0	28592	
8332	0	28788	
8333	0	29036	
8334	0	29184	
8335	0	29852	
8336	0	30540	
8337	0	30224	
8338	0	29332	
8339	0	29268	
8340	0	29816	
8341	0	30652	
8342	0	31488	
8343	0	32688	
8344	0	33504	
8345	0	33576	
8346	0	34016	
8347	0	34988	
8348	0	36556	
8349	0	38188	
8350	0	38740	
8351	0	38336	
8352	0	35668	
8353	0	32728	
8354	0	31364	
8355	0	31428	
8356	0	31616	
8357	0	32544	
8358	0	33286	
8359	0	33824	
8360	0	34424	
8361	0	35104	
8362	0	35980	
8363	0	36868	
8364	0	37440	
8365	0	37124	
8366	0	37140	
8367	0	36908	
8368	0	36396	
8369	0	35504	
8370	0	34280	
8371	0	33084	
8372	0	32588	
8373	0	32984	
8374	0	33100	
8375	0	33656	
8376	0	34644	
8377	0	35168	
8378	0	35232	
8379	0	34672	
8380	0	33968	
8381	0	33580	
8382	0	33322	
8383	0	33016	
8384	0	33200	
8385	0	33640	
8386	0	33816	
8387	0	33840	
8388	0	33920	
8389	0	33876	
8390	0	33668	
8391	0	33120	
8392	0	32626	
8393	0	31880	
8394	0	31552	
8395	0	31792	
8396	0	31632	
8397	0	31436	
8398	0	31828	
8399	0	32280	
8400	0	33216	
8401	0	34832	
8402	0	36604	
8403	0	37560	
8404	0	37212	
8405	0	35072	
8406	0	32632	
8407	0	31152	
8408	0	30364	
8409	0	30192	
8410	0	30088	
8411	0	29976	
8412	0	29808	
8413	0	29472	
8414	0	29632	
8415	0	30536	
8416	0	31474	
8417	0	31576	
8418	0	31324	
8419	0	31148	
8420	0	31152	
8421	0	31364	
8422	0	31300	
8423	0	31564	
8424	0	31884	
8425	0	32376	
8426	0	32940	
8427	0	32922	
8428	0	32736	
8429	0	32484	
8430	0	32096	
8431	0	31588	
8432	0	30944	
8433	0	31612	
8434	0	32884	
8435	0	33696	
8436	0	32844	
8437	0	31688	
8438	0	31240	
8439	0	31264	
8440	0	31424	
8441	0	31788	
8442	0	32432	
8443	0	32984	
8444	0	33596	
8445	0	35204	
8446	0	36832	
8447	0	37228	
8448	0	37248	
8449	0	37224	
8450	0	36884	
8451	0	36248	
8452	0	35924	
8453	0	35948	
8454	0	35968	
8455	0	35704	
8456	0	35064	
8457	0	34596	
8458	0	34456	
8459	0	34760	
8460	0	35032	
8461	0	35324	
8462	0	35368	
8463	0	35440	
8464	0	35628	
8465	0	35700	
8466	0	35440	
8467	0	35032	
8468	0	34944	
8469	0	36028	
8470	0	37080	
8471	0	37560	
8472	0	36336	
8473	0	33968	
8474	0	31880	
8475	0	30254	
8476	0	29504	
8477	0	29446	
8478	0	29300	
8479	0	29292	
8480	0	29188	
8481	0	29300	
8482	0	29684	
8483	0	29944	
8484	0	30262	
8485	0	30528	
8486	0	30788	
8487	0	30972	
8488	0	30768	
8489	0	31008	
8490	0	31156	
8491	0	30540	
8492	0	30328	
8493	0	30432	
8494	0	30620	
8495	0	30336	
8496	0	30576	
8497	0	30868	
8498	0	30996	
8499	0	30628	
8500	0	29720	
8501	0	29520	
8502	0	30284	
8503	0	31340	
8504	0	32336	
8505	0	33232	
8506	0	34048	
8507	0	33968	
8508	0	32996	
8509	0	32044	
8510	0	31092	
8511	0	30596	
8512	0	30016	
8513	0	29132	
8514	0	28780	
8515	0	28584	
8516	0	28504	
8517	0	28440	
8518	0	28444	
8519	0	28848	
8520	0	28904	
8521	0	28712	
8522	0	28680	
8523	0	28600	
8524	0	28728	
8525	0	29036	
8526	0	29560	
8527	0	30400	
8528	0	30928	
8529	0	30816	
8530	0	30568	
8531	0	30312	
8532	0	29568	
8533	0	28292	
8534	0	27040	
8535	0	26024	
8536	0	25040	
8537	0	23868	
8538	0	22936	
8539	0	23065	
8540	0	24316	
8541	0	25972	
8542	0	27176	
8543	0	28024	
8544	0	28520	
8545	0	28892	
8546	0	29120	
8547	0	29068	
8548	0	28597	
8549	0	28288	
8550	0	27880	
8551	0	27800	
8552	0	28114	
8553	0	28456	
8554	0	28866	
8555	0	29028	
8556	0	29288	
8557	0	30200	
8558	0	31900	
8559	0	33652	
8560	0	35064	
8561	0	34524	
8562	0	31840	
8563	0	29568	
8564	0	28532	
8565	0	28624	
8566	0	28648	
8567	0	29144	
8568	0	29868	
8569	0	30836	
8570	0	32136	
8571	0	32812	
8572	0	32768	
8573	0	31936	
8574	0	31276	
8575	0	30868	
8576	0	30528	
8577	0	31160	
8578	0	31816	
8579	0	32072	
8580	0	32296	
8581	0	32260	
8582	0	32196	
8583	0	32076	
8584	0	31880	
8585	0	31424	
8586	0	31260	
8587	0	31456	
8588	0	31328	
8589	0	31020	
8590	0	31052	
8591	0	30624	
8592	0	29896	
8593	0	29232	
8594	0	28852	
8595	0	28476	
8596	0	28512	
8597	0	29252	
8598	0	30472	
8599	0	30832	
8600	0	30968	
8601	0	30928	
8602	0	31056	
8603	0	31520	
8604	0	31784	
8605	0	32320	
8606	0	33144	
8607	0	33504	
8608	0	33772	
8609	0	33760	
8610	0	33464	
8611	0	32856	
8612	0	31968	
8613	0	30900	
8614	0	30108	
8615	0	30208	
8616	0	30616	
8617	0	31168	
8618	0	31608	
8619	0	32216	
8620	0	33256	
8621	0	34528	
8622	0	35408	
8623	0	35648	
8624	0	35844	
8625	0	35412	
8626	0	34684	
8627	0	34104	
8628	0	33552	
8629	0	33448	
8630	0	34320	
8631	0	35704	
8632	0	36704	
8633	0	37096	
8634	0	35080	
8635	0	32496	
8636	0	31168	
8637	0	30828	
8638	0	30792	
8639	0	30780	
8640	0	31080	
8641	0	31500	
8642	0	31824	
8643	0	31920	
8644	0	31808	
8645	0	32272	
8646	0	33128	
8647	0	33880	
8648	0	34332	
8649	0	34640	
8650	0	35672	
8651	0	36084	
8652	0	35964	
8653	0	35296	
8654	0	34968	
8655	0	34948	
8656	0	34948	
8657	0	34732	
8658	0	34632	
8659	0	34860	
8660	0	35656	
8661	0	36880	
8662	0	38068	
8663	0	39256	
8664	0	39512	
8665	0	38904	
8666	0	38320	
8667	0	38060	
8668	0	38340	
8669	0	38820	
8670	0	38444	
8671	0	36804	
8672	0	35432	
8673	0	35128	
8674	0	35160	
8675	0	34984	
8676	0	35572	
8677	0	36324	
8678	0	36588	
8679	0	36096	
8680	0	35672	
8681	0	35328	
8682	0	35516	
8683	0	35832	
8684	0	35680	
8685	0	35240	
8686	0	34992	
8687	0	35078	
8688	0	34760	
8689	0	35168	
8690	0	35516	
8691	0	35460	
8692	0	35076	
8693	0	34792	
8694	0	34568	
8695	0	34300	
8696	0	34208	
8697	0	34668	
8698	0	36380	
8699	0	38640	
8700	0	40420	
8701	0	41160	
8702	0	39432	
8703	0	36984	
8704	0	35480	
8705	0	34796	
8706	0	34764	
8707	0	35064	
8708	0	35308	
8709	0	35000	
8710	0	34504	
8711	0	34580	
8712	0	35216	
8713	0	36656	
8714	0	37772	
8715	0	37932	
8716	0	38208	
8717	0	38784	
8718	0	38936	
8719	0	39328	
8720	0	39092	
8721	0	38432	
8722	0	37772	
8723	0	37168	
8724	0	36456	
8725	0	36404	
8726	0	36492	
8727	0	36776	
8728	0	36284	
8729	0	35836	
8730	0	35704	
8731	0	35544	
8732	0	34952	
8733	0	33736	
8734	0	32932	
8735	0	32316	
8736	0	32024	
8737	0	31640	
8738	0	31332	
8739	0	30448	
8740	0	29484	
8741	0	29246	
8742	0	29140	
8743	0	28996	
8744	0	29352	
8745	0	30028	
8746	0	30524	
8747	0	30580	
8748	0	30644	
8749	0	30400	
8750	0	30136	
8751	0	29828	
8752	0	29016	
8753	0	28144	
8754	0	27104	
8755	0	26412	
8756	0	26408	
8757	0	27268	
8758	0	28428	
8759	0	29764	
8760	0	30904	
8761	0	31724	
8762	0	31712	
8763	0	31508	
8764	0	31992	
8765	0	32960	
8766	0	33548	
8767	0	33772	
8768	0	33968	
8769	0	33928	
8770	0	33896	
8771	0	33700	
8772	0	33464	
8773	0	33016	
8774	0	32280	
8775	0	31840	
8776	0	31384	
8777	0	31088	
8778	0	31232	
8779	0	32656	
8780	0	34412	
8781	0	36064	
8782	0	37508	
8783	0	37300	
8784	0	36320	
8785	0	35640	
8786	0	35452	
8787	0	35120	
8788	0	34676	
8789	0	34528	
8790	0	34440	
8791	0	34132	
8792	0	33732	
8793	0	33860	
8794	0	34392	
8795	0	35212	
8796	0	36476	
8797	0	38008	
8798	0	39584	
8799	0	40512	
8800	0	40744	
8801	0	40488	
8802	0	40284	
8803	0	39540	
8804	0	38296	
8805	0	36852	
8806	0	36656	
8807	0	36688	
8808	0	36908	
8809	0	37488	
8810	0	37268	
8811	0	36184	
8812	0	35032	
8813	0	34072	
8814	0	34084	
8815	0	34464	
8816	0	34588	
8817	0	34392	
8818	0	34668	
8819	0	35536	
8820	0	35596	
8821	0	34768	
8822	0	33780	
8823	0	32924	
8824	0	32420	
8825	0	32684	
8826	0	33632	
8827	0	34624	
8828	0	35028	
8829	0	34820	
8830	0	34496	
8831	0	34488	
8832	0	35108	
8833	0	35276	
8834	0	34764	
8835	0	34880	
8836	0	35164	
8837	0	34688	
8838	0	34036	
8839	0	33444	
8840	0	32478	
8841	0	31928	
8842	0	32540	
8843	0	33276	
8844	0	34236	
8845	0	34440	
8846	0	33804	
8847	0	33084	
8848	0	32516	
8849	0	32266	
8850	0	32824	
8851	0	34556	
8852	0	36420	
8853	0	37976	
8854	0	37352	
8855	0	34296	
8856	0	31548	
8857	0	30432	
8858	0	30564	
8859	0	31316	
8860	0	31720	
8861	0	32300	
8862	0	32160	
8863	0	31724	
8864	0	31292	
8865	0	30580	
8866	0	30484	
8867	0	30992	
8868	0	31592	
8869	0	31648	
8870	0	31212	
8871	0	30580	
8872	0	30360	
8873	0	30900	
8874	0	31176	
8875	0	31384	
8876	0	32152	
8877	0	32900	
8878	0	33556	
8879	0	34416	
8880	0	34670	
8881	0	34856	
8882	0	34944	
8883	0	35460	
8884	0	35932	
8885	0	36524	
8886	0	37160	
8887	0	37936	
8888	0	38792	
8889	0	39224	
8890	0	39600	
8891	0	40192	
8892	0	40584	
8893	0	40644	
8894	0	40532	
8895	0	40168	
8896	0	39388	
8897	0	38648	
8898	0	38332	
8899	0	38900	
8900	0	40204	
8901	0	41616	
8902	0	42424	
8903	0	41056	
8904	0	38584	
8905	0	37072	
8906	0	35916	
8907	0	34970	
8908	0	34880	
8909	0	35256	
8910	0	35488	
8911	0	35736	
8912	0	36160	
8913	0	36696	
8914	0	37200	
8915	0	36672	
8916	0	35220	
8917	0	34564	
8918	0	34496	
8919	0	34488	
8920	0	34200	
8921	0	34212	
8922	0	34832	
8923	0	35872	
8924	0	37084	
8925	0	37936	
8926	0	37848	
8927	0	36500	
8928	0	35444	
8929	0	34632	
8930	0	34068	
8931	0	33860	
8932	0	33708	
8933	0	34048	
8934	0	34824	
8935	0	36052	
8936	0	36480	
8937	0	35816	
8938	0	35792	
8939	0	36160	
8940	0	36196	
8941	0	36328	
8942	0	36508	
8943	0	36376	
8944	0	36056	
8945	0	35360	
8946	0	35220	
8947	0	35080	
8948	0	35344	
8949	0	35476	
8950	0	35364	
8951	0	35124	
8952	0	35096	
8953	0	36356	
8954	0	38896	
8955	0	40944	
8956	0	40660	
8957	0	37468	
8958	0	34180	
8959	0	32030	
8960	0	30888	
8961	0	30424	
8962	0	30296	
8963	0	30720	
8964	0	30884	
8965	0	31068	
8966	0	31164	
8967	0	31648	
8968	0	31968	
8969	0	32468	
8970	0	33240	
8971	0	34224	
8972	0	34668	
8973	0	34516	
8974	0	33200	
8975	0	30624	
8976	0	27924	
8977	0	24636	
8978	0	21724	
8979	0	19792	
8980	0	20056	
8981	0	22324	
8982	0	25540	
8983	0	28628	
8984	0	31032	
8985	0	32296	
8986	0	32480	
8987	0	32188	
8988	0	31936	
8989	0	31796	
8990	0	31952	
8991	0	31604	
8992	0	31012	
8993	0	30688	
8994	0	30700	
8995	0	31096	
8996	0	30697	
8997	0	30112	
8998	0	29892	
8999	0	29828	
9000	0	29352	
9001	0	29352	
9002	0	30552	
9003	0	32104	
9004	0	32920	
9005	0	33748	
9006	0	34584	
9007	0	34736	
9008	0	34916	
9009	0	35136	
9010	0	35100	
9011	0	34448	
9012	0	33220	
9013	0	32376	
9014	0	32616	
9015	0	33504	
9016	0	33592	
9017	0	33648	
9018	0	33640	
9019	0	32844	
9020	0	32156	
9021	0	32336	
9022	0	33808	
9023	0	36192	
9024	0	38424	
9025	0	38908	
9026	0	37528	
9027	0	36040	
9028	0	34544	
9029	0	34096	
9030	0	34000	
9031	0	34152	
9032	0	34384	
9033	0	34484	
9034	0	34972	
9035	0	35636	
9036	0	35764	
9037	0	35508	
9038	0	35496	
9039	0	36052	
9040	0	36852	
9041	0	37856	
9042	0	38804	
9043	0	39416	
9044	0	39444	
9045	0	38624	
9046	0	38216	
9047	0	39080	
9048	0	39768	
9049	0	39508	
9050	0	38524	
9051	0	37780	
9052	0	37472	
9053	0	37048	
9054	0	36668	
9055	0	36920	
9056	0	37608	
9057	0	38552	
9058	0	39448	
9059	0	39896	
9060	0	39184	
9061	0	38512	
9062	0	38068	
9063	0	37660	
9064	0	37540	
9065	0	37556	
9066	0	38016	
9067	0	38872	
9068	0	39768	
9069	0	40324	
9070	0	40108	
9071	0	39176	
9072	0	38032	
9073	0	36668	
9074	0	35260	
9075	0	35208	
9076	0	35972	
9077	0	36852	
9078	0	36708	
9079	0	36968	
9080	0	37536	
9081	0	37868	
9082	0	37936	
9083	0	38700	
9084	0	39920	
9085	0	40380	
9086	0	40816	
9087	0	41048	
9088	0	40992	
9089	0	40672	
9090	0	39992	
9091	0	38736	
9092	0	37900	
9093	0	37348	
9094	0	37140	
9095	0	37168	
9096	0	37508	
9097	0	37864	
9098	0	37428	
9099	0	36376	
9100	0	34996	
9101	0	33544	
9102	0	32764	
9103	0	33072	
9104	0	34636	
9105	0	36244	
9106	0	37120	
9107	0	35884	
9108	0	33352	
9109	0	31852	
9110	0	31104	
9111	0	30672	
9112	0	29744	
9113	0	29344	
9114	0	29708	
9115	0	30160	
9116	0	30740	
9117	0	31584	
9118	0	32084	
9119	0	32340	
9120	0	32684	
9121	0	33016	
9122	0	33236	
9123	0	32808	
9124	0	32436	
9125	0	32184	
9126	0	32076	
9127	0	32116	
9128	0	32404	
9129	0	32444	
9130	0	31932	
9131	0	31620	
9132	0	31548	
9133	0	31636	
9134	0	31648	
9135	0	31430	
9136	0	31120	
9137	0	30848	
9138	0	30532	
9139	0	30052	
9140	0	30360	
9141	0	30660	
9142	0	31028	
9143	0	31564	
9144	0	32200	
9145	0	32948	
9146	0	33388	
9147	0	33388	
9148	0	32864	
9149	0	32124	
9150	0	31212	
9151	0	29900	
9152	0	28992	
9153	0	29444	
9154	0	30664	
9155	0	32068	
9156	0	33168	
9157	0	32056	
9158	0	30196	
9159	0	29176	
9160	0	29144	
9161	0	29888	
9162	0	30178	
9163	0	29916	
9164	0	29848	
9165	0	29804	
9166	0	30160	
9167	0	30776	
9168	0	30904	
9169	0	30456	
9170	0	29852	
9171	0	29556	
9172	0	29708	
9173	0	29672	
9174	0	30208	
9175	0	30728	
9176	0	30736	
9177	0	30580	
9178	0	30272	
9179	0	29940	
9180	0	30392	
9181	0	31376	
9182	0	32448	
9183	0	34084	
9184	0	35236	
9185	0	35556	
9186	0	35660	
9187	0	35416	
9188	0	35048	
9189	0	34912	
9190	0	35228	
9191	0	35664	
9192	0	36220	
9193	0	36364	
9194	0	36080	
9195	0	35464	
9196	0	34832	
9197	0	34728	
9198	0	34992	
9199	0	35108	
9200	0	34680	
9201	0	34232	
9202	0	34132	
9203	0	33944	
9204	0	33760	
9205	0	33936	
9206	0	34444	
9207	0	35452	
9208	0	37024	
9209	0	37772	
9210	0	37496	
9211	0	35064	
9212	0	31524	
9213	0	28624	
9214	0	27648	
9215	0	27572	
9216	0	27472	
9217	0	27788	
9218	0	28124	
9219	0	29012	
9220	0	30160	
9221	0	31196	
9222	0	31380	
9223	0	31600	
9224	0	31292	
9225	0	30816	
9226	0	30628	
9227	0	30848	
9228	0	30992	
9229	0	31652	
9230	0	32044	
9231	0	32356	
9232	0	32544	
9233	0	32504	
9234	0	33012	
9235	0	33040	
9236	0	33128	
9237	0	32988	
9238	0	33360	
9239	0	33808	
9240	0	33764	
9241	0	33952	
9242	0	33972	
9243	0	33724	
9244	0	33204	
9245	0	33176	
9246	0	33800	
9247	0	34484	
9248	0	35152	
9249	0	35340	
9250	0	35432	
9251	0	35512	
9252	0	35068	
9253	0	34948	
9254	0	34632	
9255	0	34092	
9256	0	33352	
9257	0	32736	
9258	0	32480	
9259	0	32834	
9260	0	33772	
9261	0	34976	
9262	0	35582	
9263	0	35744	
9264	0	36148	
9265	0	37164	
9266	0	37568	
9267	0	37588	
9268	0	37904	
9269	0	38160	
9270	0	38300	
9271	0	37976	
9272	0	37792	
9273	0	37516	
9274	0	37212	
9275	0	36964	
9276	0	36712	
9277	0	36304	
9278	0	36244	
9279	0	36228	
9280	0	36264	
9281	0	36216	
9282	0	36192	
9283	0	35948	
9284	0	35284	
9285	0	35040	
9286	0	35344	
9287	0	35508	
9288	0	35412	
9289	0	34840	
9290	0	33732	
9291	0	32668	
9292	0	32020	
9293	0	31496	
9294	0	31044	
9295	0	30672	
9296	0	30580	
9297	0	30636	
9298	0	30946	
9299	0	31218	
9300	0	31136	
9301	0	30712	
9302	0	30052	
9303	0	29864	
9304	0	29640	
9305	0	29792	
9306	0	30140	
9307	0	30024	
9308	0	29724	
9309	0	29144	
9310	0	28016	
9311	0	27292	
9312	0	27141	
9313	0	27356	
9314	0	27708	
9315	0	27578	
9316	0	27280	
9317	0	27672	
9318	0	29356	
9319	0	31056	
9320	0	32048	
9321	0	31596	
9322	0	29344	
9323	0	27612	
9324	0	27065	
9325	0	27092	
9326	0	27392	
9327	0	27328	
9328	0	27432	
9329	0	27514	
9330	0	27164	
9331	0	26476	
9332	0	26436	
9333	0	26528	
9334	0	26864	
9335	0	27664	
9336	0	28392	
9337	0	28428	
9338	0	28992	
9339	0	29304	
9340	0	29632	
9341	0	29908	
9342	0	30148	
9343	0	30104	
9344	0	29468	
9345	0	29216	
9346	0	29576	
9347	0	30100	
9348	0	30564	
9349	0	30760	
9350	0	30940	
9351	0	31236	
9352	0	31616	
9353	0	31212	
9354	0	30900	
9355	0	31160	
9356	0	31504	
9357	0	31524	
9358	0	31944	
9359	0	32620	
9360	0	32984	
9361	0	33124	
9362	0	32880	
9363	0	32360	
9364	0	31996	
9365	0	32252	
9366	0	32748	
9367	0	33524	
9368	0	34180	
9369	0	34488	
9370	0	34968	
9371	0	35532	
9372	0	36072	
9373	0	36068	
9374	0	35708	
9375	0	35376	
9376	0	34840	
9377	0	34496	
9378	0	34272	
9379	0	34156	
9380	0	33620	
9381	0	33064	
9382	0	32252	
9383	0	31404	
9384	0	31040	
9385	0	31116	
9386	0	31444	
9387	0	31452	
9388	0	31028	
9389	0	30564	
9390	0	30346	
9391	0	30908	
9392	0	31668	
9393	0	32284	
9394	0	32636	
9395	0	32548	
9396	0	32056	
9397	0	31484	
9398	0	31264	
9399	0	31028	
9400	0	30888	
9401	0	30756	
9402	0	31408	
9403	0	32138	
9404	0	32824	
9405	0	33400	
9406	0	33540	
9407	0	33572	
9408	0	33964	
9409	0	34472	
9410	0	34740	
9411	0	34288	
9412	0	33392	
9413	0	33196	
9414	0	33408	
9415	0	33340	
9416	0	32648	
9417	0	32020	
9418	0	31528	
9419	0	31272	
9420	0	31028	
9421	0	31424	
9422	0	31672	
9423	0	31496	
9424	0	31504	
9425	0	31608	
9426	0	31388	
9427	0	31832	
9428	0	31764	
9429	0	31452	
9430	0	31316	
9431	0	31108	
9432	0	31444	
9433	0	32080	
9434	0	31820	
9435	0	30612	
9436	0	29752	
9437	0	29576	
9438	0	30108	
9439	0	30408	
9440	0	30600	
9441	0	30968	
9442	0	31740	
9443	0	32576	
9444	0	33396	
9445	0	33644	
9446	0	33388	
9447	0	33388	
9448	0	33008	
9449	0	31860	
9450	0	31156	
9451	0	31388	
9452	0	32268	
9453	0	33188	
9454	0	33944	
9455	0	34976	
9456	0	36492	
9457	0	37580	
9458	0	37304	
9459	0	36464	
9460	0	35544	
9461	0	34152	
9462	0	32284	
9463	0	31144	
9464	0	30964	
9465	0	30708	
9466	0	29634	
9467	0	28272	
9468	0	27048	
9469	0	25464	
9470	0	23248	
9471	0	21040	
9472	0	19436	
9473	0	19268	
9474	0	21048	
9475	0	23744	
9476	0	26516	
9477	0	29360	
9478	0	32324	
9479	0	34908	
9480	0	36988	
9481	0	38168	
9482	0	38460	
9483	0	38268	
9484	0	37384	
9485	0	36648	
9486	0	35756	
9487	0	34540	
9488	0	32772	
9489	0	31136	
9490	0	29712	
9491	0	28404	
9492	0	27736	
9493	0	27946	
9494	0	29308	
9495	0	31140	
9496	0	32560	
9497	0	32832	
9498	0	33364	
9499	0	33836	
9500	0	33496	
9501	0	33144	
9502	0	32760	
9503	0	31968	
9504	0	30656	
9505	0	29956	
9506	0	29608	
9507	0	29876	
9508	0	30288	
9509	0	30636	
9510	0	30516	
9511	0	29608	
9512	0	28268	
9513	0	26332	
9514	0	24616	
9515	0	24024	
9516	0	24616	
9517	0	25852	
9518	0	27852	
9519	0	30256	
9520	0	31756	
9521	0	32672	
9522	0	33528	
9523	0	34444	
9524	0	34664	
9525	0	35072	
9526	0	35240	
9527	0	35208	
9528	0	35316	
9529	0	35412	
9530	0	35880	
9531	0	36540	
9532	0	36564	
9533	0	35688	
9534	0	35364	
9535	0	35892	
9536	0	36712	
9537	0	37916	
9538	0	38396	
9539	0	37370	
9540	0	35768	
9541	0	34628	
9542	0	33448	
9543	0	32272	
9544	0	31256	
9545	0	30844	
9546	0	30632	
9547	0	30504	
9548	0	30384	
9549	0	30652	
9550	0	30212	
9551	0	29464	
9552	0	29308	
9553	0	29280	
9554	0	29236	
9555	0	29512	
9556	0	29504	
9557	0	29224	
9558	0	29584	
9559	0	29548	
9560	0	29140	
9561	0	28948	
9562	0	29520	
9563	0	30632	
9564	0	31784	
9565	0	32504	
9566	0	32568	
9567	0	32388	
9568	0	32128	
9569	0	31544	
9570	0	30992	
9571	0	30764	
9572	0	30944	
9573	0	31044	
9574	0	30980	
9575	0	31220	
9576	0	31180	
9577	0	30988	
9578	0	30732	
9579	0	30384	
9580	0	30580	
9581	0	31440	
9582	0	32380	
9583	0	33808	
9584	0	35288	
9585	0	36228	
9586	0	36176	
9587	0	36344	
9588	0	36548	
9589	0	36308	
9590	0	35644	
9591	0	34496	
9592	0	33664	
9593	0	33204	
9594	0	32636	
9595	0	32812	
9596	0	32832	
9597	0	32856	
9598	0	33776	
9599	0	35072	
9600	0	36472	
9601	0	37296	
9602	0	37672	
9603	0	37908	
9604	0	37304	
9605	0	36416	
9606	0	35608	
9607	0	34912	
9608	0	34308	
9609	0	33736	
9610	0	33088	
9611	0	32028	
9612	0	31048	
9613	0	30684	
9614	0	30916	
9615	0	31224	
9616	0	30400	
9617	0	29332	
9618	0	28524	
9619	0	27912	
9620	0	28024	
9621	0	28848	
9622	0	29696	
9623	0	30140	
9624	0	30584	
9625	0	30412	
9626	0	30460	
9627	0	30440	
9628	0	30084	
9629	0	29572	
9630	0	29480	
9631	0	29256	
9632	0	29360	
9633	0	29696	
9634	0	29844	
9635	0	30236	
9636	0	30328	
9637	0	30236	
9638	0	29888	
9639	0	29688	
9640	0	29728	
9641	0	29920	
9642	0	30650	
9643	0	31680	
9644	0	32300	
9645	0	33184	
9646	0	34244	
9647	0	35492	
9648	0	36076	
9649	0	36112	
9650	0	36560	
9651	0	37468	
9652	0	37852	
9653	0	38008	
9654	0	36940	
9655	0	34388	
9656	0	31896	
9657	0	30504	
9658	0	30036	
9659	0	30280	
9660	0	30824	
9661	0	30840	
9662	0	31024	
9663	0	31312	
9664	0	31304	
9665	0	31444	
9666	0	31800	
9667	0	32456	
9668	0	32808	
9669	0	32388	
9670	0	31876	
9671	0	31224	
9672	0	31420	
9673	0	31840	
9674	0	32604	
9675	0	33196	
9676	0	33072	
9677	0	32776	
9678	0	32508	
9679	0	32676	
9680	0	32600	
9681	0	32816	
9682	0	33144	
9683	0	33528	
9684	0	33800	
9685	0	33856	
9686	0	33984	
9687	0	33782	
9688	0	33412	
9689	0	32964	
9690	0	33184	
9691	0	33820	
9692	0	34300	
9693	0	34628	
9694	0	34612	
9695	0	33780	
9696	0	32916	
9697	0	32464	
9698	0	32136	
9699	0	31804	
9700	0	31786	
9701	0	31328	
9702	0	30792	
9703	0	30516	
9704	0	30196	
9705	0	30448	
9706	0	31220	
9707	0	31356	
9708	0	30444	
9709	0	29904	
9710	0	30388	
9711	0	30272	
9712	0	30244	
9713	0	30104	
9714	0	29528	
9715	0	28956	
9716	0	28476	
9717	0	28260	
9718	0	28184	
9719	0	28676	
9720	0	29176	
9721	0	29928	
9722	0	30456	
9723	0	30608	
9724	0	30608	
9725	0	30496	
9726	0	30692	
9727	0	31332	
9728	0	31456	
9729	0	31524	
9730	0	31416	
9731	0	31720	
9732	0	32184	
9733	0	32784	
9734	0	33300	
9735	0	33508	
9736	0	33048	
9737	0	32952	
9738	0	32556	
9739	0	31800	
9740	0	31304	
9741	0	31168	
9742	0	30508	
9743	0	30472	
9744	0	31752	
9745	0	33016	
9746	0	34404	
9747	0	34584	
9748	0	32876	
9749	0	30924	
9750	0	30316	
9751	0	30500	
9752	0	30608	
9753	0	30876	
9754	0	31132	
9755	0	31024	
9756	0	31068	
9757	0	30944	
9758	0	30776	
9759	0	30904	
9760	0	30948	
9761	0	31220	
9762	0	32280	
9763	0	33704	
9764	0	34084	
9765	0	33960	
9766	0	34416	
9767	0	34780	
9768	0	35024	
9769	0	34868	
9770	0	34168	
9771	0	33436	
9772	0	32724	
9773	0	32008	
9774	0	32004	
9775	0	32448	
9776	0	32360	
9777	0	32004	
9778	0	32500	
9779	0	33576	
9780	0	34466	
9781	0	34836	
9782	0	34912	
9783	0	34368	
9784	0	34348	
9785	0	34728	
9786	0	34452	
9787	0	34068	
9788	0	33844	
9789	0	34144	
9790	0	33988	
9791	0	33020	
9792	0	32152	
9793	0	31968	
9794	0	31760	
9795	0	31228	
9796	0	30888	
9797	0	31024	
9798	0	31224	
9799	0	31608	
9800	0	32412	
9801	0	32928	
9802	0	33256	
9803	0	33668	
9804	0	33300	
9805	0	32364	
9806	0	31776	
9807	0	31776	
9808	0	32420	
9809	0	33184	
9810	0	33444	
9811	0	32936	
9812	0	32240	
9813	0	31948	
9814	0	31980	
9815	0	31524	
9816	0	31576	
9817	0	31680	
9818	0	31706	
9819	0	31712	
9820	0	31600	
9821	0	31052	
9822	0	30384	
9823	0	30168	
9824	0	30008	
9825	0	30136	
9826	0	30232	
9827	0	30232	
9828	0	30476	
9829	0	30648	
9830	0	30472	
9831	0	30628	
9832	0	31364	
9833	0	31616	
9834	0	31672	
9835	0	32504	
9836	0	32156	
9837	0	30044	
9838	0	28308	
9839	0	27164	
9840	0	26976	
9841	0	27552	
9842	0	28328	
9843	0	29032	
9844	0	29418	
9845	0	29556	
9846	0	29760	
9847	0	30136	
9848	0	30616	
9849	0	31032	
9850	0	31304	
9851	0	31124	
9852	0	30824	
9853	0	30344	
9854	0	29624	
9855	0	30016	
9856	0	30680	
9857	0	31232	
9858	0	31872	
9859	0	31968	
9860	0	31652	
9861	0	31376	
9862	0	31184	
9863	0	31440	
9864	0	31248	
9865	0	31208	
9866	0	31496	
9867	0	31984	
9868	0	32380	
9869	0	32220	
9870	0	31964	
9871	0	32200	
9872	0	32032	
9873	0	31228	
9874	0	30960	
9875	0	31280	
9876	0	31684	
9877	0	32356	
9878	0	32508	
9879	0	32872	
9880	0	33624	
9881	0	33968	
9882	0	34196	
9883	0	34392	
9884	0	34896	
9885	0	35120	
9886	0	34912	
9887	0	34576	
9888	0	34332	
9889	0	33816	
9890	0	33524	
9891	0	33448	
9892	0	33032	
9893	0	32216	
9894	0	31792	
9895	0	31744	
9896	0	32568	
9897	0	33268	
9898	0	33240	
9899	0	32860	
9900	0	32856	
9901	0	32892	
9902	0	33368	
9903	0	33768	
9904	0	33876	
9905	0	33300	
9906	0	32724	
9907	0	32170	
9908	0	31944	
9909	0	31940	
9910	0	32060	
9911	0	31752	
9912	0	31244	
9913	0	30848	
9914	0	31296	
9915	0	32288	
9916	0	33488	
9917	0	34316	
9918	0	33872	
9919	0	32968	
9920	0	32396	
9921	0	31348	
9922	0	30388	
9923	0	29664	
9924	0	29568	
9925	0	30276	
9926	0	31872	
9927	0	33416	
9928	0	34360	
9929	0	34396	
9930	0	34476	
9931	0	35564	
9932	0	36424	
9933	0	36952	
9934	0	36000	
9935	0	33736	
9936	0	32296	
9937	0	32088	
9938	0	32192	
9939	0	33052	
9940	0	33668	
9941	0	33964	
9942	0	34328	
9943	0	34536	
9944	0	34976	
9945	0	35828	
9946	0	36404	
9947	0	36268	
9948	0	35568	
9949	0	34400	
9950	0	33708	
9951	0	34168	
9952	0	34666	
9953	0	34812	
9954	0	34224	
9955	0	33824	
9956	0	33656	
9957	0	33884	
9958	0	34500	
9959	0	34840	
9960	0	35176	
9961	0	34900	
9962	0	35152	
9963	0	35668	
9964	0	35984	
9965	0	35780	
9966	0	35232	
9967	0	35216	
9968	0	34936	
9969	0	34308	
9970	0	33724	
9971	0	33816	
9972	0	34696	
9973	0	35512	
9974	0	36024	
9975	0	36856	
9976	0	37104	
9977	0	36780	
9978	0	36616	
9979	0	36488	
9980	0	36152	
9981	0	35716	
9982	0	35836	
9983	0	36440	
9984	0	37064	
9985	0	37056	
9986	0	37040	
9987	0	37432	
9988	0	37578	
9989	0	37392	
9990	0	37344	
9991	0	37684	
9992	0	38448	
9993	0	37984	
9994	0	37368	
9995	0	36920	
9996	0	36636	
9997	0	36280	
9998	0	35928	
9999	0	35668	
10000	0	35576	
10001	0	35524	
10002	0	35320	
10003	0	34956	
10004	0	34912	
10005	0	35048	
10006	0	35452	
10007	0	35748	
10008	0	35560	
10009	0	35452	
10010	0	35568	
10011	0	35844	
10012	0	36136	
10013	0	36168	
10014	0	36248	
10015	0	36016	
10016	0	35532	
10017	0	35292	
10018	0	35432	
10019	0	35688	
10020	0	36048	
10021	0	36552	
10022	0	36744	
10023	0	36724	
10024	0	36600	
10025	0	36612	
10026	0	36980	
10027	0	36936	
10028	0	37034	
10029	0	37312	
10030	0	37256	
10031	0	37420	
10032	0	37496	
10033	0	37456	
10034	0	37448	
10035	0	37340	
10036	0	36704	
10037	0	36192	
10038	0	36080	
10039	0	35528	
10040	0	34400	
10041	0	33292	
10042	0	32788	
10043	0	32760	
10044	0	32752	
10045	0	32504	
10046	0	32184	
10047	0	32828	
10048	0	34200	
10049	0	35512	
10050	0	36112	
10051	0	36448	
10052	0	35224	
10053	0	32844	
10054	0	31100	
10055	0	30020	
10056	0	29552	
10057	0	29260	
10058	0	29124	
10059	0	29384	
10060	0	30112	
10061	0	30308	
10062	0	31288	
10063	0	31760	
10064	0	31896	
10065	0	32196	
10066	0	32408	
10067	0	33032	
10068	0	33900	
10069	0	33828	
10070	0	33000	
10071	0	32028	
10072	0	31792	
10073	0	31428	
10074	0	31056	
10075	0	31124	
10076	0	31244	
10077	0	32112	
10078	0	32572	
10079	0	32552	
10080	0	32248	
10081	0	31212	
10082	0	30728	
10083	0	31200	
10084	0	31968	
10085	0	32332	
10086	0	32024	
10087	0	32064	
10088	0	32412	
10089	0	33384	
10090	0	34144	
10091	0	34042	
10092	0	33552	
10093	0	32648	
10094	0	31370	
10095	0	30104	
10096	0	29128	
10097	0	28824	
10098	0	29124	
10099	0	29432	
10100	0	30308	
10101	0	31788	
10102	0	33024	
10103	0	33624	
10104	0	32868	
10105	0	31904	
10106	0	31952	
10107	0	32944	
10108	0	34004	
10109	0	34236	
10110	0	34016	
10111	0	33772	
10112	0	33036	
10113	0	32560	
10114	0	32616	
10115	0	32684	
10116	0	32938	
10117	0	33280	
10118	0	33956	
10119	0	34580	
10120	0	34596	
10121	0	34044	
10122	0	33792	
10123	0	34196	
10124	0	34940	
10125	0	35700	
10126	0	35480	
10127	0	34728	
10128	0	33880	
10129	0	32652	
10130	0	31256	
10131	0	30852	
10132	0	31516	
10133	0	31916	
10134	0	31548	
10135	0	31820	
10136	0	33164	
10137	0	34552	
10138	0	35328	
10139	0	35720	
10140	0	35856	
10141	0	35656	
10142	0	35464	
10143	0	34792	
10144	0	33396	
10145	0	31136	
10146	0	28552	
10147	0	27132	
10148	0	27580	
10149	0	29180	
10150	0	30908	
10151	0	32548	
10152	0	34136	
10153	0	35018	
10154	0	35356	
10155	0	35544	
10156	0	35512	
10157	0	34412	
10158	0	33320	
10159	0	33696	
10160	0	34880	
10161	0	35756	
10162	0	34952	
10163	0	32072	
10164	0	29620	
10165	0	28744	
10166	0	29492	
10167	0	31084	
10168	0	32844	
10169	0	34508	
10170	0	35904	
10171	0	36720	
10172	0	37460	
10173	0	37356	
10174	0	36696	
10175	0	35572	
10176	0	34032	
10177	0	33008	
10178	0	32944	
10179	0	34384	
10180	0	36052	
10181	0	37760	
10182	0	38892	
10183	0	39472	
10184	0	39864	
10185	0	40124	
10186	0	40288	
10187	0	39764	
10188	0	38892	
10189	0	38192	
10190	0	36712	
10191	0	35628	
10192	0	35544	
10193	0	35980	
10194	0	36432	
10195	0	36324	
10196	0	36548	
10197	0	36996	
10198	0	37804	
10199	0	38244	
10200	0	38460	
10201	0	38548	
10202	0	38776	
10203	0	39032	
10204	0	39684	
10205	0	39580	
10206	0	38792	
10207	0	37048	
10208	0	35800	
10209	0	34692	
10210	0	34400	
10211	0	35308	
10212	0	36416	
10213	0	37048	
10214	0	37588	
10215	0	37904	
10216	0	38240	
10217	0	38148	
10218	0	37856	
10219	0	37852	
10220	0	38160	
10221	0	38252	
10222	0	38168	
10223	0	37664	
10224	0	37534	
10225	0	37320	
10226	0	36384	
10227	0	34920	
10228	0	33888	
10229	0	33248	
10230	0	33136	
10231	0	33540	
10232	0	34296	
10233	0	35396	
10234	0	36744	
10235	0	37332	
10236	0	37936	
10237	0	37076	
10238	0	34196	
10239	0	31720	
10240	0	30316	
10241	0	29784	
10242	0	29984	
10243	0	30048	
10244	0	30548	
10245	0	30864	
10246	0	30608	
10247	0	30488	
10248	0	30680	
10249	0	31124	
10250	0	31940	
10251	0	32544	
10252	0	32936	
10253	0	33796	
10254	0	34864	
10255	0	35888	
10256	0	36372	
10257	0	35968	
10258	0	35292	
10259	0	34672	
10260	0	34860	
10261	0	35616	
10262	0	36332	
10263	0	36856	
10264	0	36264	
10265	0	35304	
10266	0	35096	
10267	0	35028	
10268	0	34600	
10269	0	33900	
10270	0	33356	
10271	0	33432	
10272	0	33792	
10273	0	34036	
10274	0	33640	
10275	0	33338	
10276	0	33528	
10277	0	34516	
10278	0	35324	
10279	0	36148	
10280	0	36748	
10281	0	37480	
10282	0	38148	
10283	0	38460	
10284	0	39080	
10285	0	39544	
10286	0	39788	
10287	0	39284	
10288	0	36412	
10289	0	33100	
10290	0	30712	
10291	0	29820	
10292	0	29776	
10293	0	29616	
10294	0	29584	
10295	0	29516	
10296	0	30056	
10297	0	30468	
10298	0	30634	
10299	0	30932	
10300	0	31300	
10301	0	31592	
10302	0	31824	
10303	0	31800	
10304	0	32012	
10305	0	32872	
10306	0	33458	
10307	0	33628	
10308	0	33372	
10309	0	32104	
10310	0	30820	
10311	0	30444	
10312	0	29632	
10313	0	29716	
10314	0	30152	
10315	0	30232	
10316	0	30492	
10317	0	30464	
10318	0	30204	
10319	0	29712	
10320	0	29532	
10321	0	29628	
10322	0	30457	
10323	0	30896	
10324	0	30980	
10325	0	31252	
10326	0	31328	
10327	0	30340	
10328	0	29812	
10329	0	29960	
10330	0	30188	
10331	0	30080	
10332	0	30080	
10333	0	30056	
10334	0	30004	
10335	0	30160	
10336	0	30856	
10337	0	32068	
10338	0	32800	
10339	0	33420	
10340	0	33440	
10341	0	31812	
10342	0	29772	
10343	0	28908	
10344	0	28828	
10345	0	29082	
10346	0	28860	
10347	0	28452	
10348	0	28104	
10349	0	27656	
10350	0	27680	
10351	0	27820	
10352	0	27952	
10353	0	28628	
10354	0	28944	
10355	0	28680	
10356	0	28364	
10357	0	28084	
10358	0	28576	
10359	0	29572	
10360	0	30652	
10361	0	31324	
10362	0	31488	
10363	0	31084	
10364	0	30484	
10365	0	30080	
10366	0	30204	
10367	0	30132	
10368	0	30088	
10369	0	30340	
10370	0	30616	
10371	0	30992	
10372	0	31172	
10373	0	31356	
10374	0	31376	
10375	0	30864	
10376	0	30436	
10377	0	29836	
10378	0	29400	
10379	0	28878	
10380	0	28472	
10381	0	28632	
10382	0	28796	
10383	0	28300	
10384	0	28736	
10385	0	29584	
10386	0	30136	
10387	0	31136	
10388	0	31972	
10389	0	32392	
10390	0	32064	
10391	0	31400	
10392	0	30696	
10393	0	30844	
10394	0	31064	
10395	0	31388	
10396	0	31920	
10397	0	32464	
10398	0	32416	
10399	0	32520	
10400	0	32868	
10401	0	33424	
10402	0	33752	
10403	0	33864	
10404	0	34004	
10405	0	33540	
10406	0	32972	
10407	0	32328	
10408	0	31836	
10409	0	32328	
10410	0	33488	
10411	0	34640	
10412	0	35456	
10413	0	34924	
10414	0	33000	
10415	0	31224	
10416	0	30012	
10417	0	29528	
10418	0	29372	
10419	0	28688	
10420	0	28240	
10421	0	28464	
10422	0	29580	
10423	0	30696	
10424	0	31256	
10425	0	31340	
10426	0	31252	
10427	0	31308	
10428	0	31312	
10429	0	31548	
10430	0	31520	
10431	0	30888	
10432	0	30592	
10433	0	30656	
10434	0	30516	
10435	0	30784	
10436	0	31276	
10437	0	31944	
10438	0	32524	
10439	0	32032	
10440	0	31444	
10441	0	31280	
10442	0	31264	
10443	0	32024	
10444	0	32776	
10445	0	32612	
10446	0	32168	
10447	0	31632	
10448	0	31572	
10449	0	31352	
10450	0	30796	
10451	0	30444	
10452	0	30516	
10453	0	30616	
10454	0	31016	
10455	0	32244	
10456	0	32508	
10457	0	32396	
10458	0	32070	
10459	0	31816	
10460	0	32288	
10461	0	33128	
10462	0	33668	
10463	0	33348	
10464	0	32528	
10465	0	32096	
10466	0	31712	
10467	0	31316	
10468	0	30756	
10469	0	30560	
10470	0	30360	
10471	0	30520	
10472	0	31144	
10473	0	31400	
10474	0	30800	
10475	0	29880	
10476	0	29340	
10477	0	29612	
10478	0	30560	
10479	0	31876	
10480	0	32852	
10481	0	32032	
10482	0	30044	
10483	0	28236	
10484	0	26730	
10485	0	26006	
10486	0	26520	
10487	0	27252	
10488	0	28208	
10489	0	28828	
10490	0	29070	
10491	0	29856	
10492	0	30164	
10493	0	29904	
10494	0	29388	
10495	0	29256	
10496	0	29416	
10497	0	29808	
10498	0	30764	
10499	0	31752	
10500	0	32880	
10501	0	33898	
10502	0	35008	
10503	0	35916	
10504	0	36760	
10505	0	37464	
10506	0	37792	
10507	0	37568	
10508	0	37620	
10509	0	37584	
10510	0	37024	
10511	0	36008	
10512	0	35972	
10513	0	36124	
10514	0	35596	
10515	0	34848	
10516	0	34292	
10517	0	33908	
10518	0	33700	
10519	0	33976	
10520	0	34068	
10521	0	33656	
10522	0	32840	
10523	0	32028	
10524	0	31776	
10525	0	31444	
10526	0	31328	
10527	0	31716	
10528	0	31596	
10529	0	30632	
10530	0	29744	
10531	0	29768	
10532	0	30024	
10533	0	30132	
10534	0	30472	
10535	0	31180	
10536	0	32396	
10537	0	32456	
10538	0	30252	
10539	0	28416	
10540	0	27192	
10541	0	26520	
10542	0	26432	
10543	0	26968	
10544	0	27264	
10545	0	26496	
10546	0	24944	
10547	0	25056	
10548	0	26280	
10549	0	28340	
10550	0	29472	
10551	0	30232	
10552	0	30832	
10553	0	31504	
10554	0	31448	
10555	0	30908	
10556	0	30608	
10557	0	30760	
10558	0	31652	
10559	0	32904	
10560	0	33772	
10561	0	33880	
10562	0	33573	
10563	0	33676	
10564	0	33456	
10565	0	33316	
10566	0	32864	
10567	0	32325	
10568	0	31852	
10569	0	31124	
10570	0	30304	
10571	0	29824	
10572	0	30218	
10573	0	30568	
10574	0	30588	
10575	0	30232	
10576	0	30180	
10577	0	30612	
10578	0	31132	
10579	0	31484	
10580	0	31464	
10581	0	31204	
10582	0	31004	
10583	0	31200	
10584	0	31640	
10585	0	31592	
10586	0	31448	
10587	0	31668	
10588	0	31732	
10589	0	31808	
10590	0	31408	
10591	0	30928	
10592	0	30768	
10593	0	30968	
10594	0	30972	
10595	0	31276	
10596	0	32760	
10597	0	35020	
10598	0	37040	
10599	0	38556	
10600	0	37872	
10601	0	35360	
10602	0	33172	
10603	0	32668	
10604	0	33268	
10605	0	34388	
10606	0	34672	
10607	0	34164	
10608	0	34252	
10609	0	33744	
10610	0	33072	
10611	0	32820	
10612	0	33048	
10613	0	32908	
10614	0	32184	
10615	0	31576	
10616	0	30856	
10617	0	30500	
10618	0	30384	
10619	0	30704	
10620	0	31632	
10621	0	32568	
10622	0	33068	
10623	0	33036	
10624	0	33132	
10625	0	33752	
10626	0	34344	
10627	0	34360	
10628	0	34260	
10629	0	33860	
10630	0	33320	
10631	0	32772	
10632	0	32892	
10633	0	33416	
10634	0	33648	
10635	0	33728	
10636	0	33832	
10637	0	34216	
10638	0	34980	
10639	0	36456	
10640	0	36792	
10641	0	36004	
10642	0	34984	
10643	0	34072	
10644	0	32948	
10645	0	32372	
10646	0	32844	
10647	0	33896	
10648	0	34356	
10649	0	34776	
10650	0	36032	
10651	0	37372	
10652	0	38176	
10653	0	36596	
10654	0	33588	
10655	0	31340	
10656	0	30076	
10657	0	29308	
10658	0	28964	
10659	0	28656	
10660	0	28242	
10661	0	28052	
10662	0	28296	
10663	0	29388	
10664	0	30596	
10665	0	31560	
10666	0	32200	
10667	0	32424	
10668	0	32504	
10669	0	32920	
10670	0	32816	
10671	0	32328	
10672	0	32332	
10673	0	32284	
10674	0	32080	
10675	0	32272	
10676	0	33404	
10677	0	35160	
10678	0	36640	
10679	0	37680	
10680	0	37952	
10681	0	37468	
10682	0	37064	
10683	0	36948	
10684	0	36888	
10685	0	36176	
10686	0	35328	
10687	0	34568	
10688	0	33704	
10689	0	32954	
10690	0	32260	
10691	0	31481	
10692	0	30780	
10693	0	30528	
10694	0	30840	
10695	0	31320	
10696	0	32076	
10697	0	32844	
10698	0	33132	
10699	0	33156	
10700	0	32936	
10701	0	32792	
10702	0	33056	
10703	0	33504	
10704	0	34268	
10705	0	34712	
10706	0	34928	
10707	0	34884	
10708	0	34708	
10709	0	34428	
10710	0	33964	
10711	0	33200	
10712	0	32120	
10713	0	31608	
10714	0	31764	
10715	0	31624	
10716	0	31688	
10717	0	32320	
10718	0	33064	
10719	0	33728	
10720	0	35084	
10721	0	35956	
10722	0	36996	
10723	0	38124	
10724	0	38696	
10725	0	38264	
10726	0	36104	
10727	0	33920	
10728	0	33008	
10729	0	32780	
10730	0	31960	
10731	0	30976	
10732	0	30424	
10733	0	30516	
10734	0	31244	
10735	0	31764	
10736	0	32188	
10737	0	32448	
10738	0	32712	
10739	0	32724	
10740	0	32652	
10741	0	32488	
10742	0	32352	
10743	0	32664	
10744	0	33260	
10745	0	33516	
10746	0	33512	
10747	0	33392	
10748	0	33576	
10749	0	34000	
10750	0	34616	
10751	0	34736	
10752	0	34720	
10753	0	35232	
10754	0	35572	
10755	0	35676	
10756	0	35020	
10757	0	34036	
10758	0	33412	
10759	0	33168	
10760	0	32692	
10761	0	33024	
10762	0	33820	
10763	0	34008	
10764	0	33700	
10765	0	33212	
10766	0	32512	
10767	0	31814	
10768	0	31672	
10769	0	31832	
10770	0	31626	
10771	0	31516	
10772	0	31596	
10773	0	31496	
10774	0	31512	
10775	0	31368	
10776	0	30964	
10777	0	30824	
10778	0	30968	
10779	0	31960	
10780	0	33392	
10781	0	34528	
10782	0	35348	
10783	0	34524	
10784	0	31552	
10785	0	29024	
10786	0	27616	
10787	0	26732	
10788	0	26636	
10789	0	26824	
10790	0	27288	
10791	0	28196	
10792	0	28888	
10793	0	29420	
10794	0	30292	
10795	0	31104	
10796	0	31516	
10797	0	32008	
10798	0	32612	
10799	0	33168	
10800	0	33612	
10801	0	33596	
10802	0	33456	
10803	0	33332	
10804	0	33168	
10805	0	33880	
10806	0	33972	
10807	0	33924	
10808	0	33788	
10809	0	33556	
10810	0	33028	
10811	0	32956	
10812	0	33500	
10813	0	34452	
10814	0	34964	
10815	0	35304	
10816	0	35492	
10817	0	35436	
10818	0	34656	
10819	0	33604	
10820	0	32772	
10821	0	32464	
10822	0	32300	
10823	0	32380	
10824	0	32992	
10825	0	33976	
10826	0	34724	
10827	0	35024	
10828	0	34660	
10829	0	34000	
10830	0	33600	
10831	0	33368	
10832	0	33064	
10833	0	32614	
10834	0	32068	
10835	0	32136	
10836	0	32896	
10837	0	34352	
10838	0	36332	
10839	0	38256	
10840	0	38860	
10841	0	37088	
10842	0	34740	
10843	0	33744	
10844	0	33864	
10845	0	34672	
10846	0	35456	
10847	0	35578	
10848	0	35700	
10849	0	35752	
10850	0	35812	
10851	0	35456	
10852	0	34968	
10853	0	34652	
10854	0	34220	
10855	0	34392	
10856	0	34788	
10857	0	34714	
10858	0	34272	
10859	0	34148	
10860	0	34188	
10861	0	34744	
10862	0	34920	
10863	0	34936	
10864	0	34708	
10865	0	34412	
10866	0	34272	
10867	0	34008	
10868	0	33132	
10869	0	32264	
10870	0	31896	
10871	0	32660	
10872	0	33488	
10873	0	33100	
10874	0	32864	
10875	0	33312	
10876	0	33624	
10877	0	34144	
10878	0	34648	
10879	0	34840	
10880	0	34864	
10881	0	34824	
10882	0	34736	
10883	0	34492	
10884	0	34544	
10885	0	34800	
10886	0	35336	
10887	0	35880	
10888	0	36040	
10889	0	36188	
10890	0	36196	
10891	0	36224	
10892	0	35976	
10893	0	35788	
10894	0	35196	
10895	0	34640	
10896	0	34028	
10897	0	34256	
10898	0	34620	
10899	0	34772	
10900	0	34360	
10901	0	33904	
10902	0	33492	
10903	0	33464	
10904	0	33384	
10905	0	33024	
10906	0	32784	
10907	0	32836	
10908	0	32848	
10909	0	32300	
10910	0	31644	
10911	0	31800	
10912	0	32388	
10913	0	33076	
10914	0	33052	
10915	0	32888	
10916	0	33232	
10917	0	33804	
10918	0	34564	
10919	0	35904	
10920	0	37196	
10921	0	38328	
10922	0	37538	
10923	0	34356	
10924	0	31832	
10925	0	30436	
10926	0	30000	
10927	0	29400	
10928	0	28940	
10929	0	28688	
10930	0	28280	
10931	0	28068	
10932	0	27945	
10933	0	27916	
10934	0	28292	
10935	0	28968	
10936	0	29648	
10937	0	29684	
10938	0	29436	
10939	0	29576	
10940	0	30480	
10941	0	30424	
10942	0	30296	
10943	0	30234	
10944	0	30144	
10945	0	29728	
10946	0	29800	
10947	0	30140	
10948	0	29916	
10949	0	29216	
10950	0	28776	
10951	0	28808	
10952	0	28984	
10953	0	29020	
10954	0	29156	
10955	0	29524	
10956	0	29792	
10957	0	29724	
10958	0	29432	
10959	0	29068	
10960	0	28872	
10961	0	28760	
10962	0	28948	
10963	0	29500	
10964	0	29956	
10965	0	30536	
10966	0	30992	
10967	0	31264	
10968	0	31412	
10969	0	30964	
10970	0	30468	
10971	0	30372	
10972	0	30388	
10973	0	30392	
10974	0	30454	
10975	0	30036	
10976	0	29448	
10977	0	29712	
10978	0	30056	
10979	0	29824	
10980	0	30060	
10981	0	30644	
10982	0	31124	
10983	0	31464	
10984	0	31824	
10985	0	32292	
10986	0	33244	
10987	0	34404	
10988	0	35036	
10989	0	34528	
10990	0	32204	
10991	0	29576	
10992	0	27696	
10993	0	26848	
10994	0	26280	
10995	0	25940	
10996	0	25984	
10997	0	26244	
10998	0	27048	
10999	0	28192	
11000	0	29380	
11001	0	30708	
11002	0	31136	
11003	0	31452	
11004	0	32116	
11005	0	32896	
11006	0	33376	
11007	0	33280	
11008	0	32528	
11009	0	31504	
11010	0	30296	
11011	0	29260	
11012	0	28656	
11013	0	28520	
11014	0	28392	
11015	0	28108	
11016	0	27610	
11017	0	27206	
11018	0	27016	
11019	0	26788	
11020	0	27108	
11021	0	27628	
11022	0	27640	
11023	0	27544	
11024	0	28396	
11025	0	29876	
11026	0	31104	
11027	0	31808	
11028	0	31888	
11029	0	31728	
11030	0	30984	
11031	0	30608	
11032	0	30312	
11033	0	30180	
11034	0	30064	
11035	0	30248	
11036	0	30744	
11037	0	31224	
11038	0	31244	
11039	0	30712	
11040	0	29964	
11041	0	29953	
11042	0	29880	
11043	0	29602	
11044	0	29312	
11045	0	29060	
11046	0	29416	
11047	0	30020	
11048	0	30474	
11049	0	30592	
11050	0	30648	
11051	0	30176	
11052	0	29936	
11053	0	29732	
11054	0	29692	
11055	0	30388	
11056	0	31348	
11057	0	31904	
11058	0	30844	
11059	0	29696	
11060	0	29260	
11061	0	29690	
11062	0	30344	
11063	0	30864	
11064	0	30836	
11065	0	30176	
11066	0	29356	
11067	0	29380	
11068	0	29664	
11069	0	29144	
11070	0	28164	
11071	0	27580	
11072	0	27216	
11073	0	26928	
11074	0	27176	
11075	0	28020	
11076	0	29584	
11077	0	31312	
11078	0	32948	
11079	0	33312	
11080	0	30528	
11081	0	27696	
11082	0	26752	
11083	0	26524	
11084	0	26804	
11085	0	27208	
11086	0	27608	
11087	0	28380	
11088	0	28876	
11089	0	29108	
11090	0	29088	
11091	0	29848	
11092	0	31168	
11093	0	31360	
11094	0	30584	
11095	0	29964	
11096	0	29952	
11097	0	30060	
11098	0	30352	
11099	0	30304	
11100	0	29960	
11101	0	29804	
11102	0	29932	
11103	0	30648	
11104	0	31040	
11105	0	31388	
11106	0	31232	
11107	0	30972	
11108	0	30996	
11109	0	31336	
11110	0	32000	
11111	0	32696	
11112	0	33116	
11113	0	33400	
11114	0	33536	
11115	0	33852	
11116	0	33640	
11117	0	33340	
11118	0	33660	
11119	0	34012	
11120	0	34492	
11121	0	34568	
11122	0	34948	
11123	0	35112	
11124	0	35020	
11125	0	34848	
11126	0	34284	
11127	0	33680	
11128	0	32764	
11129	0	32216	
11130	0	32244	
11131	0	32536	
11132	0	32704	
11133	0	33388	
11134	0	34228	
11135	0	34400	
11136	0	33924	
11137	0	33412	
11138	0	33352	
11139	0	33546	
11140	0	33168	
11141	0	32712	
11142	0	33008	
11143	0	33960	
11144	0	35000	
11145	0	35788	
11146	0	35532	
11147	0	34240	
11148	0	32524	
11149	0	30776	
11150	0	29548	
11151	0	29316	
11152	0	30212	
11153	0	30512	
11154	0	30272	
11155	0	30572	
11156	0	30152	
11157	0	29308	
11158	0	30028	
11159	0	31632	
11160	0	33368	
11161	0	35060	
11162	0	35928	
11163	0	36360	
11164	0	36600	
11165	0	36388	
11166	0	35848	
11167	0	35428	
11168	0	35112	
11169	0	34844	
11170	0	34472	
11171	0	34024	
11172	0	33692	
11173	0	33964	
11174	0	33896	
11175	0	34112	
11176	0	34772	
11177	0	35904	
11178	0	36328	
11179	0	36192	
11180	0	36176	
11181	0	36872	
11182	0	37300	
11183	0	37804	
11184	0	38124	
11185	0	38276	
11186	0	38560	
11187	0	38960	
11188	0	39156	
11189	0	38820	
11190	0	38392	
11191	0	37608	
11192	0	37340	
11193	0	38008	
11194	0	38284	
11195	0	38100	
11196	0	37808	
11197	0	37876	
11198	0	38116	
11199	0	38000	
11200	0	38108	
11201	0	38792	
11202	0	39456	
11203	0	40372	
11204	0	41352	
11205	0	41952	
11206	0	41324	
11207	0	40744	
11208	0	40348	
11209	0	39600	
11210	0	38484	
11211	0	37648	
11212	0	36936	
11213	0	36044	
11214	0	35688	
11215	0	36872	
11216	0	38652	
11217	0	40692	
11218	0	42432	
11219	0	42336	
11220	0	39256	
11221	0	35920	
11222	0	33972	
11223	0	32712	
11224	0	31768	
11225	0	31900	
11226	0	32556	
11227	0	32796	
11228	0	32752	
11229	0	32452	
11230	0	31500	
11231	0	31012	
11232	0	31564	
11233	0	32868	
11234	0	33728	
11235	0	34292	
11236	0	34516	
11237	0	34420	
11238	0	34432	
11239	0	34744	
11240	0	35596	
11241	0	35948	
11242	0	36328	
11243	0	36996	
11244	0	37888	
11245	0	38040	
11246	0	37384	
11247	0	36892	
11248	0	36260	
11249	0	35128	
11250	0	33748	
11251	0	32540	
11252	0	31508	
11253	0	31380	
11254	0	31436	
11255	0	32600	
11256	0	33640	
11257	0	33988	
11258	0	34372	
11259	0	35004	
11260	0	35368	
11261	0	34768	
11262	0	34208	
11263	0	35208	
11264	0	37348	
11265	0	39556	
11266	0	40308	
11267	0	38292	
11268	0	35460	
11269	0	33624	
11270	0	33072	
11271	0	33572	
11272	0	34232	
11273	0	34616	
11274	0	34528	
11275	0	35120	
11276	0	36168	
11277	0	36832	
11278	0	36692	
11279	0	36992	
11280	0	37012	
11281	0	36356	
11282	0	36088	
11283	0	36728	
11284	0	37342	
11285	0	37300	
11286	0	37136	
11287	0	37016	
11288	0	36664	
11289	0	36276	
11290	0	36324	
11291	0	36812	
11292	0	37348	
11293	0	36936	
11294	0	36616	
11295	0	36576	
11296	0	36200	
11297	0	35600	
11298	0	35128	
11299	0	34700	
11300	0	34420	
11301	0	34760	
11302	0	35872	
11303	0	36952	
11304	0	38128	
11305	0	37780	
11306	0	36064	
11307	0	34852	
11308	0	34872	
11309	0	34440	
11310	0	33768	
11311	0	34132	
11312	0	34216	
11313	0	33932	
11314	0	33460	
11315	0	32884	
11316	0	33264	
11317	0	33948	
11318	0	34340	
11319	0	34540	
11320	0	32768	
11321	0	30132	
11322	0	29056	
11323	0	29812	
11324	0	31268	
11325	0	32256	
11326	0	32704	
11327	0	33148	
11328	0	33516	
11329	0	33548	
11330	0	33136	
11331	0	33080	
11332	0	33056	
11333	0	33804	
11334	0	35728	
11335	0	37528	
11336	0	38520	
11337	0	37492	
11338	0	34900	
11339	0	32376	
11340	0	31004	
11341	0	30344	
11342	0	30420	
11343	0	30888	
11344	0	31456	
11345	0	31384	
11346	0	31704	
11347	0	31892	
11348	0	31276	
11349	0	30772	
11350	0	31208	
11351	0	31556	
11352	0	31312	
11353	0	31352	
11354	0	31348	
11355	0	31380	
11356	0	31076	
11357	0	30656	
11358	0	30336	
11359	0	30532	
11360	0	31276	
11361	0	33232	
11362	0	36852	
11363	0	40748	
11364	0	43548	
11365	0	42656	
11366	0	37840	
11367	0	33268	
11368	0	30756	
11369	0	29896	
11370	0	29592	
11371	0	29602	
11372	0	29900	
11373	0	30592	
11374	0	31696	
11375	0	32376	
11376	0	33124	
11377	0	33632	
11378	0	33984	
11379	0	34452	
11380	0	35196	
11381	0	36216	
11382	0	37840	
11383	0	39272	
11384	0	39232	
11385	0	37280	
11386	0	34796	
11387	0	33128	
11388	0	32448	
11389	0	32252	
11390	0	32784	
11391	0	33752	
11392	0	34892	
11393	0	35216	
11394	0	35136	
11395	0	34798	
11396	0	34396	
11397	0	34124	
11398	0	34116	
11399	0	34284	
11400	0	34100	
11401	0	33548	
11402	0	33072	
11403	0	33104	
11404	0	33272	
11405	0	33320	
11406	0	33468	
11407	0	35396	
11408	0	37640	
11409	0	39296	
11410	0	39848	
11411	0	37636	
11412	0	33920	
11413	0	31132	
11414	0	29228	
11415	0	28188	
11416	0	28808	
11417	0	29904	
11418	0	31036	
11419	0	30900	
11420	0	29812	
11421	0	29160	
11422	0	29216	
11423	0	29432	
11424	0	29460	
11425	0	29696	
11426	0	30172	
11427	0	30576	
11428	0	30748	
11429	0	31632	
11430	0	32212	
11431	0	32552	
11432	0	32564	
11433	0	32400	
11434	0	32164	
11435	0	32056	
11436	0	32272	
11437	0	32384	
11438	0	32016	
11439	0	31676	
11440	0	32048	
11441	0	33096	
11442	0	34744	
11443	0	36428	
11444	0	36488	
11445	0	33816	
11446	0	30084	
11447	0	28036	
11448	0	27476	
11449	0	27572	
11450	0	28184	
11451	0	29748	
11452	0	31764	
11453	0	34544	
11454	0	36424	
11455	0	35816	
11456	0	35344	
11457	0	35184	
11458	0	33808	
11459	0	30656	
11460	0	28012	
11461	0	27276	
11462	0	28168	
11463	0	29474	
11464	0	30840	
11465	0	31844	
11466	0	31848	
11467	0	31416	
11468	0	31844	
11469	0	32440	
11470	0	33032	
11471	0	32708	
11472	0	31896	
11473	0	31816	
11474	0	32208	
11475	0	33092	
11476	0	33908	
11477	0	34720	
11478	0	34900	
11479	0	34932	
11480	0	35632	
11481	0	36364	
11482	0	36932	
11483	0	37396	
11484	0	38320	
11485	0	39402	
11486	0	40124	
11487	0	40200	
11488	0	39808	
11489	0	38464	
11490	0	37196	
11491	0	36460	
11492	0	35356	
11493	0	33976	
11494	0	33188	
11495	0	33736	
11496	0	35688	
11497	0	36944	
11498	0	35840	
11499	0	31368	
11500	0	26260	
11501	0	23636	
11502	0	22448	
11503	0	21996	
11504	0	22052	
11505	0	22562	
11506	0	22876	
11507	0	23838	
11508	0	25380	
11509	0	26532	
11510	0	27158	
11511	0	27252	
11512	0	27264	
11513	0	27432	
11514	0	27124	
11515	0	26104	
11516	0	25348	
11517	0	25612	
11518	0	25764	
11519	0	25048	
11520	0	24762	
11521	0	25064	
11522	0	26124	
11523	0	28144	
11524	0	30220	
11525	0	32368	
11526	0	34260	
11527	0	35944	
11528	0	36872	
11529	0	37120	
11530	0	37096	
11531	0	36096	
11532	0	35460	
11533	0	36328	
11534	0	37332	
11535	0	37552	
11536	0	38588	
11537	0	40924	
11538	0	43744	
11539	0	44328	
11540	0	41168	
11541	0	35904	
11542	0	31424	
11543	0	29404	
11544	0	28416	
11545	0	27682	
11546	0	27360	
11547	0	27056	
11548	0	26804	
11549	0	26468	
11550	0	26424	
11551	0	26412	
11552	0	26062	
11553	0	25664	
11554	0	25652	
11555	0	26380	
11556	0	27002	
11557	0	26772	
11558	0	26608	
11559	0	26816	
11560	0	27260	
11561	0	27500	
11562	0	27416	
11563	0	26968	
11564	0	27460	
11565	0	28504	
11566	0	30772	
11567	0	33612	
11568	0	36324	
11569	0	37120	
11570	0	35484	
11571	0	33212	
11572	0	31996	
11573	0	30760	
11574	0	28764	
11575	0	27624	
11576	0	28044	
11577	0	28492	
11578	0	27704	
11579	0	27040	
11580	0	27208	
11581	0	28456	
11582	0	29968	
11583	0	31128	
11584	0	32090	
11585	0	33256	
11586	0	34356	
11587	0	35120	
11588	0	33784	
11589	0	31188	
11590	0	29524	
11591	0	29128	
11592	0	29420	
11593	0	29024	
11594	0	26956	
11595	0	25440	
11596	0	24840	
11597	0	24592	
11598	0	24280	
11599	0	24792	
11600	0	25256	
11601	0	25760	
11602	0	26544	
11603	0	27196	
11604	0	28336	
11605	0	29424	
11606	0	30868	
11607	0	31496	
11608	0	31404	
11609	0	31604	
11610	0	31768	
11611	0	31580	
11612	0	31068	
11613	0	30554	
11614	0	30876	
11615	0	31376	
11616	0	31668	
11617	0	31984	
11618	0	32336	
11619	0	32296	
11620	0	32652	
11621	0	32784	
11622	0	32912	
11623	0	33392	
11624	0	33672	
11625	0	33620	
11626	0	32984	
11627	0	32626	
11628	0	32760	
11629	0	32856	
11630	0	33196	
11631	0	34520	
11632	0	36100	
11633	0	37568	
11634	0	37800	
11635	0	35552	
11636	0	33328	
11637	0	31576	
11638	0	30528	
11639	0	30424	
11640	0	30556	
11641	0	30312	
11642	0	30304	
11643	0	30040	
11644	0	30124	
11645	0	30920	
11646	0	31980	
11647	0	32976	
11648	0	33996	
11649	0	34096	
11650	0	33624	
11651	0	32912	
11652	0	32660	
11653	0	33376	
11654	0	35256	
11655	0	36476	
11656	0	34840	
11657	0	31416	
11658	0	29160	
11659	0	28296	
11660	0	28400	
11661	0	28944	
11662	0	29592	
11663	0	30100	
11664	0	30140	
11665	0	29632	
11666	0	28820	
11667	0	28060	
11668	0	27354	
11669	0	26744	
11670	0	26268	
11671	0	25928	
11672	0	25546	
11673	0	25944	
11674	0	26152	
11675	0	25568	
11676	0	25304	
11677	0	25706	
11678	0	26248	
11679	0	26904	
11680	0	27960	
11681	0	29124	
11682	0	30600	
11683	0	31808	
11684	0	32236	
11685	0	31948	
11686	0	31640	
11687	0	31180	
11688	0	31044	
11689	0	31176	
11690	0	31724	
11691	0	32108	
11692	0	31964	
11693	0	31884	
11694	0	32696	
11695	0	34228	
11696	0	35424	
11697	0	36288	
11698	0	35068	
11699	0	32348	
11700	0	30736	
11701	0	31214	
11702	0	32504	
11703	0	33528	
11704	0	33200	
11705	0	32188	
11706	0	30968	
11707	0	29732	
11708	0	29020	
11709	0	29436	
11710	0	30852	
11711	0	32260	
11712	0	33140	
11713	0	32764	
11714	0	31704	
11715	0	30940	
11716	0	30900	
11717	0	31180	
11718	0	31212	
11719	0	31260	
11720	0	31792	
11721	0	32312	
11722	0	32332	
11723	0	32572	
11724	0	32424	
11725	0	32024	
11726	0	31400	
11727	0	30632	
11728	0	30132	
11729	0	29664	
11730	0	29412	
11731	0	29880	
11732	0	30748	
11733	0	31556	
11734	0	32060	
11735	0	32044	
11736	0	31272	
11737	0	30248	
11738	0	29828	
11739	0	29372	
11740	0	29268	
11741	0	29368	
11742	0	29300	
11743	0	29072	
11744	0	29300	
11745	0	29404	
11746	0	29512	
11747	0	29208	
11748	0	28924	
11749	0	28308	
11750	0	28204	
11751	0	28644	
11752	0	29264	
11753	0	29920	
11754	0	30260	
11755	0	30472	
11756	0	30856	
11757	0	30980	
11758	0	31520	
11759	0	32944	
11760	0	33800	
11761	0	34884	
11762	0	36504	
11763	0	37960	
11764	0	38964	
11765	0	38412	
11766	0	36748	
11767	0	35540	
11768	0	34768	
11769	0	34016	
11770	0	33928	
11771	0	34680	
11772	0	35316	
11773	0	34952	
11774	0	33740	
11775	0	33440	
11776	0	33804	
11777	0	33944	
11778	0	34032	
11779	0	34392	
11780	0	35424	
11781	0	36840	
11782	0	37504	
11783	0	37736	
11784	0	37816	
11785	0	37464	
11786	0	36944	
11787	0	36128	
11788	0	35628	
11789	0	35432	
11790	0	35564	
11791	0	35464	
11792	0	34988	
11793	0	34128	
11794	0	33608	
11795	0	33676	
11796	0	33556	
11797	0	33484	
11798	0	33856	
11799	0	33776	
11800	0	32932	
11801	0	31580	
11802	0	31144	
11803	0	31272	
11804	0	31312	
11805	0	30828	
11806	0	30620	
11807	0	30620	
11808	0	31084	
11809	0	31448	
11810	0	31228	
11811	0	30912	
11812	0	32028	
11813	0	33760	
11814	0	34776	
11815	0	32444	
11816	0	28948	
11817	0	27048	
11818	0	27204	
11819	0	28648	
11820	0	29924	
11821	0	30176	
11822	0	28532	
11823	0	26872	
11824	0	26996	
11825	0	28328	
11826	0	29364	
11827	0	28696	
11828	0	26414	
11829	0	24624	
11830	0	24440	
11831	0	25148	
11832	0	25878	
11833	0	26404	
11834	0	26884	
11835	0	27652	
11836	0	28692	
11837	0	29792	
11838	0	30760	
11839	0	31700	
11840	0	32100	
11841	0	32544	
11842	0	33044	
11843	0	33184	
11844	0	32396	
11845	0	31516	
11846	0	31796	
11847	0	32932	
11848	0	34080	
11849	0	34844	
11850	0	35768	
11851	0	36784	
11852	0	37480	
11853	0	37656	
11854	0	37552	
11855	0	37388	
11856	0	37520	
11857	0	37672	
11858	0	37876	
11859	0	38296	
11860	0	38632	
11861	0	38816	
11862	0	39196	
11863	0	39480	
11864	0	40036	
11865	0	40504	
11866	0	40532	
11867	0	40216	
11868	0	39664	
11869	0	39352	
11870	0	39116	
11871	0	38980	
11872	0	38712	
11873	0	39152	
11874	0	39852	
11875	0	40036	
11876	0	39696	
11877	0	38876	
11878	0	38700	
11879	0	39176	
11880	0	38936	
11881	0	38488	
11882	0	37936	
11883	0	37848	
11884	0	38304	
11885	0	38780	
11886	0	38600	
11887	0	38104	
11888	0	37580	
11889	0	38128	
11890	0	39756	
11891	0	41104	
11892	0	41924	
11893	0	42012	
11894	0	40188	
11895	0	38196	
11896	0	36832	
11897	0	35920	
11898	0	35896	
11899	0	36176	
11900	0	35984	
11901	0	35296	
11902	0	34658	
11903	0	34456	
11904	0	34672	
11905	0	34968	
11906	0	34648	
11907	0	33512	
11908	0	32618	
11909	0	31980	
11910	0	31864	
11911	0	32136	
11912	0	32064	
11913	0	32128	
11914	0	31856	
11915	0	31580	
11916	0	30864	
11917	0	30244	
11918	0	30600	
11919	0	30404	
11920	0	30696	
11921	0	31508	
11922	0	32040	
11923	0	32244	
11924	0	32536	
11925	0	32616	
11926	0	32848	
11927	0	33044	
11928	0	32808	
11929	0	32612	
11930	0	32632	
11931	0	32428	
11932	0	32004	
11933	0	31524	
11934	0	31288	
11935	0	32456	
11936	0	35020	
11937	0	37676	
11938	0	37624	
11939	0	34108	
11940	0	29384	
11941	0	26628	
11942	0	25964	
11943	0	26780	
11944	0	28652	
11945	0	30528	
11946	0	31354	
11947	0	29250	
11948	0	25708	
11949	0	23710	
11950	0	23336	
11951	0	23484	
11952	0	23664	
11953	0	24984	
11954	0	27934	
11955	0	31046	
11956	0	32656	
11957	0	33596	
11958	0	33896	
11959	0	33852	
11960	0	33044	
11961	0	31844	
11962	0	31578	
11963	0	31820	
11964	0	32168	
11965	0	32524	
11966	0	33000	
11967	0	33480	
11968	0	33992	
11969	0	34088	
11970	0	33716	
11971	0	32692	
11972	0	31432	
11973	0	30860	
11974	0	30980	
11975	0	31784	
11976	0	33072	
11977	0	33748	
11978	0	34600	
11979	0	35572	
11980	0	37104	
11981	0	39044	
11982	0	41060	
11983	0	40808	
11984	0	39728	
11985	0	39424	
11986	0	40812	
11987	0	41528	
11988	0	41024	
11989	0	39800	
11990	0	37484	
11991	0	35868	
11992	0	33424	
11993	0	30445	
11994	0	27992	
11995	0	26508	
11996	0	26064	
11997	0	26048	
11998	0	26486	
11999	0	27344	
12000	0	28248	
12001	0	29252	
12002	0	30012	
12003	0	30768	
12004	0	31684	
12005	0	32648	
12006	0	33392	
12007	0	33880	
12008	0	34016	
12009	0	34604	
12010	0	35684	
12011	0	36644	
12012	0	36432	
12013	0	35620	
12014	0	35472	
12015	0	35640	
12016	0	36148	
12017	0	35996	
12018	0	35108	
12019	0	35504	
12020	0	36504	
12021	0	37048	
12022	0	38388	
12023	0	40000	
12024	0	41316	
12025	0	42068	
12026	0	41056	
12027	0	39576	
12028	0	36704	
12029	0	32868	
12030	0	30452	
12031	0	29304	
12032	0	28740	
12033	0	29220	
12034	0	30288	
12035	0	31540	
12036	0	33136	
12037	0	34112	
12038	0	34116	
12039	0	33828	
12040	0	33684	
12041	0	34472	
12042	0	35780	
12043	0	36300	
12044	0	34440	
12045	0	30976	
12046	0	28072	
12047	0	26772	
12048	0	26576	
12049	0	27558	
12050	0	30224	
12051	0	34192	
12052	0	37716	
12053	0	38972	
12054	0	39280	
12055	0	39660	
12056	0	39056	
12057	0	37616	
12058	0	36380	
12059	0	35948	
12060	0	36264	
12061	0	36698	
12062	0	37964	
12063	0	39928	
12064	0	42076	
12065	0	41636	
12066	0	39748	
12067	0	37912	
12068	0	36576	
12069	0	36644	
12070	0	36988	
12071	0	36944	
12072	0	36572	
12073	0	36412	
12074	0	35920	
12075	0	35472	
12076	0	35152	
12077	0	34416	
12078	0	33660	
12079	0	33616	
12080	0	35624	
12081	0	38816	
12082	0	41768	
12083	0	41864	
12084	0	38428	
12085	0	35866	
12086	0	35240	
12087	0	34496	
12088	0	33216	
12089	0	31396	
12090	0	31152	
12091	0	32492	
12092	0	33828	
12093	0	32616	
12094	0	28440	
12095	0	24848	
12096	0	23709	
12097	0	24436	
12098	0	26210	
12099	0	28190	
12100	0	29852	
12101	0	31212	
12102	0	30924	
12103	0	29850	
12104	0	30064	
12105	0	33996	
12106	0	38168	
12107	0	38408	
12108	0	36420	
12109	0	32904	
12110	0	30344	
12111	0	28988	
12112	0	28612	
12113	0	28860	
12114	0	29988	
12115	0	31500	
12116	0	33272	
12117	0	36588	
12118	0	42096	
12119	0	48944	
12120	0	53380	
12121	0	52288	
12122	0	47276	
12123	0	41496	
12124	0	37884	
12125	0	36880	
12126	0	35188	
12127	0	30176	
12128	0	23176	
12129	0	15156	
12130	0	8584	
12131	0	6282	
12132	0	6952	
12133	0	11488	
12134	0	19784	
12135	0	29672	
12136	0	38780	
12137	0	43800	
12138	0	44348	
12139	0	42886	
12140	0	41488	
12141	0	41056	
12142	0	40652	
12143	0	39808	
12144	0	39560	
12145	0	39760	
12146	0	39972	
12147	0	40356	
12148	0	40156	
12149	0	38128	
12150	0	36280	
12151	0	35200	
12152	0	35184	
12153	0	36876	
12154	0	40442	
12155	0	41884	
12156	0	41304	
12157	0	41200	
12158	0	42840	
12159	0	45224	
12160	0	46284	
12161	0	45424	
12162	0	45308	
12163	0	46232	
12164	0	47208	
12165	0	47848	
12166	0	46364	
12167	0	42288	
12168	0	38824	
12169	0	35660	
12170	0	33480	
12171	0	33252	
12172	0	33620	
12173	0	33677	
12174	0	32144	
12175	0	29948	
12176	0	29964	
12177	0	32056	
12178	0	35196	
12179	0	37500	
12180	0	39608	
12181	0	42392	
12182	0	45556	
12183	0	47048	
12184	0	46928	
12185	0	45672	
12186	0	45208	
12187	0	46136	
12188	0	45660	
12189	0	43168	
12190	0	40944	
12191	0	38112	
12192	0	35048	
12193	0	33000	
12194	0	32044	
12195	0	31432	
12196	0	31312	
12197	0	31032	
12198	0	30300	
12199	0	33016	
12200	0	36846	
12201	0	35776	
12202	0	31896	
12203	0	25560	
12204	0	19280	
12205	0	17946	
12206	0	19868	
12207	0	22864	
12208	0	26624	
12209	0	32044	
12210	0	37904	
12211	0	41836	
12212	0	44656	
12213	0	46340	
12214	0	48068	
12215	0	51092	
12216	0	53512	
12217	0	54200	
12218	0	53620	
12219	0	51816	
12220	0	49216	
12221	0	47700	
12222	0	47764	
12223	0	47944	
12224	0	45664	
12225	0	42944	
12226	0	40764	
12227	0	39228	
12228	0	38040	
12229	0	37984	
12230	0	39544	
12231	0	42192	
12232	0	42988	
12233	0	42292	
12234	0	42160	
12235	0	41152	
12236	0	40312	
12237	0	40340	
12238	0	40828	
12239	0	41376	
12240	0	41020	
12241	0	40620	
12242	0	40528	
12243	0	41028	
12244	0	41504	
12245	0	41932	
12246	0	42152	
12247	0	42384	
12248	0	42444	
12249	0	42840	
12250	0	43428	
12251	0	43036	
12252	0	41752	
12253	0	40424	
12254	0	41116	
12255	0	42640	
12256	0	43688	
12257	0	45024	
12258	0	47144	
12259	0	49608	
12260	0	50784	
12261	0	49540	
12262	0	47984	
12263	0	46388	
12264	0	45840	
12265	0	44400	
12266	0	41848	
12267	0	37348	
12268	0	31640	
12269	0	29520	
12270	0	34856	
12271	0	43792	
12272	0	50816	
12273	0	54084	
12274	0	53336	
12275	0	50248	
12276	0	47796	
12277	0	46272	
12278	0	45384	
12279	0	45200	
12280	0	45572	
12281	0	46276	
12282	0	47032	
12283	0	47536	
12284	0	47256	
12285	0	46712	
12286	0	45156	
12287	0	43616	
12288	0	43180	
12289	0	42784	
12290	0	42408	
12291	0	42236	
12292	0	43908	
12293	0	47168	
12294	0	50992	
12295	0	53284	
12296	0	52328	
12297	0	49172	
12298	0	44080	
12299	0	39836	
12300	0	38716	
12301	0	38584	
12302	0	38892	
12303	0	40256	
12304	0	42060	
12305	0	43344	
12306	0	43776	
12307	0	42364	
12308	0	41100	
12309	0	40492	
12310	0	40496	
12311	0	41160	
12312	0	41300	
12313	0	41228	
12314	0	40984	
12315	0	40348	
12316	0	39988	
12317	0	39648	
12318	0	38800	
12319	0	38504	
12320	0	37676	
12321	0	37668	
12322	0	39472	
12323	0	41704	
12324	0	43272	
12325	0	44036	
12326	0	43700	
12327	0	41744	
12328	0	39576	
12329	0	38152	
12330	0	37008	
12331	0	35520	
12332	0	34380	
12333	0	33464	
12334	0	33644	
12335	0	34076	
12336	0	34108	
12337	0	33952	
12338	0	34152	
12339	0	35596	
12340	0	37460	
12341	0	39176	
12342	0	38480	
12343	0	37844	
12344	0	39996	
12345	0	41392	
12346	0	39912	
12347	0	36244	
12348	0	32960	
12349	0	31352	
12350	0	31256	
12351	0	34280	
12352	0	37228	
12353	0	38116	
12354	0	38344	
12355	0	38904	
12356	0	39228	
12357	0	38056	
12358	0	34976	
12359	0	32228	
12360	0	30056	
12361	0	29028	
12362	0	28768	
12363	0	29440	
12364	0	30324	
12365	0	30984	
12366	0	31640	
12367	0	32064	
12368	0	32312	
12369	0	32700	
12370	0	32432	
12371	0	31812	
12372	0	31316	
12373	0	30864	
12374	0	30128	
12375	0	29836	
12376	0	29944	
12377	0	30264	
12378	0	30308	
12379	0	30108	
12380	0	29944	
12381	0	29756	
12382	0	29812	
12383	0	29888	
12384	0	30424	
12385	0	30496	
12386	0	29868	
12387	0	28700	
12388	0	27536	
12389	0	26832	
12390	0	26604	
12391	0	26552	
12392	0	26936	
12393	0	27628	
12394	0	28004	
12395	0	28000	
12396	0	28152	
12397	0	28224	
12398	0	28709	
12399	0	28888	
12400	0	28992	
12401	0	29028	
12402	0	28872	
12403	0	29232	
12404	0	30200	
12405	0	30800	
12406	0	29992	
12407	0	28856	
12408	0	28572	
12409	0	28776	
12410	0	28552	
12411	0	27812	
12412	0	27448	
12413	0	27202	
12414	0	27836	
12415	0	28528	
12416	0	28528	
12417	0	28656	
12418	0	29204	
12419	0	30188	
12420	0	30464	
12421	0	29648	
12422	0	28436	
12423	0	26888	
12424	0	26280	
12425	0	27624	
12426	0	29408	
12427	0	31216	
12428	0	31016	
12429	0	28696	
12430	0	26280	
12431	0	24008	
12432	0	22088	
12433	0	20824	
12434	0	20504	
12435	0	21814	
12436	0	23184	
12437	0	23876	
12438	0	21240	
12439	0	17218	
12440	0	15320	
12441	0	15340	
12442	0	16336	
12443	0	17212	
12444	0	17816	
12445	0	18144	
12446	0	17816	
12447	0	17952	
12448	0	19244	
12449	0	21400	
12450	0	23588	
12451	0	24864	
12452	0	24908	
12453	0	24788	
12454	0	24520	
12455	0	24332	
12456	0	24276	
12457	0	24556	
12458	0	24920	
12459	0	25820	
12460	0	26880	
12461	0	27328	
12462	0	27388	
12463	0	27748	
12464	0	28800	
12465	0	29276	
12466	0	28996	
12467	0	28712	
12468	0	28316	
12469	0	28596	
12470	0	30472	
12471	0	32912	
12472	0	33404	
12473	0	31940	
12474	0	30236	
12475	0	26768	
12476	0	22788	
12477	0	20956	
12478	0	20012	
12479	0	19644	
12480	0	19328	
12481	0	19194	
12482	0	19964	
12483	0	21060	
12484	0	21876	
12485	0	22720	
12486	0	23596	
12487	0	24036	
12488	0	24616	
12489	0	25644	
12490	0	26292	
12491	0	26868	
12492	0	27792	
12493	0	28724	
12494	0	29272	
12495	0	29144	
12496	0	28732	
12497	0	28104	
12498	0	27694	
12499	0	27532	
12500	0	27480	
12501	0	27420	
12502	0	27360	
12503	0	26860	
12504	0	26688	
12505	0	26938	
12506	0	27296	
12507	0	27456	
12508	0	27216	
12509	0	26848	
12510	0	26464	
12511	0	26116	
12512	0	25644	
12513	0	25544	
12514	0	25976	
12515	0	26440	
12516	0	26772	
12517	0	27140	
12518	0	27836	
12519	0	28932	
12520	0	27632	
12521	0	24582	
12522	0	22488	
12523	0	21765	
12524	0	21840	
12525	0	22476	
12526	0	23610	
12527	0	24824	
12528	0	26048	
12529	0	26832	
12530	0	27904	
12531	0	28928	
12532	0	29944	
12533	0	29100	
12534	0	26344	
12535	0	23852	
12536	0	22744	
12537	0	23376	
12538	0	24368	
12539	0	24616	
12540	0	24716	
12541	0	25048	
12542	0	25940	
12543	0	26236	
12544	0	26276	
12545	0	26604	
12546	0	26412	
12547	0	26320	
12548	0	25948	
12549	0	25664	
12550	0	25860	
12551	0	26390	
12552	0	27052	
12553	0	27088	
12554	0	27100	
12555	0	27252	
12556	0	27332	
12557	0	27186	
12558	0	26972	
12559	0	26984	
12560	0	27104	
12561	0	27068	
12562	0	27232	
12563	0	27824	
12564	0	28052	
12565	0	27856	
12566	0	27952	
12567	0	28528	
12568	0	28762	
12569	0	28678	
12570	0	28520	
12571	0	27940	
12572	0	27268	
12573	0	26576	
12574	0	25946	
12575	0	25628	
12576	0	25652	
12577	0	25580	
12578	0	25896	
12579	0	26616	
12580	0	27508	
12581	0	27908	
12582	0	27964	
12583	0	27936	
12584	0	27568	
12585	0	27440	
12586	0	28792	
12587	0	30660	
12588	0	32424	
12589	0	32672	
12590	0	30588	
12591	0	28252	
12592	0	26360	
12593	0	25852	
12594	0	25632	
12595	0	25204	
12596	0	25340	
12597	0	25488	
12598	0	25368	
12599	0	25820	
12600	0	26680	
12601	0	27340	
12602	0	27452	
12603	0	27208	
12604	0	27800	
12605	0	28228	
12606	0	28304	
12607	0	28540	
12608	0	29076	
12609	0	29380	
12610	0	29876	
12611	0	29984	
12612	0	29736	
12613	0	29212	
12614	0	28436	
12615	0	27748	
12616	0	27020	
12617	0	26996	
12618	0	27946	
12619	0	28740	
12620	0	29308	
12621	0	29344	
12622	0	29536	
12623	0	29820	
12624	0	29912	
12625	0	29944	
12626	0	30184	
12627	0	30356	
12628	0	30892	
12629	0	31424	
12630	0	31332	
12631	0	31708	
12632	0	32416	
12633	0	32240	
12634	0	31900	
12635	0	31532	
12636	0	31314	
12637	0	31372	
12638	0	31880	
12639	0	32624	
12640	0	34560	
12641	0	36212	
12642	0	36984	
12643	0	34284	
12644	0	28784	
12645	0	23736	
12646	0	21284	
12647	0	21388	
12648	0	21800	
12649	0	22484	
12650	0	23836	
12651	0	25692	
12652	0	27208	
12653	0	27618	
12654	0	26984	
12655	0	26172	
12656	0	25876	
12657	0	24880	
12658	0	23224	
12659	0	21984	
12660	0	21964	
12661	0	22304	
12662	0	23684	
12663	0	26042	
12664	0	28920	
12665	0	31836	
12666	0	34392	
12667	0	36292	
12668	0	36916	
12669	0	36480	
12670	0	35980	
12671	0	36192	
12672	0	36400	
12673	0	36668	
12674	0	36872	
12675	0	36840	
12676	0	36680	
12677	0	35960	
12678	0	35040	
12679	0	33712	
12680	0	31954	
12681	0	30960	
12682	0	30696	
12683	0	31644	
12684	0	33684	
12685	0	35560	
12686	0	36092	
12687	0	36248	
12688	0	36656	
12689	0	36808	
12690	0	36912	
12691	0	36508	
12692	0	35936	
12693	0	36232	
12694	0	37612	
12695	0	38352	
12696	0	38892	
12697	0	38080	
12698	0	35112	
12699	0	32172	
12700	0	30252	
12701	0	29648	
12702	0	30044	
12703	0	30320	
12704	0	30060	
12705	0	29952	
12706	0	30232	
12707	0	30492	
12708	0	31100	
12709	0	31568	
12710	0	31520	
12711	0	31732	
12712	0	31674	
12713	0	31360	
12714	0	31596	
12715	0	32312	
12716	0	32924	
12717	0	33220	
12718	0	33620	
12719	0	33856	
12720	0	33304	
12721	0	33048	
12722	0	33572	
12723	0	33712	
12724	0	32900	
12725	0	32216	
12726	0	32048	
12727	0	32880	
12728	0	33769	
12729	0	33400	
12730	0	32492	
12731	0	32212	
12732	0	32076	
12733	0	31872	
12734	0	31136	
12735	0	30768	
12736	0	30640	
12737	0	30616	
12738	0	31012	
12739	0	31668	
12740	0	32860	
12741	0	33488	
12742	0	33128	
12743	0	32472	
12744	0	32552	
12745	0	32744	
12746	0	32860	
12747	0	33256	
12748	0	33216	
12749	0	33148	
12750	0	32660	
12751	0	31914	
12752	0	31176	
12753	0	30944	
12754	0	30892	
12755	0	30862	
12756	0	31020	
12757	0	31184	
12758	0	31124	
12759	0	31032	
12760	0	31060	
12761	0	30812	
12762	0	30508	
12763	0	30900	
12764	0	32600	
12765	0	35076	
12766	0	37776	
12767	0	38644	
12768	0	36608	
12769	0	33904	
12770	0	31464	
12771	0	30040	
12772	0	29752	
12773	0	29432	
12774	0	29536	
12775	0	30268	
12776	0	31144	
12777	0	32264	
12778	0	33704	
12779	0	35204	
12780	0	35808	
12781	0	35924	
12782	0	35888	
12783	0	35300	
12784	0	34796	
12785	0	34536	
12786	0	34688	
12787	0	34488	
12788	0	34044	
12789	0	33856	
12790	0	34016	
12791	0	33816	
12792	0	33688	
12793	0	33612	
12794	0	33744	
12795	0	33120	
12796	0	31864	
12797	0	30668	
12798	0	29204	
12799	0	28704	
12800	0	29000	
12801	0	29476	
12802	0	29536	
12803	0	29952	
12804	0	30668	
12805	0	31040	
12806	0	30784	
12807	0	30672	
12808	0	31076	
12809	0	30840	
12810	0	31136	
12811	0	32788	
12812	0	35164	
12813	0	37544	
12814	0	37968	
12815	0	35096	
12816	0	32160	
12817	0	30336	
12818	0	29616	
12819	0	29672	
12820	0	29396	
12821	0	29328	
12822	0	29544	
12823	0	29972	
12824	0	30688	
12825	0	31416	
12826	0	31224	
12827	0	31264	
12828	0	31834	
12829	0	32400	
12830	0	32812	
12831	0	32376	
12832	0	31508	
12833	0	30656	
12834	0	30172	
12835	0	30268	
12836	0	30898	
12837	0	31512	
12838	0	32052	
12839	0	33056	
12840	0	33636	
12841	0	33316	
12842	0	33236	
12843	0	33700	
12844	0	34240	
12845	0	34376	
12846	0	34536	
12847	0	34680	
12848	0	35108	
12849	0	35308	
12850	0	34996	
12851	0	34988	
12852	0	35248	
12853	0	35176	
12854	0	34292	
12855	0	33644	
12856	0	33176	
12857	0	32764	
12858	0	32524	
12859	0	31972	
12860	0	31764	
12861	0	32292	
12862	0	33736	
12863	0	34788	
12864	0	35624	
12865	0	36308	
12866	0	38060	
12867	0	40572	
12868	0	41824	
12869	0	41840	
12870	0	40544	
12871	0	37436	
12872	0	34416	
12873	0	32696	
12874	0	31560	
12875	0	30592	
12876	0	29948	
12877	0	30172	
12878	0	30496	
12879	0	31384	
12880	0	32048	
12881	0	32228	
12882	0	32576	
12883	0	33216	
12884	0	33696	
12885	0	33820	
12886	0	33708	
12887	0	34080	
12888	0	34724	
12889	0	34756	
12890	0	34216	
12891	0	33488	
12892	0	32640	
12893	0	32340	
12894	0	31924	
12895	0	31620	
12896	0	31354	
12897	0	31528	
12898	0	31992	
12899	0	32368	
12900	0	32644	
12901	0	32862	
12902	0	32188	
12903	0	31708	
12904	0	31712	
12905	0	31424	
12906	0	31088	
12907	0	31316	
12908	0	31208	
12909	0	31156	
12910	0	31088	
12911	0	31000	
12912	0	31280	
12913	0	32052	
12914	0	33420	
12915	0	34008	
12916	0	33912	
12917	0	33400	
12918	0	33484	
12919	0	33700	
12920	0	33600	
12921	0	34184	
12922	0	34664	
12923	0	35092	
12924	0	35252	
12925	0	35088	
12926	0	34760	
12927	0	34216	
12928	0	33736	
12929	0	32892	
12930	0	32025	
12931	0	32216	
12932	0	32192	
12933	0	32304	
12934	0	32544	
12935	0	32480	
12936	0	32500	
12937	0	32424	
12938	0	32660	
12939	0	33064	
12940	0	32968	
12941	0	32872	
12942	0	32812	
12943	0	32916	
12944	0	32824	
12945	0	32864	
12946	0	32892	
12947	0	33232	
12948	0	33576	
12949	0	34568	
12950	0	36460	
12951	0	38048	
12952	0	39096	
12953	0	37612	
12954	0	34520	
12955	0	32476	
12956	0	31880	
12957	0	31840	
12958	0	31960	
12959	0	32080	
12960	0	32088	
12961	0	32148	
12962	0	32124	
12963	0	32536	
12964	0	32932	
12965	0	33104	
12966	0	33038	
12967	0	32960	
12968	0	33208	
12969	0	32796	
12970	0	32744	
12971	0	33172	
12972	0	33320	
12973	0	33288	
12974	0	33488	
12975	0	33776	
12976	0	33452	
12977	0	32216	
12978	0	30896	
12979	0	29984	
12980	0	29868	
12981	0	29780	
12982	0	29632	
12983	0	29484	
12984	0	29484	
12985	0	29416	
12986	0	29660	
12987	0	30236	
12988	0	30940	
12989	0	31344	
12990	0	31636	
12991	0	31712	
12992	0	31812	
12993	0	31872	
12994	0	31460	
12995	0	30804	
12996	0	30768	
12997	0	30848	
12998	0	30960	
12999	0	30972	
13000	0	30856	
13001	0	30948	
13002	0	31404	
13003	0	32136	
13004	0	32340	
13005	0	31904	
13006	0	31640	
13007	0	32376	
13008	0	33388	
13009	0	34428	
13010	0	35320	
13011	0	34072	
13012	0	31272	
13013	0	28792	
13014	0	27040	
13015	0	26276	
13016	0	26248	
13017	0	26056	
13018	0	26268	
13019	0	26736	
13020	0	27608	
13021	0	28276	
13022	0	28736	
13023	0	29408	
13024	0	30624	
13025	0	31660	
13026	0	31308	
13027	0	30276	
13028	0	29866	
13029	0	30324	
13030	0	30992	
13031	0	31592	
13032	0	32200	
13033	0	32752	
13034	0	33668	
13035	0	34168	
13036	0	34284	
13037	0	34028	
13038	0	33780	
13039	0	34648	
13040	0	35588	
13041	0	36060	
13042	0	36100	
13043	0	35904	
13044	0	35868	
13045	0	36356	
13046	0	36848	
13047	0	37264	
13048	0	37700	
13049	0	37856	
13050	0	37908	
13051	0	38096	
13052	0	37932	
13053	0	37464	
13054	0	37032	
13055	0	36208	
13056	0	35460	
13057	0	35156	
13058	0	34704	
13059	0	34376	
13060	0	34040	
13061	0	33688	
13062	0	33664	
13063	0	34000	
13064	0	34508	
13065	0	34868	
13066	0	35188	
13067	0	34904	
13068	0	34200	
13069	0	33898	
13070	0	33920	
13071	0	34116	
13072	0	34524	
13073	0	35448	
13074	0	36368	
13075	0	37124	
13076	0	36716	
13077	0	34196	
13078	0	32196	
13079	0	31764	
13080	0	32344	
13081	0	33244	
13082	0	33672	
13083	0	33884	
13084	0	34004	
13085	0	33956	
13086	0	33436	
13087	0	32804	
13088	0	32490	
13089	0	32004	
13090	0	31572	
13091	0	31408	
13092	0	31312	
13093	0	31520	
13094	0	31496	
13095	0	31312	
13096	0	31564	
13097	0	32028	
13098	0	32428	
13099	0	32536	
13100	0	32672	
13101	0	32676	
13102	0	32368	
13103	0	32232	
13104	0	32456	
13105	0	32680	
13106	0	32858	
13107	0	32512	
13108	0	32104	
13109	0	31676	
13110	0	31376	
13111	0	31240	
13112	0	31528	
13113	0	31344	
13114	0	30996	
13115	0	30488	
13116	0	29792	
13117	0	29190	
13118	0	29248	
13119	0	29912	
13120	0	30244	
13121	0	30172	
13122	0	30812	
13123	0	31536	
13124	0	31804	
13125	0	31968	
13126	0	32172	
13127	0	32724	
13128	0	33064	
13129	0	33024	
13130	0	32912	
13131	0	32848	
13132	0	32748	
13133	0	32860	
13134	0	32732	
13135	0	32692	
13136	0	32608	
13137	0	32496	
13138	0	32492	
13139	0	32650	
13140	0	32364	
13141	0	31616	
13142	0	30952	
13143	0	30824	
13144	0	32092	
13145	0	33912	
13146	0	35900	
13147	0	37132	
13148	0	35908	
13149	0	32892	
13150	0	30492	
13151	0	29252	
13152	0	29092	
13153	0	29052	
13154	0	28704	
13155	0	28260	
13156	0	28144	
13157	0	28864	
13158	0	29536	
13159	0	29244	
13160	0	28828	
13161	0	28512	
13162	0	28344	
13163	0	28516	
13164	0	28544	
13165	0	28584	
13166	0	28784	
13167	0	29348	
13168	0	29732	
13169	0	29772	
13170	0	29849	
13171	0	29692	
13172	0	29658	
13173	0	29828	
13174	0	29524	
13175	0	29008	
13176	0	28520	
13177	0	27510	
13178	0	26348	
13179	0	26184	
13180	0	26632	
13181	0	26904	
13182	0	27196	
13183	0	27200	
13184	0	27740	
13185	0	28416	
13186	0	28680	
13187	0	28428	
13188	0	28428	
13189	0	29020	
13190	0	30192	
13191	0	30672	
13192	0	30400	
13193	0	30048	
13194	0	29952	
13195	0	30212	
13196	0	30504	
13197	0	30968	
13198	0	31576	
13199	0	32344	
13200	0	32836	
13201	0	32864	
13202	0	33016	
13203	0	33284	
13204	0	33312	
13205	0	33300	
13206	0	32988	
13207	0	31808	
13208	0	30910	
13209	0	30580	
13210	0	30318	
13211	0	30352	
13212	0	30332	
13213	0	29876	
13214	0	29348	
13215	0	29028	
13216	0	29888	
13217	0	31750	
13218	0	32972	
13219	0	33856	
13220	0	33552	
13221	0	31640	
13222	0	29688	
13223	0	28660	
13224	0	28264	
13225	0	28296	
13226	0	28872	
13227	0	29640	
13228	0	30600	
13229	0	31868	
13230	0	32480	
13231	0	32548	
13232	0	33116	
13233	0	33516	
13234	0	33464	
13235	0	33888	
13236	0	34384	
13237	0	34812	
13238	0	34884	
13239	0	34652	
13240	0	33900	
13241	0	33448	
13242	0	33772	
13243	0	34424	
13244	0	34600	
13245	0	34580	
13246	0	34780	
13247	0	35332	
13248	0	36196	
13249	0	36980	
13250	0	37720	
13251	0	37576	
13252	0	36984	
13253	0	36496	
13254	0	36272	
13255	0	35948	
13256	0	35936	
13257	0	36508	
13258	0	37336	
13259	0	37796	
13260	0	38360	
13261	0	38684	
13262	0	38640	
13263	0	38384	
13264	0	38704	
13265	0	39420	
13266	0	40036	
13267	0	40060	
13268	0	39152	
13269	0	38500	
13270	0	37964	
13271	0	37540	
13272	0	37188	
13273	0	36112	
13274	0	35248	
13275	0	34664	
13276	0	34656	
13277	0	34636	
13278	0	34576	
13279	0	34848	
13280	0	35192	
13281	0	35104	
13282	0	34728	
13283	0	34692	
13284	0	34568	
13285	0	34336	
13286	0	33572	
13287	0	33968	
13288	0	35504	
13289	0	37168	
13290	0	38472	
13291	0	37460	
13292	0	34612	
13293	0	32244	
13294	0	30448	
13295	0	29252	
13296	0	28796	
13297	0	28776	
13298	0	29596	
13299	0	31256	
13300	0	32488	
13301	0	33288	
13302	0	33772	
13303	0	34504	
13304	0	35224	
13305	0	35612	
13306	0	35504	
13307	0	35552	
13308	0	35988	
13309	0	36464	
13310	0	36972	
13311	0	37384	
13312	0	37588	
13313	0	37428	
13314	0	37500	
13315	0	37522	
13316	0	37792	
13317	0	37820	
13318	0	37880	
13319	0	38384	
13320	0	38964	
13321	0	38984	
13322	0	38736	
13323	0	38564	
13324	0	37976	
13325	0	36988	
13326	0	36124	
13327	0	34952	
13328	0	34704	
13329	0	34996	
13330	0	35252	
13331	0	34972	
13332	0	34264	
13333	0	33708	
13334	0	33796	
13335	0	33872	
13336	0	33396	
13337	0	33336	
13338	0	33432	
13339	0	33712	
13340	0	34408	
13341	0	34776	
13342	0	34860	
13343	0	34324	
13344	0	34152	
13345	0	34208	
13346	0	34392	
13347	0	34384	
13348	0	34572	
13349	0	34816	
13350	0	34800	
13351	0	34612	
13352	0	34328	
13353	0	34212	
13354	0	34660	
13355	0	35144	
13356	0	36148	
13357	0	37380	
13358	0	39256	
13359	0	40332	
13360	0	40528	
13361	0	38900	
13362	0	35624	
13363	0	33088	
13364	0	32196	
13365	0	32232	
13366	0	32000	
13367	0	31584	
13368	0	31244	
13369	0	31228	
13370	0	32004	
13371	0	33320	
13372	0	33772	
13373	0	33448	
13374	0	33120	
13375	0	32860	
13376	0	32496	
13377	0	32216	
13378	0	32208	
13379	0	32324	
13380	0	32624	
13381	0	32996	
13382	0	33340	
13383	0	33504	
13384	0	33100	
13385	0	32808	
13386	0	32828	
13387	0	33416	
13388	0	34028	
13389	0	34472	
13390	0	34948	
13391	0	34840	
13392	0	34208	
13393	0	33616	
13394	0	32652	
13395	0	32164	
13396	0	31416	
13397	0	30720	
13398	0	30568	
13399	0	30620	
13400	0	30466	
13401	0	30392	
13402	0	30204	
13403	0	29716	
13404	0	29404	
13405	0	29104	
13406	0	29460	
13407	0	30120	
13408	0	30512	
13409	0	30348	
13410	0	30040	
13411	0	29644	
13412	0	29152	
13413	0	29416	
13414	0	30004	
13415	0	30680	
13416	0	31516	
13417	0	32496	
13418	0	33748	
13419	0	35616	
13420	0	36480	
13421	0	36576	
13422	0	35820	
13423	0	32624	
13424	0	29572	
13425	0	27380	
13426	0	26224	
13427	0	26120	
13428	0	26692	
13429	0	27380	
13430	0	28220	
13431	0	29048	
13432	0	29416	
13433	0	29780	
13434	0	29484	
13435	0	29162	
13436	0	28964	
13437	0	28940	
13438	0	29320	
13439	0	29932	
13440	0	30632	
13441	0	31106	
13442	0	31620	
13443	0	31964	
13444	0	31832	
13445	0	31684	
13446	0	31540	
13447	0	31208	
13448	0	31168	
13449	0	31776	
13450	0	32526	
13451	0	32488	
13452	0	31904	
13453	0	31152	
13454	0	31168	
13455	0	31676	
13456	0	32384	
13457	0	33140	
13458	0	33920	
13459	0	34904	
13460	0	35412	
13461	0	35944	
13462	0	35720	
13463	0	35856	
13464	0	36096	
13465	0	36000	
13466	0	35928	
13467	0	35424	
13468	0	34720	
13469	0	34032	
13470	0	33880	
13471	0	34140	
13472	0	34328	
13473	0	34120	
13474	0	33952	
13475	0	34020	
13476	0	34248	
13477	0	34240	
13478	0	33748	
13479	0	33712	
13480	0	33596	
13481	0	33312	
13482	0	33388	
13483	0	34684	
13484	0	36316	
13485	0	37832	
13486	0	38544	
13487	0	36896	
13488	0	34900	
13489	0	33184	
13490	0	32244	
13491	0	32022	
13492	0	32088	
13493	0	31900	
13494	0	31436	
13495	0	31492	
13496	0	31296	
13497	0	31804	
13498	0	33152	
13499	0	34452	
13500	0	35360	
13501	0	35616	
13502	0	35364	
13503	0	34936	
13504	0	34520	
13505	0	34376	
13506	0	34280	
13507	0	34108	
13508	0	33720	
13509	0	33280	
13510	0	33236	
13511	0	33448	
13512	0	34020	
13513	0	34620	
13514	0	35384	
13515	0	35948	
13516	0	36048	
13517	0	35520	
13518	0	35000	
13519	0	35060	
13520	0	34740	
13521	0	33788	
13522	0	33032	
13523	0	32776	
13524	0	32720	
13525	0	32836	
13526	0	32884	
13527	0	33432	
13528	0	33836	
13529	0	33472	
13530	0	32944	
13531	0	32932	
13532	0	33024	
13533	0	32268	
13534	0	31816	
13535	0	31688	
13536	0	31992	
13537	0	32608	
13538	0	32924	
13539	0	32828	
13540	0	32676	
13541	0	33044	
13542	0	33788	
13543	0	34680	
13544	0	35796	
13545	0	37072	
13546	0	37640	
13547	0	38004	
13548	0	37588	
13549	0	36340	
13550	0	35148	
13551	0	35176	
13552	0	36208	
13553	0	37184	
13554	0	38276	
13555	0	38120	
13556	0	35436	
13557	0	32336	
13558	0	30380	
13559	0	29548	
13560	0	29844	
13561	0	30676	
13562	0	31084	
13563	0	30344	
13564	0	29568	
13565	0	29576	
13566	0	29924	
13567	0	30304	
13568	0	30728	
13569	0	30792	
13570	0	30700	
13571	0	30720	
13572	0	30904	
13573	0	30516	
13574	0	29720	
13575	0	28484	
13576	0	27640	
13577	0	27040	
13578	0	26604	
13579	0	26612	
13580	0	27352	
13581	0	28244	
13582	0	28868	
13583	0	29132	
13584	0	30040	
13585	0	31224	
13586	0	31808	
13587	0	31860	
13588	0	32108	
13589	0	32280	
13590	0	32316	
13591	0	32128	
13592	0	32168	
13593	0	32116	
13594	0	31724	
13595	0	31180	
13596	0	30696	
13597	0	30556	
13598	0	31024	
13599	0	31888	
13600	0	32804	
13601	0	33292	
13602	0	33068	
13603	0	33068	
13604	0	33184	
13605	0	33156	
13606	0	33000	
13607	0	33000	
13608	0	33280	
13609	0	33540	
13610	0	34308	
13611	0	34900	
13612	0	35252	
13613	0	34684	
13614	0	33952	
13615	0	33508	
13616	0	33068	
13617	0	33004	
13618	0	32372	
13619	0	32220	
13620	0	32536	
13621	0	32912	
13622	0	32996	
13623	0	33324	
13624	0	33752	
13625	0	34188	
13626	0	35156	
13627	0	36276	
13628	0	37140	
13629	0	37408	
13630	0	36432	
13631	0	34260	
13632	0	32644	
13633	0	32108	
13634	0	32368	
13635	0	32872	
13636	0	32928	
13637	0	32860	
13638	0	33032	
13639	0	32932	
13640	0	33140	
13641	0	33360	
13642	0	33156	
13643	0	33296	
13644	0	33696	
13645	0	33852	
13646	0	34266	
13647	0	34616	
13648	0	34360	
13649	0	33696	
13650	0	33132	
13651	0	32752	
13652	0	32956	
13653	0	33580	
13654	0	33652	
13655	0	33264	
13656	0	32684	
13657	0	32504	
13658	0	32604	
13659	0	32828	
13660	0	32936	
13661	0	33232	
13662	0	33184	
13663	0	33232	
13664	0	33312	
13665	0	33644	
13666	0	34108	
13667	0	34284	
13668	0	34400	
13669	0	34408	
13670	0	34292	
13671	0	34156	
13672	0	33864	
13673	0	34056	
13674	0	34292	
13675	0	34508	
13676	0	34436	
13677	0	34296	
13678	0	34136	
13679	0	33996	
13680	0	33720	
13681	0	33352	
13682	0	33288	
13683	0	33668	
13684	0	34496	
13685	0	35216	
13686	0	35644	
13687	0	34424	
13688	0	31212	
13689	0	29008	
13690	0	28300	
13691	0	28208	
13692	0	27968	
13693	0	27464	
13694	0	27212	
13695	0	27688	
13696	0	28256	
13697	0	29144	
13698	0	29808	
13699	0	30164	
13700	0	30704	
13701	0	31096	
13702	0	31868	
13703	0	32692	
13704	0	33212	
13705	0	33320	
13706	0	33708	
13707	0	33552	
13708	0	33056	
13709	0	32556	
13710	0	32140	
13711	0	32380	
13712	0	32752	
13713	0	33140	
13714	0	33492	
13715	0	33508	
13716	0	33072	
13717	0	31952	
13718	0	31196	
13719	0	31180	
13720	0	31256	
13721	0	31456	
13722	0	32108	
13723	0	32660	
13724	0	32600	
13725	0	32464	
13726	0	32240	
13727	0	32236	
13728	0	32088	
13729	0	31820	
13730	0	31592	
13731	0	31664	
13732	0	31732	
13733	0	32164	
13734	0	32748	
13735	0	32932	
13736	0	32956	
13737	0	33040	
13738	0	33252	
13739	0	33596	
13740	0	33772	
13741	0	33720	
13742	0	33808	
13743	0	33968	
13744	0	33828	
13745	0	33500	
13746	0	32968	
13747	0	32536	
13748	0	32532	
13749	0	32800	
13750	0	32564	
13751	0	33236	
13752	0	35322	
13753	0	36668	
13754	0	36936	
13755	0	35540	
13756	0	32944	
13757	0	30932	
13758	0	29514	
13759	0	29008	
13760	0	28764	
13761	0	28832	
13762	0	29760	
13763	0	30644	
13764	0	31288	
13765	0	31866	
13766	0	32284	
13767	0	32520	
13768	0	32740	
13769	0	33398	
13770	0	33908	
13771	0	33668	
13772	0	33200	
13773	0	32672	
13774	0	32224	
13775	0	31920	
13776	0	32250	
13777	0	32656	
13778	0	32760	
13779	0	32760	
13780	0	32376	
13781	0	31884	
13782	0	31592	
13783	0	31456	
13784	0	31528	
13785	0	31432	
13786	0	31452	
13787	0	31388	
13788	0	31356	
13789	0	31760	
13790	0	32100	
13791	0	32460	
13792	0	33168	
13793	0	33824	
13794	0	34218	
13795	0	34328	
13796	0	34424	
13797	0	34612	
13798	0	34864	
13799	0	34384	
13800	0	33412	
13801	0	32928	
13802	0	32988	
13803	0	33576	
13804	0	34000	
13805	0	34252	
13806	0	34524	
13807	0	34952	
13808	0	36360	
13809	0	37528	
13810	0	38528	
13811	0	38612	
13812	0	36296	
13813	0	33684	
13814	0	32096	
13815	0	30536	
13816	0	29260	
13817	0	28688	
13818	0	28432	
13819	0	28380	
13820	0	28880	
13821	0	29608	
13822	0	30188	
13823	0	31124	
13824	0	31904	
13825	0	32860	
13826	0	33596	
13827	0	34252	
13828	0	34896	
13829	0	34996	
13830	0	34696	
13831	0	34784	
13832	0	34988	
13833	0	34476	
13834	0	33520	
13835	0	33364	
13836	0	33340	
13837	0	33004	
13838	0	32584	
13839	0	32392	
13840	0	32132	
13841	0	31748	
13842	0	31340	
13843	0	31964	
13844	0	32904	
13845	0	33520	
13846	0	33888	
13847	0	34404	
13848	0	35256	
13849	0	35736	
13850	0	35540	
13851	0	34592	
13852	0	33600	
13853	0	33280	
13854	0	33480	
13855	0	33712	
13856	0	34140	
13857	0	34760	
13858	0	34792	
13859	0	34656	
13860	0	34972	
13861	0	35044	
13862	0	34980	
13863	0	34904	
13864	0	34960	
13865	0	34832	
13866	0	35128	
13867	0	35848	
13868	0	37300	
13869	0	39296	
13870	0	40720	
13871	0	39924	
13872	0	36960	
13873	0	33936	
13874	0	32240	
13875	0	31556	
13876	0	31504	
13877	0	31152	
13878	0	31012	
13879	0	30808	
13880	0	30976	
13881	0	31116	
13882	0	31152	
13883	0	31554	
13884	0	32292	
13885	0	32932	
13886	0	33788	
13887	0	34444	
13888	0	34468	
13889	0	34040	
13890	0	33892	
13891	0	33796	
13892	0	33800	
13893	0	33712	
13894	0	33388	
13895	0	33320	
13896	0	33588	
13897	0	33628	
13898	0	33284	
13899	0	33448	
13900	0	33704	
13901	0	34088	
13902	0	34396	
13903	0	34640	
13904	0	35248	
13905	0	36180	
13906	0	36888	
13907	0	36968	
13908	0	36488	
13909	0	36184	
13910	0	35888	
13911	0	35132	
13912	0	34304	
13913	0	33844	
13914	0	34036	
13915	0	34664	
13916	0	35072	
13917	0	35664	
13918	0	36604	
13919	0	37320	
13920	0	37064	
13921	0	36256	
13922	0	36032	
13923	0	35945	
13924	0	35964	
13925	0	36848	
13926	0	38440	
13927	0	39688	
13928	0	40604	
13929	0	39604	
13930	0	36536	
13931	0	33508	
13932	0	31844	
13933	0	30984	
13934	0	30744	
13935	0	30720	
13936	0	30820	
13937	0	30840	
13938	0	30228	
13939	0	29616	
13940	0	28920	
13941	0	29002	
13942	0	29340	
13943	0	30368	
13944	0	30976	
13945	0	31092	
13946	0	31296	
13947	0	31028	
13948	0	30808	
13949	0	30768	
13950	0	30944	
13951	0	31628	
13952	0	32032	
13953	0	32176	
13954	0	32756	
13955	0	33060	
13956	0	32884	
13957	0	32604	
13958	0	32460	
13959	0	32704	
13960	0	33084	
13961	0	33300	
13962	0	33260	
13963	0	33288	
13964	0	33448	
13965	0	33316	
13966	0	33792	
13967	0	34216	
13968	0	34056	
13969	0	33704	
13970	0	33180	
13971	0	32670	
13972	0	32144	
13973	0	31988	
13974	0	32556	
13975	0	33280	
13976	0	33576	
13977	0	34104	
13978	0	34400	
13979	0	34652	
13980	0	34808	
13981	0	35124	
13982	0	35576	
13983	0	35876	
13984	0	35916	
13985	0	35780	
13986	0	35612	
13987	0	35624	
13988	0	35432	
13989	0	34904	
13990	0	34688	
13991	0	33880	
13992	0	33180	
13993	0	32860	
13994	0	32668	
13995	0	32492	
13996	0	32512	
13997	0	33064	
13998	0	33296	
13999	0	33752	
14000	0	34936	
14001	0	36268	
14002	0	37360	
14003	0	37184	
14004	0	34880	
14005	0	32112	
14006	0	30476	
14007	0	29900	
14008	0	30368	
14009	0	30856	
14010	0	30888	
14011	0	31336	
14012	0	32244	
14013	0	32820	
14014	0	33056	
14015	0	33164	
14016	0	33450	
14017	0	33972	
14018	0	34412	
14019	0	34772	
14020	0	34668	
14021	0	34244	
14022	0	33644	
14023	0	33080	
14024	0	32456	
14025	0	32348	
14026	0	33040	
14027	0	34308	
14028	0	35256	
14029	0	35560	
14030	0	35500	
14031	0	35452	
14032	0	35248	
14033	0	35008	
14034	0	35056	
14035	0	35344	
14036	0	35332	
14037	0	35316	
14038	0	35452	
14039	0	35112	
14040	0	34632	
14041	0	33992	
14042	0	33656	
14043	0	33636	
14044	0	33956	
14045	0	34164	
14046	0	34368	
14047	0	34592	
14048	0	34448	
14049	0	34644	
14050	0	34720	
14051	0	34856	
14052	0	34560	
14053	0	34524	
14054	0	34872	
14055	0	35272	
14056	0	35320	
14057	0	34868	
14058	0	34344	
14059	0	33676	
14060	0	33616	
14061	0	34252	
14062	0	35104	
14063	0	35992	
14064	0	36852	
14065	0	37388	
14066	0	37420	
14067	0	36964	
14068	0	36136	
14069	0	35032	
14070	0	34488	
14071	0	34472	
14072	0	34072	
14073	0	33400	
14074	0	33184	
14075	0	33308	
14076	0	33284	
14077	0	33692	
14078	0	33916	
14079	0	33656	
14080	0	33364	
14081	0	33492	
14082	0	33792	
14083	0	34216	
14084	0	34400	
14085	0	34464	
14086	0	35576	
14087	0	37000	
14088	0	37308	
14089	0	35936	
14090	0	33776	
14091	0	32064	
14092	0	31192	
14093	0	30860	
14094	0	30288	
14095	0	30212	
14096	0	30104	
14097	0	30404	
14098	0	30920	
14099	0	31152	
14100	0	30808	
14101	0	30652	
14102	0	30788	
14103	0	31304	
14104	0	31780	
14105	0	32500	
14106	0	32596	
14107	0	32300	
14108	0	31368	
14109	0	30692	
14110	0	29888	
14111	0	29224	
14112	0	28668	
14113	0	28056	
14114	0	27924	
14115	0	28456	
14116	0	28772	
14117	0	29096	
14118	0	29640	
14119	0	29836	
14120	0	29884	
14121	0	29680	
14122	0	29456	
14123	0	29340	
14124	0	29368	
14125	0	29492	
14126	0	29700	
14127	0	30088	
14128	0	30196	
14129	0	29908	
14130	0	29988	
14131	0	30072	
14132	0	30144	
14133	0	29760	
14134	0	29492	
14135	0	29840	
14136	0	29720	
14137	0	29672	
14138	0	29808	
14139	0	29792	
14140	0	29436	
14141	0	28704	
14142	0	28144	
14143	0	28164	
14144	0	28784	
14145	0	29408	
14146	0	30164	
14147	0	31336	
14148	0	32448	
14149	0	33000	
14150	0	33284	
14151	0	33194	
14152	0	33450	
14153	0	33512	
14154	0	33752	
14155	0	33812	
14156	0	33056	
14157	0	32568	
14158	0	32072	
14159	0	32048	
14160	0	32720	
14161	0	33220	
14162	0	33468	
14163	0	33032	
14164	0	32460	
14165	0	31944	
14166	0	31996	
14167	0	32500	
14168	0	33996	
14169	0	36016	
14170	0	38156	
14171	0	39080	
14172	0	37468	
14173	0	34824	
14174	0	33316	
14175	0	32352	
14176	0	31664	
14177	0	31272	
14178	0	31352	
14179	0	31808	
14180	0	32640	
14181	0	33364	
14182	0	33048	
14183	0	33076	
14184	0	33180	
14185	0	33828	
14186	0	34516	
14187	0	35084	
14188	0	35608	
14189	0	35956	
14190	0	35960	
14191	0	35604	
14192	0	35420	
14193	0	35444	
14194	0	35388	
14195	0	35468	
14196	0	35384	
14197	0	35324	
14198	0	35304	
14199	0	34816	
14200	0	34244	
14201	0	34212	
14202	0	33908	
14203	0	34428	
14204	0	34408	
14205	0	34016	
14206	0	33928	
14207	0	34316	
14208	0	35168	
14209	0	35804	
14210	0	36020	
14211	0	35700	
14212	0	34852	
14213	0	34348	
14214	0	34036	
14215	0	34748	
14216	0	35392	
14217	0	35480	
14218	0	35720	
14219	0	36120	
14220	0	36376	
14221	0	36336	
14222	0	36396	
14223	0	36648	
14224	0	36588	
14225	0	36156	
14226	0	36060	
14227	0	35988	
14228	0	35992	
14229	0	35984	
14230	0	36000	
14231	0	35708	
14232	0	35404	
14233	0	35072	
14234	0	34760	
14235	0	34292	
14236	0	34220	
14237	0	34180	
14238	0	34548	
14239	0	34632	
14240	0	34592	
14241	0	34680	
14242	0	34892	
14243	0	35104	
14244	0	34904	
14245	0	35128	
14246	0	35944	
14247	0	37284	
14248	0	38396	
14249	0	39204	
14250	0	38000	
14251	0	36080	
14252	0	34060	
14253	0	32382	
14254	0	31736	
14255	0	31472	
14256	0	31332	
14257	0	31712	
14258	0	32528	
14259	0	33084	
14260	0	33140	
14261	0	33252	
14262	0	33692	
14263	0	34424	
14264	0	35000	
14265	0	35248	
14266	0	35480	
14267	0	35428	
14268	0	35092	
14269	0	35120	
14270	0	35776	
14271	0	36140	
14272	0	35636	
14273	0	34576	
14274	0	33664	
14275	0	32684	
14276	0	31988	
14277	0	31780	
14278	0	31956	
14279	0	32076	
14280	0	32376	
14281	0	32820	
14282	0	32776	
14283	0	32608	
14284	0	32540	
14285	0	32518	
14286	0	33272	
14287	0	34080	
14288	0	34504	
14289	0	34860	
14290	0	35004	
14291	0	34900	
14292	0	34492	
14293	0	34292	
14294	0	34452	
14295	0	34368	
14296	0	34212	
14297	0	34044	
14298	0	33744	
14299	0	33572	
14300	0	33064	
14301	0	32432	
14302	0	31806	
14303	0	31284	
14304	0	31292	
14305	0	31412	
14306	0	31216	
14307	0	31120	
14308	0	30744	
14309	0	30200	
14310	0	29804	
14311	0	29468	
14312	0	29384	
14313	0	29104	
14314	0	28884	
14315	0	28616	
14316	0	28848	
14317	0	29788	
14318	0	30944	
14319	0	32052	
14320	0	32180	
14321	0	30280	
14322	0	28296	
14323	0	27970	
14324	0	28560	
14325	0	28912	
14326	0	29492	
14327	0	30524	
14328	0	31764	
14329	0	32344	
14330	0	32740	
14331	0	32796	
14332	0	32736	
14333	0	32984	
14334	0	33492	
14335	0	33848	
14336	0	33760	
14337	0	33456	
14338	0	33404	
14339	0	33228	
14340	0	32300	
14341	0	31084	
14342	0	30188	
14343	0	29936	
14344	0	30316	
14345	0	31180	
14346	0	32488	
14347	0	33488	
14348	0	34324	
14349	0	35036	
14350	0	35700	
14351	0	35516	
14352	0	34758	
14353	0	34480	
14354	0	33968	
14355	0	33208	
14356	0	32400	
14357	0	32152	
14358	0	32736	
14359	0	33144	
14360	0	33280	
14361	0	33900	
14362	0	34404	
14363	0	34636	
14364	0	34732	
14365	0	34600	
14366	0	34532	
14367	0	34688	
14368	0	34396	
14369	0	34216	
14370	0	34464	
14371	0	34836	
14372	0	34888	
14373	0	34800	
14374	0	34912	
14375	0	35000	
14376	0	35060	
14377	0	35176	
14378	0	35256	
14379	0	35496	
14380	0	35788	
14381	0	36320	
14382	0	36612	
14383	0	36656	
14384	0	36452	
14385	0	35960	
14386	0	35964	
14387	0	36200	
14388	0	36572	
14389	0	37840	
14390	0	39232	
14391	0	40266	
14392	0	39848	
14393	0	37528	
14394	0	35044	
14395	0	33400	
14396	0	32276	
14397	0	31628	
14398	0	31392	
14399	0	31404	
14400	0	31520	
14401	0	31896	
14402	0	32244	
14403	0	32964	
14404	0	34036	
14405	0	35184	
14406	0	36200	
14407	0	36604	
14408	0	36368	
14409	0	35824	
14410	0	35112	
14411	0	34876	
14412	0	34784	
14413	0	34324	
14414	0	33660	
14415	0	33000	
14416	0	32388	
14417	0	32116	
14418	0	32168	
14419	0	32616	
14420	0	32972	
14421	0	33680	
14422	0	34468	
14423	0	35044	
14424	0	35580	
14425	0	35820	
14426	0	35896	
14427	0	35756	
14428	0	35528	
14429	0	35232	
14430	0	35312	
14431	0	35204	
14432	0	35456	
14433	0	35472	
14434	0	35240	
14435	0	34608	
14436	0	33992	
14437	0	33588	
14438	0	33180	
14439	0	32896	
14440	0	32876	
14441	0	33036	
14442	0	33252	
14443	0	33536	
14444	0	33952	
14445	0	34360	
14446	0	34452	
14447	0	34128	
14448	0	33996	
14449	0	34142	
14450	0	34104	
14451	0	33504	
14452	0	32748	
14453	0	32168	
14454	0	31912	
14455	0	31724	
14456	0	31472	
14457	0	31136	
14458	0	30764	
14459	0	30644	
14460	0	30240	
14461	0	30072	
14462	0	30456	
14463	0	30880	
14464	0	30800	
14465	0	31244	
14466	0	31680	
14467	0	31992	
14468	0	31996	
14469	0	32252	
14470	0	32640	
14471	0	33556	
14472	0	34936	
14473	0	35956	
14474	0	36360	
14475	0	34660	
14476	0	31248	
14477	0	28596	
14478	0	26984	
14479	0	26092	
14480	0	25896	
14481	0	26124	
14482	0	26560	
14483	0	27456	
14484	0	28408	
14485	0	28956	
14486	0	29604	
14487	0	29876	
14488	0	29720	
14489	0	29384	
14490	0	28864	
14491	0	28372	
14492	0	28324	
14493	0	28852	
14494	0	29176	
14495	0	29288	
14496	0	29396	
14497	0	29696	
14498	0	30144	
14499	0	30592	
14500	0	31312	
14501	0	32220	
14502	0	32556	
14503	0	32488	
14504	0	32552	
14505	0	32600	
14506	0	32780	
14507	0	32856	
14508	0	32748	
14509	0	32620	
14510	0	32240	
14511	0	31872	
14512	0	31732	
14513	0	31952	
14514	0	32076	
14515	0	32356	
14516	0	32288	
14517	0	32192	
14518	0	32260	
14519	0	32520	
14520	0	33060	
14521	0	33328	
14522	0	33272	
14523	0	33620	
14524	0	34276	
14525	0	34336	
14526	0	34712	
14527	0	35532	
14528	0	35680	
14529	0	35640	
14530	0	35472	
14531	0	34824	
14532	0	34028	
14533	0	33468	
14534	0	33040	
14535	0	33344	
14536	0	32944	
14537	0	32264	
14538	0	31724	
14539	0	31494	
14540	0	31340	
14541	0	31292	
14542	0	31368	
14543	0	31328	
14544	0	31212	
14545	0	31452	
14546	0	31784	
14547	0	31832	
14548	0	31640	
14549	0	31336	
14550	0	30996	
14551	0	30708	
14552	0	30600	
14553	0	30564	
14554	0	30388	
14555	0	29928	
14556	0	29528	
14557	0	29236	
14558	0	28820	
14559	0	29136	
14560	0	29288	
14561	0	29188	
14562	0	29832	
14563	0	30756	
14564	0	31824	
14565	0	32500	
14566	0	32984	
14567	0	33516	
14568	0	33804	
14569	0	34132	
14570	0	34708	
14571	0	34856	
14572	0	34548	
14573	0	33580	
14574	0	32340	
14575	0	30900	
14576	0	29948	
14577	0	29256	
14578	0	28728	
14579	0	28352	
14580	0	28780	
14581	0	29720	
14582	0	30640	
14583	0	30584	
14584	0	28600	
14585	0	26220	
14586	0	25238	
14587	0	25580	
14588	0	26068	
14589	0	26464	
14590	0	27000	
14591	0	27184	
14592	0	27384	
14593	0	27452	
14594	0	27444	
14595	0	26980	
14596	0	26648	
14597	0	26504	
14598	0	26872	
14599	0	27664	
14600	0	28052	
14601	0	28488	
14602	0	28968	
14603	0	29520	
14604	0	30064	
14605	0	30672	
14606	0	31236	
14607	0	31380	
14608	0	30932	
14609	0	30480	
14610	0	30160	
14611	0	29796	
14612	0	29148	
14613	0	29100	
14614	0	29612	
14615	0	30016	
14616	0	30280	
14617	0	29872	
14618	0	29640	
14619	0	29428	
14620	0	29480	
14621	0	29832	
14622	0	30144	
14623	0	30316	
14624	0	30405	
14625	0	30592	
14626	0	30936	
14627	0	31210	
14628	0	30844	
14629	0	30416	
14630	0	30256	
14631	0	30224	
14632	0	30800	
14633	0	31168	
14634	0	31028	
14635	0	30892	
14636	0	30520	
14637	0	30764	
14638	0	31052	
14639	0	31768	
14640	0	32976	
14641	0	34284	
14642	0	35548	
14643	0	36616	
14644	0	37336	
14645	0	37436	
14646	0	37480	
14647	0	37252	
14648	0	36932	
14649	0	36352	
14650	0	35860	
14651	0	35244	
14652	0	34460	
14653	0	33680	
14654	0	33448	
14655	0	33520	
14656	0	33660	
14657	0	33892	
14658	0	34128	
14659	0	34120	
14660	0	34028	
14661	0	34192	
14662	0	34452	
14663	0	34274	
14664	0	34008	
14665	0	33572	
14666	0	33240	
14667	0	32752	
14668	0	32596	
14669	0	32124	
14670	0	31492	
14671	0	31432	
14672	0	31776	
14673	0	31944	
14674	0	31624	
14675	0	31632	
14676	0	32058	
14677	0	32528	
14678	0	32716	
14679	0	32816	
14680	0	32648	
14681	0	32672	
14682	0	32428	
14683	0	32072	
14684	0	32176	
14685	0	32432	
14686	0	32404	
14687	0	32508	
14688	0	32544	
14689	0	32984	
14690	0	33456	
14691	0	33768	
14692	0	33564	
14693	0	33360	
14694	0	33552	
14695	0	33704	
14696	0	33924	
14697	0	34016	
14698	0	34140	
14699	0	33760	
14700	0	33274	
14701	0	33468	
14702	0	34264	
14703	0	34968	
14704	0	35108	
14705	0	35320	
14706	0	35708	
14707	0	35296	
14708	0	35214	
14709	0	36196	
14710	0	37948	
14711	0	39172	
14712	0	39028	
14713	0	36180	
14714	0	32964	
14715	0	31352	
14716	0	30128	
14717	0	29322	
14718	0	29596	
14719	0	29948	
14720	0	30020	
14721	0	29992	
14722	0	30120	
14723	0	30608	
14724	0	31412	
14725	0	31776	
14726	0	31996	
14727	0	31788	
14728	0	31312	
14729	0	31072	
14730	0	31244	
14731	0	31236	
14732	0	31420	
14733	0	32104	
14734	0	32780	
14735	0	32698	
14736	0	32508	
14737	0	32304	
14738	0	32332	
14739	0	32504	
14740	0	32118	
14741	0	31632	
14742	0	31064	
14743	0	30936	
14744	0	30856	
14745	0	30560	
14746	0	30416	
14747	0	30484	
14748	0	30736	
14749	0	31880	
14750	0	32528	
14751	0	32836	
14752	0	33236	
14753	0	33308	
14754	0	33224	
14755	0	32984	
14756	0	32828	
14757	0	32756	
14758	0	32632	
14759	0	32572	
14760	0	33428	
14761	0	34544	
14762	0	34816	
14763	0	34992	
14764	0	35140	
14765	0	35440	
14766	0	35796	
14767	0	36060	
14768	0	36256	
14769	0	36364	
14770	0	36360	
14771	0	36196	
14772	0	35316	
14773	0	34456	
14774	0	34356	
14775	0	35008	
14776	0	35552	
14777	0	35600	
14778	0	35968	
14779	0	36460	
14780	0	36920	
14781	0	37372	
14782	0	37684	
14783	0	37480	
14784	0	36888	
14785	0	36224	
14786	0	35892	
14787	0	35620	
14788	0	34904	
14789	0	34180	
14790	0	33492	
14791	0	32968	
14792	0	32800	
14793	0	33120	
14794	0	34480	
14795	0	36336	
14796	0	37748	
14797	0	37956	
14798	0	35564	
14799	0	32288	
14800	0	30128	
14801	0	29360	
14802	0	29712	
14803	0	30404	
14804	0	30796	
14805	0	30976	
14806	0	31212	
14807	0	31358	
14808	0	31552	
14809	0	31968	
14810	0	32296	
14811	0	32304	
14812	0	31816	
14813	0	31184	
14814	0	30816	
14815	0	31036	
14816	0	31312	
14817	0	31692	
14818	0	31392	
14819	0	30956	
14820	0	30576	
14821	0	30904	
14822	0	31508	
14823	0	31856	
14824	0	32392	
14825	0	32770	
14826	0	33288	
14827	0	33144	
14828	0	32800	
14829	0	32012	
14830	0	31200	
14831	0	30492	
14832	0	29720	
14833	0	29200	
14834	0	29188	
14835	0	29048	
14836	0	28976	
14837	0	29352	
14838	0	29324	
14839	0	29145	
14840	0	28756	
14841	0	29328	
14842	0	30324	
14843	0	31056	
14844	0	32188	
14845	0	33196	
14846	0	33300	
14847	0	32800	
14848	0	32064	
14849	0	31716	
14850	0	31744	
14851	0	31784	
14852	0	31432	
14853	0	30612	
14854	0	29900	
14855	0	29824	
14856	0	30232	
14857	0	30592	
14858	0	31172	
14859	0	31248	
14860	0	31040	
14861	0	30492	
14862	0	30344	
14863	0	30344	
14864	0	30076	
14865	0	29616	
14866	0	29601	
14867	0	29716	
14868	0	31016	
14869	0	32636	
14870	0	34120	
14871	0	34916	
14872	0	33104	
14873	0	29984	
14874	0	28380	
14875	0	27768	
14876	0	27864	
14877	0	28404	
14878	0	29188	
14879	0	29912	
14880	0	30416	
14881	0	30376	
14882	0	30240	
14883	0	30164	
14884	0	30296	
14885	0	30988	
14886	0	31764	
14887	0	31724	
14888	0	30940	
14889	0	30812	
14890	0	30816	
14891	0	31104	
14892	0	31288	
14893	0	31340	
14894	0	31440	
14895	0	31752	
14896	0	31776	
14897	0	31808	
14898	0	31384	
14899	0	30352	
14900	0	29256	
14901	0	29180	
14902	0	29876	
14903	0	31024	
14904	0	32728	
14905	0	33972	
14906	0	34972	
14907	0	35764	
14908	0	36488	
14909	0	37060	
14910	0	37276	
14911	0	36976	
14912	0	36080	
14913	0	34904	
14914	0	33816	
14915	0	33016	
14916	0	32552	
14917	0	32544	
14918	0	32546	
14919	0	32268	
14920	0	32220	
14921	0	32024	
14922	0	31868	
14923	0	32026	
14924	0	32032	
14925	0	32240	
14926	0	32264	
14927	0	32140	
14928	0	31592	
14929	0	30648	
14930	0	29760	
14931	0	28698	
14932	0	27836	
14933	0	27244	
14934	0	27020	
14935	0	26912	
14936	0	26756	
14937	0	26308	
14938	0	25848	
14939	0	25956	
14940	0	26936	
14941	0	28592	
14942	0	30580	
14943	0	32716	
14944	0	35144	
14945	0	36084	
14946	0	34432	
14947	0	31888	
14948	0	30016	
14949	0	29269	
14950	0	29424	
14951	0	29960	
14952	0	30764	
14953	0	31660	
14954	0	32236	
14955	0	32344	
14956	0	31828	
14957	0	30672	
14958	0	29660	
14959	0	29616	
14960	0	29668	
14961	0	29640	
14962	0	30268	
14963	0	31344	
14964	0	33276	
14965	0	37864	
14966	0	41648	
14967	0	43000	
14968	0	40956	
14969	0	36952	
14970	0	33844	
14971	0	32224	
14972	0	31740	
14973	0	31464	
14974	0	31224	
14975	0	31088	
14976	0	31320	
14977	0	32812	
14978	0	34040	
14979	0	35052	
14980	0	35256	
14981	0	33392	
14982	0	31436	
14983	0	29940	
14984	0	28352	
14985	0	27976	
14986	0	28420	
14987	0	29300	
14988	0	30336	
14989	0	31460	
14990	0	32588	
14991	0	33376	
14992	0	33812	
14993	0	34144	
14994	0	34180	
14995	0	34000	
14996	0	33572	
14997	0	33344	
14998	0	32988	
14999	0	32788	
15000	0	32592	
15001	0	32884	
15002	0	33280	
15003	0	33628	
15004	0	34352	
15005	0	35252	
15006	0	36344	
15007	0	37620	
15008	0	38264	
15009	0	37616	
15010	0	36460	
15011	0	35732	
15012	0	35520	
15013	0	35584	
15014	0	35818	
15015	0	36488	
15016	0	37268	
15017	0	37368	
15018	0	37104	
15019	0	36876	
15020	0	36844	
15021	0	36664	
15022	0	36732	
15023	0	37444	
15024	0	38064	
15025	0	38660	
15026	0	39352	
15027	0	39652	
15028	0	40052	
15029	0	40132	
15030	0	40728	
15031	0	41488	
15032	0	41664	
15033	0	40948	
15034	0	39992	
15035	0	39732	
15036	0	39500	
15037	0	38728	
15038	0	38688	
15039	0	39488	
15040	0	40528	
15041	0	41500	
15042	0	42368	
15043	0	43796	
15044	0	45424	
15045	0	46692	
15046	0	46872	
15047	0	44400	
15048	0	40392	
15049	0	37172	
15050	0	35016	
15051	0	33276	
15052	0	31756	
15053	0	31268	
15054	0	32076	
15055	0	33256	
15056	0	33964	
15057	0	34380	
15058	0	34648	
15059	0	34764	
15060	0	34808	
15061	0	34612	
15062	0	34572	
15063	0	34792	
15064	0	34992	
15065	0	35204	
15066	0	35668	
15067	0	36476	
15068	0	37428	
15069	0	37708	
15070	0	36096	
15071	0	34432	
15072	0	34056	
15073	0	34664	
15074	0	34148	
15075	0	31820	
15076	0	29990	
15077	0	29236	
15078	0	29124	
15079	0	29324	
15080	0	29648	
15081	0	30188	
15082	0	30736	
15083	0	31172	
15084	0	31488	
15085	0	31920	
15086	0	32304	
15087	0	32416	
15088	0	32744	
15089	0	33176	
15090	0	33292	
15091	0	33144	
15092	0	33168	
15093	0	33888	
15094	0	34632	
15095	0	34816	
15096	0	34132	
15097	0	33452	
15098	0	32972	
15099	0	32876	
15100	0	33224	
15101	0	33272	
15102	0	33832	
15103	0	34448	
15104	0	35264	
15105	0	36088	
15106	0	36504	
15107	0	36304	
15108	0	36016	
15109	0	35384	
15110	0	34360	
15111	0	33224	
15112	0	32232	
15113	0	31504	
15114	0	31436	
15115	0	32044	
15116	0	32912	
15117	0	34058	
15118	0	34412	
15119	0	34200	
15120	0	33976	
15121	0	34452	
15122	0	35832	
15123	0	37860	
15124	0	39712	
15125	0	39728	
15126	0	37432	
15127	0	34780	
15128	0	33112	
15129	0	32388	
15130	0	32268	
15131	0	32236	
15132	0	32228	
15133	0	32244	
15134	0	31920	
15135	0	31176	
15136	0	31008	
15137	0	31796	
15138	0	32920	
15139	0	33432	
15140	0	33416	
15141	0	32844	
15142	0	32032	
15143	0	31248	
15144	0	31008	
15145	0	31344	
15146	0	31776	
15147	0	32188	
15148	0	32708	
15149	0	32904	
15150	0	33060	
15151	0	32712	
15152	0	32256	
15153	0	31612	
15154	0	31840	
15155	0	32724	
15156	0	33752	
15157	0	34624	
15158	0	34902	
15159	0	34472	
15160	0	33784	
15161	0	33052	
15162	0	32440	
15163	0	31540	
15164	0	30712	
15165	0	29912	
15166	0	29888	
15167	0	30304	
15168	0	30400	
15169	0	30456	
15170	0	30344	
15171	0	30480	
15172	0	30232	
15173	0	29520	
15174	0	29652	
15175	0	30240	
15176	0	31096	
15177	0	32020	
15178	0	32916	
15179	0	33660	
15180	0	34240	
15181	0	34460	
15182	0	34140	
15183	0	33744	
15184	0	33588	
15185	0	33916	
15186	0	34016	
15187	0	34280	
15188	0	34368	
15189	0	35044	
15190	0	36192	
15191	0	37540	
15192	0	38704	
15193	0	37252	
15194	0	33956	
15195	0	31720	
15196	0	30628	
15197	0	30584	
15198	0	30684	
15199	0	30400	
15200	0	30052	
15201	0	30432	
15202	0	31624	
15203	0	33084	
15204	0	33712	
15205	0	33408	
15206	0	33032	
15207	0	33244	
15208	0	33752	
15209	0	34116	
15210	0	34104	
15211	0	34108	
15212	0	34096	
15213	0	33688	
15214	0	33536	
15215	0	33328	
15216	0	32968	
15217	0	32692	
15218	0	32108	
15219	0	31184	
15220	0	30808	
15221	0	31440	
15222	0	32692	
15223	0	33704	
15224	0	34596	
15225	0	35368	
15226	0	36208	
15227	0	36336	
15228	0	35812	
15229	0	35248	
15230	0	34960	
15231	0	34648	
15232	0	34012	
15233	0	33676	
15234	0	33628	
15235	0	34056	
15236	0	34344	
15237	0	34860	
15238	0	34672	
15239	0	34660	
15240	0	34300	
15241	0	33808	
15242	0	33560	
15243	0	33380	
15244	0	33440	
15245	0	33516	
15246	0	33648	
15247	0	33652	
15248	0	33582	
15249	0	34048	
15250	0	34388	
15251	0	34260	
15252	0	33896	
15253	0	33620	
15254	0	34316	
15255	0	35288	
15256	0	36196	
15257	0	35768	
15258	0	33464	
15259	0	30532	
15260	0	28948	
15261	0	28976	
15262	0	29812	
15263	0	30624	
15264	0	30996	
15265	0	31048	
15266	0	31160	
15267	0	31396	
15268	0	31720	
15269	0	31932	
15270	0	32116	
15271	0	32116	
15272	0	32244	
15273	0	32296	
15274	0	32672	
15275	0	33052	
15276	0	33096	
15277	0	32756	
15278	0	32572	
15279	0	32552	
15280	0	32384	
15281	0	32308	
15282	0	32576	
15283	0	32944	
15284	0	33448	
15285	0	34112	
15286	0	34972	
15287	0	35592	
15288	0	35880	
15289	0	35756	
15290	0	35364	
15291	0	35056	
15292	0	34416	
15293	0	34328	
15294	0	34316	
15295	0	33860	
15296	0	33316	
15297	0	32592	
15298	0	32714	
15299	0	33224	
15300	0	33872	
15301	0	34244	
15302	0	34732	
15303	0	34654	
15304	0	34232	
15305	0	33768	
15306	0	33600	
15307	0	33820	
15308	0	34116	
15309	0	34536	
15310	0	35116	
15311	0	35064	
15312	0	35260	
15313	0	35768	
15314	0	35736	
15315	0	35084	
15316	0	34600	
15317	0	34100	
15318	0	33536	
15319	0	32804	
15320	0	32604	
15321	0	32760	
15322	0	32724	
15323	0	32180	
15324	0	32000	
15325	0	32608	
15326	0	33204	
15327	0	33572	
15328	0	34632	
15329	0	35480	
15330	0	36012	
15331	0	35200	
15332	0	33204	
15333	0	31608	
15334	0	30680	
15335	0	30452	
15336	0	30628	
15337	0	31228	
15338	0	31324	
15339	0	30680	
15340	0	30000	
15341	0	29676	
15342	0	30120	
15343	0	30720	
15344	0	31676	
15345	0	32148	
15346	0	32848	
15347	0	33432	
15348	0	33372	
15349	0	33040	
15350	0	32216	
15351	0	31352	
15352	0	30564	
15353	0	30180	
15354	0	30306	
15355	0	30868	
15356	0	30788	
15357	0	30552	
15358	0	30192	
15359	0	29744	
15360	0	29592	
15361	0	29628	
15362	0	29880	
15363	0	30168	
15364	0	29952	
15365	0	29248	
15366	0	28344	
15367	0	27824	
15368	0	27384	
15369	0	27404	
15370	0	27940	
15371	0	29260	
15372	0	29936	
15373	0	30120	
15374	0	30228	
15375	0	30236	
15376	0	30080	
15377	0	30212	
15378	0	30292	
15379	0	30724	
15380	0	31220	
15381	0	31208	
15382	0	31504	
15383	0	32144	
15384	0	32640	
15385	0	32876	
15386	0	33200	
15387	0	33588	
15388	0	34092	
15389	0	34576	
15390	0	34524	
15391	0	33360	
15392	0	31560	
15393	0	30568	
15394	0	29972	
15395	0	30164	
15396	0	31544	
15397	0	33492	
15398	0	35272	
15399	0	36324	
15400	0	34908	
15401	0	32444	
15402	0	30548	
15403	0	30148	
15404	0	30428	
15405	0	31040	
15406	0	31400	
15407	0	31648	
15408	0	31888	
15409	0	31960	
15410	0	31744	
15411	0	31672	
15412	0	30920	
15413	0	29916	
15414	0	29020	
15415	0	29084	
15416	0	29532	
15417	0	30396	
15418	0	31148	
15419	0	31524	
15420	0	31284	
15421	0	30700	
15422	0	30536	
15423	0	30480	
15424	0	30448	
15425	0	30178	
15426	0	30272	
15427	0	30992	
15428	0	31856	
15429	0	32332	
15430	0	32924	
15431	0	33540	
15432	0	34000	
15433	0	34356	
15434	0	34136	
15435	0	33376	
15436	0	32504	
15437	0	32288	
15438	0	32216	
15439	0	32184	
15440	0	32592	
15441	0	33296	
15442	0	34048	
15443	0	34682	
15444	0	35584	
15445	0	36412	
15446	0	36712	
15447	0	35882	
15448	0	35232	
15449	0	34928	
15450	0	34236	
15451	0	33656	
15452	0	33012	
15453	0	32904	
15454	0	32996	
15455	0	33424	
15456	0	33628	
15457	0	33888	
15458	0	34068	
15459	0	34272	
15460	0	34660	
15461	0	34856	
15462	0	34828	
15463	0	34588	
15464	0	34428	
15465	0	34640	
15466	0	35264	
15467	0	36392	
15468	0	37760	
15469	0	38816	
15470	0	38944	
15471	0	36940	
15472	0	33628	
15473	0	31232	
15474	0	30052	
15475	0	29912	
15476	0	30184	
15477	0	30488	
15478	0	30912	
15479	0	31128	
15480	0	31136	
15481	0	31116	
15482	0	31088	
15483	0	31256	
15484	0	31280	
15485	0	31584	
15486	0	32242	
15487	0	33440	
15488	0	34640	
15489	0	35580	
15490	0	35260	
15491	0	34416	
15492	0	34100	
15493	0	34256	
15494	0	34268	
15495	0	33944	
15496	0	33440	
15497	0	33232	
15498	0	33276	
15499	0	33048	
15500	0	32904	
15501	0	33020	
15502	0	32944	
15503	0	33124	
15504	0	33932	
15505	0	34992	
15506	0	35316	
15507	0	35196	
15508	0	34576	
15509	0	33848	
15510	0	33596	
15511	0	34156	
15512	0	35472	
15513	0	36288	
15514	0	36264	
15515	0	36076	
15516	0	35264	
15517	0	34048	
15518	0	33128	
15519	0	32356	
15520	0	31604	
15521	0	31392	
15522	0	31376	
15523	0	31612	
15524	0	31752	
15525	0	31648	
15526	0	31248	
15527	0	30760	
15528	0	30480	
15529	0	31136	
15530	0	31456	
15531	0	31200	
15532	0	30800	
15533	0	30372	
15534	0	29576	
15535	0	29130	
15536	0	29160	
15537	0	29636	
15538	0	30144	
15539	0	30460	
15540	0	30580	
15541	0	30696	
15542	0	31448	
15543	0	32656	
15544	0	33456	
15545	0	33344	
15546	0	31384	
15547	0	29180	
15548	0	27700	
15549	0	27034	
15550	0	26548	
15551	0	26280	
15552	0	26412	
15553	0	26476	
15554	0	26704	
15555	0	26720	
15556	0	26940	
15557	0	27232	
15558	0	27644	
15559	0	27896	
15560	0	28144	
15561	0	28212	
15562	0	28432	
15563	0	28456	
15564	0	28544	
15565	0	28352	
15566	0	28120	
15567	0	28524	
15568	0	29280	
15569	0	30192	
15570	0	31144	
15571	0	31832	
15572	0	32060	
15573	0	31720	
15574	0	31208	
15575	0	31040	
15576	0	31220	
15577	0	31880	
15578	0	32484	
15579	0	32592	
15580	0	32416	
15581	0	31956	
15582	0	31224	
15583	0	31076	
15584	0	31092	
15585	0	31192	
15586	0	31340	
15587	0	31408	
15588	0	31372	
15589	0	31592	
15590	0	31736	
15591	0	31916	
15592	0	31984	
15593	0	31816	
15594	0	31448	
15595	0	31084	
15596	0	30476	
15597	0	29876	
15598	0	29328	
15599	0	29004	
15600	0	28840	
15601	0	29012	
15602	0	29736	
15603	0	30408	
15604	0	30848	
15605	0	31380	
15606	0	31464	
15607	0	31422	
15608	0	31196	
15609	0	31308	
15610	0	31496	
15611	0	31732	
15612	0	31520	
15613	0	30960	
15614	0	30396	
15615	0	29932	
15616	0	29676	
15617	0	29476	
15618	0	29428	
15619	0	29496	
15620	0	29504	
15621	0	29484	
15622	0	29872	
15623	0	30112	
15624	0	30792	
15625	0	31960	
15626	0	32240	
15627	0	32108	
15628	0	32056	
15629	0	31904	
15630	0	31564	
15631	0	31548	
15632	0	33156	
15633	0	35228	
15634	0	36720	
15635	0	37040	
15636	0	34832	
15637	0	31720	
15638	0	29650	
15639	0	28676	
15640	0	28532	
15641	0	28780	
15642	0	29100	
15643	0	29592	
15644	0	29868	
15645	0	30024	
15646	0	30332	
15647	0	30864	
15648	0	31576	
15649	0	32276	
15650	0	32664	
15651	0	32464	
15652	0	32108	
15653	0	32364	
15654	0	32656	
15655	0	33088	
15656	0	33628	
15657	0	33820	
15658	0	33848	
15659	0	33608	
15660	0	33404	
15661	0	33716	
15662	0	34288	
15663	0	34500	
15664	0	34424	
15665	0	34192	
15666	0	33700	
15667	0	33360	
15668	0	33048	
15669	0	32968	
15670	0	33040	
15671	0	33176	
15672	0	33080	
15673	0	33032	
15674	0	32840	
15675	0	32724	
15676	0	32584	
15677	0	32440	
15678	0	32496	
15679	0	32922	
15680	0	33468	
15681	0	33680	
15682	0	33626	
15683	0	33856	
15684	0	34592	
15685	0	35264	
15686	0	35224	
15687	0	35352	
15688	0	35104	
15689	0	34124	
15690	0	32736	
15691	0	31540	
15692	0	30452	
15693	0	29896	
15694	0	29432	
15695	0	29772	
15696	0	30452	
15697	0	30540	
15698	0	30480	
15699	0	30184	
15700	0	29932	
15701	0	30012	
15702	0	30636	
15703	0	30480	
15704	0	29728	
15705	0	29344	
15706	0	29344	
15707	0	29516	
15708	0	30380	
15709	0	31552	
15710	0	33160	
15711	0	34676	
15712	0	35704	
15713	0	36036	
15714	0	33840	
15715	0	30848	
15716	0	28992	
15717	0	28728	
15718	0	29492	
15719	0	29428	
15720	0	29428	
15721	0	30000	
15722	0	30900	
15723	0	31484	
15724	0	31728	
15725	0	32028	
15726	0	32496	
15727	0	32788	
15728	0	33032	
15729	0	33512	
15730	0	33984	
15731	0	33792	
15732	0	33400	
15733	0	32488	
15734	0	31256	
15735	0	30312	
15736	0	30100	
15737	0	30344	
15738	0	30568	
15739	0	30680	
15740	0	30684	
15741	0	30940	
15742	0	31680	
15743	0	31920	
15744	0	31356	
15745	0	30836	
15746	0	30860	
15747	0	30832	
15748	0	30696	
15749	0	30680	
15750	0	30932	
15751	0	30912	
15752	0	30236	
15753	0	29220	
15754	0	28508	
15755	0	28152	
15756	0	28408	
15757	0	28744	
15758	0	29320	
15759	0	29320	
15760	0	29528	
15761	0	29576	
15762	0	29774	
15763	0	30448	
15764	0	31208	
15765	0	31904	
15766	0	32026	
15767	0	32016	
15768	0	31604	
15769	0	30824	
15770	0	30288	
15771	0	30820	
15772	0	31448	
15773	0	32028	
15774	0	32718	
15775	0	33300	
15776	0	33684	
15777	0	33984	
15778	0	34008	
15779	0	33520	
15780	0	33308	
15781	0	33380	
15782	0	33420	
15783	0	33884	
15784	0	34584	
15785	0	34820	
15786	0	34656	
15787	0	34392	
15788	0	35140	
15789	0	36656	
15790	0	37976	
15791	0	38848	
15792	0	37644	
15793	0	34408	
15794	0	32492	
15795	0	32132	
15796	0	32436	
15797	0	33240	
15798	0	34156	
15799	0	34604	
15800	0	34552	
15801	0	34336	
15802	0	34308	
15803	0	34708	
15804	0	34912	
15805	0	35020	
15806	0	35172	
15807	0	35512	
15808	0	35608	
15809	0	35784	
15810	0	35460	
15811	0	35312	
15812	0	34744	
15813	0	33932	
15814	0	33444	
15815	0	33492	
15816	0	33708	
15817	0	34104	
15818	0	34524	
15819	0	34528	
15820	0	33888	
15821	0	32944	
15822	0	32296	
15823	0	32164	
15824	0	32480	
15825	0	33060	
15826	0	33600	
15827	0	34028	
15828	0	34024	
15829	0	34096	
15830	0	33864	
15831	0	33392	
15832	0	32800	
15833	0	32000	
15834	0	32024	
15835	0	32480	
15836	0	32964	
15837	0	33132	
15838	0	33400	
15839	0	33604	
15840	0	34080	
15841	0	34216	
15842	0	34404	
15843	0	34672	
15844	0	35072	
15845	0	35544	
15846	0	35420	
15847	0	35068	
15848	0	34712	
15849	0	34812	
15850	0	34564	
15851	0	34864	
15852	0	34572	
15853	0	33882	
15854	0	33396	
15855	0	33324	
15856	0	33572	
15857	0	34304	
15858	0	34352	
15859	0	33680	
15860	0	32912	
15861	0	32300	
15862	0	31848	
15863	0	32248	
15864	0	32912	
15865	0	33768	
15866	0	34620	
15867	0	35072	
15868	0	34960	
15869	0	34540	
15870	0	33496	
15871	0	32456	
15872	0	32220	
15873	0	33968	
15874	0	35756	
15875	0	36760	
15876	0	36424	
15877	0	33816	
15878	0	31104	
15879	0	29568	
15880	0	29416	
15881	0	30005	
15882	0	31052	
15883	0	32328	
15884	0	33056	
15885	0	33004	
15886	0	32548	
15887	0	32820	
15888	0	33496	
15889	0	33516	
15890	0	33096	
15891	0	33260	
15892	0	33624	
15893	0	33780	
15894	0	33304	
15895	0	32448	
15896	0	32088	
15897	0	31972	
15898	0	32084	
15899	0	32184	
15900	0	32352	
15901	0	32804	
15902	0	33280	
15903	0	33704	
15904	0	34072	
15905	0	34244	
15906	0	34372	
15907	0	34316	
15908	0	33804	
15909	0	33120	
15910	0	32464	
15911	0	32240	
15912	0	32300	
15913	0	32408	
15914	0	32448	
15915	0	32744	
15916	0	32964	
15917	0	33024	
15918	0	33056	
15919	0	32848	
15920	0	33176	
15921	0	33272	
15922	0	33840	
15923	0	34392	
15924	0	35124	
15925	0	35940	
15926	0	36200	
15927	0	35976	
15928	0	35840	
15929	0	36588	
15930	0	37448	
15931	0	37660	
15932	0	37088	
15933	0	36048	
15934	0	35244	
15935	0	34268	
15936	0	33748	
15937	0	33756	
15938	0	33984	
15939	0	34082	
15940	0	34236	
15941	0	34544	
15942	0	34348	
15943	0	33896	
15944	0	33528	
15945	0	33088	
15946	0	32944	
15947	0	33152	
15948	0	32824	
15949	0	32508	
15950	0	32500	
15951	0	32376	
15952	0	32496	
15953	0	33024	
15954	0	33324	
15955	0	33412	
15956	0	33276	
15957	0	33016	
15958	0	32964	
15959	0	32336	
15960	0	31784	
15961	0	31600	
15962	0	32000	
15963	0	32748	
15964	0	33344	
15965	0	33880	
15966	0	34072	
15967	0	34068	
15968	0	33828	
15969	0	33088	
15970	0	32264	
15971	0	31432	
15972	0	30744	
15973	0	30072	
15974	0	29664	
15975	0	29340	
15976	0	29008	
15977	0	28992	
15978	0	29232	
15979	0	29476	
15980	0	29664	
15981	0	30280	
15982	0	31032	
15983	0	32028	
15984	0	33848	
15985	0	35404	
15986	0	36008	
15987	0	34964	
15988	0	32312	
15989	0	29912	
15990	0	28748	
15991	0	28580	
15992	0	28620	
15993	0	28640	
15994	0	29144	
15995	0	30124	
15996	0	30604	
15997	0	30708	
15998	0	30592	
15999	0	30096	
16000	0	29792	
16001	0	29544	
16002	0	29036	
16003	0	29004	
16004	0	29584	
16005	0	30136	
16006	0	30680	
16007	0	30844	
16008	0	30960	
16009	0	30962	
16010	0	30768	
16011	0	30588	
16012	0	30208	
16013	0	29896	
16014	0	30108	
16015	0	30840	
16016	0	31628	
16017	0	32464	
16018	0	33356	
16019	0	33856	
16020	0	34064	
16021	0	34380	
16022	0	34640	
16023	0	35256	
16024	0	35360	
16025	0	35060	
16026	0	34792	
16027	0	34432	
16028	0	34492	
16029	0	34536	
16030	0	34684	
16031	0	34556	
16032	0	34116	
16033	0	33562	
16034	0	33444	
16035	0	33356	
16036	0	33120	
16037	0	32876	
16038	0	33060	
16039	0	33220	
16040	0	33144	
16041	0	33200	
16042	0	33228	
16043	0	33356	
16044	0	33456	
16045	0	33340	
16046	0	32920	
16047	0	32704	
16048	0	32696	
16049	0	32884	
16050	0	32938	
16051	0	33284	
16052	0	33764	
16053	0	34284	
16054	0	34328	
16055	0	33656	
16056	0	32860	
16057	0	32748	
16058	0	32828	
16059	0	32608	
16060	0	32920	
16061	0	33588	
16062	0	34268	
16063	0	35260	
16064	0	36148	
16065	0	36624	
16066	0	36896	
16067	0	37000	
16068	0	36564	
16069	0	36128	
16070	0	35252	
16071	0	34416	
16072	0	34208	
16073	0	34924	
16074	0	36780	
16075	0	38304	
16076	0	39568	
16077	0	39532	
16078	0	37604	
16079	0	35324	
16080	0	33892	
16081	0	32892	
16082	0	32844	
16083	0	33140	
16084	0	33964	
16085	0	34888	
16086	0	35776	
16087	0	36748	
16088	0	37424	
16089	0	37524	
16090	0	37344	
16091	0	37220	
16092	0	37020	
16093	0	36368	
16094	0	35660	
16095	0	34992	
16096	0	34386	
16097	0	33588	
16098	0	33732	
16099	0	33740	
16100	0	33800	
16101	0	34020	
16102	0	34320	
16103	0	35018	
16104	0	35960	
16105	0	36724	
16106	0	37276	
16107	0	37424	
16108	0	37776	
16109	0	38464	
16110	0	38768	
16111	0	38672	
16112	0	38120	
16113	0	37328	
16114	0	36304	
16115	0	35696	
16116	0	35008	
16117	0	34748	
16118	0	34544	
16119	0	34488	
16120	0	34748	
16121	0	34660	
16122	0	34988	
16123	0	35556	
16124	0	36184	
16125	0	36860	
16126	0	37360	
16127	0	37192	
16128	0	37260	
16129	0	37720	
16130	0	37616	
16131	0	37516	
16132	0	37788	
16133	0	37464	
16134	0	36936	
16135	0	36576	
16136	0	36500	
16137	0	36600	
16138	0	36112	
16139	0	35384	
16140	0	34952	
16141	0	34828	
16142	0	34864	
16143	0	34876	
16144	0	34752	
16145	0	34188	
16146	0	33632	
16147	0	33360	
16148	0	33264	
16149	0	33532	
16150	0	33396	
16151	0	32988	
16152	0	33040	
16153	0	33308	
16154	0	33192	
16155	0	33440	
16156	0	34060	
16157	0	34362	
16158	0	34396	
16159	0	33880	
16160	0	33408	
16161	0	32860	
16162	0	33540	
16163	0	35424	
16164	0	37264	
16165	0	38472	
16166	0	37448	
16167	0	34940	
16168	0	32508	
16169	0	30824	
16170	0	29284	
16171	0	28692	
16172	0	28596	
16173	0	29112	
16174	0	29896	
16175	0	30144	
16176	0	29788	
16177	0	29152	
16178	0	28820	
16179	0	28864	
16180	0	29676	
16181	0	30652	
16182	0	31152	
16183	0	31482	
16184	0	31732	
16185	0	32072	
16186	0	32288	
16187	0	32720	
16188	0	33324	
16189	0	33608	
16190	0	33200	
16191	0	33136	
16192	0	33472	
16193	0	33696	
16194	0	33964	
16195	0	34513	
16196	0	35200	
16197	0	35640	
16198	0	36396	
16199	0	36744	
16200	0	36920	
16201	0	36792	
16202	0	36776	
16203	0	36860	
16204	0	36500	
16205	0	36440	
16206	0	36860	
16207	0	37160	
16208	0	36784	
16209	0	37064	
16210	0	37288	
16211	0	37220	
16212	0	37388	
16213	0	37192	
16214	0	36532	
16215	0	35880	
16216	0	35156	
16217	0	34768	
16218	0	34692	
16219	0	34256	
16220	0	34260	
16221	0	34476	
16222	0	34624	
16223	0	34720	
16224	0	34792	
16225	0	35236	
16226	0	35560	
16227	0	35716	
16228	0	35416	
16229	0	35236	
16230	0	34720	
16231	0	34016	
16232	0	33236	
16233	0	32348	
16234	0	32208	
16235	0	32824	
16236	0	33616	
16237	0	34780	
16238	0	34756	
16239	0	32492	
16240	0	29812	
16241	0	28264	
16242	0	28032	
16243	0	28048	
16244	0	27652	
16245	0	26652	
16246	0	26444	
16247	0	26632	
16248	0	26480	
16249	0	26520	
16250	0	26792	
16251	0	27192	
16252	0	27208	
16253	0	27264	
16254	0	27332	
16255	0	27684	
16256	0	28312	
16257	0	28848	
16258	0	29372	
16259	0	29264	
16260	0	29308	
16261	0	29392	
16262	0	29484	
16263	0	29524	
16264	0	29688	
16265	0	30100	
16266	0	30812	
16267	0	31028	
16268	0	31032	
16269	0	31262	
16270	0	31256	
16271	0	30932	
16272	0	30484	
16273	0	30216	
16274	0	30208	
16275	0	30248	
16276	0	30570	
16277	0	30880	
16278	0	31352	
16279	0	31552	
16280	0	32124	
16281	0	32664	
16282	0	33404	
16283	0	34092	
16284	0	34556	
16285	0	35040	
16286	0	35500	
16287	0	35716	
16288	0	35392	
16289	0	34922	
16290	0	34560	
16291	0	34728	
16292	0	34888	
16293	0	34580	
16294	0	34388	
16295	0	34384	
16296	0	34792	
16297	0	34736	
16298	0	34976	
16299	0	35176	
16300	0	35872	
16301	0	36324	
16302	0	36344	
16303	0	35876	
16304	0	35380	
16305	0	35116	
16306	0	34564	
16307	0	33932	
16308	0	33456	
16309	0	33788	
16310	0	34296	
16311	0	34520	
16312	0	34596	
16313	0	34302	
16314	0	33560	
16315	0	33228	
16316	0	32804	
16317	0	32248	
16318	0	31692	
16319	0	31028	
16320	0	30196	
16321	0	30100	
16322	0	30344	
16323	0	31660	
16324	0	33856	
16325	0	36132	
16326	0	37792	
16327	0	38056	
16328	0	36064	
16329	0	33864	
16330	0	32440	
16331	0	31580	
16332	0	30772	
16333	0	30000	
16334	0	29762	
16335	0	30016	
16336	0	30272	
16337	0	30200	
16338	0	30416	
16339	0	30944	
16340	0	31256	
16341	0	31892	
16342	0	32556	
16343	0	33532	
16344	0	34564	
16345	0	34792	
16346	0	34436	
16347	0	33504	
16348	0	32912	
16349	0	32382	
16350	0	31524	
16351	0	30968	
16352	0	30452	
16353	0	30324	
16354	0	30938	
16355	0	31328	
16356	0	31800	
16357	0	31852	
16358	0	31200	
16359	0	30340	
16360	0	29700	
16361	0	29232	
16362	0	29208	
16363	0	30036	
16364	0	30928	
16365	0	31472	
16366	0	31556	
16367	0	31280	
16368	0	31296	
16369	0	31576	
16370	0	31592	
16371	0	31564	
16372	0	31356	
16373	0	31428	
16374	0	31216	
16375	0	30856	
16376	0	31392	
16377	0	32252	
16378	0	32712	
16379	0	32304	
16380	0	31932	
16381	0	31936	
16382	0	32128	
16383	0	32448	
16384	0	33128	
16385	0	33648	
16386	0	33744	
16387	0	33040	
16388	0	32648	
16389	0	32456	
16390	0	32384	
16391	0	32032	
16392	0	31624	
16393	0	31220	
16394	0	30536	
16395	0	30168	
16396	0	30332	
16397	0	30380	
16398	0	30062	
16399	0	29812	
16400	0	29712	
16401	0	29444	
16402	0	29436	
16403	0	29384	
16404	0	29048	
16405	0	29128	
16406	0	29424	
16407	0	29556	
16408	0	29866	
16409	0	30336	
16410	0	30404	
16411	0	30300	
16412	0	30056	
16413	0	30392	
16414	0	30896	
16415	0	31544	
16416	0	32156	
16417	0	32712	
16418	0	34044	
16419	0	35576	
16420	0	36928	
16421	0	37744	
16422	0	36500	
16423	0	33580	
16424	0	30896	
16425	0	29840	
16426	0	29500	
16427	0	29108	
16428	0	28736	
16429	0	28808	
16430	0	28592	
16431	0	28564	
16432	0	28976	
16433	0	29936	
16434	0	30804	
16435	0	31376	
16436	0	31552	
16437	0	31600	
16438	0	32084	
16439	0	32056	
16440	0	32068	
16441	0	32132	
16442	0	32920	
16443	0	33644	
16444	0	33736	
16445	0	33560	
16446	0	33244	
16447	0	32468	
16448	0	31388	
16449	0	30360	
16450	0	29932	
16451	0	29928	
16452	0	30240	
16453	0	30672	
16454	0	31020	
16455	0	31116	
16456	0	31688	
16457	0	32264	
16458	0	32472	
16459	0	32644	
16460	0	32672	
16461	0	32280	
16462	0	32680	
16463	0	33664	
16464	0	34596	
16465	0	35164	
16466	0	35100	
16467	0	35417	
16468	0	35092	
16469	0	34904	
16470	0	35016	
16471	0	34952	
16472	0	34844	
16473	0	34792	
16474	0	34320	
16475	0	33784	
16476	0	33112	
16477	0	32768	
16478	0	32924	
16479	0	32860	
16480	0	33052	
16481	0	33864	
16482	0	35128	
16483	0	35684	
16484	0	35952	
16485	0	36408	
16486	0	36184	
16487	0	35712	
16488	0	35276	
16489	0	35200	
16490	0	34596	
16491	0	33204	
16492	0	31758	
16493	0	31260	
16494	0	31468	
16495	0	32152	
16496	0	33056	
16497	0	33768	
16498	0	34272	
16499	0	34052	
16500	0	33544	
16501	0	33188	
16502	0	33300	
16503	0	33412	
16504	0	33432	
16505	0	33452	
16506	0	33456	
16507	0	33832	
16508	0	34288	
16509	0	35060	
16510	0	35436	
16511	0	35264	
16512	0	34968	
16513	0	34760	
16514	0	34481	
16515	0	34456	
16516	0	34240	
16517	0	34252	
16518	0	34208	
16519	0	34044	
16520	0	33652	
16521	0	33472	
16522	0	33520	
16523	0	34328	
16524	0	34740	
16525	0	34808	
16526	0	34620	
16527	0	34736	
16528	0	35168	
16529	0	35560	
16530	0	35552	
16531	0	35112	
16532	0	34260	
16533	0	33140	
16534	0	32820	
16535	0	33228	
16536	0	33880	
16537	0	34182	
16538	0	33804	
16539	0	33392	
16540	0	33176	
16541	0	32748	
16542	0	32332	
16543	0	32324	
16544	0	32768	
16545	0	33688	
16546	0	34356	
16547	0	34896	
16548	0	35196	
16549	0	35636	
16550	0	35740	
16551	0	35904	
16552	0	35892	
16553	0	35740	
16554	0	35440	
16555	0	35172	
16556	0	34928	
16557	0	35360	
16558	0	36348	
16559	0	36896	
16560	0	36864	
16561	0	36616	
16562	0	36296	
16563	0	36472	
16564	0	36524	
16565	0	36328	
16566	0	36076	
16567	0	36056	
16568	0	35604	
16569	0	35200	
16570	0	35024	
16571	0	34792	
16572	0	34936	
16573	0	35232	
16574	0	35120	
16575	0	34880	
16576	0	34604	
16577	0	34512	
16578	0	35340	
16579	0	36332	
16580	0	36852	
16581	0	36988	
16582	0	35364	
16583	0	32772	
16584	0	31148	
16585	0	29956	
16586	0	29524	
16587	0	29674	
16588	0	29976	
16589	0	30088	
16590	0	29884	
16591	0	29904	
16592	0	30224	
16593	0	30810	
16594	0	31212	
16595	0	31156	
16596	0	31392	
16597	0	31616	
16598	0	31412	
16599	0	30968	
16600	0	31072	
16601	0	31804	
16602	0	32588	
16603	0	33568	
16604	0	34136	
16605	0	34204	
16606	0	34352	
16607	0	34068	
16608	0	33952	
16609	0	33944	
16610	0	33524	
16611	0	32448	
16612	0	31636	
16613	0	31156	
16614	0	30864	
16615	0	30648	
16616	0	30512	
16617	0	30648	
16618	0	31092	
16619	0	30752	
16620	0	30260	
16621	0	30252	
16622	0	30068	
16623	0	29852	
16624	0	30032	
16625	0	30864	
16626	0	31568	
16627	0	31684	
16628	0	31644	
16629	0	32120	
16630	0	32304	
16631	0	31944	
16632	0	31700	
16633	0	31592	
16634	0	31304	
16635	0	31068	
16636	0	30368	
16637	0	30272	
16638	0	30709	
16639	0	30840	
16640	0	30896	
16641	0	31004	
16642	0	31560	
16643	0	31944	
16644	0	31760	
16645	0	31612	
16646	0	31836	
16647	0	32060	
16648	0	32332	
16649	0	32180	
16650	0	31298	
16651	0	30532	
16652	0	29780	
16653	0	29152	
16654	0	28016	
16655	0	27868	
16656	0	28212	
16657	0	28992	
16658	0	29728	
16659	0	30340	
16660	0	31476	
16661	0	32636	
16662	0	32900	
16663	0	33072	
16664	0	33436	
16665	0	33584	
16666	0	33196	
16667	0	32590	
16668	0	32176	
16669	0	31792	
16670	0	31376	
16671	0	30772	
16672	0	30272	
16673	0	30060	
16674	0	30056	
16675	0	29928	
16676	0	30424	
16677	0	30664	
16678	0	31004	
16679	0	31320	
16680	0	30968	
16681	0	30728	
16682	0	30788	
16683	0	31072	
16684	0	31180	
16685	0	31828	
16686	0	32700	
16687	0	33364	
16688	0	33804	
16689	0	34104	
16690	0	34296	
16691	0	34232	
16692	0	33732	
16693	0	33352	
16694	0	33060	
16695	0	32940	
16696	0	33156	
16697	0	33096	
16698	0	33080	
16699	0	32664	
16700	0	32424	
16701	0	32460	
16702	0	32608	
16703	0	33244	
16704	0	34984	
16705	0	37440	
16706	0	39216	
16707	0	38776	
16708	0	35468	
16709	0	32680	
16710	0	31680	
16711	0	31424	
16712	0	31240	
16713	0	30972	
16714	0	30376	
16715	0	29764	
16716	0	29312	
16717	0	29308	
16718	0	29676	
16719	0	29816	
16720	0	29976	
16721	0	30836	
16722	0	31908	
16723	0	32568	
16724	0	33056	
16725	0	33500	
16726	0	34092	
16727	0	34148	
16728	0	33792	
16729	0	33340	
16730	0	32732	
16731	0	32492	
16732	0	32576	
16733	0	32788	
16734	0	33384	
16735	0	33920	
16736	0	34120	
16737	0	34140	
16738	0	34340	
16739	0	34756	
16740	0	34580	
16741	0	34408	
16742	0	34804	
16743	0	35344	
16744	0	36088	
16745	0	36608	
16746	0	36532	
16747	0	35832	
16748	0	35704	
16749	0	35312	
16750	0	34836	
16751	0	34320	
16752	0	33636	
16753	0	33216	
16754	0	33096	
16755	0	32908	
16756	0	33144	
16757	0	33392	
16758	0	33160	
16759	0	32336	
16760	0	31608	
16761	0	31464	
16762	0	31792	
16763	0	32116	
16764	0	31756	
16765	0	31240	
16766	0	30788	
16767	0	30524	
16768	0	30356	
16769	0	30420	
16770	0	30496	
16771	0	30612	
16772	0	30768	
16773	0	30192	
16774	0	29856	
16775	0	29600	
16776	0	29728	
16777	0	30264	
16778	0	30728	
16779	0	30696	
16780	0	30380	
16781	0	29820	
16782	0	30116	
16783	0	31044	
16784	0	32020	
16785	0	32692	
16786	0	33336	
16787	0	33464	
16788	0	33288	
16789	0	32820	
16790	0	32364	
16791	0	32166	
16792	0	32054	
16793	0	32472	
16794	0	33024	
16795	0	32912	
16796	0	32424	
16797	0	32008	
16798	0	31592	
16799	0	31032	
16800	0	30568	
16801	0	31568	
16802	0	33552	
16803	0	35424	
16804	0	36628	
16805	0	35512	
16806	0	32336	
16807	0	29466	
16808	0	28072	
16809	0	27828	
16810	0	28120	
16811	0	28452	
16812	0	27832	
16813	0	26444	
16814	0	25692	
16815	0	26052	
16816	0	26996	
16817	0	27656	
16818	0	28388	
16819	0	29032	
16820	0	29336	
16821	0	29180	
16822	0	29388	
16823	0	29992	
16824	0	30930	
16825	0	31676	
16826	0	32136	
16827	0	32640	
16828	0	33002	
16829	0	33148	
16830	0	32916	
16831	0	32288	
16832	0	31516	
16833	0	31004	
16834	0	30880	
16835	0	31336	
16836	0	32216	
16837	0	32928	
16838	0	33312	
16839	0	33552	
16840	0	33960	
16841	0	34224	
16842	0	34176	
16843	0	33896	
16844	0	33796	
16845	0	33888	
16846	0	34088	
16847	0	34336	
16848	0	34492	
16849	0	34516	
16850	0	34260	
16851	0	34024	
16852	0	33628	
16853	0	33248	
16854	0	33320	
16855	0	33384	
16856	0	33504	
16857	0	33568	
16858	0	33596	
16859	0	33136	
16860	0	32504	
16861	0	32412	
16862	0	33088	
16863	0	34144	
16864	0	34540	
16865	0	34704	
16866	0	34632	
16867	0	34176	
16868	0	33904	
16869	0	33824	
16870	0	33792	
16871	0	33582	
16872	0	32784	
16873	0	32056	
16874	0	31696	
16875	0	31932	
16876	0	32656	
16877	0	33768	
16878	0	34892	
16879	0	35576	
16880	0	35588	
16881	0	35144	
16882	0	35220	
16883	0	35044	
16884	0	34664	
16885	0	33956	
16886	0	33444	
16887	0	33320	
16888	0	33548	
16889	0	34256	
16890	0	34600	
16891	0	34492	
16892	0	34532	
16893	0	34952	
16894	0	35216	
16895	0	35740	
16896	0	36372	
16897	0	36544	
16898	0	37248	
16899	0	37848	
16900	0	38152	
16901	0	38406	
16902	0	38276	
16903	0	37960	
16904	0	38728	
16905	0	40064	
16906	0	41388	
16907	0	41852	
16908	0	40196	
16909	0	37480	
16910	0	34960	
16911	0	33680	
16912	0	33216	
16913	0	33220	
16914	0	33576	
16915	0	33396	
16916	0	33248	
16917	0	33704	
16918	0	33994	
16919	0	34160	
16920	0	34016	
16921	0	33584	
16922	0	33496	
16923	0	33628	
16924	0	33856	
16925	0	34156	
16926	0	34596	
16927	0	35512	
16928	0	36604	
16929	0	37604	
16930	0	38056	
16931	0	37984	
16932	0	37144	
16933	0	35976	
16934	0	35152	
16935	0	34496	
16936	0	34128	
16937	0	33784	
16938	0	33396	
16939	0	32772	
16940	0	32640	
16941	0	32832	
16942	0	33316	
16943	0	34080	
16944	0	34352	
16945	0	34580	
16946	0	34340	
16947	0	33892	
16948	0	33816	
16949	0	33720	
16950	0	33432	
16951	0	33492	
16952	0	33560	
16953	0	34020	
16954	0	34320	
16955	0	34672	
16956	0	34788	
16957	0	34776	
16958	0	34812	
16959	0	34740	
16960	0	34852	
16961	0	35244	
16962	0	35596	
16963	0	35672	
16964	0	35280	
16965	0	35092	
16966	0	35016	
16967	0	35164	
16968	0	35436	
16969	0	35620	
16970	0	35336	
16971	0	34788	
16972	0	34384	
16973	0	33940	
16974	0	33716	
16975	0	33408	
16976	0	32984	
16977	0	33160	
16978	0	33320	
16979	0	32852	
16980	0	32632	
16981	0	33200	
16982	0	34004	
16983	0	34548	
16984	0	35052	
16985	0	35744	
16986	0	36368	
16987	0	36612	
16988	0	36596	
16989	0	36552	
16990	0	36688	
16991	0	36880	
16992	0	36820	
16993	0	36440	
16994	0	36160	
16995	0	36768	
16996	0	37740	
16997	0	38156	
16998	0	38276	
16999	0	38380	
17000	0	38296	
17001	0	38432	
17002	0	39876	
17003	0	42060	
17004	0	44672	
17005	0	46776	
17006	0	46924	
17007	0	43672	
17008	0	38504	
17009	0	34196	
17010	0	31280	
17011	0	29764	
17012	0	29022	
17013	0	28932	
17014	0	29024	
17015	0	28968	
17016	0	28568	
17017	0	28356	
17018	0	28728	
17019	0	29292	
17020	0	30108	
17021	0	31340	
17022	0	32976	
17023	0	33968	
17024	0	34540	
17025	0	35096	
17026	0	35200	
17027	0	34988	
17028	0	35288	
17029	0	36456	
17030	0	37236	
17031	0	38100	
17032	0	38656	
17033	0	39020	
17034	0	39220	
17035	0	39224	
17036	0	38812	
17037	0	38240	
17038	0	37876	
17039	0	37216	
17040	0	36704	
17041	0	36968	
17042	0	38172	
17043	0	39676	
17044	0	41184	
17045	0	42720	
17046	0	43804	
17047	0	43800	
17048	0	43180	
17049	0	42224	
17050	0	41392	
17051	0	40648	
17052	0	40100	
17053	0	39416	
17054	0	38756	
17055	0	37936	
17056	0	37456	
17057	0	37416	
17058	0	37528	
17059	0	37440	
17060	0	36940	
17061	0	36576	
17062	0	36132	
17063	0	36108	
17064	0	36064	
17065	0	36376	
17066	0	36104	
17067	0	35504	
17068	0	34920	
17069	0	34472	
17070	0	34300	
17071	0	34592	
17072	0	34784	
17073	0	34572	
17074	0	34328	
17075	0	33916	
17076	0	33904	
17077	0	33788	
17078	0	33688	
17079	0	33168	
17080	0	32448	
17081	0	31900	
17082	0	32220	
17083	0	32712	
17084	0	33176	
17085	0	33592	
17086	0	34004	
17087	0	34188	
17088	0	33976	
17089	0	33556	
17090	0	33188	
17091	0	33228	
17092	0	33116	
17093	0	33144	
17094	0	33338	
17095	0	33084	
17096	0	32936	
17097	0	32900	
17098	0	33140	
17099	0	33100	
17100	0	32480	
17101	0	31952	
17102	0	31964	
17103	0	32128	
17104	0	32684	
17105	0	33368	
17106	0	33368	
17107	0	32520	
17108	0	31742	
17109	0	31000	
17110	0	30492	
17111	0	30716	
17112	0	30628	
17113	0	30584	
17114	0	30584	
17115	0	30228	
17116	0	29736	
17117	0	29364	
17118	0	29242	
17119	0	29680	
17120	0	30488	
17121	0	30912	
17122	0	31008	
17123	0	31244	
17124	0	31612	
17125	0	31648	
17126	0	31800	
17127	0	31656	
17128	0	31552	
17129	0	31712	
17130	0	32008	
17131	0	32268	
17132	0	32376	
17133	0	32272	
17134	0	32352	
17135	0	32376	
17136	0	32420	
17137	0	32384	
17138	0	32536	
17139	0	32516	
17140	0	32652	
17141	0	32856	
17142	0	32652	
17143	0	32196	
17144	0	32088	
17145	0	31908	
17146	0	31476	
17147	0	31264	
17148	0	31876	
17149	0	32700	
17150	0	33600	
17151	0	34296	
17152	0	34604	
17153	0	34112	
17154	0	33448	
17155	0	32196	
17156	0	31360	
17157	0	30964	
17158	0	31032	
17159	0	31416	
17160	0	31964	
17161	0	32424	
17162	0	32768	
17163	0	33312	
17164	0	34060	
17165	0	34564	
17166	0	34484	
17167	0	34020	
17168	0	33640	
17169	0	33492	
17170	0	33232	
17171	0	32736	
17172	0	32200	
17173	0	31752	
17174	0	31476	
17175	0	31288	
17176	0	31180	
17177	0	30708	
17178	0	30666	
17179	0	30560	
17180	0	30752	
17181	0	31024	
17182	0	31572	
17183	0	31704	
17184	0	31480	
17185	0	31176	
17186	0	31116	
17187	0	31048	
17188	0	31158	
17189	0	30636	
17190	0	29780	
17191	0	28996	
17192	0	28588	
17193	0	29092	
17194	0	30488	
17195	0	32096	
17196	0	33232	
17197	0	33392	
17198	0	30658	
17199	0	27192	
17200	0	25200	
17201	0	24804	
17202	0	25244	
17203	0	25888	
17204	0	26408	
17205	0	26844	
17206	0	26840	
17207	0	26696	
17208	0	26880	
17209	0	26916	
17210	0	27128	
17211	0	27472	
17212	0	27066	
17213	0	26540	
17214	0	26464	
17215	0	26564	
17216	0	26394	
17217	0	26588	
17218	0	26640	
17219	0	26876	
17220	0	27642	
17221	0	28312	
17222	0	28868	
17223	0	29352	
17224	0	29798	
17225	0	30056	
17226	0	30432	
17227	0	30776	
17228	0	30992	
17229	0	31032	
17230	0	31072	
17231	0	30760	
17232	0	30353	
17233	0	30760	
17234	0	31276	
17235	0	31456	
17236	0	31676	
17237	0	32264	
17238	0	32622	
17239	0	32920	
17240	0	32980	
17241	0	33104	
17242	0	33520	
17243	0	33920	
17244	0	34160	
17245	0	33780	
17246	0	33304	
17247	0	33000	
17248	0	32620	
17249	0	32084	
17250	0	31924	
17251	0	31944	
17252	0	32352	
17253	0	32732	
17254	0	33008	
17255	0	32552	
17256	0	32088	
17257	0	31968	
17258	0	31320	
17259	0	30808	
17260	0	29932	
17261	0	29312	
17262	0	28568	
17263	0	28108	
17264	0	27906	
17265	0	27936	
17266	0	28044	
17267	0	28060	
17268	0	28356	
17269	0	28408	
17270	0	28352	
17271	0	28800	
17272	0	29260	
17273	0	29892	
17274	0	30440	
17275	0	30504	
17276	0	30536	
17277	0	30480	
17278	0	30136	
17279	0	29704	
17280	0	29268	
17281	0	28624	
17282	0	27796	
17283	0	27352	
17284	0	27368	
17285	0	27620	
17286	0	27764	
17287	0	27588	
17288	0	27508	
17289	0	27164	
17290	0	27016	
17291	0	26684	
17292	0	26964	
17293	0	27236	
17294	0	27792	
17295	0	28312	
17296	0	28774	
17297	0	29168	
17298	0	28900	
17299	0	28888	
17300	0	28632	
17301	0	28208	
17302	0	27888	
17303	0	27936	
17304	0	27944	
17305	0	27848	
17306	0	28392	
17307	0	29344	
17308	0	29644	
17309	0	29472	
17310	0	29040	
17311	0	28684	
17312	0	28296	
17313	0	27884	
17314	0	27624	
17315	0	27832	
17316	0	28240	
17317	0	28628	
17318	0	28934	
17319	0	29348	
17320	0	29502	
17321	0	29680	
17322	0	29774	
17323	0	29904	
17324	0	30068	
17325	0	30460	
17326	0	30636	
17327	0	30440	
17328	0	30516	
17329	0	30488	
17330	0	30072	
17331	0	29684	
17332	0	29664	
17333	0	29612	
17334	0	29746	
17335	0	30128	
17336	0	30436	
17337	0	30908	
17338	0	31404	
17339	0	31960	
17340	0	32016	
17341	0	31400	
17342	0	30956	
17343	0	30648	
17344	0	30492	
17345	0	30772	
17346	0	31296	
17347	0	31734	
17348	0	31924	
17349	0	31736	
17350	0	30968	
17351	0	29896	
17352	0	29364	
17353	0	29208	
17354	0	29216	
17355	0	28994	
17356	0	28948	
17357	0	29120	
17358	0	29508	
17359	0	29660	
17360	0	30112	
17361	0	30444	
17362	0	30832	
17363	0	30644	
17364	0	30656	
17365	0	30682	
17366	0	30848	
17367	0	30456	
17368	0	29564	
17369	0	28860	
17370	0	27772	
17371	0	27496	
17372	0	26888	
17373	0	26724	
17374	0	26616	
17375	0	27000	
17376	0	27488	
17377	0	28104	
17378	0	28508	
17379	0	28936	
17380	0	29196	
17381	0	29536	
17382	0	29572	
17383	0	29648	
17384	0	29400	
17385	0	29004	
17386	0	29252	
17387	0	30040	
17388	0	30800	
17389	0	31104	
17390	0	31076	
17391	0	31260	
17392	0	31488	
17393	0	31552	
17394	0	31710	
17395	0	31420	
17396	0	31568	
17397	0	31596	
17398	0	31580	
17399	0	30992	
17400	0	30432	
17401	0	30560	
17402	0	30900	
17403	0	31648	
17404	0	32592	
17405	0	33248	
17406	0	34070	
17407	0	34624	
17408	0	35416	
17409	0	35796	
17410	0	35456	
17411	0	35056	
17412	0	34504	
17413	0	33736	
17414	0	33224	
17415	0	32888	
17416	0	33216	
17417	0	33384	
17418	0	33720	
17419	0	34048	
17420	0	34456	
17421	0	35340	
17422	0	37328	
17423	0	39356	
17424	0	41256	
17425	0	42828	
17426	0	42080	
17427	0	39428	
17428	0	37168	
17429	0	35440	
17430	0	34824	
17431	0	34856	
17432	0	35088	
17433	0	34784	
17434	0	34816	
17435	0	35440	
17436	0	36060	
17437	0	36864	
17438	0	37136	
17439	0	36908	
17440	0	37108	
17441	0	37732	
17442	0	38360	
17443	0	38880	
17444	0	39536	
17445	0	40204	
17446	0	40372	
17447	0	40284	
17448	0	40512	
17449	0	40328	
17450	0	39652	
17451	0	38892	
17452	0	38404	
17453	0	38144	
17454	0	37920	
17455	0	38212	
17456	0	38408	
17457	0	38584	
17458	0	38780	
17459	0	38744	
17460	0	38792	
17461	0	39456	
17462	0	39932	
17463	0	39932	
17464	0	40372	
17465	0	41028	
17466	0	41428	
17467	0	41544	
17468	0	41196	
17469	0	40720	
17470	0	40384	
17471	0	40380	
17472	0	40808	
17473	0	40932	
17474	0	40932	
17475	0	40436	
17476	0	39640	
17477	0	39152	
17478	0	38904	
17479	0	38740	
17480	0	37968	
17481	0	37808	
17482	0	37824	
17483	0	37868	
17484	0	37924	
17485	0	37960	
17486	0	37884	
17487	0	37812	
17488	0	37820	
17489	0	37104	
17490	0	36268	
17491	0	35848	
17492	0	35696	
17493	0	35568	
17494	0	35528	
17495	0	35736	
17496	0	35496	
17497	0	35340	
17498	0	35304	
17499	0	35268	
17500	0	34960	
17501	0	34680	
17502	0	34920	
17503	0	35180	
17504	0	35328	
17505	0	35556	
17506	0	35440	
17507	0	35364	
17508	0	35304	
17509	0	35720	
17510	0	36488	
17511	0	36976	
17512	0	37220	
17513	0	37208	
17514	0	37012	
17515	0	36896	
17516	0	37312	
17517	0	37488	
17518	0	37676	
17519	0	38012	
17520	0	38596	
17521	0	38976	
17522	0	39036	
17523	0	39008	
17524	0	38944	
17525	0	39084	
17526	0	39048	
17527	0	38640	
17528	0	38360	
17529	0	38344	
17530	0	38036	
17531	0	37968	
17532	0	38192	
17533	0	38128	
17534	0	38224	
17535	0	38244	
17536	0	38432	
17537	0	39012	
17538	0	39572	
17539	0	40928	
17540	0	42796	
17541	0	44680	
17542	0	45924	
17543	0	45736	
17544	0	43316	
17545	0	40772	
17546	0	38856	
17547	0	37216	
17548	0	36100	
17549	0	35664	
17550	0	35348	
17551	0	35392	
17552	0	35348	
17553	0	35084	
17554	0	35120	
17555	0	35012	
17556	0	35260	
17557	0	35236	
17558	0	34568	
17559	0	33914	
17560	0	33928	
17561	0	34296	
17562	0	34960	
17563	0	35316	
17564	0	35224	
17565	0	35152	
17566	0	35268	
17567	0	35544	
17568	0	35664	
17569	0	35500	
17570	0	35000	
17571	0	34632	
17572	0	34272	
17573	0	34112	
17574	0	33720	
17575	0	33776	
17576	0	34132	
17577	0	34360	
17578	0	34184	
17579	0	34136	
17580	0	33740	
17581	0	33708	
17582	0	33796	
17583	0	33236	
17584	0	32660	
17585	0	32112	
17586	0	31564	
17587	0	31416	
17588	0	31800	
17589	0	32020	
17590	0	32136	
17591	0	32736	
17592	0	33024	
17593	0	32748	
17594	0	31708	
17595	0	30952	
17596	0	30848	
17597	0	31020	
17598	0	31388	
17599	0	31528	
17600	0	31964	
17601	0	32476	
17602	0	33152	
17603	0	33472	
17604	0	33860	
17605	0	33888	
17606	0	34004	
17607	0	34384	
17608	0	34672	
17609	0	34836	
17610	0	34536	
17611	0	33904	
17612	0	33384	
17613	0	32832	
17614	0	32452	
17615	0	32336	
17616	0	32252	
17617	0	32100	
17618	0	31808	
17619	0	31508	
17620	0	31548	
17621	0	31584	
17622	0	32076	
17623	0	32860	
17624	0	33624	
17625	0	34484	
17626	0	34820	
17627	0	34956	
17628	0	35348	
17629	0	35204	
17630	0	34448	
17631	0	34088	
17632	0	34220	
17633	0	33868	
17634	0	33220	
17635	0	32740	
17636	0	32460	
17637	0	32380	
17638	0	31616	
17639	0	30844	
17640	0	29908	
17641	0	29036	
17642	0	28376	
17643	0	28004	
17644	0	28128	
17645	0	28768	
17646	0	28764	
17647	0	28520	
17648	0	28288	
17649	0	28176	
17650	0	28556	
17651	0	29464	
17652	0	29828	
17653	0	30336	
17654	0	30208	
17655	0	29328	
17656	0	29086	
17657	0	29040	
17658	0	28952	
17659	0	29160	
17660	0	29112	
17661	0	28864	
17662	0	29036	
17663	0	29440	
17664	0	30304	
17665	0	30980	
17666	0	31672	
17667	0	32172	
17668	0	32504	
17669	0	32088	
17670	0	31712	
17671	0	31688	
17672	0	31336	
17673	0	30972	
17674	0	30880	
17675	0	30836	
17676	0	30593	
17677	0	30056	
17678	0	29748	
17679	0	29588	
17680	0	29192	
17681	0	29024	
17682	0	29364	
17683	0	29672	
17684	0	30044	
17685	0	30680	
17686	0	31016	
17687	0	30472	
17688	0	29952	
17689	0	29316	
17690	0	29032	
17691	0	28668	
17692	0	28564	
17693	0	28940	
17694	0	29376	
17695	0	29628	
17696	0	30204	
17697	0	31064	
17698	0	31068	
17699	0	30936	
17700	0	30852	
17701	0	30752	
17702	0	31152	
17703	0	31660	
17704	0	32064	
17705	0	32504	
17706	0	33164	
17707	0	33808	
17708	0	34260	
17709	0	33912	
17710	0	33272	
17711	0	32852	
17712	0	33074	
17713	0	33096	
17714	0	33396	
17715	0	33948	
17716	0	34672	
17717	0	34752	
17718	0	34688	
17719	0	34440	
17720	0	34404	
17721	0	34164	
17722	0	33944	
17723	0	33904	
17724	0	34088	
17725	0	34650	
17726	0	35116	
17727	0	35640	
17728	0	36020	
17729	0	35836	
17730	0	35684	
17731	0	35692	
17732	0	35760	
17733	0	36312	
17734	0	36812	
17735	0	36768	
17736	0	36776	
17737	0	36956	
17738	0	36780	
17739	0	36408	
17740	0	35764	
17741	0	35224	
17742	0	34544	
17743	0	34496	
17744	0	34484	
17745	0	34488	
17746	0	34324	
17747	0	34328	
17748	0	34136	
17749	0	33408	
17750	0	33172	
17751	0	33108	
17752	0	33220	
17753	0	33440	
17754	0	33696	
17755	0	33572	
17756	0	33408	
17757	0	33172	
17758	0	32824	
17759	0	32292	
17760	0	32360	
17761	0	32556	
17762	0	33176	
17763	0	33448	
17764	0	33660	
17765	0	34072	
17766	0	34288	
17767	0	34200	
17768	0	33844	
17769	0	33780	
17770	0	34236	
17771	0	34804	
17772	0	34952	
17773	0	34704	
17774	0	34768	
17775	0	34696	
17776	0	34544	
17777	0	34612	
17778	0	34320	
17779	0	33472	
17780	0	33196	
17781	0	32964	
17782	0	33040	
17783	0	33178	
17784	0	33528	
17785	0	33696	
17786	0	33528	
17787	0	33536	
17788	0	33472	
17789	0	33052	
17790	0	32760	
17791	0	32204	
17792	0	31432	
17793	0	30624	
17794	0	29780	
17795	0	29260	
17796	0	29092	
17797	0	29300	
17798	0	29812	
17799	0	30208	
17800	0	30244	
17801	0	30440	
17802	0	30608	
17803	0	30280	
17804	0	30380	
17805	0	31092	
17806	0	31372	
17807	0	30472	
17808	0	29104	
17809	0	27226	
17810	0	26472	
17811	0	26236	
17812	0	26484	
17813	0	26928	
17814	0	26940	
17815	0	27096	
17816	0	27392	
17817	0	27552	
17818	0	27192	
17819	0	27000	
17820	0	27128	
17821	0	27328	
17822	0	27696	
17823	0	28128	
17824	0	28984	
17825	0	30024	
17826	0	30740	
17827	0	30992	
17828	0	30528	
17829	0	29820	
17830	0	29576	
17831	0	29272	
17832	0	28842	
17833	0	28176	
17834	0	27992	
17835	0	28364	
17836	0	28568	
17837	0	28692	
17838	0	28496	
17839	0	28116	
17840	0	28024	
17841	0	27976	
17842	0	28100	
17843	0	28232	
17844	0	28596	
17845	0	29312	
17846	0	30064	
17847	0	30334	
17848	0	30432	
17849	0	30056	
17850	0	28848	
17851	0	28056	
17852	0	27928	
17853	0	28504	
17854	0	29320	
17855	0	29792	
17856	0	29816	
17857	0	29816	
17858	0	29964	
17859	0	30002	
17860	0	30068	
17861	0	29752	
17862	0	29828	
17863	0	30292	
17864	0	30896	
17865	0	31340	
17866	0	31436	
17867	0	31448	
17868	0	31640	
17869	0	31544	
17870	0	31028	
17871	0	31056	
17872	0	31088	
17873	0	30576	
17874	0	30316	
17875	0	30720	
17876	0	31048	
17877	0	31040	
17878	0	30484	
17879	0	30164	
17880	0	30208	
17881	0	30380	
17882	0	30528	
17883	0	30828	
17884	0	31948	
17885	0	32564	
17886	0	32616	
17887	0	32716	
17888	0	32376	
17889	0	31344	
17890	0	30212	
17891	0	28728	
17892	0	27860	
17893	0	27668	
17894	0	27464	
17895	0	27744	
17896	0	28268	
17897	0	28432	
17898	0	28140	
17899	0	28240	
17900	0	28628	
17901	0	29082	
17902	0	29804	
17903	0	30232	
17904	0	29976	
17905	0	29556	
17906	0	29224	
17907	0	28916	
17908	0	28544	
17909	0	28252	
17910	0	28086	
17911	0	28120	
17912	0	28164	
17913	0	28148	
17914	0	27800	
17915	0	27576	
17916	0	27848	
17917	0	28396	
17918	0	28676	
17919	0	28774	
17920	0	29416	
17921	0	30472	
17922	0	31412	
17923	0	32236	
17924	0	33216	
17925	0	34184	
17926	0	34684	
17927	0	34628	
17928	0	34280	
17929	0	34120	
17930	0	34358	
17931	0	34204	
17932	0	33928	
17933	0	33660	
17934	0	33412	
17935	0	33432	
17936	0	33556	
17937	0	33632	
17938	0	33736	
17939	0	33348	
17940	0	32738	
17941	0	32576	
17942	0	32688	
17943	0	33164	
17944	0	33460	
17945	0	33720	
17946	0	33864	
17947	0	33488	
17948	0	32720	
17949	0	31676	
17950	0	30504	
17951	0	29572	
17952	0	28748	
17953	0	28464	
17954	0	28624	
17955	0	28712	
17956	0	28560	
17957	0	28116	
17958	0	27664	
17959	0	27777	
17960	0	28192	
17961	0	28840	
17962	0	29916	
17963	0	30712	
17964	0	31264	
17965	0	31420	
17966	0	31464	
17967	0	31644	
17968	0	32072	
17969	0	32172	
17970	0	31808	
17971	0	31528	
17972	0	31212	
17973	0	30676	
17974	0	30452	
17975	0	30760	
17976	0	30888	
17977	0	31624	
17978	0	32280	
17979	0	32688	
17980	0	33176	
17981	0	34064	
17982	0	34724	
17983	0	35352	
17984	0	35696	
17985	0	35372	
17986	0	34932	
17987	0	34840	
17988	0	35000	
17989	0	34652	
17990	0	33812	
17991	0	32608	
17992	0	32184	
17993	0	31872	
17994	0	31360	
17995	0	31252	
17996	0	31464	
17997	0	32004	
17998	0	32400	
17999	0	33120	
18000	0	33560	
18001	0	33734	
18002	0	34308	
18003	0	34988	
18004	0	35128	
18005	0	34652	
18006	0	34600	
18007	0	34856	
18008	0	35280	
18009	0	35462	
18010	0	35524	
18011	0	36036	
18012	0	36256	
18013	0	36424	
18014	0	36556	
18015	0	36520	
18016	0	36564	
18017	0	36556	
18018	0	36208	
18019	0	35896	
18020	0	36216	
18021	0	36724	
18022	0	37228	
18023	0	37596	
18024	0	37980	
18025	0	37968	
18026	0	37552	
18027	0	37168	
18028	0	37316	
18029	0	37392	
18030	0	36600	
18031	0	36340	
18032	0	37248	
18033	0	39096	
18034	0	40680	
18035	0	42048	
18036	0	41924	
18037	0	39872	
18038	0	37484	
18039	0	36196	
18040	0	35148	
18041	0	34892	
18042	0	34996	
18043	0	34716	
18044	0	34408	
18045	0	34400	
18046	0	34384	
18047	0	33940	
18048	0	33044	
18049	0	32440	
18050	0	32516	
18051	0	32756	
18052	0	33176	
18053	0	33760	
18054	0	34304	
18055	0	34856	
18056	0	34972	
18057	0	34868	
18058	0	34412	
18059	0	34244	
18060	0	34340	
18061	0	34412	
18062	0	35192	
18063	0	35840	
18064	0	36284	
18065	0	37048	
18066	0	37140	
18067	0	36928	
18068	0	36796	
18069	0	36396	
18070	0	36208	
18071	0	36592	
18072	0	37152	
18073	0	37140	
18074	0	36980	
18075	0	36968	
18076	0	36762	
18077	0	36164	
18078	0	35762	
18079	0	35160	
18080	0	34624	
18081	0	34704	
18082	0	34904	
18083	0	35104	
18084	0	35884	
18085	0	36944	
18086	0	37888	
18087	0	38024	
18088	0	37728	
18089	0	37240	
18090	0	36760	
18091	0	36848	
18092	0	36816	
18093	0	36616	
18094	0	36736	
18095	0	37040	
18096	0	37552	
18097	0	38016	
18098	0	38096	
18099	0	37889	
18100	0	37788	
18101	0	37920	
18102	0	37664	
18103	0	36848	
18104	0	35856	
18105	0	35340	
18106	0	35304	
18107	0	35448	
18108	0	35696	
18109	0	35688	
18110	0	35540	
18111	0	35160	
18112	0	34472	
18113	0	33264	
18114	0	32348	
18115	0	31528	
18116	0	30708	
18117	0	29732	
18118	0	28972	
18119	0	28820	
18120	0	28424	
18121	0	28320	
18122	0	28424	
18123	0	28788	
18124	0	29196	
18125	0	29740	
18126	0	29700	
18127	0	29420	
18128	0	29448	
18129	0	29060	
18130	0	28868	
18131	0	28584	
18132	0	27912	
18133	0	26920	
18134	0	26216	
18135	0	26132	
18136	0	26172	
18137	0	26376	
18138	0	27072	
18139	0	27232	
18140	0	27452	
18141	0	27592	
18142	0	27472	
18143	0	27956	
18144	0	28312	
18145	0	28136	
18146	0	28172	
18147	0	28212	
18148	0	28276	
18149	0	28192	
18150	0	27420	
18151	0	26812	
18152	0	26872	
18153	0	27036	
18154	0	27236	
18155	0	27912	
18156	0	28496	
18157	0	28908	
18158	0	28596	
18159	0	28576	
18160	0	28520	
18161	0	28536	
18162	0	28604	
18163	0	28676	
18164	0	29360	
18165	0	30248	
18166	0	30472	
18167	0	30784	
18168	0	31132	
18169	0	31320	
18170	0	31508	
18171	0	31620	
18172	0	31596	
18173	0	31228	
18174	0	30816	
18175	0	30428	
18176	0	30496	
18177	0	30520	
18178	0	30328	
18179	0	30428	
18180	0	30466	
18181	0	30480	
18182	0	30224	
18183	0	29924	
18184	0	29598	
18185	0	29464	
18186	0	29320	
18187	0	29672	
18188	0	30360	
18189	0	30924	
18190	0	31076	
18191	0	30704	
18192	0	30324	
18193	0	29920	
18194	0	29848	
18195	0	30010	
18196	0	30116	
18197	0	29788	
18198	0	29164	
18199	0	28816	
18200	0	28952	
18201	0	29268	
18202	0	29468	
18203	0	29532	
18204	0	29336	
18205	0	28860	
18206	0	28512	
18207	0	28408	
18208	0	28192	
18209	0	27672	
18210	0	27268	
18211	0	26260	
18212	0	24708	
18213	0	23004	
18214	0	20672	
18215	0	18444	
18216	0	16960	
18217	0	17052	
18218	0	18840	
18219	0	21584	
18220	0	24832	
18221	0	28192	
18222	0	31180	
18223	0	33224	
18224	0	34444	
18225	0	35032	
18226	0	34580	
18227	0	33964	
18228	0	33320	
18229	0	32348	
18230	0	31620	
18231	0	31136	
18232	0	30832	
18233	0	30712	
18234	0	31128	
18235	0	31576	
18236	0	31600	
18237	0	31824	
18238	0	32424	
18239	0	33538	
18240	0	35224	
18241	0	37036	
18242	0	38540	
18243	0	39520	
18244	0	40340	
18245	0	40408	
18246	0	40160	
18247	0	39440	
18248	0	38912	
18249	0	37852	
18250	0	36472	
18251	0	35340	
18252	0	34684	
18253	0	34652	
18254	0	34828	
18255	0	35112	
18256	0	35360	
18257	0	35352	
18258	0	35332	
18259	0	35388	
18260	0	35772	
18261	0	36628	
18262	0	37512	
18263	0	38120	
18264	0	38552	
18265	0	38696	
18266	0	38720	
18267	0	38360	
18268	0	37984	
18269	0	37876	
18270	0	37216	
18271	0	36812	
18272	0	36812	
18273	0	36652	
18274	0	36436	
18275	0	36196	
18276	0	36184	
18277	0	36264	
18278	0	36398	
18279	0	36616	
18280	0	36368	
18281	0	36496	
18282	0	36932	
18283	0	37368	
18284	0	37840	
18285	0	38088	
18286	0	37960	
18287	0	37560	
18288	0	36588	
18289	0	35448	
18290	0	34892	
18291	0	34268	
18292	0	33796	
18293	0	33740	
18294	0	34300	
18295	0	34776	
18296	0	35296	
18297	0	35596	
18298	0	35184	
18299	0	34652	
18300	0	34096	
18301	0	34144	
18302	0	34348	
18303	0	34420	
18304	0	34668	
18305	0	35080	
18306	0	34832	
18307	0	34673	
18308	0	34300	
18309	0	33764	
18310	0	33224	
18311	0	33344	
18312	0	33140	
18313	0	33052	
18314	0	33076	
18315	0	33196	
18316	0	33316	
18317	0	33364	
18318	0	33364	
18319	0	33664	
18320	0	33868	
18321	0	34276	
18322	0	34540	
18323	0	34796	
18324	0	35132	
18325	0	35660	
18326	0	35856	
18327	0	35828	
18328	0	35220	
18329	0	33928	
18330	0	33084	
18331	0	32488	
18332	0	31752	
18333	0	31396	
18334	0	31312	
18335	0	31404	
18336	0	31360	
18337	0	31505	
18338	0	32048	
18339	0	32568	
18340	0	32872	
18341	0	33104	
18342	0	33480	
18343	0	33692	
18344	0	33968	
18345	0	34256	
18346	0	34188	
18347	0	33896	
18348	0	33356	
18349	0	32648	
18350	0	32256	
18351	0	31848	
18352	0	31940	
18353	0	32144	
18354	0	32428	
18355	0	33032	
18356	0	33512	
18357	0	33928	
18358	0	34076	
18359	0	33784	
18360	0	33604	
18361	0	33776	
18362	0	33896	
18363	0	33880	
18364	0	33768	
18365	0	33944	
18366	0	33916	
18367	0	33480	
18368	0	33008	
18369	0	33160	
18370	0	33064	
18371	0	32776	
18372	0	32496	
18373	0	32376	
18374	0	32324	
18375	0	32966	
18376	0	33928	
18377	0	34332	
18378	0	34616	
18379	0	34900	
18380	0	35128	
18381	0	35120	
18382	0	34752	
18383	0	34520	
18384	0	34736	
18385	0	34688	
18386	0	34948	
18387	0	35066	
18388	0	35080	
18389	0	35024	
18390	0	35060	
18391	0	35216	
18392	0	35028	
18393	0	34548	
18394	0	33856	
18395	0	33576	
18396	0	33372	
18397	0	32996	
18398	0	32364	
18399	0	31980	
18400	0	31984	
18401	0	32208	
18402	0	32444	
18403	0	32624	
18404	0	32796	
18405	0	32740	
18406	0	32904	
18407	0	32792	
18408	0	32036	
18409	0	30996	
18410	0	30144	
18411	0	29784	
18412	0	30356	
18413	0	30828	
18414	0	31200	
18415	0	31400	
18416	0	31512	
18417	0	31632	
18418	0	31848	
18419	0	32172	
18420	0	32824	
18421	0	33406	
18422	0	33112	
18423	0	32348	
18424	0	31900	
18425	0	31756	
18426	0	31500	
18427	0	31432	
18428	0	31780	
18429	0	31984	
18430	0	32244	
18431	0	32424	
18432	0	32248	
18433	0	31800	
18434	0	31552	
18435	0	31360	
18436	0	31132	
18437	0	31248	
18438	0	31536	
18439	0	31664	
18440	0	31828	
18441	0	32096	
18442	0	32256	
18443	0	32556	
18444	0	32768	
18445	0	33130	
18446	0	33220	
18447	0	33124	
18448	0	33048	
18449	0	33088	
18450	0	32716	
18451	0	32104	
18452	0	31424	
18453	0	31016	
18454	0	31112	
18455	0	31372	
18456	0	31720	
18457	0	31920	
18458	0	31980	
18459	0	31978	
18460	0	32040	
18461	0	32324	
18462	0	32892	
18463	0	33352	
18464	0	33876	
18465	0	33764	
18466	0	33740	
18467	0	33680	
18468	0	33168	
18469	0	32672	
18470	0	32368	
18471	0	32600	
18472	0	33292	
18473	0	33644	
18474	0	33616	
18475	0	33868	
18476	0	34572	
18477	0	34548	
18478	0	34180	
18479	0	34100	
18480	0	34152	
18481	0	34104	
18482	0	34080	
18483	0	34612	
18484	0	34496	
18485	0	34112	
18486	0	33808	
18487	0	33776	
18488	0	33368	
18489	0	32848	
18490	0	33220	
18491	0	33932	
18492	0	34576	
18493	0	34316	
18494	0	34004	
18495	0	34260	
18496	0	34380	
18497	0	34568	
18498	0	34972	
18499	0	35300	
18500	0	35368	
18501	0	35260	
18502	0	35252	
18503	0	35572	
18504	0	35544	
18505	0	35472	
18506	0	34920	
18507	0	34064	
18508	0	33764	
18509	0	33276	
18510	0	32448	
18511	0	31720	
18512	0	31322	
18513	0	31396	
18514	0	31376	
18515	0	31136	
18516	0	30656	
18517	0	30268	
18518	0	29996	
18519	0	30048	
18520	0	29844	
18521	0	29868	
18522	0	29908	
18523	0	30132	
18524	0	31040	
18525	0	32184	
18526	0	32568	
18527	0	32948	
18528	0	33264	
18529	0	32496	
18530	0	31728	
18531	0	31224	
18532	0	30968	
18533	0	31240	
18534	0	31288	
18535	0	31244	
18536	0	31380	
18537	0	31472	
18538	0	31452	
18539	0	32204	
18540	0	33548	
18541	0	34716	
18542	0	34956	
18543	0	35040	
18544	0	34936	
18545	0	34708	
18546	0	34480	
18547	0	34516	
18548	0	34308	
18549	0	33472	
18550	0	32968	
18551	0	32400	
18552	0	32188	
18553	0	31940	
18554	0	31256	
18555	0	30948	
18556	0	31288	
18557	0	31708	
18558	0	32160	
18559	0	32504	
18560	0	32642	
18561	0	32116	
18562	0	31112	
18563	0	30408	
18564	0	30472	
18565	0	30600	
18566	0	30552	
18567	0	30432	
18568	0	30008	
18569	0	30156	
18570	0	30648	
18571	0	31192	
18572	0	31556	
18573	0	31616	
18574	0	31660	
18575	0	31504	
18576	0	31796	
18577	0	31840	
18578	0	31584	
18579	0	31352	
18580	0	31298	
18581	0	31600	
18582	0	31516	
18583	0	31252	
18584	0	30896	
18585	0	31108	
18586	0	31604	
18587	0	32304	
18588	0	32468	
18589	0	32168	
18590	0	31984	
18591	0	31836	
18592	0	31448	
18593	0	30568	
18594	0	30264	
18595	0	30352	
18596	0	30304	
18597	0	30146	
18598	0	30152	
18599	0	30584	
18600	0	31088	
18601	0	31436	
18602	0	31680	
18603	0	32332	
18604	0	33148	
18605	0	33648	
18606	0	33668	
18607	0	33600	
18608	0	33048	
18609	0	32944	
18610	0	33220	
18611	0	33036	
18612	0	32548	
18613	0	32672	
18614	0	32624	
18615	0	32220	
18616	0	31832	
18617	0	31272	
18618	0	30612	
18619	0	30608	
18620	0	31216	
18621	0	32168	
18622	0	32652	
18623	0	33284	
18624	0	33968	
18625	0	34448	
18626	0	34792	
18627	0	34928	
18628	0	34696	
18629	0	34420	
18630	0	34124	
18631	0	33592	
18632	0	32908	
18633	0	32664	
18634	0	32720	
18635	0	32904	
18636	0	32896	
18637	0	32948	
18638	0	32844	
18639	0	32276	
18640	0	32192	
18641	0	32480	
18642	0	32640	
18643	0	32344	
18644	0	32212	
18645	0	32424	
18646	0	32452	
18647	0	32628	
18648	0	32952	
18649	0	32904	
18650	0	32504	
18651	0	32244	
18652	0	31944	
18653	0	31892	
18654	0	31920	
18655	0	31660	
18656	0	31444	
18657	0	31908	
18658	0	32788	
18659	0	33292	
18660	0	33648	
18661	0	34016	
18662	0	34176	
18663	0	34444	
18664	0	34784	
18665	0	34944	
18666	0	34924	
18667	0	34688	
18668	0	34600	
18669	0	34100	
18670	0	33192	
18671	0	32596	
18672	0	32460	
18673	0	32408	
18674	0	32012	
18675	0	32092	
18676	0	32620	
18677	0	33448	
18678	0	34096	
18679	0	34732	
18680	0	35520	
18681	0	36096	
18682	0	36312	
18683	0	36580	
18684	0	37148	
18685	0	37740	
18686	0	38172	
18687	0	38040	
18688	0	37432	
18689	0	36556	
18690	0	36176	
18691	0	35668	
18692	0	35012	
18693	0	34664	
18694	0	33944	
18695	0	33372	
18696	0	33272	
18697	0	33440	
18698	0	33456	
18699	0	33140	
18700	0	33028	
18701	0	33134	
18702	0	33628	
18703	0	33600	
18704	0	33576	
18705	0	33316	
18706	0	32916	
18707	0	33064	
18708	0	33080	
18709	0	33052	
18710	0	33184	
18711	0	33168	
18712	0	32892	
18713	0	32956	
18714	0	33112	
18715	0	33688	
18716	0	33952	
18717	0	34172	
18718	0	34408	
18719	0	34476	
18720	0	34826	
18721	0	35820	
18722	0	37400	
18723	0	38368	
18724	0	38656	
18725	0	38680	
18726	0	38288	
18727	0	37904	
18728	0	37424	
18729	0	36376	
18730	0	35130	
18731	0	34504	
18732	0	34336	
18733	0	34228	
18734	0	34028	
18735	0	33936	
18736	0	33940	
18737	0	34396	
18738	0	35176	
18739	0	35672	
18740	0	35936	
18741	0	36276	
18742	0	36542	
18743	0	36248	
18744	0	35736	
18745	0	35552	
18746	0	35388	
18747	0	35360	
18748	0	35272	
18749	0	35290	
18750	0	35608	
18751	0	35908	
18752	0	36284	
18753	0	37024	
18754	0	37400	
18755	0	37000	
18756	0	35832	
18757	0	34512	
18758	0	33684	
18759	0	33184	
18760	0	33332	
18761	0	33320	
18762	0	33260	
18763	0	33400	
18764	0	33596	
18765	0	34188	
18766	0	34520	
18767	0	34580	
18768	0	34240	
18769	0	33588	
18770	0	32808	
18771	0	32372	
18772	0	32148	
18773	0	31944	
18774	0	32156	
18775	0	32384	
18776	0	32500	
18777	0	32444	
18778	0	31860	
18779	0	31504	
18780	0	31340	
18781	0	31580	
18782	0	31960	
18783	0	32112	
18784	0	32268	
18785	0	32384	
18786	0	32336	
18787	0	32136	
18788	0	31440	
18789	0	30488	
18790	0	30608	
18791	0	31404	
18792	0	32172	
18793	0	33248	
18794	0	34332	
18795	0	34572	
18796	0	34236	
18797	0	34256	
18798	0	34284	
18799	0	34654	
18800	0	35112	
18801	0	35488	
18802	0	36004	
18803	0	36488	
18804	0	36680	
18805	0	36362	
18806	0	36056	
18807	0	35904	
18808	0	35208	
18809	0	34664	
18810	0	34268	
18811	0	33620	
18812	0	32952	
18813	0	32288	
18814	0	31684	
18815	0	31172	
18816	0	31384	
18817	0	31916	
18818	0	32488	
18819	0	33016	
18820	0	33612	
18821	0	34784	
18822	0	36032	
18823	0	36532	
18824	0	36440	
18825	0	35920	
18826	0	35820	
18827	0	35920	
18828	0	35760	
18829	0	35176	
18830	0	34912	
18831	0	35176	
18832	0	35532	
18833	0	35504	
18834	0	34600	
18835	0	33628	
18836	0	32788	
18837	0	32240	
18838	0	32096	
18839	0	32264	
18840	0	32800	
18841	0	33924	
18842	0	34412	
18843	0	34856	
18844	0	35028	
18845	0	34908	
18846	0	34768	
18847	0	34988	
18848	0	34880	
18849	0	34808	
18850	0	34820	
18851	0	34968	
18852	0	35724	
18853	0	36368	
18854	0	36808	
18855	0	36928	
18856	0	37264	
18857	0	37108	
18858	0	36616	
18859	0	35964	
18860	0	35928	
18861	0	36100	
18862	0	36532	
18863	0	37020	
18864	0	37824	
18865	0	38096	
18866	0	38416	
18867	0	38568	
18868	0	38400	
18869	0	38252	
18870	0	37672	
18871	0	36792	
18872	0	36096	
18873	0	35588	
18874	0	35436	
18875	0	35372	
18876	0	35460	
18877	0	35352	
18878	0	34816	
18879	0	34360	
18880	0	34168	
18881	0	34460	
18882	0	34748	
18883	0	34588	
18884	0	34200	
18885	0	33916	
18886	0	33620	
18887	0	33848	
18888	0	34018	
18889	0	34272	
18890	0	34012	
18891	0	34212	
18892	0	34336	
18893	0	34344	
18894	0	34464	
18895	0	34656	
18896	0	34764	
18897	0	34868	
18898	0	34224	
18899	0	33288	
18900	0	33000	
18901	0	33000	
18902	0	33100	
18903	0	33928	
18904	0	34152	
18905	0	33860	
18906	0	33324	
18907	0	32944	
18908	0	32432	
18909	0	31640	
18910	0	30692	
18911	0	29852	
18912	0	29820	
18913	0	29800	
18914	0	30144	
18915	0	30516	
18916	0	31176	
18917	0	31656	
18918	0	31588	
18919	0	31740	
18920	0	31728	
18921	0	32016	
18922	0	32488	
18923	0	33104	
18924	0	33408	
18925	0	33004	
18926	0	32332	
18927	0	32328	
18928	0	32428	
18929	0	31968	
18930	0	31452	
18931	0	30740	
18932	0	29608	
18933	0	28684	
18934	0	28448	
18935	0	28496	
18936	0	28692	
18937	0	28890	
18938	0	28840	
18939	0	28864	
18940	0	28924	
18941	0	29076	
18942	0	29512	
18943	0	30596	
18944	0	31560	
18945	0	32024	
18946	0	32036	
18947	0	31704	
18948	0	31160	
18949	0	30320	
18950	0	29308	
18951	0	28992	
18952	0	29592	
18953	0	30360	
18954	0	30772	
18955	0	30596	
18956	0	30344	
18957	0	30112	
18958	0	29736	
18959	0	29296	
18960	0	29292	
18961	0	29220	
18962	0	29286	
18963	0	29120	
18964	0	28900	
18965	0	28560	
18966	0	28508	
18967	0	28792	
18968	0	28645	
18969	0	28372	
18970	0	28308	
18971	0	28156	
18972	0	28008	
18973	0	28276	
18974	0	27896	
18975	0	26940	
18976	0	26256	
18977	0	25912	
18978	0	26066	
18979	0	26821	
18980	0	27784	
18981	0	28684	
18982	0	29860	
18983	0	30964	
18984	0	31728	
18985	0	31952	
18986	0	31572	
18987	0	31272	
18988	0	31220	
18989	0	31184	
18990	0	30480	
18991	0	29688	
18992	0	29144	
18993	0	29000	
18994	0	29160	
18995	0	29532	
18996	0	30560	
18997	0	30888	
18998	0	31064	
18999	0	31024	
19000	0	31016	
19001	0	30820	
19002	0	30676	
19003	0	30508	
19004	0	30576	
19005	0	30548	
19006	0	30772	
19007	0	30652	
19008	0	29848	
19009	0	28736	
19010	0	28044	
19011	0	28216	
19012	0	28404	
19013	0	28716	
19014	0	28976	
19015	0	28900	
19016	0	28832	
19017	0	29316	
19018	0	29484	
19019	0	29360	
19020	0	29852	
19021	0	30456	
19022	0	31012	
19023	0	31468	
19024	0	32352	
19025	0	32658	
19026	0	32772	
19027	0	32348	
19028	0	31918	
19029	0	31872	
19030	0	32752	
19031	0	33388	
19032	0	33804	
19033	0	33724	
19034	0	33510	
19035	0	33588	
19036	0	33736	
19037	0	33744	
19038	0	33876	
19039	0	33972	
19040	0	34016	
19041	0	34032	
19042	0	34024	
19043	0	33940	
19044	0	33928	
19045	0	33904	
19046	0	34092	
19047	0	34112	
19048	0	33996	
19049	0	33832	
19050	0	33488	
19051	0	33784	
19052	0	34232	
19053	0	34436	
19054	0	34632	
19055	0	34800	
19056	0	35412	
19057	0	35640	
19058	0	35168	
19059	0	34488	
19060	0	34248	
19061	0	34288	
19062	0	34216	
19063	0	34120	
19064	0	34236	
19065	0	34292	
19066	0	34408	
19067	0	34608	
19068	0	34160	
19069	0	33692	
19070	0	33500	
19071	0	33336	
19072	0	33240	
19073	0	33024	
19074	0	32732	
19075	0	32592	
19076	0	32196	
19077	0	31564	
19078	0	30980	
19079	0	31020	
19080	0	31144	
19081	0	30992	
19082	0	30704	
19083	0	30888	
19084	0	31568	
19085	0	31640	
19086	0	31224	
19087	0	30920	
19088	0	30976	
19089	0	31352	
19090	0	31684	
19091	0	31960	
19092	0	32388	
19093	0	32896	
19094	0	33048	
19095	0	32854	
19096	0	32740	
19097	0	32560	
19098	0	32872	
19099	0	33200	
19100	0	33632	
19101	0	34132	
19102	0	34386	
19103	0	34712	
19104	0	34540	
19105	0	34368	
19106	0	33688	
19107	0	33088	
19108	0	32804	
19109	0	32532	
19110	0	32368	
19111	0	32140	
19112	0	32156	
19113	0	31804	
19114	0	31292	
19115	0	31356	
19116	0	31552	
19117	0	31888	
19118	0	32612	
19119	0	33280	
19120	0	33812	
19121	0	34076	
19122	0	34188	
19123	0	34340	
19124	0	34776	
19125	0	34876	
19126	0	34832	
19127	0	35820	
19128	0	37312	
19129	0	38180	
19130	0	38420	
19131	0	37556	
19132	0	34960	
19133	0	32344	
19134	0	30756	
19135	0	30096	
19136	0	30528	
19137	0	30736	
19138	0	30924	
19139	0	31312	
19140	0	31576	
19141	0	31828	
19142	0	32416	
19143	0	33146	
19144	0	33976	
19145	0	34752	
19146	0	35236	
19147	0	35608	
19148	0	35436	
19149	0	35592	
19150	0	35824	
19151	0	35504	
19152	0	34808	
19153	0	34452	
19154	0	34260	
19155	0	34200	
19156	0	33672	
19157	0	32680	
19158	0	31828	
19159	0	31220	
19160	0	30648	
19161	0	30852	
19162	0	31392	
19163	0	31964	
19164	0	31976	
19165	0	31960	
19166	0	32040	
19167	0	32096	
19168	0	31488	
19169	0	30988	
19170	0	30896	
19171	0	31012	
19172	0	31284	
19173	0	31532	
19174	0	31360	
19175	0	31216	
19176	0	31008	
19177	0	30792	
19178	0	30780	
19179	0	31600	
19180	0	32340	
19181	0	33140	
19182	0	33796	
19183	0	34392	
19184	0	35008	
19185	0	34884	
19186	0	34184	
19187	0	33176	
19188	0	32216	
19189	0	31748	
19190	0	31160	
19191	0	30652	
19192	0	30124	
19193	0	29596	
19194	0	29220	
19195	0	28884	
19196	0	28748	
19197	0	28368	
19198	0	28104	
19199	0	27994	
19200	0	28620	
19201	0	29432	
19202	0	29620	
19203	0	29888	
19204	0	30592	
19205	0	30732	
19206	0	31108	
19207	0	31514	
19208	0	32200	
19209	0	33276	
19210	0	33976	
19211	0	34324	
19212	0	34400	
19213	0	34232	
19214	0	34144	
19215	0	34736	
19216	0	35280	
19217	0	35796	
19218	0	35890	
19219	0	36236	
19220	0	36296	
19221	0	36160	
19222	0	36360	
19223	0	36524	
19224	0	36396	
19225	0	36156	
19226	0	35696	
19227	0	35604	
19228	0	36104	
19229	0	36464	
19230	0	36760	
19231	0	36928	
19232	0	37504	
19233	0	37740	
19234	0	37704	
19235	0	37604	
19236	0	37480	
19237	0	37436	
19238	0	37168	
19239	0	36336	
19240	0	35456	
19241	0	34648	
19242	0	34240	
19243	0	34040	
19244	0	33516	
19245	0	33460	
19246	0	33760	
19247	0	33848	
19248	0	33260	
19249	0	32000	
19250	0	30660	
19251	0	29892	
19252	0	29396	
19253	0	29424	
19254	0	29832	
19255	0	30728	
19256	0	31596	
19257	0	31972	
19258	0	32288	
19259	0	32429	
19260	0	32580	
19261	0	32636	
19262	0	32688	
19263	0	32932	
19264	0	33124	
19265	0	33528	
19266	0	33940	
19267	0	33828	
19268	0	33488	
19269	0	32708	
19270	0	32160	
19271	0	31872	
19272	0	31568	
19273	0	31552	
19274	0	31328	
19275	0	31432	
19276	0	31900	
19277	0	32172	
19278	0	32200	
19279	0	32104	
19280	0	31788	
19281	0	31824	
19282	0	31700	
19283	0	31536	
19284	0	31676	
19285	0	32042	
19286	0	32432	
19287	0	33108	
19288	0	33592	
19289	0	34320	
19290	0	34884	
19291	0	34848	
19292	0	34756	
19293	0	34496	
19294	0	34192	
19295	0	33772	
19296	0	33632	
19297	0	33584	
19298	0	33512	
19299	0	33876	
19300	0	34408	
19301	0	34840	
19302	0	35148	
19303	0	35348	
19304	0	35600	
19305	0	35504	
19306	0	34892	
19307	0	34058	
19308	0	33256	
19309	0	32518	
19310	0	32322	
19311	0	32296	
19312	0	32528	
19313	0	32596	
19314	0	31648	
19315	0	30596	
19316	0	29806	
19317	0	30000	
19318	0	30372	
19319	0	30316	
19320	0	30240	
19321	0	30104	
19322	0	30136	
19323	0	30584	
19324	0	31264	
19325	0	31482	
19326	0	31708	
19327	0	32512	
19328	0	32844	
19329	0	33224	
19330	0	33608	
19331	0	34384	
19332	0	34960	
19333	0	35080	
19334	0	34764	
19335	0	34348	
19336	0	34144	
19337	0	33928	
19338	0	33736	
19339	0	33912	
19340	0	34288	
19341	0	34028	
19342	0	34076	
19343	0	34396	
19344	0	34600	
19345	0	34576	
19346	0	34768	
19347	0	35132	
19348	0	35276	
19349	0	35152	
19350	0	34796	
19351	0	34316	
19352	0	33556	
19353	0	33144	
19354	0	33064	
19355	0	33204	
19356	0	33100	
19357	0	33068	
19358	0	33120	
19359	0	33288	
19360	0	33728	
19361	0	33924	
19362	0	34084	
19363	0	34532	
19364	0	35024	
19365	0	35156	
19366	0	34732	
19367	0	34748	
19368	0	34840	
19369	0	35108	
19370	0	34836	
19371	0	34256	
19372	0	33460	
19373	0	32680	
19374	0	32156	
19375	0	32632	
19376	0	33068	
19377	0	32952	
19378	0	32936	
19379	0	33332	
19380	0	34104	
19381	0	34948	
19382	0	35440	
19383	0	35420	
19384	0	34961	
19385	0	34768	
19386	0	34304	
19387	0	33956	
19388	0	34032	
19389	0	33840	
19390	0	33764	
19391	0	33524	
19392	0	33244	
19393	0	33200	
19394	0	33144	
19395	0	32852	
19396	0	32444	
19397	0	32136	
19398	0	32008	
19399	0	31952	
19400	0	31840	
19401	0	32344	
19402	0	33168	
19403	0	33240	
19404	0	32868	
19405	0	32924	
19406	0	32720	
19407	0	32660	
19408	0	32488	
19409	0	32408	
19410	0	32536	
19411	0	32898	
19412	0	33464	
19413	0	34084	
19414	0	34364	
19415	0	34432	
19416	0	34416	
19417	0	35010	
19418	0	35304	
19419	0	35128	
19420	0	34988	
19421	0	34768	
19422	0	34320	
19423	0	33760	
19424	0	32921	
19425	0	32196	
19426	0	31720	
19427	0	31680	
19428	0	31840	
19429	0	32156	
19430	0	32820	
19431	0	32976	
19432	0	32816	
19433	0	32672	
19434	0	32384	
19435	0	32256	
19436	0	32276	
19437	0	32508	
19438	0	32228	
19439	0	31824	
19440	0	31664	
19441	0	31856	
19442	0	31916	
19443	0	32292	
19444	0	32620	
19445	0	32916	
19446	0	32896	
19447	0	32884	
19448	0	31916	
19449	0	30768	
19450	0	29920	
19451	0	30132	
19452	0	30712	
19453	0	30612	
19454	0	30156	
19455	0	30156	
19456	0	30520	
19457	0	30232	
19458	0	30568	
19459	0	30936	
19460	0	31500	
19461	0	31560	
19462	0	31288	
19463	0	31444	
19464	0	31552	
19465	0	31796	
19466	0	32260	
19467	0	32564	
19468	0	32568	
19469	0	32380	
19470	0	31632	
19471	0	30900	
19472	0	30628	
19473	0	30236	
19474	0	30136	
19475	0	29968	
19476	0	29750	
19477	0	29552	
19478	0	29172	
19479	0	28880	
19480	0	29132	
19481	0	29452	
19482	0	29314	
19483	0	28920	
19484	0	28652	
19485	0	27916	
19486	0	26892	
19487	0	25528	
19488	0	23586	
19489	0	22060	
19490	0	21160	
19491	0	20880	
19492	0	21268	
19493	0	22060	
19494	0	22858	
19495	0	23188	
19496	0	23748	
19497	0	24332	
19498	0	25024	
19499	0	25810	
19500	0	26584	
19501	0	27410	
19502	0	27740	
19503	0	27876	
19504	0	28440	
19505	0	29164	
19506	0	29936	
19507	0	30344	
19508	0	29928	
19509	0	29476	
19510	0	29536	
19511	0	29760	
19512	0	29800	
19513	0	29600	
19514	0	29824	
19515	0	29572	
19516	0	29464	
19517	0	28928	
19518	0	28464	
19519	0	28236	
19520	0	28324	
19521	0	28948	
19522	0	29888	
19523	0	31080	
19524	0	32240	
19525	0	32972	
19526	0	33184	
19527	0	33248	
19528	0	33036	
19529	0	32968	
19530	0	32580	
19531	0	32212	
19532	0	31640	
19533	0	31512	
19534	0	31448	
19535	0	31440	
19536	0	31620	
19537	0	31748	
19538	0	31760	
19539	0	31264	
19540	0	31140	
19541	0	31064	
19542	0	31408	
19543	0	32268	
19544	0	33272	
19545	0	33440	
19546	0	33264	
19547	0	33636	
19548	0	33572	
19549	0	33096	
19550	0	32780	
19551	0	32712	
19552	0	32168	
19553	0	31936	
19554	0	31676	
19555	0	31588	
19556	0	31448	
19557	0	30952	
19558	0	30796	
19559	0	30636	
19560	0	30660	
19561	0	30848	
19562	0	31200	
19563	0	31664	
19564	0	31640	
19565	0	31672	
19566	0	31536	
19567	0	30800	
19568	0	29680	
19569	0	28916	
19570	0	28368	
19571	0	28296	
19572	0	28224	
19573	0	27717	
19574	0	27136	
19575	0	27236	
19576	0	27760	
19577	0	28580	
19578	0	29740	
19579	0	30816	
19580	0	31772	
19581	0	32669	
19582	0	33280	
19583	0	33608	
19584	0	33832	
19585	0	33584	
19586	0	33300	
19587	0	33252	
19588	0	33220	
19589	0	33172	
19590	0	32804	
19591	0	32364	
19592	0	32352	
19593	0	31940	
19594	0	31836	
19595	0	32164	
19596	0	32584	
19597	0	32900	
19598	0	33072	
19599	0	32996	
19600	0	32956	
19601	0	32944	
19602	0	33124	
19603	0	33644	
19604	0	33784	
19605	0	33804	
19606	0	33444	
19607	0	33364	
19608	0	32892	
19609	0	32540	
19610	0	32260	
19611	0	31640	
19612	0	31548	
19613	0	32298	
19614	0	33032	
19615	0	33424	
19616	0	33352	
19617	0	32748	
19618	0	32380	
19619	0	32096	
19620	0	32216	
19621	0	32436	
19622	0	32568	
19623	0	32632	
19624	0	33030	
19625	0	33328	
19626	0	33472	
19627	0	33752	
19628	0	33540	
19629	0	33436	
19630	0	33008	
19631	0	32996	
19632	0	33712	
19633	0	34072	
19634	0	34140	
19635	0	33760	
19636	0	33052	
19637	0	32608	
19638	0	32404	
19639	0	32304	
19640	0	32812	
19641	0	33620	
19642	0	34322	
19643	0	34764	
19644	0	35232	
19645	0	35368	
19646	0	35092	
19647	0	34136	
19648	0	32780	
19649	0	31797	
19650	0	31340	
19651	0	31296	
19652	0	31376	
19653	0	31096	
19654	0	30740	
19655	0	30464	
19656	0	30936	
19657	0	31312	
19658	0	31276	
19659	0	31216	
19660	0	31668	
19661	0	32376	
19662	0	33052	
19663	0	33312	
19664	0	33584	
19665	0	33940	
19666	0	34132	
19667	0	33628	
19668	0	33028	
19669	0	32640	
19670	0	32076	
19671	0	31560	
19672	0	31340	
19673	0	31576	
19674	0	32372	
19675	0	32668	
19676	0	32928	
19677	0	34126	
19678	0	35904	
19679	0	37264	
19680	0	38056	
19681	0	37368	
19682	0	35148	
19683	0	33082	
19684	0	32316	
19685	0	31836	
19686	0	31624	
19687	0	31496	
19688	0	30936	
19689	0	30600	
19690	0	30816	
19691	0	31172	
19692	0	31144	
19693	0	30928	
19694	0	30936	
19695	0	31656	
19696	0	32564	
19697	0	33336	
19698	0	34024	
19699	0	34376	
19700	0	35196	
19701	0	35896	
19702	0	35864	
19703	0	35296	
19704	0	35284	
19705	0	34860	
19706	0	34140	
19707	0	33464	
19708	0	32764	
19709	0	32508	
19710	0	31624	
19711	0	30784	
19712	0	30356	
19713	0	30212	
19714	0	30392	
19715	0	30996	
19716	0	31192	
19717	0	31096	
19718	0	31124	
19719	0	31260	
19720	0	31688	
19721	0	32036	
19722	0	32440	
19723	0	32794	
19724	0	33000	
19725	0	33496	
19726	0	33836	
19727	0	33940	
19728	0	34036	
19729	0	33888	
19730	0	33336	
19731	0	32652	
19732	0	32476	
19733	0	32624	
19734	0	33076	
19735	0	33548	
19736	0	33772	
19737	0	34016	
19738	0	33940	
19739	0	33648	
19740	0	33608	
19741	0	33872	
19742	0	33964	
19743	0	34120	
19744	0	33908	
19745	0	33492	
19746	0	33346	
19747	0	33444	
19748	0	33348	
19749	0	33228	
19750	0	33548	
19751	0	34200	
19752	0	34968	
19753	0	35740	
19754	0	36616	
19755	0	37316	
19756	0	37424	
19757	0	37420	
19758	0	37576	
19759	0	37620	
19760	0	37656	
19761	0	37412	
19762	0	37080	
19763	0	36428	
19764	0	36040	
19765	0	35688	
19766	0	35704	
19767	0	35428	
19768	0	34712	
19769	0	33892	
19770	0	33044	
19771	0	32424	
19772	0	32056	
19773	0	32132	
19774	0	32468	
19775	0	32708	
19776	0	32812	
19777	0	32852	
19778	0	32844	
19779	0	33008	
19780	0	33084	
19781	0	33496	
19782	0	33496	
19783	0	33488	
19784	0	33904	
19785	0	34276	
19786	0	34500	
19787	0	34888	
19788	0	35108	
19789	0	34772	
19790	0	34048	
19791	0	33428	
19792	0	32428	
19793	0	31312	
19794	0	30392	
19795	0	30024	
19796	0	29996	
19797	0	30180	
19798	0	30686	
19799	0	31184	
19800	0	31652	
19801	0	31952	
19802	0	32432	
19803	0	32488	
19804	0	32340	
19805	0	32468	
19806	0	32544	
19807	0	32300	
19808	0	32108	
19809	0	31916	
19810	0	31016	
19811	0	30108	
19812	0	29740	
19813	0	29764	
19814	0	30132	
19815	0	30308	
19816	0	30700	
19817	0	31168	
19818	0	32024	
19819	0	32892	
19820	0	33600	
19821	0	33752	
19822	0	33704	
19823	0	33948	
19824	0	34564	
19825	0	35144	
19826	0	34920	
19827	0	34436	
19828	0	33952	
19829	0	34128	
19830	0	34688	
19831	0	35368	
19832	0	35900	
19833	0	36320	
19834	0	36716	
19835	0	37124	
19836	0	37144	
19837	0	36664	
19838	0	35832	
19839	0	35596	
19840	0	35400	
19841	0	35104	
19842	0	35040	
19843	0	35320	
19844	0	36076	
19845	0	37024	
19846	0	37656	
19847	0	38040	
19848	0	37700	
19849	0	37616	
19850	0	37728	
19851	0	37592	
19852	0	36716	
19853	0	36172	
19854	0	36084	
19855	0	35684	
19856	0	35192	
19857	0	34568	
19858	0	34444	
19859	0	34208	
19860	0	33968	
19861	0	33996	
19862	0	34316	
19863	0	34512	
19864	0	34380	
19865	0	34064	
19866	0	33936	
19867	0	33680	
19868	0	32704	
19869	0	31660	
19870	0	30800	
19871	0	30692	
19872	0	31048	
19873	0	31164	
19874	0	31356	
19875	0	31556	
19876	0	31896	
19877	0	32561	
19878	0	32808	
19879	0	32592	
19880	0	32076	
19881	0	31836	
19882	0	31968	
19883	0	32324	
19884	0	32372	
19885	0	32680	
19886	0	32888	
19887	0	33328	
19888	0	34000	
19889	0	34604	
19890	0	34424	
19891	0	34456	
19892	0	34496	
19893	0	34564	
19894	0	34210	
19895	0	33396	
19896	0	32568	
19897	0	31892	
19898	0	31960	
19899	0	32336	
19900	0	33148	
19901	0	33832	
19902	0	34376	
19903	0	35200	
19904	0	35316	
19905	0	35404	
19906	0	35380	
19907	0	35608	
19908	0	35016	
19909	0	34340	
19910	0	33580	
19911	0	32852	
19912	0	32280	
19913	0	32328	
19914	0	32208	
19915	0	31936	
19916	0	31960	
19917	0	32148	
19918	0	32000	
19919	0	32104	
19920	0	32632	
19921	0	33192	
19922	0	33524	
19923	0	33512	
19924	0	33152	
19925	0	32872	
19926	0	32924	
19927	0	33312	
19928	0	33548	
19929	0	33716	
19930	0	33380	
19931	0	33572	
19932	0	34472	
19933	0	35388	
19934	0	36164	
19935	0	36748	
19936	0	36292	
19937	0	35748	
19938	0	35792	
19939	0	36320	
19940	0	36764	
19941	0	37276	
19942	0	37640	
19943	0	37812	
19944	0	37352	
19945	0	36772	
19946	0	36264	
19947	0	35600	
19948	0	35304	
19949	0	34860	
19950	0	33784	
19951	0	32836	
19952	0	32292	
19953	0	31916	
19954	0	31528	
19955	0	31700	
19956	0	31912	
19957	0	31724	
19958	0	31316	
19959	0	31152	
19960	0	31248	
19961	0	31536	
19962	0	32012	
19963	0	32520	
19964	0	33356	
19965	0	33632	
19966	0	34108	
19967	0	34176	
19968	0	34236	
19969	0	34288	
19970	0	34036	
19971	0	33596	
19972	0	32980	
19973	0	32524	
19974	0	32560	
19975	0	32416	
19976	0	31976	
19977	0	31700	
19978	0	31832	
19979	0	31860	
19980	0	31832	
19981	0	32000	
19982	0	32072	
19983	0	32052	
19984	0	32020	
19985	0	32000	
19986	0	31536	
19987	0	31008	
19988	0	30560	
19989	0	30092	
19990	0	29656	
19991	0	29712	
19992	0	29904	
19993	0	29812	
19994	0	30070	
19995	0	30464	
19996	0	30660	
19997	0	30952	
19998	0	31176	
19999	0	31328	
20000	0	31616	
20001	0	32192	
20002	0	32512	
20003	0	32516	
20004	0	32372	
20005	0	31754	
20006	0	31222	
20007	0	31132	
20008	0	30900	
20009	0	30712	
20010	0	30316	
20011	0	29872	
20012	0	29680	
20013	0	29580	
20014	0	29432	
20015	0	29576	
20016	0	30112	
20017	0	30892	
20018	0	31064	
20019	0	30616	
20020	0	29572	
20021	0	28464	
20022	0	27842	
20023	0	28024	
20024	0	28896	
20025	0	29472	
20026	0	29588	
20027	0	29456	
20028	0	29532	
20029	0	29652	
20030	0	29308	
20031	0	28909	
20032	0	28736	
20033	0	28676	
20034	0	28556	
20035	0	28096	
20036	0	27264	
20037	0	26514	
20038	0	25772	
20039	0	25472	
20040	0	26084	
20041	0	26580	
20042	0	27124	
20043	0	28144	
20044	0	28772	
20045	0	28920	
20046	0	29044	
20047	0	29428	
20048	0	30184	
20049	0	30880	
20050	0	31368	
20051	0	31168	
20052	0	31156	
20053	0	31056	
20054	0	30992	
20055	0	30884	
20056	0	30756	
20057	0	30704	
20058	0	30484	
20059	0	30800	
20060	0	31456	
20061	0	31772	
20062	0	31932	
20063	0	32580	
20064	0	33816	
20065	0	34160	
20066	0	34488	
20067	0	34420	
20068	0	34016	
20069	0	33800	
20070	0	33448	
20071	0	32872	
20072	0	32608	
20073	0	32528	
20074	0	32898	
20075	0	33480	
20076	0	33804	
20077	0	33754	
20078	0	33496	
20079	0	33072	
20080	0	32904	
20081	0	32688	
20082	0	32656	
20083	0	32852	
20084	0	32568	
20085	0	31360	
20086	0	30720	
20087	0	30340	
20088	0	29582	
20089	0	28945	
20090	0	28524	
20091	0	28400	
20092	0	28500	
20093	0	28712	
20094	0	29152	
20095	0	29532	
20096	0	29568	
20097	0	29676	
20098	0	29840	
20099	0	30320	
20100	0	30460	
20101	0	30948	
20102	0	31184	
20103	0	31268	
20104	0	31048	
20105	0	30856	
20106	0	30408	
20107	0	30128	
20108	0	29972	
20109	0	29812	
20110	0	29828	
20111	0	30036	
20112	0	30300	
20113	0	30524	
20114	0	30168	
20115	0	30160	
20116	0	30284	
20117	0	30252	
20118	0	30276	
20119	0	30564	
20120	0	31252	
20121	0	31708	
20122	0	32176	
20123	0	32968	
20124	0	33770	
20125	0	34188	
20126	0	34288	
20127	0	34384	
20128	0	34344	
20129	0	34144	
20130	0	34144	
20131	0	34352	
20132	0	34436	
20133	0	34740	
20134	0	35132	
20135	0	35244	
20136	0	35336	
20137	0	35876	
20138	0	36704	
20139	0	37644	
20140	0	38632	
20141	0	39656	
20142	0	40292	
20143	0	40952	
20144	0	41564	
20145	0	41748	
20146	0	41236	
20147	0	40812	
20148	0	39780	
20149	0	38916	
20150	0	38184	
20151	0	37464	
20152	0	36860	
20153	0	36304	
20154	0	36024	
20155	0	35512	
20156	0	34772	
20157	0	34316	
20158	0	34148	
20159	0	34176	
20160	0	34892	
20161	0	35476	
20162	0	35802	
20163	0	35808	
20164	0	35256	
20165	0	34516	
20166	0	33944	
20167	0	33208	
20168	0	31728	
20169	0	30132	
20170	0	28684	
20171	0	27736	
20172	0	26886	
20173	0	25908	
20174	0	25412	
20175	0	24850	
20176	0	24384	
20177	0	24060	
20178	0	24336	
20179	0	24904	
20180	0	25356	
20181	0	26044	
20182	0	26462	
20183	0	26910	
20184	0	27396	
20185	0	27416	
20186	0	27340	
20187	0	27088	
20188	0	26558	
20189	0	26356	
20190	0	26144	
20191	0	26204	
20192	0	26080	
20193	0	25784	
20194	0	25604	
20195	0	26020	
20196	0	26668	
20197	0	27312	
20198	0	28420	
20199	0	29504	
20200	0	30704	
20201	0	32184	
20202	0	33356	
20203	0	34220	
20204	0	34608	
20205	0	34476	
20206	0	34476	
20207	0	34342	
20208	0	33864	
20209	0	33344	
20210	0	32849	
20211	0	31788	
20212	0	31592	
20213	0	31740	
20214	0	31856	
20215	0	32096	
20216	0	32256	
20217	0	32440	
20218	0	32344	
20219	0	31938	
20220	0	32060	
20221	0	32180	
20222	0	32512	
20223	0	32636	
20224	0	32600	
20225	0	33036	
20226	0	33654	
20227	0	33852	
20228	0	33888	
20229	0	33952	
20230	0	33524	
20231	0	33156	
20232	0	32692	
20233	0	32292	
20234	0	32158	
20235	0	32360	
20236	0	32368	
20237	0	32540	
20238	0	32984	
20239	0	33804	
20240	0	34546	
20241	0	35000	
20242	0	35004	
20243	0	34472	
20244	0	33824	
20245	0	33436	
20246	0	33388	
20247	0	33132	
20248	0	32688	
20249	0	32364	
20250	0	32096	
20251	0	32248	
20252	0	32292	
20253	0	32200	
20254	0	31876	
20255	0	31500	
20256	0	31360	
20257	0	31192	
20258	0	31016	
20259	0	31052	
20260	0	31404	
20261	0	31808	
20262	0	32192	
20263	0	32688	
20264	0	33168	
20265	0	33608	
20266	0	33852	
20267	0	34088	
20268	0	34300	
20269	0	34472	
20270	0	34800	
20271	0	35244	
20272	0	35760	
20273	0	36104	
20274	0	36524	
20275	0	36688	
20276	0	36392	
20277	0	35796	
20278	0	35172	
20279	0	34520	
20280	0	33756	
20281	0	33316	
20282	0	33624	
20283	0	34032	
20284	0	34700	
20285	0	35916	
20286	0	37468	
20287	0	38660	
20288	0	39484	
20289	0	38480	
20290	0	35824	
20291	0	33952	
20292	0	33012	
20293	0	32416	
20294	0	32264	
20295	0	32528	
20296	0	32576	
20297	0	32840	
20298	0	32488	
20299	0	32204	
20300	0	32588	
20301	0	33224	
20302	0	33660	
20303	0	33900	
20304	0	33972	
20305	0	34272	
20306	0	34836	
20307	0	35120	
20308	0	34668	
20309	0	34076	
20310	0	33700	
20311	0	33548	
20312	0	33356	
20313	0	33132	
20314	0	32812	
20315	0	32916	
20316	0	33056	
20317	0	32824	
20318	0	32896	
20319	0	32756	
20320	0	32920	
20321	0	33384	
20322	0	33872	
20323	0	34348	
20324	0	35104	
20325	0	35640	
20326	0	36436	
20327	0	36980	
20328	0	36836	
20329	0	36296	
20330	0	35772	
20331	0	35256	
20332	0	34940	
20333	0	34824	
20334	0	35100	
20335	0	35316	
20336	0	35536	
20337	0	35970	
20338	0	35972	
20339	0	36000	
20340	0	36140	
20341	0	36128	
20342	0	36504	
20343	0	37188	
20344	0	37384	
20345	0	37584	
20346	0	37740	
20347	0	37764	
20348	0	37360	
20349	0	36844	
20350	0	36388	
20351	0	35980	
20352	0	35496	
20353	0	35096	
20354	0	35036	
20355	0	34996	
20356	0	34900	
20357	0	34764	
20358	0	34156	
20359	0	33720	
20360	0	33768	
20361	0	34120	
20362	0	34084	
20363	0	34268	
20364	0	34400	
20365	0	34316	
20366	0	33898	
20367	0	32988	
20368	0	32088	
20369	0	31528	
20370	0	31592	
20371	0	31660	
20372	0	31128	
20373	0	31032	
20374	0	31040	
20375	0	31384	
20376	0	31548	
20377	0	31952	
20378	0	31708	
20379	0	31596	
20380	0	31896	
20381	0	32364	
20382	0	32728	
20383	0	33340	
20384	0	33882	
20385	0	33988	
20386	0	34360	
20387	0	34072	
20388	0	33636	
20389	0	32888	
20390	0	31960	
20391	0	31340	
20392	0	31664	
20393	0	32156	
20394	0	32444	
20395	0	33208	
20396	0	34348	
20397	0	35112	
20398	0	34992	
20399	0	34752	
20400	0	35240	
20401	0	35832	
20402	0	36344	
20403	0	36740	
20404	0	37060	
20405	0	37244	
20406	0	37484	
20407	0	36920	
20408	0	35724	
20409	0	34756	
20410	0	34696	
20411	0	35196	
20412	0	35956	
20413	0	36304	
20414	0	36224	
20415	0	36048	
20416	0	35524	
20417	0	34900	
20418	0	34612	
20419	0	34184	
20420	0	34704	
20421	0	35136	
20422	0	35476	
20423	0	36248	
20424	0	37160	
20425	0	37468	
20426	0	37636	
20427	0	37460	
20428	0	37312	
20429	0	37160	
20430	0	36572	
20431	0	36224	
20432	0	36256	
20433	0	36084	
20434	0	35796	
20435	0	35840	
20436	0	35796	
20437	0	35000	
20438	0	33556	
20439	0	32468	
20440	0	32020	
20441	0	31656	
20442	0	31712	
20443	0	32224	
20444	0	32312	
20445	0	31888	
20446	0	31304	
20447	0	30594	
20448	0	29668	
20449	0	28520	
20450	0	27966	
20451	0	27668	
20452	0	27480	
20453	0	27732	
20454	0	28480	
20455	0	28880	
20456	0	29384	
20457	0	29736	
20458	0	29980	
20459	0	30260	
20460	0	29764	
20461	0	28996	
20462	0	28816	
20463	0	28858	
20464	0	29216	
20465	0	29676	
20466	0	30636	
20467	0	31468	
20468	0	32400	
20469	0	32704	
20470	0	32388	
20471	0	32224	
20472	0	31700	
20473	0	30672	
20474	0	29964	
20475	0	29532	
20476	0	29608	
20477	0	29616	
20478	0	29560	
20479	0	29704	
20480	0	30276	
20481	0	30652	
20482	0	31130	
20483	0	31788	
20484	0	32546	
20485	0	32984	
20486	0	33112	
20487	0	33224	
20488	0	33316	
20489	0	33088	
20490	0	32508	
20491	0	31976	
20492	0	31800	
20493	0	31264	
20494	0	30896	
20495	0	30664	
20496	0	30400	
20497	0	29970	
20498	0	29624	
20499	0	30288	
20500	0	30908	
20501	0	31962	
20502	0	32928	
20503	0	33960	
20504	0	34364	
20505	0	34292	
20506	0	33968	
20507	0	33332	
20508	0	32912	
20509	0	32440	
20510	0	31820	
20511	0	32028	
20512	0	32472	
20513	0	32304	
20514	0	31536	
20515	0	30856	
20516	0	30756	
20517	0	30488	
20518	0	30074	
20519	0	30236	
20520	0	30456	
20521	0	30460	
20522	0	30704	
20523	0	31264	
20524	0	31556	
20525	0	31280	
20526	0	31040	
20527	0	30980	
20528	0	31154	
20529	0	31172	
20530	0	30753	
20531	0	29656	
20532	0	28961	
20533	0	28704	
20534	0	28520	
20535	0	28504	
20536	0	28448	
20537	0	28356	
20538	0	28592	
20539	0	28980	
20540	0	29760	
20541	0	30620	
20542	0	30726	
20543	0	30224	
20544	0	29608	
20545	0	29026	
20546	0	28648	
20547	0	28276	
20548	0	28048	
20549	0	27588	
20550	0	26608	
20551	0	26320	
20552	0	26376	
20553	0	26216	
20554	0	26372	
20555	0	26502	
20556	0	26500	
20557	0	26736	
20558	0	26820	
20559	0	26960	
20560	0	27940	
20561	0	28652	
20562	0	29140	
20563	0	30052	
20564	0	31164	
20565	0	31344	
20566	0	31308	
20567	0	30932	
20568	0	30112	
20569	0	29304	
20570	0	28936	
20571	0	28800	
20572	0	29032	
20573	0	29156	
20574	0	29488	
20575	0	29616	
20576	0	29504	
20577	0	29080	
20578	0	28824	
20579	0	28968	
20580	0	29360	
20581	0	29444	
20582	0	29672	
20583	0	30408	
20584	0	30572	
20585	0	30532	
20586	0	30884	
20587	0	31116	
20588	0	30688	
20589	0	30168	
20590	0	29780	
20591	0	29344	
20592	0	29084	
20593	0	29068	
20594	0	29536	
20595	0	29956	
20596	0	30260	
20597	0	30304	
20598	0	30216	
20599	0	30128	
20600	0	29888	
20601	0	30072	
20602	0	30392	
20603	0	30420	
20604	0	30212	
20605	0	29884	
20606	0	29776	
20607	0	29840	
20608	0	30132	
20609	0	30672	
20610	0	31332	
20611	0	31820	
20612	0	31792	
20613	0	31940	
20614	0	32216	
20615	0	32496	
20616	0	32520	
20617	0	32704	
20618	0	32612	
20619	0	32920	
20620	0	33640	
20621	0	34160	
20622	0	34412	
20623	0	34384	
20624	0	34336	
20625	0	34344	
20626	0	34996	
20627	0	35376	
20628	0	35572	
20629	0	35668	
20630	0	35544	
20631	0	36096	
20632	0	36048	
20633	0	35816	
20634	0	35248	
20635	0	34716	
20636	0	34488	
20637	0	34148	
20638	0	33256	
20639	0	32812	
20640	0	32572	
20641	0	32740	
20642	0	33632	
20643	0	34360	
20644	0	34368	
20645	0	34416	
20646	0	34944	
20647	0	35756	
20648	0	35896	
20649	0	36020	
20650	0	36188	
20651	0	36428	
20652	0	35968	
20653	0	35680	
20654	0	35448	
20655	0	35064	
20656	0	34492	
20657	0	34048	
20658	0	34292	
20659	0	34676	
20660	0	34512	
20661	0	34364	
20662	0	34464	
20663	0	34636	
20664	0	34800	
20665	0	35000	
20666	0	35324	
20667	0	35472	
20668	0	34788	
20669	0	34184	
20670	0	33660	
20671	0	33212	
20672	0	32880	
20673	0	32880	
20674	0	33144	
20675	0	33176	
20676	0	33186	
20677	0	33276	
20678	0	33512	
20679	0	33844	
20680	0	34084	
20681	0	34240	
20682	0	34672	
20683	0	34476	
20684	0	34596	
20685	0	35352	
20686	0	35896	
20687	0	36028	
20688	0	36300	
20689	0	36552	
20690	0	36784	
20691	0	37044	
20692	0	37172	
20693	0	37356	
20694	0	37104	
20695	0	36380	
20696	0	34912	
20697	0	33660	
20698	0	33140	
20699	0	32964	
20700	0	33388	
20701	0	33996	
20702	0	34240	
20703	0	34360	
20704	0	34568	
20705	0	34780	
20706	0	35088	
20707	0	34976	
20708	0	34740	
20709	0	34688	
20710	0	34676	
20711	0	34508	
20712	0	34128	
20713	0	33908	
20714	0	34248	
20715	0	34556	
20716	0	34688	
20717	0	34692	
20718	0	34652	
20719	0	34784	
20720	0	35652	
20721	0	36516	
20722	0	37332	
20723	0	37868	
20724	0	37568	
20725	0	36756	
20726	0	35992	
20727	0	35420	
20728	0	35056	
20729	0	34824	
20730	0	34360	
20731	0	34128	
20732	0	34320	
20733	0	34756	
20734	0	35256	
20735	0	35160	
20736	0	34632	
20737	0	33868	
20738	0	32992	
20739	0	32644	
20740	0	32736	
20741	0	33352	
20742	0	33800	
20743	0	34292	
20744	0	34936	
20745	0	35032	
20746	0	35064	
20747	0	34792	
20748	0	34032	
20749	0	33482	
20750	0	33252	
20751	0	33088	
20752	0	32900	
20753	0	32772	
20754	0	32232	
20755	0	32292	
20756	0	32276	
20757	0	32756	
20758	0	33104	
20759	0	34032	
20760	0	34896	
20761	0	35436	
20762	0	35416	
20763	0	34936	
20764	0	34548	
20765	0	34092	
20766	0	34156	
20767	0	33788	
20768	0	33016	
20769	0	32320	
20770	0	32000	
20771	0	31488	
20772	0	31540	
20773	0	31964	
20774	0	32516	
20775	0	32796	
20776	0	33092	
20777	0	33040	
20778	0	32720	
20779	0	32912	
20780	0	33724	
20781	0	34784	
20782	0	35788	
20783	0	36160	
20784	0	36052	
20785	0	35408	
20786	0	35056	
20787	0	34632	
20788	0	34112	
20789	0	33520	
20790	0	33124	
20791	0	32748	
20792	0	32300	
20793	0	32332	
20794	0	32088	
20795	0	31752	
20796	0	31344	
20797	0	31044	
20798	0	30872	
20799	0	30932	
20800	0	31544	
20801	0	32256	
20802	0	32572	
20803	0	32576	
20804	0	32680	
20805	0	32496	
20806	0	32276	
20807	0	31452	
20808	0	30988	
20809	0	30732	
20810	0	30328	
20811	0	30080	
20812	0	30008	
20813	0	29760	
20814	0	29420	
20815	0	29372	
20816	0	29320	
20817	0	29768	
20818	0	30080	
20819	0	30452	
20820	0	30932	
20821	0	31524	
20822	0	32100	
20823	0	32834	
20824	0	33560	
20825	0	33642	
20826	0	33384	
20827	0	32840	
20828	0	32256	
20829	0	32056	
20830	0	31980	
20831	0	31776	
20832	0	32008	
20833	0	32500	
20834	0	32932	
20835	0	32956	
20836	0	32460	
20837	0	32064	
20838	0	31500	
20839	0	31144	
20840	0	31280	
20841	0	31576	
20842	0	32080	
20843	0	32944	
20844	0	33972	
20845	0	34680	
20846	0	35104	
20847	0	35136	
20848	0	35120	
20849	0	34668	
20850	0	34396	
20851	0	34188	
20852	0	34504	
20853	0	35036	
20854	0	35536	
20855	0	35816	
20856	0	35696	
20857	0	35286	
20858	0	34804	
20859	0	34628	
20860	0	34852	
20861	0	35164	
20862	0	35540	
20863	0	35688	
20864	0	35284	
20865	0	35052	
20866	0	34672	
20867	0	34216	
20868	0	33648	
20869	0	32816	
20870	0	32296	
20871	0	32304	
20872	0	32548	
20873	0	32784	
20874	0	32812	
20875	0	32788	
20876	0	32676	
20877	0	32736	
20878	0	33056	
20879	0	33840	
20880	0	34292	
20881	0	34484	
20882	0	34800	
20883	0	35104	
20884	0	34920	
20885	0	34780	
20886	0	34708	
20887	0	34564	
20888	0	34256	
20889	0	33868	
20890	0	33818	
20891	0	33860	
20892	0	34024	
20893	0	34260	
20894	0	34304	
20895	0	34288	
20896	0	34224	
20897	0	34424	
20898	0	34408	
20899	0	34508	
20900	0	35172	
20901	0	35936	
20902	0	37248	
20903	0	38320	
20904	0	38796	
20905	0	39042	
20906	0	39196	
20907	0	38992	
20908	0	38740	
20909	0	38372	
20910	0	37856	
20911	0	37056	
20912	0	36696	
20913	0	36528	
20914	0	36660	
20915	0	36600	
20916	0	36424	
20917	0	36656	
20918	0	36504	
20919	0	36084	
20920	0	35928	
20921	0	36176	
20922	0	36948	
20923	0	37512	
20924	0	36744	
20925	0	35880	
20926	0	35192	
20927	0	34512	
20928	0	33848	
20929	0	33452	
20930	0	33360	
20931	0	33000	
20932	0	32572	
20933	0	32072	
20934	0	31920	
20935	0	32160	
20936	0	32532	
20937	0	32692	
20938	0	32824	
20939	0	32780	
20940	0	33232	
20941	0	33464	
20942	0	33276	
20943	0	33068	
20944	0	32764	
20945	0	32336	
20946	0	32204	
20947	0	32260	
20948	0	32008	
20949	0	31840	
20950	0	32200	
20951	0	32668	
20952	0	33420	
20953	0	33664	
20954	0	33220	
20955	0	32500	
20956	0	32162	
20957	0	32088	
20958	0	32104	
20959	0	31928	
20960	0	31764	
20961	0	31752	
20962	0	31948	
20963	0	32320	
20964	0	32732	
20965	0	33372	
20966	0	33756	
20967	0	33268	
20968	0	33104	
20969	0	33424	
20970	0	33288	
20971	0	32760	
20972	0	32464	
20973	0	32472	
20974	0	32852	
20975	0	33368	
20976	0	33456	
20977	0	33312	
20978	0	33132	
20979	0	33176	
20980	0	33748	
20981	0	34460	
20982	0	34936	
20983	0	35056	
20984	0	34984	
20985	0	34492	
20986	0	34056	
20987	0	33388	
20988	0	32764	
20989	0	32508	
20990	0	32628	
20991	0	32280	
20992	0	31944	
20993	0	31496	
20994	0	31356	
20995	0	31564	
20996	0	32024	
20997	0	32116	
20998	0	32304	
20999	0	32536	
21000	0	32336	
21001	0	32168	
21002	0	32232	
21003	0	32948	
21004	0	33340	
21005	0	33172	
21006	0	33004	
21007	0	32092	
21008	0	30784	
21009	0	29308	
21010	0	28720	
21011	0	28796	
21012	0	28608	
21013	0	28296	
21014	0	28064	
21015	0	27924	
21016	0	27924	
21017	0	27668	
21018	0	27388	
21019	0	27485	
21020	0	28088	
21021	0	28728	
21022	0	29056	
21023	0	29148	
21024	0	28764	
21025	0	28490	
21026	0	29073	
21027	0	29784	
21028	0	30400	
21029	0	30350	
21030	0	29716	
21031	0	29236	
21032	0	29284	
21033	0	29440	
21034	0	29520	
21035	0	29848	
21036	0	29708	
21037	0	29400	
21038	0	29112	
21039	0	28817	
21040	0	29320	
21041	0	29576	
21042	0	29600	
21043	0	28940	
21044	0	28344	
21045	0	27784	
21046	0	27428	
21047	0	27128	
21048	0	27036	
21049	0	27700	
21050	0	29112	
21051	0	31080	
21052	0	33544	
21053	0	34792	
21054	0	33588	
21055	0	31080	
21056	0	29576	
21057	0	29248	
21058	0	29344	
21059	0	30060	
21060	0	30912	
21061	0	31280	
21062	0	31969	
21063	0	32280	
21064	0	32100	
21065	0	32084	
21066	0	32352	
21067	0	32508	
21068	0	32388	
21069	0	31780	
21070	0	31556	
21071	0	31928	
21072	0	32424	
21073	0	32684	
21074	0	31960	
21075	0	31352	
21076	0	31140	
21077	0	31328	
21078	0	31708	
21079	0	32520	
21080	0	33704	
21081	0	34320	
21082	0	35136	
21083	0	35908	
21084	0	36128	
21085	0	36264	
21086	0	35992	
21087	0	35164	
21088	0	34788	
21089	0	34328	
21090	0	33760	
21091	0	33716	
21092	0	33916	
21093	0	34536	
21094	0	34952	
21095	0	35980	
21096	0	36728	
21097	0	37376	
21098	0	38080	
21099	0	38124	
21100	0	37952	
21101	0	37780	
21102	0	37696	
21103	0	37656	
21104	0	37992	
21105	0	38332	
21106	0	38624	
21107	0	38720	
21108	0	38008	
21109	0	37000	
21110	0	36348	
21111	0	36280	
21112	0	36272	
21113	0	36206	
21114	0	35756	
21115	0	35008	
21116	0	34020	
21117	0	33264	
21118	0	33272	
21119	0	33520	
21120	0	34048	
21121	0	34696	
21122	0	34996	
21123	0	35180	
21124	0	35016	
21125	0	34604	
21126	0	34170	
21127	0	33576	
21128	0	33468	
21129	0	33424	
21130	0	33204	
21131	0	32792	
21132	0	32164	
21133	0	31944	
21134	0	31708	
21135	0	31802	
21136	0	31920	
21137	0	32120	
21138	0	32244	
21139	0	32520	
21140	0	32872	
21141	0	33376	
21142	0	33552	
21143	0	33120	
21144	0	32640	
21145	0	32340	
21146	0	32160	
21147	0	31608	
21148	0	30920	
21149	0	30384	
21150	0	30244	
21151	0	30472	
21152	0	31048	
21153	0	31920	
21154	0	32888	
21155	0	33564	
21156	0	33648	
21157	0	33328	
21158	0	32936	
21159	0	32908	
21160	0	33232	
21161	0	33152	
21162	0	33448	
21163	0	34108	
21164	0	34896	
21165	0	35384	
21166	0	35688	
21167	0	35200	
21168	0	34220	
21169	0	33240	
21170	0	32676	
21171	0	32144	
21172	0	31272	
21173	0	30820	
21174	0	31016	
21175	0	31232	
21176	0	31132	
21177	0	31004	
21178	0	31228	
21179	0	31592	
21180	0	32188	
21181	0	32432	
21182	0	32020	
21183	0	32152	
21184	0	32888	
21185	0	33672	
21186	0	34208	
21187	0	34212	
21188	0	33884	
21189	0	33148	
21190	0	32652	
21191	0	32764	
21192	0	33252	
21193	0	33528	
21194	0	33796	
21195	0	34056	
21196	0	33964	
21197	0	33892	
21198	0	33828	
21199	0	33788	
21200	0	33836	
21201	0	34248	
21202	0	34736	
21203	0	35356	
21204	0	35792	
21205	0	35788	
21206	0	35732	
21207	0	35568	
21208	0	35480	
21209	0	35352	
21210	0	35492	
21211	0	35592	
21212	0	35432	
21213	0	35264	
21214	0	35976	
21215	0	37620	
21216	0	39248	
21217	0	40212	
21218	0	40200	
21219	0	37856	
21220	0	35336	
21221	0	33944	
21222	0	33456	
21223	0	33124	
21224	0	32400	
21225	0	32036	
21226	0	31532	
21227	0	30840	
21228	0	29948	
21229	0	29088	
21230	0	28816	
21231	0	28976	
21232	0	29392	
21233	0	29820	
21234	0	30308	
21235	0	30748	
21236	0	31052	
21237	0	31224	
21238	0	31500	
21239	0	31546	
21240	0	31394	
21241	0	31768	
21242	0	32312	
21243	0	32500	
21244	0	32672	
21245	0	32540	
21246	0	32768	
21247	0	33072	
21248	0	33264	
21249	0	32624	
21250	0	31748	
21251	0	31800	
21252	0	32048	
21253	0	32112	
21254	0	32556	
21255	0	32888	
21256	0	32996	
21257	0	33416	
21258	0	34008	
21259	0	34704	
21260	0	35584	
21261	0	36264	
21262	0	36692	
21263	0	36676	
21264	0	36464	
21265	0	36440	
21266	0	35988	
21267	0	35448	
21268	0	34904	
21269	0	34528	
21270	0	34305	
21271	0	34428	
21272	0	34360	
21273	0	34120	
21274	0	33796	
21275	0	33584	
21276	0	33396	
21277	0	33144	
21278	0	33792	
21279	0	34564	
21280	0	34968	
21281	0	36012	
21282	0	36792	
21283	0	37372	
21284	0	37658	
21285	0	37624	
21286	0	37676	
21287	0	37136	
21288	0	36660	
21289	0	36160	
21290	0	35680	
21291	0	35604	
21292	0	35624	
21293	0	35308	
21294	0	35052	
21295	0	35088	
21296	0	34932	
21297	0	34384	
21298	0	34504	
21299	0	35136	
21300	0	35884	
21301	0	36664	
21302	0	37448	
21303	0	37376	
21304	0	37160	
21305	0	37042	
21306	0	37452	
21307	0	37568	
21308	0	37960	
21309	0	37916	
21310	0	37624	
21311	0	37252	
21312	0	36716	
21313	0	36244	
21314	0	35816	
21315	0	35776	
21316	0	35448	
21317	0	35268	
21318	0	35536	
21319	0	36544	
21320	0	37552	
21321	0	38252	
21322	0	38976	
21323	0	39784	
21324	0	39824	
21325	0	39136	
21326	0	38708	
21327	0	38576	
21328	0	38240	
21329	0	37552	
21330	0	36848	
21331	0	36048	
21332	0	36120	
21333	0	36584	
21334	0	36500	
21335	0	35732	
21336	0	35356	
21337	0	35256	
21338	0	35140	
21339	0	35024	
21340	0	34408	
21341	0	34092	
21342	0	33896	
21343	0	34088	
21344	0	34072	
21345	0	33968	
21346	0	33700	
21347	0	33392	
21348	0	33248	
21349	0	32916	
21350	0	32720	
21351	0	33036	
21352	0	33940	
21353	0	34488	
21354	0	34184	
21355	0	33392	
21356	0	32634	
21357	0	31904	
21358	0	31504	
21359	0	31292	
21360	0	31232	
21361	0	31236	
21362	0	31292	
21363	0	31836	
21364	0	32532	
21365	0	33580	
21366	0	34576	
21367	0	35060	
21368	0	35124	
21369	0	34540	
21370	0	33652	
21371	0	32492	
21372	0	30904	
21373	0	30064	
21374	0	29964	
21375	0	30528	
21376	0	31040	
21377	0	30872	
21378	0	30488	
21379	0	30308	
21380	0	30584	
21381	0	31120	
21382	0	31880	
21383	0	32520	
21384	0	33168	
21385	0	33528	
21386	0	34408	
21387	0	35876	
21388	0	36944	
21389	0	37980	
21390	0	37444	
21391	0	35188	
21392	0	32652	
21393	0	31256	
21394	0	30592	
21395	0	30330	
21396	0	30660	
21397	0	30808	
21398	0	30476	
21399	0	30404	
21400	0	31472	
21401	0	32416	
21402	0	33032	
21403	0	33392	
21404	0	33552	
21405	0	33468	
21406	0	33092	
21407	0	32088	
21408	0	31186	
21409	0	30400	
21410	0	29836	
21411	0	29648	
21412	0	29408	
21413	0	29432	
21414	0	29524	
21415	0	29176	
21416	0	28820	
21417	0	28732	
21418	0	28536	
21419	0	28652	
21420	0	29304	
21421	0	29684	
21422	0	29852	
21423	0	30136	
21424	0	30580	
21425	0	30518	
21426	0	30408	
21427	0	29696	
21428	0	29212	
21429	0	28716	
21430	0	28172	
21431	0	27720	
21432	0	27592	
21433	0	27668	
21434	0	27556	
21435	0	27592	
21436	0	27692	
21437	0	27492	
21438	0	27480	
21439	0	27800	
21440	0	27964	
21441	0	28064	
21442	0	28808	
21443	0	29488	
21444	0	29904	
21445	0	29868	
21446	0	29656	
21447	0	29740	
21448	0	30200	
21449	0	30512	
21450	0	31076	
21451	0	31288	
21452	0	31196	
21453	0	31380	
21454	0	31380	
21455	0	31416	
21456	0	31404	
21457	0	31744	
21458	0	31872	
21459	0	32304	
21460	0	33052	
21461	0	33976	
21462	0	34936	
21463	0	34960	
21464	0	34528	
21465	0	33784	
21466	0	33244	
21467	0	33496	
21468	0	33950	
21469	0	34584	
21470	0	34992	
21471	0	34817	
21472	0	34656	
21473	0	34072	
21474	0	33484	
21475	0	32832	
21476	0	32300	
21477	0	31512	
21478	0	30952	
21479	0	30644	
21480	0	29960	
21481	0	29560	
21482	0	29520	
21483	0	29528	
21484	0	29756	
21485	0	29704	
21486	0	29512	
21487	0	29096	
21488	0	29048	
21489	0	28916	
21490	0	28948	
21491	0	29248	
21492	0	29721	
21493	0	30312	
21494	0	31240	
21495	0	31872	
21496	0	31768	
21497	0	31748	
21498	0	31968	
21499	0	32300	
21500	0	32848	
21501	0	32824	
21502	0	32928	
21503	0	33288	
21504	0	33352	
21505	0	33316	
21506	0	33036	
21507	0	32792	
21508	0	32648	
21509	0	32220	
21510	0	31700	
21511	0	31512	
21512	0	31848	
21513	0	32344	
21514	0	32952	
21515	0	33228	
21516	0	33080	
21517	0	32720	
21518	0	32844	
21519	0	32936	
21520	0	33116	
21521	0	33160	
21522	0	33376	
21523	0	33616	
21524	0	33776	
21525	0	33664	
21526	0	33556	
21527	0	33492	
21528	0	33432	
21529	0	33068	
21530	0	33224	
21531	0	32844	
21532	0	32024	
21533	0	31236	
21534	0	31010	
21535	0	31416	
21536	0	31524	
21537	0	31452	
21538	0	31412	
21539	0	31620	
21540	0	32200	
21541	0	32528	
21542	0	32656	
21543	0	32692	
21544	0	32272	
21545	0	31764	
21546	0	31196	
21547	0	30592	
21548	0	30324	
21549	0	30056	
21550	0	30032	
21551	0	30316	
21552	0	30584	
21553	0	30516	
21554	0	29700	
21555	0	29160	
21556	0	28392	
21557	0	27740	
21558	0	27856	
21559	0	28596	
21560	0	29400	
21561	0	29844	
21562	0	30580	
21563	0	31784	
21564	0	32528	
21565	0	32684	
21566	0	32692	
21567	0	32680	
21568	0	32800	
21569	0	32964	
21570	0	33380	
21571	0	33936	
21572	0	34172	
21573	0	33880	
21574	0	34084	
21575	0	34712	
21576	0	35200	
21577	0	35736	
21578	0	36048	
21579	0	36580	
21580	0	37068	
21581	0	37440	
21582	0	37788	
21583	0	38036	
21584	0	37896	
21585	0	37560	
21586	0	37444	
21587	0	37488	
21588	0	37072	
21589	0	36496	
21590	0	35880	
21591	0	35492	
21592	0	34984	
21593	0	34480	
21594	0	34240	
21595	0	33864	
21596	0	33376	
21597	0	33208	
21598	0	33808	
21599	0	33844	
21600	0	34232	
21601	0	34824	
21602	0	35160	
21603	0	34736	
21604	0	33724	
21605	0	32964	
21606	0	32552	
21607	0	31768	
21608	0	31120	
21609	0	30888	
21610	0	31064	
21611	0	31268	
21612	0	31104	
21613	0	30756	
21614	0	30752	
21615	0	31088	
21616	0	31812	
21617	0	32324	
21618	0	32880	
21619	0	33616	
21620	0	34664	
21621	0	35608	
21622	0	35576	
21623	0	35680	
21624	0	36080	
21625	0	35980	
21626	0	35416	
21627	0	34872	
21628	0	34428	
21629	0	34456	
21630	0	34820	
21631	0	35608	
21632	0	36020	
21633	0	36044	
21634	0	35480	
21635	0	35024	
21636	0	34704	
21637	0	34424	
21638	0	34468	
21639	0	34664	
21640	0	35032	
21641	0	35256	
21642	0	35508	
21643	0	35896	
21644	0	36400	
21645	0	36544	
21646	0	36456	
21647	0	36036	
21648	0	35720	
21649	0	35000	
21650	0	34148	
21651	0	33588	
21652	0	32964	
21653	0	32544	
21654	0	31964	
21655	0	31548	
21656	0	31336	
21657	0	31352	
21658	0	31528	
21659	0	31728	
21660	0	32144	
21661	0	32364	
21662	0	32556	
21663	0	32748	
21664	0	32708	
21665	0	31840	
21666	0	31176	
21667	0	30612	
21668	0	30658	
21669	0	31316	
21670	0	31712	
21671	0	32068	
21672	0	32056	
21673	0	31728	
21674	0	31412	
21675	0	30708	
21676	0	30208	
21677	0	30232	
21678	0	30264	
21679	0	30232	
21680	0	30588	
21681	0	31056	
21682	0	31632	
21683	0	31752	
21684	0	31824	
21685	0	32236	
21686	0	32872	
21687	0	33024	
21688	0	32680	
21689	0	31512	
21690	0	30624	
21691	0	29800	
21692	0	29385	
21693	0	29248	
21694	0	29504	
21695	0	29840	
21696	0	30296	
21697	0	31236	
21698	0	32668	
21699	0	34044	
21700	0	34744	
21701	0	34908	
21702	0	35036	
21703	0	35368	
21704	0	36132	
21705	0	36496	
21706	0	36732	
21707	0	36384	
21708	0	35908	
21709	0	35568	
21710	0	35048	
21711	0	34784	
21712	0	34844	
21713	0	34728	
21714	0	34720	
21715	0	34780	
21716	0	34872	
21717	0	35148	
21718	0	35988	
21719	0	37312	
21720	0	38136	
21721	0	38564	
21722	0	38912	
21723	0	38896	
21724	0	37968	
21725	0	36908	
21726	0	35892	
21727	0	35048	
21728	0	34420	
21729	0	33740	
21730	0	33312	
21731	0	32932	
21732	0	32752	
21733	0	32400	
21734	0	32316	
21735	0	32552	
21736	0	32472	
21737	0	32428	
21738	0	32784	
21739	0	32988	
21740	0	33136	
21741	0	33400	
21742	0	33396	
21743	0	32988	
21744	0	32060	
21745	0	31680	
21746	0	31504	
21747	0	31064	
21748	0	30324	
21749	0	29812	
21750	0	29400	
21751	0	29536	
21752	0	30100	
21753	0	30836	
21754	0	31256	
21755	0	31496	
21756	0	31472	
21757	0	31400	
21758	0	31140	
21759	0	31172	
21760	0	30960	
21761	0	30584	
21762	0	30312	
21763	0	29972	
21764	0	29452	
21765	0	28960	
21766	0	28628	
21767	0	28328	
21768	0	28372	
21769	0	28432	
21770	0	28720	
21771	0	29264	
21772	0	29696	
21773	0	30012	
21774	0	30056	
21775	0	29856	
21776	0	30076	
21777	0	30920	
21778	0	31792	
21779	0	32588	
21780	0	33224	
21781	0	33740	
21782	0	34076	
21783	0	34016	
21784	0	33964	
21785	0	33784	
21786	0	33416	
21787	0	32644	
21788	0	32244	
21789	0	31888	
21790	0	31388	
21791	0	31136	
21792	0	31424	
21793	0	31824	
21794	0	32046	
21795	0	32160	
21796	0	32152	
21797	0	32176	
21798	0	32532	
21799	0	32948	
21800	0	33472	
21801	0	34780	
21802	0	35688	
21803	0	36164	
21804	0	36416	
21805	0	36736	
21806	0	36592	
21807	0	36276	
21808	0	36076	
21809	0	35985	
21810	0	35556	
21811	0	35264	
21812	0	35060	
21813	0	35040	
21814	0	35000	
21815	0	35002	
21816	0	34552	
21817	0	34404	
21818	0	34884	
21819	0	35610	
21820	0	35600	
21821	0	35620	
21822	0	35584	
21823	0	35008	
21824	0	34268	
21825	0	33528	
21826	0	33244	
21827	0	32696	
21828	0	32488	
21829	0	32056	
21830	0	31280	
21831	0	31196	
21832	0	31184	
21833	0	31132	
21834	0	31128	
21835	0	31232	
21836	0	31444	
21837	0	31424	
21838	0	31352	
21839	0	31704	
21840	0	31568	
21841	0	31214	
21842	0	31368	
21843	0	31832	
21844	0	32100	
21845	0	32188	
21846	0	32290	
21847	0	32100	
21848	0	31632	
21849	0	31160	
21850	0	31064	
21851	0	30848	
21852	0	30176	
21853	0	29980	
21854	0	30440	
21855	0	30784	
21856	0	31268	
21857	0	31888	
21858	0	32060	
21859	0	32332	
21860	0	32872	
21861	0	33476	
21862	0	33712	
21863	0	33672	
21864	0	33296	
21865	0	33048	
21866	0	32600	
21867	0	32080	
21868	0	31324	
21869	0	30712	
21870	0	30420	
21871	0	29902	
21872	0	29368	
21873	0	29348	
21874	0	29632	
21875	0	29988	
21876	0	30132	
21877	0	30504	
21878	0	31004	
21879	0	31696	
21880	0	32224	
21881	0	32133	
21882	0	32140	
21883	0	32556	
21884	0	32964	
21885	0	33172	
21886	0	32808	
21887	0	31864	
21888	0	31044	
21889	0	30628	
21890	0	30224	
21891	0	29952	
21892	0	29706	
21893	0	29716	
21894	0	29540	
21895	0	29576	
21896	0	29884	
21897	0	30164	
21898	0	30564	
21899	0	31120	
21900	0	31212	
21901	0	31208	
21902	0	31440	
21903	0	31416	
21904	0	31072	
21905	0	30916	
21906	0	30728	
21907	0	30468	
21908	0	30292	
21909	0	29808	
21910	0	29628	
21911	0	29840	
21912	0	30108	
21913	0	29820	
21914	0	29676	
21915	0	29544	
21916	0	29604	
21917	0	30000	
21918	0	30682	
21919	0	31082	
21920	0	30588	
21921	0	30272	
21922	0	30032	
21923	0	29912	
21924	0	29956	
21925	0	31024	
21926	0	31812	
21927	0	32216	
21928	0	32372	
21929	0	32916	
21930	0	33408	
21931	0	33900	
21932	0	33928	
21933	0	33872	
21934	0	34136	
21935	0	34248	
21936	0	34196	
21937	0	34616	
21938	0	35584	
21939	0	36468	
21940	0	37260	
21941	0	37760	
21942	0	37824	
21943	0	37348	
21944	0	36916	
21945	0	36728	
21946	0	36216	
21947	0	35816	
21948	0	35672	
21949	0	35828	
21950	0	36040	
21951	0	36084	
21952	0	35204	
21953	0	33924	
21954	0	33232	
21955	0	32632	
21956	0	32004	
21957	0	31808	
21958	0	31732	
21959	0	31636	
21960	0	31592	
21961	0	31624	
21962	0	32036	
21963	0	32420	
21964	0	32356	
21965	0	32480	
21966	0	33004	
21967	0	33680	
21968	0	33880	
21969	0	33484	
21970	0	33448	
21971	0	33456	
21972	0	32792	
21973	0	31984	
21974	0	31268	
21975	0	30752	
21976	0	30484	
21977	0	30408	
21978	0	30420	
21979	0	30396	
21980	0	30728	
21981	0	31328	
21982	0	32172	
21983	0	33048	
21984	0	33368	
21985	0	33568	
21986	0	33408	
21987	0	32940	
21988	0	32624	
21989	0	32840	
21990	0	32668	
21991	0	32408	
21992	0	32236	
21993	0	32384	
21994	0	32528	
21995	0	32536	
21996	0	32476	
21997	0	32512	
21998	0	33036	
21999	0	33872	
22000	0	34480	
22001	0	35520	
22002	0	36640	
22003	0	37144	
22004	0	37060	
22005	0	37136	
22006	0	36772	
22007	0	35952	
22008	0	35300	
22009	0	34660	
22010	0	34584	
22011	0	34688	
22012	0	34664	
22013	0	34836	
22014	0	34800	
22015	0	34548	
22016	0	33752	
22017	0	33548	
22018	0	34464	
22019	0	35332	
22020	0	35972	
22021	0	36358	
22022	0	36664	
22023	0	37004	
22024	0	37420	
22025	0	38384	
22026	0	39404	
22027	0	40040	
22028	0	40420	
22029	0	39712	
22030	0	37472	
22031	0	34856	
22032	0	33344	
22033	0	32688	
22034	0	32536	
22035	0	32428	
22036	0	32968	
22037	0	33424	
22038	0	33464	
22039	0	33332	
22040	0	33452	
22041	0	33924	
22042	0	34248	
22043	0	35080	
22044	0	35896	
22045	0	36060	
22046	0	35760	
22047	0	35344	
22048	0	34212	
22049	0	33716	
22050	0	33832	
22051	0	33764	
22052	0	33624	
22053	0	33780	
22054	0	34044	
22055	0	34500	
22056	0	34912	
22057	0	34964	
22058	0	35248	
22059	0	35728	
22060	0	35568	
22061	0	35308	
22062	0	34912	
22063	0	34796	
22064	0	34488	
22065	0	34192	
22066	0	33968	
22067	0	33132	
22068	0	32316	
22069	0	31992	
22070	0	32080	
22071	0	31612	
22072	0	30704	
22073	0	29928	
22074	0	29700	
22075	0	30140	
22076	0	30212	
22077	0	30080	
22078	0	30044	
22079	0	30472	
22080	0	30864	
22081	0	31080	
22082	0	31664	
22083	0	31736	
22084	0	31194	
22085	0	30672	
22086	0	30108	
22087	0	29732	
22088	0	29240	
22089	0	28968	
22090	0	29132	
22091	0	29168	
22092	0	28792	
22093	0	28432	
22094	0	28620	
22095	0	29076	
22096	0	29576	
22097	0	29632	
22098	0	29836	
22099	0	30620	
22100	0	31144	
22101	0	31324	
22102	0	30916	
22103	0	30728	
22104	0	30616	
22105	0	30488	
22106	0	30060	
22107	0	29784	
22108	0	29672	
22109	0	29224	
22110	0	29308	
22111	0	30268	
22112	0	31221	
22113	0	31452	
22114	0	31416	
22115	0	31280	
22116	0	31384	
22117	0	31316	
22118	0	31544	
22119	0	31960	
22120	0	31984	
22121	0	32000	
22122	0	32226	
22123	0	32536	
22124	0	32848	
22125	0	32744	
22126	0	32002	
22127	0	31592	
22128	0	31480	
22129	0	31200	
22130	0	31168	
22131	0	31500	
22132	0	31824	
22133	0	32436	
22134	0	33364	
22135	0	33968	
22136	0	34004	
22137	0	34036	
22138	0	34440	
22139	0	34888	
22140	0	34908	
22141	0	34932	
22142	0	35224	
22143	0	35130	
22144	0	34816	
22145	0	34940	
22146	0	34696	
22147	0	34284	
22148	0	34336	
22149	0	34104	
22150	0	33756	
22151	0	33680	
22152	0	33864	
22153	0	34692	
22154	0	35952	
22155	0	36272	
22156	0	35580	
22157	0	35168	
22158	0	34888	
22159	0	34752	
22160	0	35176	
22161	0	35600	
22162	0	35872	
22163	0	35876	
22164	0	35752	
22165	0	35776	
22166	0	35664	
22167	0	35652	
22168	0	35700	
22169	0	35756	
22170	0	36056	
22171	0	36136	
22172	0	35788	
22173	0	35864	
22174	0	36548	
22175	0	37280	
22176	0	37872	
22177	0	38408	
22178	0	38772	
22179	0	38768	
22180	0	38620	
22181	0	38592	
22182	0	38112	
22183	0	37272	
22184	0	37092	
22185	0	37264	
22186	0	36644	
22187	0	36208	
22188	0	36048	
22189	0	35944	
22190	0	35376	
22191	0	34820	
22192	0	34426	
22193	0	33640	
22194	0	33040	
22195	0	32256	
22196	0	31528	
22197	0	31076	
22198	0	31064	
22199	0	31312	
22200	0	31264	
22201	0	31608	
22202	0	32184	
22203	0	32080	
22204	0	31752	
22205	0	31332	
22206	0	30176	
22207	0	29128	
22208	0	28320	
22209	0	28244	
22210	0	28180	
22211	0	27368	
22212	0	27040	
22213	0	27540	
22214	0	28172	
22215	0	27948	
22216	0	27678	
22217	0	28140	
22218	0	28772	
22219	0	28866	
22220	0	28880	
22221	0	28752	
22222	0	28876	
22223	0	28944	
22224	0	28600	
22225	0	28496	
22226	0	28468	
22227	0	28498	
22228	0	28612	
22229	0	28410	
22230	0	28204	
22231	0	28300	
22232	0	28528	
22233	0	28644	
22234	0	28848	
22235	0	28876	
22236	0	29000	
22237	0	28700	
22238	0	28600	
22239	0	29488	
22240	0	30004	
22241	0	30896	
22242	0	32280	
22243	0	33036	
22244	0	33864	
22245	0	35444	
22246	0	36808	
22247	0	37732	
22248	0	38112	
22249	0	36548	
22250	0	33936	
22251	0	31432	
22252	0	29956	
22253	0	29296	
22254	0	29268	
22255	0	29296	
22256	0	29408	
22257	0	29568	
22258	0	30100	
22259	0	31092	
22260	0	32172	
22261	0	32960	
22262	0	33832	
22263	0	34632	
22264	0	35176	
22265	0	35596	
22266	0	35460	
22267	0	34900	
22268	0	34560	
22269	0	34812	
22270	0	35156	
22271	0	35248	
22272	0	34964	
22273	0	34904	
22274	0	35124	
22275	0	35628	
22276	0	35976	
22277	0	36244	
22278	0	36340	
22279	0	36656	
22280	0	37176	
22281	0	37268	
22282	0	37440	
22283	0	37620	
22284	0	37804	
22285	0	37596	
22286	0	36844	
22287	0	35796	
22288	0	35088	
22289	0	34600	
22290	0	34152	
22291	0	33636	
22292	0	33580	
22293	0	34160	
22294	0	34456	
22295	0	34588	
22296	0	34823	
22297	0	34776	
22298	0	34784	
22299	0	34988	
22300	0	35072	
22301	0	35020	
22302	0	35336	
22303	0	35636	
22304	0	35500	
22305	0	35356	
22306	0	35016	
22307	0	34560	
22308	0	33360	
22309	0	32568	
22310	0	32312	
22311	0	31816	
22312	0	31692	
22313	0	31440	
22314	0	30828	
22315	0	30312	
22316	0	30576	
22317	0	30784	
22318	0	31036	
22319	0	31328	
22320	0	31464	
22321	0	31396	
22322	0	31408	
22323	0	31644	
22324	0	32384	
22325	0	33172	
22326	0	33460	
22327	0	33260	
22328	0	32868	
22329	0	32512	
22330	0	32384	
22331	0	32544	
22332	0	32612	
22333	0	32184	
22334	0	31572	
22335	0	31276	
22336	0	31068	
22337	0	31616	
22338	0	32692	
22339	0	33776	
22340	0	34416	
22341	0	34764	
22342	0	35232	
22343	0	35200	
22344	0	34920	
22345	0	35132	
22346	0	34768	
22347	0	33768	
22348	0	33124	
22349	0	32576	
22350	0	31696	
22351	0	31160	
22352	0	30976	
22353	0	30616	
22354	0	30828	
22355	0	30940	
22356	0	31064	
22357	0	31080	
22358	0	31084	
22359	0	31372	
22360	0	31840	
22361	0	31936	
22362	0	31412	
22363	0	31184	
22364	0	31460	
22365	0	32376	
22366	0	32880	
22367	0	33108	
22368	0	33256	
22369	0	33400	
22370	0	33472	
22371	0	33216	
22372	0	32964	
22373	0	33048	
22374	0	33268	
22375	0	32828	
22376	0	31880	
22377	0	31248	
22378	0	31232	
22379	0	31912	
22380	0	32652	
22381	0	33552	
22382	0	34648	
22383	0	35584	
22384	0	36072	
22385	0	36688	
22386	0	36904	
22387	0	36716	
22388	0	36488	
22389	0	36128	
22390	0	35972	
22391	0	35896	
22392	0	36404	
22393	0	36800	
22394	0	36788	
22395	0	37300	
22396	0	38360	
22397	0	39420	
22398	0	40068	
22399	0	38992	
22400	0	36316	
22401	0	34448	
22402	0	33664	
22403	0	33280	
22404	0	32752	
22405	0	32744	
22406	0	32480	
22407	0	31832	
22408	0	31360	
22409	0	31272	
22410	0	31380	
22411	0	31560	
22412	0	31940	
22413	0	32242	
22414	0	32804	
22415	0	33060	
22416	0	33216	
22417	0	33204	
22418	0	32904	
22419	0	32596	
22420	0	32680	
22421	0	33076	
22422	0	33292	
22423	0	32904	
22424	0	32816	
22425	0	32804	
22426	0	32484	
22427	0	31788	
22428	0	30868	
22429	0	29572	
22430	0	28732	
22431	0	28180	
22432	0	27752	
22433	0	27460	
22434	0	27596	
22435	0	28196	
22436	0	28768	
22437	0	29356	
22438	0	30052	
22439	0	31172	
22440	0	32124	
22441	0	32956	
22442	0	33524	
22443	0	33316	
22444	0	32536	
22445	0	31984	
22446	0	31488	
22447	0	30948	
22448	0	30380	
22449	0	29860	
22450	0	29496	
22451	0	28936	
22452	0	28676	
22453	0	29044	
22454	0	29544	
22455	0	29752	
22456	0	29912	
22457	0	29572	
22458	0	29364	
22459	0	29508	
22460	0	29708	
22461	0	30128	
22462	0	30636	
22463	0	31008	
22464	0	31484	
22465	0	31560	
22466	0	31460	
22467	0	31072	
22468	0	30104	
22469	0	29268	
22470	0	29020	
22471	0	29084	
22472	0	29784	
22473	0	30768	
22474	0	31712	
22475	0	32500	
22476	0	32744	
22477	0	32504	
22478	0	32780	
22479	0	33236	
22480	0	33836	
22481	0	34516	
22482	0	35596	
22483	0	36252	
22484	0	36880	
22485	0	37524	
22486	0	38112	
22487	0	38024	
22488	0	37408	
22489	0	36884	
22490	0	36172	
22491	0	35816	
22492	0	35856	
22493	0	36200	
22494	0	36612	
22495	0	36540	
22496	0	36204	
22497	0	36240	
22498	0	36576	
22499	0	37144	
22500	0	37740	
22501	0	37976	
22502	0	38032	
22503	0	38180	
22504	0	37720	
22505	0	36904	
22506	0	35804	
22507	0	34688	
22508	0	34048	
22509	0	33896	
22510	0	33856	
22511	0	33532	
22512	0	32920	
22513	0	32464	
22514	0	32160	
22515	0	32320	
22516	0	32000	
22517	0	31662	
22518	0	31400	
22519	0	31688	
22520	0	31912	
22521	0	32176	
22522	0	32120	
22523	0	32380	
22524	0	33048	
22525	0	33780	
22526	0	34124	
22527	0	33556	
22528	0	32240	
22529	0	30468	
22530	0	29928	
22531	0	29920	
22532	0	33628	
22533	0	37892	
22534	0	39284	
22535	0	39312	
22536	0	39036	
22537	0	39940	
22538	0	41448	
22539	0	41048	
22540	0	37784	
22541	0	33612	
22542	0	30940	
22543	0	29804	
22544	0	29368	
22545	0	29040	
22546	0	28650	
22547	0	28580	
22548	0	28888	
22549	0	29128	
22550	0	29368	
22551	0	29288	
22552	0	29292	
22553	0	29916	
22554	0	31372	
22555	0	32644	
22556	0	33544	
22557	0	34168	
22558	0	34436	
22559	0	34516	
22560	0	34836	
22561	0	35236	
22562	0	35668	
22563	0	35856	
22564	0	36020	
22565	0	36160	
22566	0	35724	
22567	0	35564	
22568	0	35148	
22569	0	34356	
22570	0	33972	
22571	0	34016	
22572	0	34636	
22573	0	35592	
22574	0	36524	
22575	0	36940	
22576	0	37008	
22577	0	36948	
22578	0	37048	
22579	0	37300	
22580	0	38216	
22581	0	39204	
22582	0	39516	
22583	0	39440	
22584	0	39640	
22585	0	39568	
22586	0	38964	
22587	0	38224	
22588	0	37376	
22589	0	37100	
22590	0	37082	
22591	0	37432	
22592	0	38604	
22593	0	40024	
22594	0	41192	
22595	0	41768	
22596	0	41356	
22597	0	39152	
22598	0	36368	
22599	0	34928	
22600	0	34488	
22601	0	34264	
22602	0	34360	
22603	0	34610	
22604	0	34996	
22605	0	35604	
22606	0	36056	
22607	0	36440	
22608	0	36792	
22609	0	37184	
22610	0	37368	
22611	0	36952	
22612	0	35832	
22613	0	34412	
22614	0	33300	
22615	0	32024	
22616	0	30828	
22617	0	30368	
22618	0	31312	
22619	0	32540	
22620	0	33212	
22621	0	33800	
22622	0	34004	
22623	0	33652	
22624	0	32800	
22625	0	32428	
22626	0	32284	
22627	0	32260	
22628	0	32036	
22629	0	32036	
22630	0	32256	
22631	0	32488	
22632	0	32692	
22633	0	33316	
22634	0	33868	
22635	0	34232	
22636	0	34188	
22637	0	34160	
22638	0	34316	
22639	0	34864	
22640	0	35908	
22641	0	36712	
22642	0	37652	
22643	0	38712	
22644	0	39556	
22645	0	40300	
22646	0	40748	
22647	0	41564	
22648	0	42216	
22649	0	42600	
22650	0	43052	
22651	0	42884	
22652	0	42264	
22653	0	41272	
22654	0	39548	
22655	0	37336	
22656	0	34696	
22657	0	32540	
22658	0	31072	
22659	0	29776	
22660	0	28460	
22661	0	27604	
22662	0	27072	
22663	0	27320	
22664	0	27896	
22665	0	28488	
22666	0	28328	
22667	0	28408	
22668	0	28988	
22669	0	29744	
22670	0	30028	
22671	0	29872	
22672	0	29032	
22673	0	28960	
22674	0	29408	
22675	0	30064	
22676	0	30432	
22677	0	31056	
22678	0	32696	
22679	0	34532	
22680	0	36216	
22681	0	37408	
22682	0	36768	
22683	0	34368	
22684	0	32516	
22685	0	31400	
22686	0	30048	
22687	0	29624	
22688	0	29796	
22689	0	30144	
22690	0	30280	
22691	0	30732	
22692	0	30760	
22693	0	30812	
22694	0	31424	
22695	0	32072	
22696	0	32288	
22697	0	32600	
22698	0	33396	
22699	0	33740	
22700	0	33600	
22701	0	33176	
22702	0	32828	
22703	0	32476	
22704	0	32472	
22705	0	32600	
22706	0	32848	
22707	0	32812	
22708	0	32772	
22709	0	32932	
22710	0	32928	
22711	0	32464	
22712	0	31796	
22713	0	31496	
22714	0	30928	
22715	0	30512	
22716	0	29932	
22717	0	29844	
22718	0	30002	
22719	0	30204	
22720	0	30608	
22721	0	31020	
22722	0	31248	
22723	0	31372	
22724	0	31596	
22725	0	31744	
22726	0	30832	
22727	0	29754	
22728	0	28952	
22729	0	28548	
22730	0	28094	
22731	0	28296	
22732	0	28708	
22733	0	29268	
22734	0	29608	
22735	0	29688	
22736	0	30112	
22737	0	30176	
22738	0	30364	
22739	0	31002	
22740	0	30960	
22741	0	30568	
22742	0	30156	
22743	0	29666	
22744	0	29528	
22745	0	29656	
22746	0	29696	
22747	0	29400	
22748	0	29232	
22749	0	29420	
22750	0	29760	
22751	0	30092	
22752	0	30144	
22753	0	29912	
22754	0	29488	
22755	0	28952	
22756	0	29104	
22757	0	29888	
22758	0	31624	
22759	0	33644	
22760	0	34260	
22761	0	32504	
22762	0	30620	
22763	0	29484	
22764	0	28652	
22765	0	28017	
22766	0	27604	
22767	0	27504	
22768	0	27632	
22769	0	27672	
22770	0	27776	
22771	0	28320	
22772	0	28788	
22773	0	29056	
22774	0	28812	
22775	0	27932	
22776	0	27460	
22777	0	27928	
22778	0	28504	
22779	0	28296	
22780	0	27952	
22781	0	27900	
22782	0	28252	
22783	0	28512	
22784	0	29216	
22785	0	30136	
22786	0	30636	
22787	0	30876	
22788	0	30850	
22789	0	30892	
22790	0	30592	
22791	0	30224	
22792	0	30212	
22793	0	30168	
22794	0	30304	
22795	0	30536	
22796	0	30772	
22797	0	30832	
22798	0	30740	
22799	0	30612	
22800	0	30968	
22801	0	31672	
22802	0	32272	
22803	0	32224	
22804	0	32136	
22805	0	31860	
22806	0	32024	
22807	0	32524	
22808	0	32392	
22809	0	31628	
22810	0	31416	
22811	0	31696	
22812	0	32392	
22813	0	32640	
22814	0	32536	
22815	0	32116	
22816	0	31660	
22817	0	31372	
22818	0	30964	
22819	0	30984	
22820	0	31704	
22821	0	32552	
22822	0	32808	
22823	0	32984	
22824	0	33032	
22825	0	32932	
22826	0	33002	
22827	0	32256	
22828	0	31228	
22829	0	30928	
22830	0	30804	
22831	0	30748	
22832	0	30996	
22833	0	31320	
22834	0	32200	
22835	0	32848	
22836	0	33256	
22837	0	33312	
22838	0	32720	
22839	0	32292	
22840	0	31968	
22841	0	32014	
22842	0	32212	
22843	0	32616	
22844	0	32996	
22845	0	33120	
22846	0	32936	
22847	0	32532	
22848	0	31900	
22849	0	31072	
22850	0	30572	
22851	0	30168	
22852	0	30444	
22853	0	31104	
22854	0	31740	
22855	0	32256	
22856	0	32576	
22857	0	32988	
22858	0	33304	
22859	0	33464	
22860	0	33336	
22861	0	33004	
22862	0	32792	
22863	0	32330	
22864	0	32288	
22865	0	32336	
22866	0	32164	
22867	0	31664	
22868	0	31244	
22869	0	31472	
22870	0	32584	
22871	0	33980	
22872	0	35452	
22873	0	36664	
22874	0	35044	
22875	0	32044	
22876	0	30036	
22877	0	29272	
22878	0	29420	
22879	0	30068	
22880	0	31110	
22881	0	32068	
22882	0	33060	
22883	0	33496	
22884	0	33484	
22885	0	33784	
22886	0	33672	
22887	0	33320	
22888	0	32932	
22889	0	32772	
22890	0	32940	
22891	0	33536	
22892	0	33920	
22893	0	34216	
22894	0	34168	
22895	0	33628	
22896	0	33080	
22897	0	32610	
22898	0	32964	
22899	0	33028	
22900	0	33424	
22901	0	34056	
22902	0	34584	
22903	0	35256	
22904	0	36132	
22905	0	36904	
22906	0	37020	
22907	0	36600	
22908	0	36248	
22909	0	36040	
22910	0	36092	
22911	0	35992	
22912	0	35908	
22913	0	35796	
22914	0	35596	
22915	0	35940	
22916	0	36544	
22917	0	36632	
22918	0	36448	
22919	0	36476	
22920	0	36568	
22921	0	36656	
22922	0	36796	
22923	0	36648	
22924	0	36496	
22925	0	36140	
22926	0	35528	
22927	0	34728	
22928	0	34208	
22929	0	33632	
22930	0	32932	
22931	0	32060	
22932	0	31476	
22933	0	31172	
22934	0	31176	
22935	0	30852	
22936	0	30516	
22937	0	30104	
22938	0	30104	
22939	0	30656	
22940	0	31288	
22941	0	32224	
22942	0	32780	
22943	0	33308	
22944	0	33544	
22945	0	33336	
22946	0	32852	
22947	0	32692	
22948	0	32080	
22949	0	31624	
22950	0	31288	
22951	0	31052	
22952	0	30616	
22953	0	30476	
22954	0	30432	
22955	0	30536	
22956	0	30608	
22957	0	31036	
22958	0	31796	
22959	0	32356	
22960	0	33096	
22961	0	34096	
22962	0	34800	
22963	0	35244	
22964	0	35212	
22965	0	35156	
22966	0	34888	
22967	0	34464	
22968	0	34048	
22969	0	33973	
22970	0	34032	
22971	0	33596	
22972	0	33344	
22973	0	32684	
22974	0	32272	
22975	0	31944	
22976	0	31348	
22977	0	31404	
22978	0	32104	
22979	0	32552	
22980	0	32912	
22981	0	33400	
22982	0	33928	
22983	0	34044	
22984	0	33834	
22985	0	33664	
22986	0	33400	
22987	0	32984	
22988	0	32656	
22989	0	32112	
22990	0	31528	
22991	0	31136	
22992	0	30892	
22993	0	30808	
22994	0	30176	
22995	0	30172	
22996	0	30964	
22997	0	31940	
22998	0	32768	
22999	0	33348	
23000	0	34100	
23001	0	34972	
23002	0	35328	
23003	0	35276	
23004	0	34480	
23005	0	34164	
23006	0	34072	
23007	0	33516	
23008	0	33204	
23009	0	33132	
23010	0	33352	
23011	0	33368	
23012	0	33196	
23013	0	33256	
23014	0	33120	
23015	0	32756	
23016	0	32256	
23017	0	31976	
23018	0	31796	
23019	0	31852	
23020	0	32048	
23021	0	32478	
23022	0	33256	
23023	0	33616	
23024	0	33764	
23025	0	33472	
23026	0	32780	
23027	0	31720	
23028	0	30816	
23029	0	30080	
23030	0	29356	
23031	0	28576	
23032	0	27892	
23033	0	27792	
23034	0	27720	
23035	0	27648	
23036	0	27748	
23037	0	28040	
23038	0	28348	
23039	0	28936	
23040	0	29440	
23041	0	30760	
23042	0	32084	
23043	0	33168	
23044	0	33720	
23045	0	32824	
23046	0	30360	
23047	0	28092	
23048	0	27192	
23049	0	26708	
23050	0	26412	
23051	0	26164	
23052	0	26188	
23053	0	26664	
23054	0	27436	
23055	0	27896	
23056	0	27876	
23057	0	28404	
23058	0	29328	
23059	0	30212	
23060	0	30272	
23061	0	30532	
23062	0	30972	
23063	0	31520	
23064	0	32304	
23065	0	32296	
23066	0	31540	
23067	0	31280	
23068	0	31308	
23069	0	31072	
23070	0	31292	
23071	0	31604	
23072	0	31760	
23073	0	32020	
23074	0	31732	
23075	0	30916	
23076	0	30588	
23077	0	30348	
23078	0	30648	
23079	0	31132	
23080	0	31726	
23081	0	32304	
23082	0	32300	
23083	0	32432	
23084	0	32356	
23085	0	32184	
23086	0	32112	
23087	0	31850	
23088	0	31524	
23089	0	31312	
23090	0	31252	
23091	0	31068	
23092	0	31036	
23093	0	31056	
23094	0	31016	
23095	0	30928	
23096	0	30852	
23097	0	31040	
23098	0	31692	
23099	0	32200	
23100	0	32500	
23101	0	32456	
23102	0	32272	
23103	0	31760	
23104	0	31452	
23105	0	31204	
23106	0	30808	
23107	0	30560	
23108	0	30408	
23109	0	30484	
23110	0	30628	
23111	0	30972	
23112	0	31344	
23113	0	31340	
23114	0	30740	
23115	0	29784	
23116	0	29244	
23117	0	29272	
23118	0	29690	
23119	0	30600	
23120	0	31648	
23121	0	32660	
23122	0	32952	
23123	0	33420	
23124	0	33662	
23125	0	34240	
23126	0	34680	
23127	0	34868	
23128	0	34432	
23129	0	33720	
23130	0	33148	
23131	0	32352	
23132	0	31692	
23133	0	31036	
23134	0	30812	
23135	0	30928	
23136	0	31068	
23137	0	31432	
23138	0	31608	
23139	0	31484	
23140	0	31553	
23141	0	31644	
23142	0	31240	
23143	0	30852	
23144	0	31036	
23145	0	31388	
23146	0	31732	
23147	0	32056	
23148	0	32620	
23149	0	33376	
23150	0	34144	
23151	0	35104	
23152	0	35692	
23153	0	36376	
23154	0	36680	
23155	0	36512	
23156	0	36384	
23157	0	36718	
23158	0	37536	
23159	0	38544	
23160	0	38888	
23161	0	38904	
23162	0	39048	
23163	0	38608	
23164	0	37984	
23165	0	37572	
23166	0	37000	
23167	0	36388	
23168	0	35940	
23169	0	35448	
23170	0	34736	
23171	0	34160	
23172	0	33788	
23173	0	33764	
23174	0	34096	
23175	0	34508	
23176	0	34308	
23177	0	34148	
23178	0	34284	
23179	0	34784	
23180	0	35304	
23181	0	35384	
23182	0	35500	
23183	0	35444	
23184	0	34924	
23185	0	34396	
23186	0	33464	
23187	0	32516	
23188	0	31348	
23189	0	30380	
23190	0	30220	
23191	0	30292	
23192	0	30368	
23193	0	30700	
23194	0	31224	
23195	0	31880	
23196	0	32708	
23197	0	33210	
23198	0	33324	
23199	0	33108	
23200	0	33000	
23201	0	33269	
23202	0	33192	
23203	0	32808	
23204	0	32616	
23205	0	32184	
23206	0	31764	
23207	0	31436	
23208	0	31216	
23209	0	31084	
23210	0	31228	
23211	0	32008	
23212	0	33204	
23213	0	34564	
23214	0	35152	
23215	0	33872	
23216	0	31524	
23217	0	30560	
23218	0	30836	
23219	0	31104	
23220	0	31312	
23221	0	32196	
23222	0	33424	
23223	0	34368	
23224	0	35288	
23225	0	35812	
23226	0	35912	
23227	0	35568	
23228	0	35184	
23229	0	34904	
23230	0	34856	
23231	0	34892	
23232	0	34592	
23233	0	34092	
23234	0	33672	
23235	0	33760	
23236	0	33688	
23237	0	33160	
23238	0	33072	
23239	0	33244	
23240	0	33420	
23241	0	33648	
23242	0	33696	
23243	0	33480	
23244	0	32804	
23245	0	32800	
23246	0	33376	
23247	0	33856	
23248	0	33668	
23249	0	33952	
23250	0	33912	
23251	0	33600	
23252	0	33308	
23253	0	32932	
23254	0	32628	
23255	0	32324	
23256	0	32148	
23257	0	32388	
23258	0	32576	
23259	0	32520	
23260	0	32132	
23261	0	32034	
23262	0	31924	
23263	0	31768	
23264	0	31896	
23265	0	32256	
23266	0	32820	
23267	0	32988	
23268	0	32436	
23269	0	32048	
23270	0	32184	
23271	0	32260	
23272	0	32696	
23273	0	33248	
23274	0	33568	
23275	0	33760	
23276	0	33836	
23277	0	33988	
23278	0	34180	
23279	0	34256	
23280	0	34200	
23281	0	34428	
23282	0	34760	
23283	0	34792	
23284	0	34404	
23285	0	33844	
23286	0	33488	
23287	0	33056	
23288	0	32940	
23289	0	33140	
23290	0	32672	
23291	0	31680	
23292	0	31360	
23293	0	31544	
23294	0	31892	
23295	0	32128	
23296	0	32388	
23297	0	32728	
23298	0	32860	
23299	0	32528	
23300	0	31796	
23301	0	30968	
23302	0	30784	
23303	0	30924	
23304	0	31144	
23305	0	30726	
23306	0	29932	
23307	0	29180	
23308	0	28712	
23309	0	28860	
23310	0	29188	
23311	0	29556	
23312	0	29560	
23313	0	29436	
23314	0	29568	
23315	0	30296	
23316	0	31780	
23317	0	33108	
23318	0	33760	
23319	0	33512	
23320	0	31120	
23321	0	28788	
23322	0	27322	
23323	0	26684	
23324	0	27076	
23325	0	27840	
23326	0	27960	
23327	0	27612	
23328	0	27300	
23329	0	27380	
23330	0	27952	
23331	0	28156	
23332	0	28212	
23333	0	28204	
23334	0	28448	
23335	0	29164	
23336	0	30104	
23337	0	30724	
23338	0	31504	
23339	0	32560	
23340	0	33868	
23341	0	35384	
23342	0	36076	
23343	0	35868	
23344	0	35316	
23345	0	34864	
23346	0	34244	
23347	0	33768	
23348	0	32880	
23349	0	32220	
23350	0	31708	
23351	0	31332	
23352	0	31672	
23353	0	32232	
23354	0	32666	
23355	0	32588	
23356	0	32288	
23357	0	31972	
23358	0	31928	
23359	0	32012	
23360	0	32208	
23361	0	32520	
23362	0	32536	
23363	0	32536	
23364	0	32388	
23365	0	32268	
23366	0	31500	
23367	0	30704	
23368	0	30108	
23369	0	30068	
23370	0	29852	
23371	0	29628	
23372	0	29304	
23373	0	28968	
23374	0	28604	
23375	0	28164	
23376	0	28288	
23377	0	29012	
23378	0	30312	
23379	0	31120	
23380	0	31768	
23381	0	32620	
23382	0	32912	
23383	0	32824	
23384	0	32698	
23385	0	32384	
23386	0	32252	
23387	0	32280	
23388	0	32424	
23389	0	32460	
23390	0	32416	
23391	0	31860	
23392	0	31736	
23393	0	32204	
23394	0	32312	
23395	0	31544	
23396	0	31148	
23397	0	31088	
23398	0	31152	
23399	0	31216	
23400	0	31256	
23401	0	31236	
23402	0	31264	
23403	0	31212	
23404	0	31520	
23405	0	31616	
23406	0	31320	
23407	0	30924	
23408	0	30856	
23409	0	31048	
23410	0	31572	
23411	0	32176	
23412	0	32640	
23413	0	32748	
23414	0	32944	
23415	0	33008	
23416	0	33556	
23417	0	35192	
23418	0	37160	
23419	0	38924	
23420	0	39528	
23421	0	38020	
23422	0	35960	
23423	0	34596	
23424	0	34008	
23425	0	33468	
23426	0	32652	
23427	0	32248	
23428	0	31772	
23429	0	31648	
23430	0	31520	
23431	0	31548	
23432	0	31644	
23433	0	31420	
23434	0	31450	
23435	0	31808	
23436	0	32504	
23437	0	32808	
23438	0	33002	
23439	0	33368	
23440	0	33420	
23441	0	33328	
23442	0	33132	
23443	0	33012	
23444	0	33404	
23445	0	33072	
23446	0	32552	
23447	0	31940	
23448	0	31832	
23449	0	32212	
23450	0	33216	
23451	0	34464	
23452	0	35696	
23453	0	36004	
23454	0	35524	
23455	0	34608	
23456	0	34296	
23457	0	34136	
23458	0	34328	
23459	0	34778	
23460	0	35332	
23461	0	35920	
23462	0	36340	
23463	0	36600	
23464	0	37020	
23465	0	37476	
23466	0	37364	
23467	0	36552	
23468	0	36040	
23469	0	35236	
23470	0	34436	
23471	0	33892	
23472	0	33712	
23473	0	33084	
23474	0	32564	
23475	0	32504	
23476	0	32592	
23477	0	32712	
23478	0	32856	
23479	0	32796	
23480	0	32600	
23481	0	32848	
23482	0	33140	
23483	0	33444	
23484	0	33696	
23485	0	33716	
23486	0	33368	
23487	0	32680	
23488	0	31848	
23489	0	31472	
23490	0	31672	
23491	0	31684	
23492	0	31564	
23493	0	31740	
23494	0	31772	
23495	0	31860	
23496	0	32012	
23497	0	32256	
23498	0	32156	
23499	0	31440	
23500	0	30496	
23501	0	30008	
23502	0	29860	
23503	0	30068	
23504	0	30260	
23505	0	30184	
23506	0	29868	
23507	0	28884	
23508	0	27752	
23509	0	27420	
23510	0	27488	
23511	0	27600	
23512	0	27864	
23513	0	28488	
23514	0	28912	
23515	0	29070	
23516	0	28944	
23517	0	29220	
23518	0	29964	
23519	0	30852	
23520	0	31172	
23521	0	31766	
23522	0	32308	
23523	0	32496	
23524	0	32324	
23525	0	31888	
23526	0	31756	
23527	0	31420	
23528	0	31024	
23529	0	31176	
23530	0	31576	
23531	0	32168	
23532	0	33068	
23533	0	33912	
23534	0	34248	
23535	0	34376	
23536	0	35276	
23537	0	36244	
23538	0	36780	
23539	0	36788	
23540	0	36664	
23541	0	36656	
23542	0	36624	
23543	0	36512	
23544	0	36552	
23545	0	36620	
23546	0	36532	
23547	0	36064	
23548	0	35496	
23549	0	35728	
23550	0	35852	
23551	0	35944	
23552	0	36064	
23553	0	36072	
23554	0	35854	
23555	0	35644	
23556	0	35452	
23557	0	35792	
23558	0	36088	
23559	0	35948	
23560	0	35880	
23561	0	35660	
23562	0	35524	
23563	0	35200	
23564	0	34672	
23565	0	34056	
23566	0	33320	
23567	0	32636	
23568	0	31656	
23569	0	30972	
23570	0	30360	
23571	0	29640	
23572	0	29112	
23573	0	29000	
23574	0	29164	
23575	0	29116	
23576	0	28744	
23577	0	28268	
23578	0	28008	
23579	0	28344	
23580	0	28744	
23581	0	29224	
23582	0	29442	
23583	0	29628	
23584	0	30344	
23585	0	31020	
23586	0	31034	
23587	0	30872	
23588	0	30608	
23589	0	30032	
23590	0	28924	
23591	0	28212	
23592	0	27820	
23593	0	27764	
23594	0	27528	
23595	0	26936	
23596	0	26344	
23597	0	26160	
23598	0	26252	
23599	0	26624	
23600	0	27192	
23601	0	27760	
23602	0	28180	
23603	0	28512	
23604	0	29144	
23605	0	29520	
23606	0	29548	
23607	0	29400	
23608	0	29120	
23609	0	28712	
23610	0	28240	
23611	0	28564	
23612	0	29396	
23613	0	30424	
23614	0	31156	
23615	0	31684	
23616	0	32060	
23617	0	32040	
23618	0	31976	
23619	0	32244	
23620	0	32616	
23621	0	32869	
23622	0	33588	
23623	0	33568	
23624	0	33384	
23625	0	33180	
23626	0	32536	
23627	0	32180	
23628	0	31976	
23629	0	31636	
23630	0	30826	
23631	0	30440	
23632	0	30588	
23633	0	31268	
23634	0	31356	
23635	0	31328	
23636	0	31652	
23637	0	32312	
23638	0	32656	
23639	0	32880	
23640	0	33076	
23641	0	33024	
23642	0	32420	
23643	0	32036	
23644	0	32032	
23645	0	31848	
23646	0	31844	
23647	0	32136	
23648	0	32392	
23649	0	32784	
23650	0	33012	
23651	0	32948	
23652	0	33004	
23653	0	32916	
23654	0	32864	
23655	0	32872	
23656	0	33060	
23657	0	33208	
23658	0	32804	
23659	0	32856	
23660	0	32888	
23661	0	33148	
23662	0	33104	
23663	0	33100	
23664	0	32840	
23665	0	32352	
23666	0	31616	
23667	0	31444	
23668	0	31628	
23669	0	32284	
23670	0	32752	
23671	0	32852	
23672	0	32748	
23673	0	33076	
23674	0	33352	
23675	0	33444	
23676	0	33496	
23677	0	33556	
23678	0	33500	
23679	0	33484	
23680	0	33728	
23681	0	33944	
23682	0	33792	
23683	0	33584	
23684	0	33488	
23685	0	33396	
23686	0	33248	
23687	0	33164	
23688	0	33164	
23689	0	33492	
23690	0	33856	
23691	0	34104	
23692	0	34044	
23693	0	34492	
23694	0	34848	
23695	0	35064	
23696	0	34728	
23697	0	34784	
23698	0	35708	
23699	0	36352	
23700	0	37004	
23701	0	37428	
23702	0	36920	
23703	0	36288	
23704	0	36416	
23705	0	36232	
23706	0	35292	
23707	0	34088	
23708	0	33868	
23709	0	34240	
23710	0	34456	
23711	0	34504	
23712	0	34376	
23713	0	35152	
23714	0	35508	
23715	0	35334	
23716	0	35064	
23717	0	35180	
23718	0	35152	
23719	0	34928	
23720	0	34732	
23721	0	34330	
23722	0	34224	
23723	0	33956	
23724	0	33968	
23725	0	34172	
23726	0	34068	
23727	0	33844	
23728	0	33432	
23729	0	32556	
23730	0	31632	
23731	0	31378	
23732	0	31612	
23733	0	31808	
23734	0	31760	
23735	0	31724	
23736	0	31256	
23737	0	30820	
23738	0	31500	
23739	0	32408	
23740	0	33052	
23741	0	33336	
23742	0	33486	
23743	0	33272	
23744	0	32912	
23745	0	31838	
23746	0	30298	
23747	0	28924	
23748	0	27562	
23749	0	26652	
23750	0	25740	
23751	0	25444	
23752	0	25920	
23753	0	27136	
23754	0	28328	
23755	0	29616	
23756	0	31272	
23757	0	33060	
23758	0	35368	
23759	0	38068	
23760	0	40640	
23761	0	42252	
23762	0	41496	
23763	0	39388	
23764	0	37500	
23765	0	36448	
23766	0	35532	
23767	0	34648	
23768	0	33656	
23769	0	32164	
23770	0	30588	
23771	0	29500	
23772	0	29180	
23773	0	30176	
23774	0	31248	
23775	0	32120	
23776	0	32672	
23777	0	33028	
23778	0	33432	
23779	0	34152	
23780	0	35112	
23781	0	36528	
23782	0	37760	
23783	0	38456	
23784	0	39012	
23785	0	38912	
23786	0	38376	
23787	0	37112	
23788	0	36080	
23789	0	35560	
23790	0	35296	
23791	0	35124	
23792	0	35824	
23793	0	36508	
23794	0	36708	
23795	0	37052	
23796	0	37828	
23797	0	38476	
23798	0	38880	
23799	0	38984	
23800	0	39240	
23801	0	39904	
23802	0	40588	
23803	0	41300	
23804	0	41340	
23805	0	40984	
23806	0	40416	
23807	0	39636	
23808	0	38732	
23809	0	38172	
23810	0	38112	
23811	0	38352	
23812	0	38690	
23813	0	38528	
23814	0	37852	
23815	0	37168	
23816	0	36920	
23817	0	36796	
23818	0	36900	
23819	0	37288	
23820	0	37964	
23821	0	38744	
23822	0	38920	
23823	0	38716	
23824	0	38260	
23825	0	37148	
23826	0	36048	
23827	0	34912	
23828	0	33924	
23829	0	33452	
23830	0	33048	
23831	0	32598	
23832	0	32108	
23833	0	31744	
23834	0	31224	
23835	0	30788	
23836	0	31112	
23837	0	31796	
23838	0	32216	
23839	0	32284	
23840	0	32684	
23841	0	33200	
23842	0	33272	
23843	0	33756	
23844	0	34684	
23845	0	34608	
23846	0	34164	
23847	0	33132	
23848	0	32132	
23849	0	31716	
23850	0	31328	
23851	0	31068	
23852	0	30812	
23853	0	30448	
23854	0	30336	
23855	0	29940	
23856	0	30180	
23857	0	30656	
23858	0	30672	
23859	0	30704	
23860	0	31260	
23861	0	32030	
23862	0	32240	
23863	0	31912	
23864	0	31704	
23865	0	30948	
23866	0	29856	
23867	0	29092	
23868	0	28448	
23869	0	28148	
23870	0	28308	
23871	0	28428	
23872	0	28724	
23873	0	29180	
23874	0	29756	
23875	0	30288	
23876	0	30876	
23877	0	31456	
23878	0	31650	
23879	0	31180	
23880	0	31264	
23881	0	31600	
23882	0	32056	
23883	0	32344	
23884	0	32496	
23885	0	32972	
23886	0	33264	
23887	0	32984	
23888	0	32604	
23889	0	32172	
23890	0	31644	
23891	0	31304	
23892	0	31072	
23893	0	30452	
23894	0	29816	
23895	0	29464	
23896	0	29300	
23897	0	29176	
23898	0	29048	
23899	0	29016	
23900	0	28944	
23901	0	28552	
23902	0	28232	
23903	0	28514	
23904	0	29376	
23905	0	29684	
23906	0	29576	
23907	0	29044	
23908	0	28520	
23909	0	28296	
23910	0	28296	
23911	0	28244	
23912	0	28968	
23913	0	30104	
23914	0	30692	
23915	0	30505	
23916	0	30468	
23917	0	30564	
23918	0	31745	
23919	0	33360	
23920	0	34480	
23921	0	34580	
23922	0	32984	
23923	0	30764	
23924	0	29852	
23925	0	29416	
23926	0	28942	
23927	0	28168	
23928	0	27524	
23929	0	27348	
23930	0	27500	
23931	0	27656	
23932	0	27984	
23933	0	28536	
23934	0	28912	
23935	0	29348	
23936	0	29820	
23937	0	29836	
23938	0	29984	
23939	0	30430	
23940	0	30664	
23941	0	30788	
23942	0	30856	
23943	0	31176	
23944	0	31912	
23945	0	32252	
23946	0	32624	
23947	0	32876	
23948	0	32744	
23949	0	32828	
23950	0	32824	
23951	0	32500	
23952	0	32256	
23953	0	32396	
23954	0	32112	
23955	0	31880	
23956	0	31944	
23957	0	32096	
23958	0	31972	
23959	0	31388	
23960	0	31034	
23961	0	31176	
23962	0	32152	
23963	0	32748	
23964	0	32968	
23965	0	32848	
23966	0	32416	
23967	0	31920	
23968	0	31680	
23969	0	31848	
23970	0	32232	
23971	0	32448	
23972	0	33008	
23973	0	33820	
23974	0	34108	
23975	0	34068	
23976	0	33824	
23977	0	33156	
23978	0	32516	
23979	0	32320	
23980	0	32688	
23981	0	32568	
23982	0	32292	
23983	0	32224	
23984	0	32760	
23985	0	32916	
23986	0	32410	
23987	0	31884	
23988	0	31876	
23989	0	32240	
23990	0	32980	
23991	0	33908	
23992	0	34404	
23993	0	35040	
23994	0	35996	
23995	0	36600	
23996	0	36800	
23997	0	36296	
23998	0	35020	
23999	0	33404	
24000	0	31700	
24001	0	29820	
24002	0	28328	
24003	0	27204	
24004	0	26716	
24005	0	27064	
24006	0	27856	
24007	0	28688	
24008	0	29220	
24009	0	29754	
24010	0	29776	
24011	0	29784	
24012	0	30116	
24013	0	30924	
24014	0	31856	
24015	0	32524	
24016	0	32608	
24017	0	32948	
24018	0	34180	
24019	0	35220	
24020	0	36356	
24021	0	38440	
24022	0	41092	
24023	0	42828	
24024	0	43932	
24025	0	42840	
24026	0	39868	
24027	0	36896	
24028	0	34416	
24029	0	31972	
24030	0	30084	
24031	0	28792	
24032	0	27920	
24033	0	27876	
24034	0	28216	
24035	0	28980	
24036	0	29672	
24037	0	30288	
24038	0	31372	
24039	0	32164	
24040	0	32932	
24041	0	34340	
24042	0	35284	
24043	0	35552	
24044	0	35544	
24045	0	35568	
24046	0	35872	
24047	0	36664	
24048	0	37444	
24049	0	38080	
24050	0	38456	
24051	0	38648	
24052	0	38332	
24053	0	37720	
24054	0	36504	
24055	0	35556	
24056	0	34016	
24057	0	32392	
24058	0	30938	
24059	0	29800	
24060	0	28844	
24061	0	28968	
24062	0	29736	
24063	0	30804	
24064	0	32008	
24065	0	32848	
24066	0	33952	
24067	0	34888	
24068	0	35536	
24069	0	36724	
24070	0	37720	
24071	0	37884	
24072	0	37892	
24073	0	37960	
24074	0	37880	
24075	0	37128	
24076	0	36544	
24077	0	36556	
24078	0	37312	
24079	0	37816	
24080	0	37656	
24081	0	36592	
24082	0	35084	
24083	0	34256	
24084	0	33456	
24085	0	32516	
24086	0	31386	
24087	0	30212	
24088	0	29616	
24089	0	29352	
24090	0	29316	
24091	0	29568	
24092	0	29796	
24093	0	30224	
24094	0	31116	
24095	0	32268	
24096	0	33056	
24097	0	34304	
24098	0	35144	
24099	0	35188	
24100	0	35344	
24101	0	35464	
24102	0	35296	
24103	0	34232	
24104	0	33192	
24105	0	32448	
24106	0	31684	
24107	0	30912	
24108	0	29744	
24109	0	29184	
24110	0	29676	
24111	0	30176	
24112	0	30540	
24113	0	31288	
24114	0	31972	
24115	0	32472	
24116	0	33264	
24117	0	34416	
24118	0	35752	
24119	0	36232	
24120	0	34640	
24121	0	31680	
24122	0	29424	
24123	0	28106	
24124	0	27860	
24125	0	27812	
24126	0	27480	
24127	0	27124	
24128	0	26816	
24129	0	27044	
24130	0	27456	
24131	0	27824	
24132	0	28412	
24133	0	29184	
24134	0	29560	
24135	0	30140	
24136	0	30736	
24137	0	31480	
24138	0	32588	
24139	0	33368	
24140	0	33668	
24141	0	34124	
24142	0	34608	
24143	0	35080	
24144	0	35480	
24145	0	35676	
24146	0	35704	
24147	0	35492	
24148	0	35356	
24149	0	35128	
24150	0	35116	
24151	0	35354	
24152	0	35592	
24153	0	35740	
24154	0	35652	
24155	0	35264	
24156	0	35504	
24157	0	36464	
24158	0	37688	
24159	0	38224	
24160	0	38944	
24161	0	39332	
24162	0	39328	
24163	0	39640	
24164	0	39656	
24165	0	39232	
24166	0	38848	
24167	0	38564	
24168	0	38828	
24169	0	38772	
24170	0	38524	
24171	0	38052	
24172	0	37928	
24173	0	38152	
24174	0	38576	
24175	0	39112	
24176	0	39740	
24177	0	40432	
24178	0	41140	
24179	0	41068	
24180	0	40360	
24181	0	39520	
24182	0	39024	
24183	0	38592	
24184	0	37548	
24185	0	36820	
24186	0	36608	
24187	0	36404	
24188	0	36272	
24189	0	36324	
24190	0	36104	
24191	0	36468	
24192	0	36448	
24193	0	35752	
24194	0	34816	
24195	0	33996	
24196	0	33244	
24197	0	33168	
24198	0	33504	
24199	0	33500	
24200	0	33828	
24201	0	34408	
24202	0	34496	
24203	0	34460	
24204	0	34360	
24205	0	34436	
24206	0	34752	
24207	0	34504	
24208	0	33588	
24209	0	32538	
24210	0	31972	
24211	0	31880	
24212	0	31652	
24213	0	31624	
24214	0	32276	
24215	0	33040	
24216	0	33240	
24217	0	33128	
24218	0	33472	
24219	0	33788	
24220	0	34004	
24221	0	34292	
24222	0	34804	
24223	0	35720	
24224	0	36384	
24225	0	36508	
24226	0	36636	
24227	0	36548	
24228	0	36464	
24229	0	37136	
24230	0	37892	
24231	0	38396	
24232	0	39064	
24233	0	38128	
24234	0	35516	
24235	0	33784	
24236	0	33400	
24237	0	33868	
24238	0	34560	
24239	0	35284	
24240	0	35648	
24241	0	35776	
24242	0	35528	
24243	0	35646	
24244	0	35512	
24245	0	35328	
24246	0	35304	
24247	0	35280	
24248	0	35580	
24249	0	35304	
24250	0	35240	
24251	0	35344	
24252	0	35496	
24253	0	35416	
24254	0	35292	
24255	0	36212	
24256	0	36456	
24257	0	36624	
24258	0	36908	
24259	0	36672	
24260	0	36728	
24261	0	37088	
24262	0	37532	
24263	0	37944	
24264	0	38560	
24265	0	38848	
24266	0	38500	
24267	0	37740	
24268	0	36592	
24269	0	35264	
24270	0	33752	
24271	0	32552	
24272	0	31784	
24273	0	32200	
24274	0	34280	
24275	0	37172	
24276	0	39860	
24277	0	41168	
24278	0	40920	
24279	0	39900	
24280	0	38164	
24281	0	35580	
24282	0	33464	
24283	0	31996	
24284	0	31096	
24285	0	30540	
24286	0	30516	
24287	0	31008	
24288	0	31820	
24289	0	32736	
24290	0	33508	
24291	0	34156	
24292	0	34112	
24293	0	33668	
24294	0	33424	
24295	0	33232	
24296	0	33220	
24297	0	33416	
24298	0	33536	
24299	0	33356	
24300	0	33416	
24301	0	33812	
24302	0	33688	
24303	0	33600	
24304	0	33768	
24305	0	33620	
24306	0	33164	
24307	0	33176	
24308	0	34128	
24309	0	35776	
24310	0	37224	
24311	0	37412	
24312	0	35116	
24313	0	32524	
24314	0	30564	
24315	0	29536	
24316	0	29704	
24317	0	29872	
24318	0	30044	
24319	0	30268	
24320	0	30788	
24321	0	31352	
24322	0	31452	
24323	0	31660	
24324	0	31784	
24325	0	31618	
24326	0	31180	
24327	0	30834	
24328	0	30672	
24329	0	30988	
24330	0	31516	
24331	0	32012	
24332	0	32656	
24333	0	33492	
24334	0	34488	
24335	0	34944	
24336	0	34728	
24337	0	34240	
24338	0	33928	
24339	0	33684	
24340	0	33748	
24341	0	33840	
24342	0	33888	
24343	0	34108	
24344	0	34340	
24345	0	34612	
24346	0	34856	
24347	0	35104	
24348	0	35204	
24349	0	34892	
24350	0	34556	
24351	0	34288	
24352	0	34304	
24353	0	34048	
24354	0	33324	
24355	0	32720	
24356	0	32588	
24357	0	32712	
24358	0	32960	
24359	0	33684	
24360	0	34352	
24361	0	34424	
24362	0	34796	
24363	0	34936	
24364	0	34596	
24365	0	34028	
24366	0	33312	
24367	0	32736	
24368	0	32568	
24369	0	32056	
24370	0	31348	
24371	0	30800	
24372	0	30572	
24373	0	30544	
24374	0	30448	
24375	0	30768	
24376	0	31056	
24377	0	31588	
24378	0	32088	
24379	0	32440	
24380	0	33120	
24381	0	33828	
24382	0	33616	
24383	0	33248	
24384	0	32524	
24385	0	32504	
24386	0	33616	
24387	0	34616	
24388	0	35650	
24389	0	35124	
24390	0	32984	
24391	0	30708	
24392	0	29336	
24393	0	29008	
24394	0	28924	
24395	0	29472	
24396	0	30064	
24397	0	30736	
24398	0	31792	
24399	0	32520	
24400	0	33480	
24401	0	34100	
24402	0	34344	
24403	0	34200	
24404	0	33820	
24405	0	33476	
24406	0	33532	
24407	0	33028	
24408	0	32276	
24409	0	31416	
24410	0	31192	
24411	0	31228	
24412	0	31116	
24413	0	31176	
24414	0	31316	
24415	0	31364	
24416	0	31400	
24417	0	31466	
24418	0	31596	
24419	0	31880	
24420	0	31884	
24421	0	31684	
24422	0	31460	
24423	0	31180	
24424	0	30488	
24425	0	29700	
24426	0	29272	
24427	0	29136	
24428	0	28936	
24429	0	28732	
24430	0	28920	
24431	0	29136	
24432	0	29336	
24433	0	29540	
24434	0	29728	
24435	0	30352	
24436	0	31016	
24437	0	31592	
24438	0	31640	
24439	0	31548	
24440	0	31212	
24441	0	31028	
24442	0	30996	
24443	0	31116	
24444	0	31004	
24445	0	30744	
24446	0	30292	
24447	0	30440	
24448	0	30488	
24449	0	30604	
24450	0	31128	
24451	0	31832	
24452	0	31856	
24453	0	31136	
24454	0	30600	
24455	0	30240	
24456	0	30528	
24457	0	30532	
24458	0	30232	
24459	0	29808	
24460	0	29688	
24461	0	29812	
24462	0	30432	
24463	0	30984	
24464	0	31112	
24465	0	30512	
24466	0	30232	
24467	0	30296	
24468	0	30808	
24469	0	31264	
24470	0	31492	
24471	0	32192	
24472	0	33852	
24473	0	35132	
24474	0	35872	
24475	0	34972	
24476	0	32804	
24477	0	31340	
24478	0	30656	
24479	0	30404	
24480	0	30544	
24481	0	30856	
24482	0	30780	
24483	0	30560	
24484	0	30284	
24485	0	30392	
24486	0	30168	
24487	0	29604	
24488	0	29316	
24489	0	29204	
24490	0	29380	
24491	0	29572	
24492	0	29628	
24493	0	29608	
24494	0	29508	
24495	0	29360	
24496	0	29792	
24497	0	30788	
24498	0	31568	
24499	0	32300	
24500	0	33164	
24501	0	33580	
24502	0	33728	
24503	0	33904	
24504	0	33960	
24505	0	33712	
24506	0	33536	
24507	0	33720	
24508	0	33692	
24509	0	33324	
24510	0	32922	
24511	0	32804	
24512	0	32548	
24513	0	32384	
24514	0	32464	
24515	0	32612	
24516	0	33320	
24517	0	34624	
24518	0	35844	
24519	0	36908	
24520	0	37852	
24521	0	38536	
24522	0	38540	
24523	0	38048	
24524	0	37988	
24525	0	37520	
24526	0	36936	
24527	0	36580	
24528	0	36616	
24529	0	37084	
24530	0	37252	
24531	0	36280	
24532	0	35900	
24533	0	35512	
24534	0	34588	
24535	0	34040	
24536	0	33556	
24537	0	33196	
24538	0	32868	
24539	0	32696	
24540	0	32680	
24541	0	32888	
24542	0	32984	
24543	0	33112	
24544	0	33592	
24545	0	33796	
24546	0	33872	
24547	0	33840	
24548	0	34324	
24549	0	35044	
24550	0	35528	
24551	0	35624	
24552	0	35016	
24553	0	34664	
24554	0	34636	
24555	0	34028	
24556	0	33520	
24557	0	33972	
24558	0	34740	
24559	0	35148	
24560	0	35772	
24561	0	35568	
24562	0	34736	
24563	0	34296	
24564	0	34780	
24565	0	35920	
24566	0	37032	
24567	0	37524	
24568	0	36018	
24569	0	33108	
24570	0	31288	
24571	0	30032	
24572	0	29332	
24573	0	28660	
24574	0	28180	
24575	0	28690	
24576	0	29808	
24577	0	30548	
24578	0	31168	
24579	0	32024	
24580	0	32820	
24581	0	33396	
24582	0	33720	
24583	0	33880	
24584	0	33460	
24585	0	32728	
24586	0	32448	
24587	0	32556	
24588	0	33056	
24589	0	33560	
24590	0	34128	
24591	0	34364	
24592	0	34496	
24593	0	34308	
24594	0	33736	
24595	0	33152	
24596	0	33344	
24597	0	33844	
24598	0	34292	
24599	0	34720	
24600	0	35376	
24601	0	35820	
24602	0	35844	
24603	0	35896	
24604	0	35968	
24605	0	35412	
24606	0	34264	
24607	0	33904	
24608	0	33888	
24609	0	33904	
24610	0	33504	
24611	0	32820	
24612	0	32152	
24613	0	32232	
24614	0	32644	
24615	0	33412	
24616	0	33752	
24617	0	33796	
24618	0	33696	
24619	0	33592	
24620	0	33410	
24621	0	33272	
24622	0	33296	
24623	0	33452	
24624	0	33408	
24625	0	32821	
24626	0	32168	
24627	0	31880	
24628	0	31792	
24629	0	31648	
24630	0	31640	
24631	0	31284	
24632	0	31036	
24633	0	30956	
24634	0	30832	
24635	0	31152	
24636	0	32012	
24637	0	33584	
24638	0	35020	
24639	0	36028	
24640	0	34796	
24641	0	32526	
24642	0	31072	
24643	0	30504	
24644	0	30356	
24645	0	30388	
24646	0	30364	
24647	0	30592	
24648	0	30608	
24649	0	30912	
24650	0	31092	
24651	0	30532	
24652	0	29740	
24653	0	28834	
24654	0	28192	
24655	0	28428	
24656	0	29176	
24657	0	30012	
24658	0	30922	
24659	0	31476	
24660	0	31996	
24661	0	32436	
24662	0	32472	
24663	0	32464	
24664	0	32168	
24665	0	31748	
24666	0	31216	
24667	0	30652	
24668	0	30420	
24669	0	30324	
24670	0	30136	
24671	0	29964	
24672	0	29696	
24673	0	29528	
24674	0	29348	
24675	0	28992	
24676	0	29380	
24677	0	30080	
24678	0	30704	
24679	0	31224	
24680	0	31856	
24681	0	32008	
24682	0	32028	
24683	0	31960	
24684	0	32136	
24685	0	32200	
24686	0	32888	
24687	0	33412	
24688	0	33284	
24689	0	33096	
24690	0	32860	
24691	0	32856	
24692	0	33144	
24693	0	32800	
24694	0	32728	
24695	0	33440	
24696	0	34050	
24697	0	34020	
24698	0	33932	
24699	0	33440	
24700	0	33316	
24701	0	32876	
24702	0	31888	
24703	0	31096	
24704	0	31056	
24705	0	31320	
24706	0	31464	
24707	0	31396	
24708	0	31260	
24709	0	30852	
24710	0	30796	
24711	0	31080	
24712	0	31412	
24713	0	31608	
24714	0	31496	
24715	0	31376	
24716	0	31188	
24717	0	30976	
24718	0	30904	
24719	0	30956	
24720	0	31060	
24721	0	31832	
24722	0	33732	
24723	0	35596	
24724	0	37188	
24725	0	37036	
24726	0	34056	
24727	0	31272	
24728	0	29796	
24729	0	29392	
24730	0	29524	
24731	0	30068	
24732	0	30524	
24733	0	30572	
24734	0	30376	
24735	0	30620	
24736	0	31324	
24737	0	32124	
24738	0	32852	
24739	0	33728	
24740	0	34024	
24741	0	34044	
24742	0	33888	
24743	0	33872	
24744	0	34116	
24745	0	34600	
24746	0	34952	
24747	0	34800	
24748	0	34596	
24749	0	33852	
24750	0	32920	
24751	0	32300	
24752	0	32068	
24753	0	31700	
24754	0	31712	
24755	0	31732	
24756	0	32120	
24757	0	32332	
24758	0	32444	
24759	0	32688	
24760	0	32608	
24761	0	32240	
24762	0	31876	
24763	0	31812	
24764	0	31468	
24765	0	30836	
24766	0	29892	
24767	0	29556	
24768	0	29380	
24769	0	29052	
24770	0	28882	
24771	0	29220	
24772	0	29300	
24773	0	29432	
24774	0	29492	
24775	0	29896	
24776	0	30352	
24777	0	31032	
24778	0	31712	
24779	0	31884	
24780	0	31648	
24781	0	31588	
24782	0	31256	
24783	0	30732	
24784	0	30592	
24785	0	30584	
24786	0	30592	
24787	0	30640	
24788	0	30288	
24789	0	29608	
24790	0	29160	
24791	0	28848	
24792	0	28508	
24793	0	28656	
24794	0	28960	
24795	0	29540	
24796	0	30072	
24797	0	30172	
24798	0	30308	
24799	0	30776	
24800	0	30956	
24801	0	31072	
24802	0	30924	
24803	0	30996	
24804	0	30592	
24805	0	29766	
24806	0	29236	
24807	0	29064	
24808	0	28780	
24809	0	28548	
24810	0	29112	
24811	0	29300	
24812	0	29160	
24813	0	29168	
24814	0	29928	
24815	0	31636	
24816	0	34020	
24817	0	35992	
24818	0	36500	
24819	0	34772	
24820	0	32140	
24821	0	29884	
24822	0	28252	
24823	0	27490	
24824	0	27336	
24825	0	27652	
24826	0	28252	
24827	0	28692	
24828	0	29068	
24829	0	29396	
24830	0	29356	
24831	0	29496	
24832	0	29664	
24833	0	30084	
24834	0	30440	
24835	0	30424	
24836	0	30488	
24837	0	30856	
24838	0	31536	
24839	0	32088	
24840	0	32888	
24841	0	33612	
24842	0	33561	
24843	0	33368	
24844	0	33176	
24845	0	32856	
24846	0	32496	
24847	0	32328	
24848	0	32380	
24849	0	32368	
24850	0	32128	
24851	0	31768	
24852	0	31652	
24853	0	30964	
24854	0	30440	
24855	0	30376	
24856	0	30840	
24857	0	31304	
24858	0	32020	
24859	0	32688	
24860	0	33692	
24861	0	34556	
24862	0	34840	
24863	0	35236	
24864	0	35464	
24865	0	35108	
24866	0	34416	
24867	0	34024	
24868	0	33768	
24869	0	33640	
24870	0	33736	
24871	0	33672	
24872	0	33580	
24873	0	33292	
24874	0	33192	
24875	0	33592	
24876	0	34576	
24877	0	34808	
24878	0	34184	
24879	0	33628	
24880	0	33528	
24881	0	33768	
24882	0	34136	
24883	0	34136	
24884	0	34228	
24885	0	34408	
24886	0	34308	
24887	0	34436	
24888	0	34736	
24889	0	34528	
24890	0	33876	
24891	0	33200	
24892	0	32688	
24893	0	32296	
24894	0	31812	
24895	0	31500	
24896	0	31816	
24897	0	32364	
24898	0	32900	
24899	0	33864	
24900	0	34292	
24901	0	34304	
24902	0	34440	
24903	0	34632	
24904	0	34732	
24905	0	34800	
24906	0	34560	
24907	0	33988	
24908	0	33344	
24909	0	32556	
24910	0	32560	
24911	0	32872	
24912	0	33188	
24913	0	34316	
24914	0	35944	
24915	0	37032	
24916	0	38184	
24917	0	38376	
24918	0	35972	
24919	0	32988	
24920	0	31536	
24921	0	31440	
24922	0	31372	
24923	0	31224	
24924	0	31112	
24925	0	30624	
24926	0	30168	
24927	0	29148	
24928	0	28584	
24929	0	28412	
24930	0	28452	
24931	0	28736	
24932	0	28880	
24933	0	28900	
24934	0	29416	
24935	0	29816	
24936	0	30208	
24937	0	30476	
24938	0	31104	
24939	0	31536	
24940	0	31688	
24941	0	31824	
24942	0	31832	
24943	0	31720	
24944	0	30840	
24945	0	30296	
24946	0	30000	
24947	0	29684	
24948	0	29200	
24949	0	28504	
24950	0	28296	
24951	0	28468	
24952	0	28852	
24953	0	29288	
24954	0	29712	
24955	0	30188	
24956	0	30692	
24957	0	30986	
24958	0	30952	
24959	0	30904	
24960	0	31120	
24961	0	31192	
24962	0	31800	
24963	0	32168	
24964	0	32288	
24965	0	32536	
24966	0	32500	
24967	0	32308	
24968	0	32080	
24969	0	31736	
24970	0	31444	
24971	0	31552	
24972	0	31668	
24973	0	31328	
24974	0	30992	
24975	0	30304	
24976	0	30096	
24977	0	30740	
24978	0	31284	
24979	0	31688	
24980	0	31572	
24981	0	31168	
24982	0	31034	
24983	0	31372	
24984	0	31228	
24985	0	31028	
24986	0	30568	
24987	0	30074	
24988	0	29888	
24989	0	30032	
24990	0	30432	
24991	0	30856	
24992	0	31096	
24993	0	31268	
24994	0	31376	
24995	0	31264	
24996	0	31168	
24997	0	31080	
24998	0	31436	
24999	0	32144	
25000	0	32904	
25001	0	33304	
25002	0	33280	
25003	0	33040	
25004	0	32536	
25005	0	32044	
25006	0	31788	
25007	0	31752	
25008	0	32072	
25009	0	32472	
25010	0	32612	
25011	0	32748	
25012	0	32472	
25013	0	32636	
25014	0	34208	
25015	0	35768	
25016	0	37060	
25017	0	37216	
25018	0	35136	
25019	0	32704	
25020	0	31456	
25021	0	30448	
25022	0	29668	
25023	0	28908	
25024	0	28340	
25025	0	28188	
25026	0	27756	
25027	0	27764	
25028	0	27768	
25029	0	27636	
25030	0	27436	
25031	0	27506	
25032	0	27508	
25033	0	27584	
25034	0	28040	
25035	0	28584	
25036	0	29064	
25037	0	29684	
25038	0	30224	
25039	0	30712	
25040	0	30672	
25041	0	30712	
25042	0	30248	
25043	0	29624	
25044	0	29180	
25045	0	29360	
25046	0	29864	
25047	0	30468	
25048	0	31020	
25049	0	30936	
25050	0	30608	
25051	0	30416	
25052	0	30492	
25053	0	30948	
25054	0	31176	
25055	0	31216	
25056	0	31584	
25057	0	32160	
25058	0	32000	
25059	0	31856	
25060	0	31732	
25061	0	31364	
25062	0	31272	
25063	0	31386	
25064	0	31216	
25065	0	30588	
25066	0	30260	
25067	0	30132	
25068	0	30232	
25069	0	30552	
25070	0	31024	
25071	0	31488	
25072	0	31700	
25073	0	32072	
25074	0	32792	
25075	0	33672	
25076	0	34444	
25077	0	34860	
25078	0	34856	
25079	0	34636	
25080	0	34104	
25081	0	33500	
25082	0	33360	
25083	0	33348	
25084	0	33476	
25085	0	33500	
25086	0	33704	
25087	0	33952	
25088	0	33912	
25089	0	33724	
25090	0	33552	
25091	0	33504	
25092	0	33412	
25093	0	33000	
25094	0	32840	
25095	0	33108	
25096	0	33472	
25097	0	33336	
25098	0	32956	
25099	0	33648	
25100	0	35000	
25101	0	36472	
25102	0	37340	
25103	0	36640	
25104	0	33852	
25105	0	31348	
25106	0	29860	
25107	0	29124	
25108	0	29440	
25109	0	30154	
25110	0	30820	
25111	0	31148	
25112	0	31792	
25113	0	32636	
25114	0	33328	
25115	0	33828	
25116	0	34344	
25117	0	35200	
25118	0	35692	
25119	0	35776	
25120	0	35948	
25121	0	36076	
25122	0	36584	
25123	0	37004	
25124	0	37096	
25125	0	37224	
25126	0	37560	
25127	0	37864	
25128	0	37900	
25129	0	37640	
25130	0	37608	
25131	0	37792	
25132	0	38312	
25133	0	38508	
25134	0	38256	
25135	0	38260	
25136	0	38560	
25137	0	38908	
25138	0	39028	
25139	0	38584	
25140	0	38720	
25141	0	38848	
25142	0	38608	
25143	0	38728	
25144	0	38956	
25145	0	39040	
25146	0	39160	
25147	0	38852	
25148	0	37984	
25149	0	37072	
25150	0	36388	
25151	0	35964	
25152	0	36092	
25153	0	36140	
25154	0	36312	
25155	0	36752	
25156	0	37384	
25157	0	37740	
25158	0	37476	
25159	0	37280	
25160	0	37498	
25161	0	37416	
25162	0	37260	
25163	0	36736	
25164	0	36228	
25165	0	35628	
25166	0	34828	
25167	0	34064	
25168	0	33736	
25169	0	33828	
25170	0	34296	
25171	0	34796	
25172	0	34864	
25173	0	34460	
25174	0	34232	
25175	0	35280	
25176	0	37212	
25177	0	38656	
25178	0	38980	
25179	0	37984	
25180	0	35160	
25181	0	32320	
25182	0	30296	
25183	0	29348	
25184	0	29304	
25185	0	29940	
25186	0	30456	
25187	0	30880	
25188	0	31728	
25189	0	32196	
25190	0	32524	
25191	0	32856	
25192	0	32892	
25193	0	32600	
25194	0	32712	
25195	0	32680	
25196	0	32432	
25197	0	32624	
25198	0	32988	
25199	0	33440	
25200	0	33820	
25201	0	33996	
25202	0	33872	
25203	0	34170	
25204	0	34016	
25205	0	33764	
25206	0	33036	
25207	0	31952	
25208	0	31700	
25209	0	31738	
25210	0	31292	
25211	0	31184	
25212	0	31316	
25213	0	31144	
25214	0	31368	
25215	0	31780	
25216	0	32328	
25217	0	33040	
25218	0	33708	
25219	0	34116	
25220	0	34908	
25221	0	35300	
25222	0	35396	
25223	0	35418	
25224	0	34884	
25225	0	34476	
25226	0	33764	
25227	0	32912	
25228	0	32248	
25229	0	32136	
25230	0	32404	
25231	0	32744	
25232	0	32972	
25233	0	33013	
25234	0	33552	
25235	0	34060	
25236	0	34676	
25237	0	35564	
25238	0	36232	
25239	0	36796	
25240	0	37248	
25241	0	37240	
25242	0	37024	
25243	0	37088	
25244	0	37268	
25245	0	37372	
25246	0	36564	
25247	0	35772	
25248	0	35384	
25249	0	35200	
25250	0	35284	
25251	0	35300	
25252	0	35352	
25253	0	35064	
25254	0	34372	
25255	0	33898	
25256	0	33344	
25257	0	32772	
25258	0	32700	
25259	0	32880	
25260	0	33228	
25261	0	33712	
25262	0	33412	
25263	0	33264	
25264	0	32836	
25265	0	32492	
25266	0	32320	
25267	0	31804	
25268	0	30916	
25269	0	30512	
25270	0	30184	
25271	0	30540	
25272	0	30756	
25273	0	30656	
25274	0	30648	
25275	0	31000	
25276	0	31364	
25277	0	31872	
25278	0	32512	
25279	0	33408	
25280	0	34228	
25281	0	34956	
25282	0	35344	
25283	0	35280	
25284	0	35168	
25285	0	34834	
25286	0	34528	
25287	0	34840	
25288	0	34964	
25289	0	35104	
25290	0	35076	
25291	0	35508	
25292	0	35832	
25293	0	35208	
25294	0	34644	
25295	0	34880	
25296	0	35060	
25297	0	35140	
25298	0	35476	
25299	0	36832	
25300	0	38904	
25301	0	40368	
25302	0	41352	
25303	0	40376	
25304	0	36312	
25305	0	32433	
25306	0	30048	
25307	0	28968	
25308	0	28484	
25309	0	28464	
25310	0	28332	
25311	0	27960	
25312	0	27728	
25313	0	27714	
25314	0	28096	
25315	0	29052	
25316	0	30160	
25317	0	31444	
25318	0	32608	
25319	0	33528	
25320	0	34372	
25321	0	34568	
25322	0	34548	
25323	0	34304	
25324	0	33908	
25325	0	33664	
25326	0	33628	
25327	0	33344	
25328	0	33032	
25329	0	32416	
25330	0	31456	
25331	0	31028	
25332	0	30880	
25333	0	30960	
25334	0	31072	
25335	0	31584	
25336	0	32046	
25337	0	32544	
25338	0	33792	
25339	0	34792	
25340	0	34952	
25341	0	34576	
25342	0	34112	
25343	0	33896	
25344	0	33408	
25345	0	32928	
25346	0	32664	
25347	0	32268	
25348	0	31256	
25349	0	30752	
25350	0	30488	
25351	0	30300	
25352	0	29972	
25353	0	30180	
25354	0	30960	
25355	0	31588	
25356	0	32264	
25357	0	32980	
25358	0	33760	
25359	0	35036	
25360	0	36000	
25361	0	36628	
25362	0	36580	
25363	0	36144	
25364	0	35344	
25365	0	34592	
25366	0	34640	
25367	0	35360	
25368	0	36472	
25369	0	37468	
25370	0	36792	
25371	0	33992	
25372	0	31344	
25373	0	29724	
25374	0	28488	
25375	0	28216	
25376	0	28516	
25377	0	29312	
25378	0	29912	
25379	0	30808	
25380	0	31660	
25381	0	32656	
25382	0	33420	
25383	0	33660	
25384	0	33396	
25385	0	33146	
25386	0	32980	
25387	0	32220	
25388	0	31968	
25389	0	32236	
25390	0	32668	
25391	0	33884	
25392	0	34616	
25393	0	35100	
25394	0	35636	
25395	0	35468	
25396	0	35400	
25397	0	35464	
25398	0	35412	
25399	0	35856	
25400	0	36296	
25401	0	36248	
25402	0	36096	
25403	0	36252	
25404	0	36372	
25405	0	36652	
25406	0	36120	
25407	0	35436	
25408	0	34848	
25409	0	34360	
25410	0	34320	
25411	0	34896	
25412	0	36272	
25413	0	37492	
25414	0	38436	
25415	0	39000	
25416	0	39276	
25417	0	39056	
25418	0	38228	
25419	0	37684	
25420	0	37548	
25421	0	36780	
25422	0	35952	
25423	0	34664	
25424	0	34156	
25425	0	34608	
25426	0	34948	
25427	0	35296	
25428	0	35188	
25429	0	34864	
25430	0	34512	
25431	0	34576	
25432	0	34676	
25433	0	34356	
25434	0	34344	
25435	0	34060	
25436	0	33884	
25437	0	33468	
25438	0	33144	
25439	0	33312	
25440	0	33900	
25441	0	34800	
25442	0	35392	
25443	0	35208	
25444	0	34440	
25445	0	33748	
25446	0	33324	
25447	0	33140	
25448	0	32936	
25449	0	32688	
25450	0	32164	
25451	0	31844	
25452	0	31584	
25453	0	31336	
25454	0	31076	
25455	0	31332	
25456	0	33128	
25457	0	35032	
25458	0	36428	
25459	0	36828	
25460	0	35172	
25461	0	33016	
25462	0	31642	
25463	0	30892	
25464	0	30356	
25465	0	29680	
25466	0	28936	
25467	0	28776	
25468	0	29656	
25469	0	30698	
25470	0	31344	
25471	0	31372	
25472	0	31072	
25473	0	31056	
25474	0	31432	
25475	0	31220	
25476	0	30836	
25477	0	30480	
25478	0	30464	
25479	0	30324	
25480	0	30512	
25481	0	30856	
25482	0	31376	
25483	0	31772	
25484	0	32900	
25485	0	33752	
25486	0	33808	
25487	0	33586	
25488	0	33704	
25489	0	34068	
25490	0	34264	
25491	0	34160	
25492	0	34168	
25493	0	33900	
25494	0	33580	
25495	0	33552	
25496	0	34002	
25497	0	34684	
25498	0	34992	
25499	0	34936	
25500	0	34656	
25501	0	34564	
25502	0	34668	
25503	0	34612	
25504	0	33952	
25505	0	32652	
25506	0	31568	
25507	0	30404	
25508	0	29376	
25509	0	28872	
25510	0	28828	
25511	0	29244	
25512	0	30192	
25513	0	30612	
25514	0	30432	
25515	0	30016	
25516	0	29784	
25517	0	29300	
25518	0	29044	
25519	0	29372	
25520	0	29732	
25521	0	30352	
25522	0	30628	
25523	0	30876	
25524	0	30856	
25525	0	30888	
25526	0	31108	
25527	0	31160	
25528	0	31112	
25529	0	31128	
25530	0	31156	
25531	0	30868	
25532	0	31116	
25533	0	31592	
25534	0	31904	
25535	0	31872	
25536	0	32032	
25537	0	32392	
25538	0	32309	
25539	0	32172	
25540	0	32728	
25541	0	34132	
25542	0	34960	
25543	0	35468	
25544	0	33964	
25545	0	31876	
25546	0	30060	
25547	0	29320	
25548	0	29424	
25549	0	29760	
25550	0	30284	
25551	0	30404	
25552	0	30412	
25553	0	30552	
25554	0	31196	
25555	0	31776	
25556	0	32736	
25557	0	33512	
25558	0	34176	
25559	0	34252	
25560	0	34112	
25561	0	34216	
25562	0	34132	
25563	0	33636	
25564	0	33060	
25565	0	32360	
25566	0	32248	
25567	0	32672	
25568	0	32708	
25569	0	32816	
25570	0	33416	
25571	0	34072	
25572	0	34084	
25573	0	33460	
25574	0	33060	
25575	0	33204	
25576	0	33900	
25577	0	34864	
25578	0	36072	
25579	0	37312	
25580	0	38000	
25581	0	38316	
25582	0	38128	
25583	0	38224	
25584	0	38276	
25585	0	37840	
25586	0	37224	
25587	0	36572	
25588	0	36256	
25589	0	35832	
25590	0	35240	
25591	0	35080	
25592	0	35136	
25593	0	35260	
25594	0	35648	
25595	0	36120	
25596	0	36760	
25597	0	36992	
25598	0	37168	
25599	0	36680	
25600	0	36080	
25601	0	35764	
25602	0	35564	
25603	0	35266	
25604	0	34376	
25605	0	33572	
25606	0	33288	
25607	0	33196	
25608	0	32812	
25609	0	32612	
25610	0	32296	
25611	0	32248	
25612	0	32312	
25613	0	32548	
25614	0	32652	
25615	0	32368	
25616	0	32624	
25617	0	33252	
25618	0	33612	
25619	0	33792	
25620	0	33992	
25621	0	33740	
25622	0	33528	
25623	0	34172	
25624	0	35392	
25625	0	36608	
25626	0	37812	
25627	0	38244	
25628	0	35940	
25629	0	33104	
25630	0	31380	
25631	0	30584	
25632	0	30552	
25633	0	30980	
25634	0	31336	
25635	0	31948	
25636	0	32404	
25637	0	32584	
25638	0	32796	
25639	0	33672	
25640	0	34164	
25641	0	33996	
25642	0	33804	
25643	0	33696	
25644	0	33492	
25645	0	32972	
25646	0	32268	
25647	0	31248	
25648	0	30508	
25649	0	30176	
25650	0	30404	
25651	0	30704	
25652	0	30824	
25653	0	31468	
25654	0	32152	
25655	0	32720	
25656	0	32888	
25657	0	32840	
25658	0	33228	
25659	0	34064	
25660	0	34134	
25661	0	33812	
25662	0	33496	
25663	0	33784	
25664	0	34440	
25665	0	34688	
25666	0	34152	
25667	0	33372	
25668	0	32728	
25669	0	32556	
25670	0	32096	
25671	0	32196	
25672	0	32816	
25673	0	33212	
25674	0	33616	
25675	0	33856	
25676	0	33896	
25677	0	34040	
25678	0	34160	
25679	0	33920	
25680	0	34180	
25681	0	34560	
25682	0	35176	
25683	0	35480	
25684	0	35576	
25685	0	35704	
25686	0	35516	
25687	0	35256	
25688	0	35404	
25689	0	35040	
25690	0	34444	
25691	0	33896	
25692	0	33076	
25693	0	32572	
25694	0	32368	
25695	0	32484	
25696	0	32448	
25697	0	31952	
25698	0	31928	
25699	0	32172	
25700	0	32204	
25701	0	32424	
25702	0	32816	
25703	0	33004	
25704	0	32964	
25705	0	32784	
25706	0	32488	
25707	0	32284	
25708	0	32308	
25709	0	32584	
25710	0	33040	
25711	0	33228	
25712	0	32986	
25713	0	32504	
25714	0	32312	
25715	0	32436	
25716	0	32752	
25717	0	33168	
25718	0	33460	
25719	0	33732	
25720	0	33540	
25721	0	32816	
25722	0	32144	
25723	0	31496	
25724	0	31000	
25725	0	30516	
25726	0	30004	
25727	0	30064	
25728	0	29912	
25729	0	29604	
25730	0	29328	
25731	0	29466	
25732	0	30084	
25733	0	31700	
25734	0	33512	
25735	0	34700	
25736	0	34880	
25737	0	33616	
25738	0	32224	
25739	0	31484	
25740	0	31408	
25741	0	31700	
25742	0	32236	
25743	0	32368	
25744	0	33152	
25745	0	34152	
25746	0	34624	
25747	0	34812	
25748	0	34804	
25749	0	34188	
25750	0	33142	
25751	0	32728	
25752	0	33176	
25753	0	33480	
25754	0	33676	
25755	0	34224	
25756	0	35160	
25757	0	35788	
25758	0	36156	
25759	0	37352	
25760	0	39180	
25761	0	40072	
25762	0	40212	
25763	0	39912	
25764	0	39144	
25765	0	38572	
25766	0	37796	
25767	0	36922	
25768	0	35592	
25769	0	35012	
25770	0	34768	
25771	0	34632	
25772	0	34124	
25773	0	33812	
25774	0	33972	
25775	0	34056	
25776	0	33984	
25777	0	34004	
25778	0	33720	
25779	0	33432	
25780	0	33312	
25781	0	33020	
25782	0	33184	
25783	0	33636	
25784	0	33264	
25785	0	32576	
25786	0	32504	
25787	0	32528	
25788	0	32288	
25789	0	32364	
25790	0	32540	
25791	0	32560	
25792	0	32596	
25793	0	32372	
25794	0	32192	
25795	0	31772	
25796	0	31136	
25797	0	30792	
25798	0	30608	
25799	0	30624	
25800	0	30936	
25801	0	30908	
25802	0	30188	
25803	0	29037	
25804	0	27804	
25805	0	27080	
25806	0	26940	
25807	0	26860	
25808	0	27108	
25809	0	27300	
25810	0	27340	
25811	0	27530	
25812	0	27588	
25813	0	27328	
25814	0	27548	
25815	0	28628	
25816	0	29964	
25817	0	30624	
25818	0	30640	
25819	0	30156	
25820	0	29692	
25821	0	29320	
25822	0	29392	
25823	0	29728	
25824	0	29536	
25825	0	29492	
25826	0	29932	
25827	0	30516	
25828	0	30872	
25829	0	30956	
25830	0	30432	
25831	0	30052	
25832	0	29960	
25833	0	30040	
25834	0	30176	
25835	0	30504	
25836	0	30764	
25837	0	30960	
25838	0	31272	
25839	0	31888	
25840	0	32252	
25841	0	32708	
25842	0	33404	
25843	0	33696	
25844	0	33640	
25845	0	33760	
25846	0	34380	
25847	0	35420	
25848	0	36344	
25849	0	36624	
25850	0	35172	
25851	0	32500	
25852	0	30468	
25853	0	29164	
25854	0	28164	
25855	0	27896	
25856	0	28444	
25857	0	29140	
25858	0	29648	
25859	0	30192	
25860	0	30912	
25861	0	31536	
25862	0	31824	
25863	0	31892	
25864	0	31556	
25865	0	31604	
25866	0	31644	
25867	0	31512	
25868	0	30780	
25869	0	30528	
25870	0	30792	
25871	0	30540	
25872	0	30320	
25873	0	30112	
25874	0	30312	
25875	0	30504	
25876	0	31088	
25877	0	31340	
25878	0	31266	
25879	0	31225	
25880	0	31624	
25881	0	31928	
25882	0	31896	
25883	0	32228	
25884	0	32448	
25885	0	32284	
25886	0	31684	
25887	0	30962	
25888	0	30680	
25889	0	30824	
25890	0	31246	
25891	0	31292	
25892	0	30812	
25893	0	30040	
25894	0	29448	
25895	0	28516	
25896	0	28564	
25897	0	28824	
25898	0	29248	
25899	0	30136	
25900	0	31116	
25901	0	31704	
25902	0	31876	
25903	0	31997	
25904	0	32116	
25905	0	31916	
25906	0	32276	
25907	0	32148	
25908	0	31716	
25909	0	31176	
25910	0	30920	
25911	0	30956	
25912	0	31292	
25913	0	31604	
25914	0	31848	
25915	0	31788	
25916	0	31940	
25917	0	32836	
25918	0	34556	
25919	0	37056	
25920	0	39200	
25921	0	40408	
25922	0	40328	
25923	0	38212	
25924	0	35576	
25925	0	33996	
25926	0	33540	
25927	0	33424	
25928	0	32640	
25929	0	31452	
25930	0	30836	
25931	0	30704	
25932	0	31092	
25933	0	30896	
25934	0	30780	
25935	0	31432	
25936	0	32100	
25937	0	32200	
25938	0	32280	
25939	0	32240	
25940	0	32028	
25941	0	31900	
25942	0	31360	
25943	0	30872	
25944	0	30740	
25945	0	30800	
25946	0	31148	
25947	0	31416	
25948	0	31092	
25949	0	30816	
25950	0	30332	
25951	0	30160	
25952	0	29972	
25953	0	29456	
25954	0	29096	
25955	0	28776	
25956	0	29144	
25957	0	29716	
25958	0	29976	
25959	0	30232	
25960	0	30284	
25961	0	29752	
25962	0	29368	
25963	0	29320	
25964	0	29410	
25965	0	29800	
25966	0	30108	
25967	0	29784	
25968	0	29212	
25969	0	28552	
25970	0	27904	
25971	0	27792	
25972	0	28052	
25973	0	28456	
25974	0	28992	
25975	0	29176	
25976	0	29060	
25977	0	28804	
25978	0	28768	
25979	0	28864	
25980	0	29284	
25981	0	29620	
25982	0	29832	
25983	0	29416	
25984	0	28928	
25985	0	28524	
25986	0	28292	
25987	0	28132	
25988	0	28178	
25989	0	28312	
25990	0	29300	
25991	0	30600	
25992	0	31664	
25993	0	32184	
25994	0	30760	
25995	0	28620	
25996	0	27256	
25997	0	25988	
25998	0	24916	
25999	0	25188	
26000	0	26040	
26001	0	26756	
26002	0	27544	
26003	0	27960	
26004	0	27912	
26005	0	27648	
26006	0	27368	
26007	0	27616	
26008	0	27892	
26009	0	27860	
26010	0	27360	
26011	0	27368	
26012	0	27576	
26013	0	28044	
26014	0	29024	
26015	0	29444	
26016	0	29824	
26017	0	30508	
26018	0	31144	
26019	0	31708	
26020	0	32332	
26021	0	32740	
26022	0	32560	
26023	0	31784	
26024	0	30776	
26025	0	29592	
26026	0	28612	
26027	0	27724	
26028	0	27468	
26029	0	27700	
26030	0	28316	
26031	0	28616	
26032	0	28724	
26033	0	28536	
26034	0	28336	
26035	0	28760	
26036	0	29992	
26037	0	31264	
26038	0	32248	
26039	0	32896	
26040	0	33328	
26041	0	33308	
26042	0	32976	
26043	0	33004	
26044	0	33264	
26045	0	33600	
26046	0	33804	
26047	0	33808	
26048	0	33528	
26049	0	33404	
26050	0	32908	
26051	0	32432	
26052	0	32260	
26053	0	32804	
26054	0	33688	
26055	0	34552	
26056	0	35788	
26057	0	36916	
26058	0	37392	
26059	0	37728	
26060	0	38208	
26061	0	38960	
26062	0	39912	
26063	0	41188	
26064	0	40996	
26065	0	38392	
26066	0	35616	
26067	0	33352	
26068	0	32484	
26069	0	32124	
26070	0	32084	
26071	0	32124	
26072	0	32088	
26073	0	32156	
26074	0	32264	
26075	0	32788	
26076	0	33268	
26077	0	33720	
26078	0	34152	
26079	0	34720	
26080	0	35468	
26081	0	35372	
26082	0	35112	
26083	0	34752	
26084	0	34220	
26085	0	33576	
26086	0	33164	
26087	0	33080	
26088	0	32940	
26089	0	33348	
26090	0	34400	
26091	0	35196	
26092	0	35460	
26093	0	35740	
26094	0	36420	
26095	0	37176	
26096	0	37532	
26097	0	37220	
26098	0	37380	
26099	0	38148	
26100	0	38240	
26101	0	37520	
26102	0	36748	
26103	0	36124	
26104	0	35412	
26105	0	35120	
26106	0	34668	
26107	0	34064	
26108	0	33272	
26109	0	32692	
26110	0	32680	
26111	0	33224	
26112	0	33404	
26113	0	33044	
26114	0	32644	
26115	0	32652	
26116	0	32808	
26117	0	32896	
26118	0	33416	
26119	0	33896	
26120	0	34176	
26121	0	34472	
26122	0	34768	
26123	0	34800	
26124	0	34840	
26125	0	34572	
26126	0	34256	
26127	0	33976	
26128	0	33728	
26129	0	33736	
26130	0	33264	
26131	0	33296	
26132	0	33236	
26133	0	33632	
26134	0	34148	
26135	0	34264	
26136	0	34520	
26137	0	34812	
26138	0	35048	
26139	0	35344	
26140	0	35492	
26141	0	35308	
26142	0	35384	
26143	0	35192	
26144	0	34556	
26145	0	33960	
26146	0	34336	
26147	0	35132	
26148	0	36068	
26149	0	36692	
26150	0	35848	
26151	0	33372	
26152	0	31308	
26153	0	30408	
26154	0	30060	
26155	0	31012	
26156	0	32752	
26157	0	34060	
26158	0	34444	
26159	0	33904	
26160	0	33264	
26161	0	32866	
26162	0	32460	
26163	0	32128	
26164	0	32248	
26165	0	32520	
26166	0	32392	
26167	0	32616	
26168	0	33200	
26169	0	33908	
26170	0	34516	
26171	0	35120	
26172	0	35516	
26173	0	35492	
26174	0	35264	
26175	0	35192	
26176	0	35460	
26177	0	35748	
26178	0	35824	
26179	0	35980	
26180	0	36192	
26181	0	36312	
26182	0	36436	
26183	0	36644	
26184	0	36922	
26185	0	37256	
26186	0	37476	
26187	0	37844	
26188	0	37924	
26189	0	38104	
26190	0	38164	
26191	0	38368	
26192	0	38664	
26193	0	39128	
26194	0	39608	
26195	0	40288	
26196	0	40972	
26197	0	41636	
26198	0	41876	
26199	0	41788	
26200	0	41384	
26201	0	40652	
26202	0	40336	
26203	0	40632	
26204	0	40160	
26205	0	38880	
26206	0	38052	
26207	0	37480	
26208	0	37112	
26209	0	36720	
26210	0	36768	
26211	0	37056	
26212	0	36640	
26213	0	36240	
26214	0	35776	
26215	0	35312	
26216	0	35020	
26217	0	34964	
26218	0	34528	
26219	0	34200	
26220	0	34016	
26221	0	34248	
26222	0	34236	
26223	0	34308	
26224	0	34484	
26225	0	34120	
26226	0	33568	
26227	0	33056	
26228	0	31976	
26229	0	30224	
26230	0	29200	
26231	0	29208	
26232	0	29624	
26233	0	29928	
26234	0	30052	
26235	0	29820	
26236	0	29634	
26237	0	29636	
26238	0	30028	
26239	0	30848	
26240	0	31728	
26241	0	32456	
26242	0	33800	
26243	0	34512	
26244	0	34820	
26245	0	35464	
26246	0	36500	
26247	0	37040	
26248	0	35952	
26249	0	33388	
26250	0	31360	
26251	0	30152	
26252	0	29480	
26253	0	29200	
26254	0	29096	
26255	0	28904	
26256	0	29016	
26257	0	29122	
26258	0	29120	
26259	0	29400	
26260	0	29784	
26261	0	29748	
26262	0	29720	
26263	0	29640	
26264	0	30168	
26265	0	31032	
26266	0	31572	
26267	0	31968	
26268	0	32592	
26269	0	33068	
26270	0	33228	
26271	0	33108	
26272	0	33300	
26273	0	33472	
26274	0	33040	
26275	0	32952	
26276	0	33072	
26277	0	33440	
26278	0	33876	
26279	0	34292	
26280	0	34440	
26281	0	34396	
26282	0	34380	
26283	0	33556	
26284	0	32896	
26285	0	32596	
26286	0	32280	
26287	0	31904	
26288	0	32044	
26289	0	32636	
26290	0	33152	
26291	0	33288	
26292	0	32890	
26293	0	32132	
26294	0	31584	
26295	0	31776	
26296	0	32032	
26297	0	32196	
26298	0	32268	
26299	0	32504	
26300	0	32296	
26301	0	32072	
26302	0	32000	
26303	0	32088	
26304	0	32232	
26305	0	32336	
26306	0	32524	
26307	0	32692	
26308	0	32520	
26309	0	32336	
26310	0	32116	
26311	0	32028	
26312	0	32216	
26313	0	32544	
26314	0	32588	
26315	0	32524	
26316	0	32596	
26317	0	32432	
26318	0	32200	
26319	0	32052	
26320	0	32152	
26321	0	32440	
26322	0	32540	
26323	0	32816	
26324	0	32880	
26325	0	33700	
26326	0	34560	
26327	0	34308	
26328	0	33768	
26329	0	33428	
26330	0	32932	
26331	0	33536	
26332	0	34524	
26333	0	35408	
26334	0	35496	
26335	0	33520	
26336	0	30804	
26337	0	29528	
26338	0	29084	
26339	0	29572	
26340	0	30064	
26341	0	30200	
26342	0	30612	
26343	0	31098	
26344	0	31168	
26345	0	31088	
26346	0	30884	
26347	0	30532	
26348	0	30572	
26349	0	30472	
26350	0	30456	
26351	0	30604	
26352	0	30804	
26353	0	31312	
26354	0	31748	
26355	0	32396	
26356	0	32856	
26357	0	33272	
26358	0	33352	
26359	0	33624	
26360	0	33492	
26361	0	33688	
26362	0	34104	
26363	0	33944	
26364	0	33768	
26365	0	33260	
26366	0	32324	
26367	0	31592	
26368	0	31400	
26369	0	31456	
26370	0	31576	
26371	0	31636	
26372	0	31548	
26373	0	31216	
26374	0	31724	
26375	0	32788	
26376	0	33652	
26377	0	33848	
26378	0	33708	
26379	0	33388	
26380	0	33124	
26381	0	32820	
26382	0	32500	
26383	0	31992	
26384	0	32088	
26385	0	32488	
26386	0	32224	
26387	0	31460	
26388	0	30540	
26389	0	29336	
26390	0	28672	
26391	0	28224	
26392	0	27576	
26393	0	27208	
26394	0	27196	
26395	0	26920	
26396	0	26814	
26397	0	27224	
26398	0	27484	
26399	0	27688	
26400	0	28050	
26401	0	28352	
26402	0	28544	
26403	0	28592	
26404	0	28736	
26405	0	28752	
26406	0	28240	
26407	0	27576	
26408	0	26912	
26409	0	26576	
26410	0	26928	
26411	0	27204	
26412	0	28192	
26413	0	30096	
26414	0	32080	
26415	0	33368	
26416	0	32924	
26417	0	30356	
26418	0	28100	
26419	0	27392	
26420	0	27888	
26421	0	28312	
26422	0	28872	
26423	0	29496	
26424	0	29424	
26425	0	29048	
26426	0	28112	
26427	0	26932	
26428	0	26412	
26429	0	26261	
26430	0	26380	
26431	0	26344	
26432	0	26858	
26433	0	27354	
26434	0	27708	
26435	0	28432	
26436	0	28980	
26437	0	29932	
26438	0	30528	
26439	0	30216	
26440	0	29452	
26441	0	28680	
26442	0	28656	
26443	0	28560	
26444	0	28812	
26445	0	29384	
26446	0	29908	
26447	0	30440	
26448	0	30960	
26449	0	30924	
26450	0	31176	
26451	0	31802	
26452	0	32148	
26453	0	32501	
26454	0	33080	
26455	0	33452	
26456	0	33660	
26457	0	34056	
26458	0	34580	
26459	0	34952	
26460	0	35416	
26461	0	35520	
26462	0	35256	
26463	0	34884	
26464	0	34786	
26465	0	34552	
26466	0	34200	
26467	0	34652	
26468	0	35164	
26469	0	35380	
26470	0	35522	
26471	0	35404	
26472	0	34816	
26473	0	34428	
26474	0	33808	
26475	0	33260	
26476	0	33708	
26477	0	35124	
26478	0	36332	
26479	0	36664	
26480	0	36640	
26481	0	36288	
26482	0	36424	
26483	0	36856	
26484	0	37044	
26485	0	36920	
26486	0	36724	
26487	0	36460	
26488	0	36232	
26489	0	36328	
26490	0	36016	
26491	0	35712	
26492	0	35684	
26493	0	35984	
26494	0	36304	
26495	0	36896	
26496	0	38080	
26497	0	39844	
26498	0	41236	
26499	0	42160	
26500	0	41076	
26501	0	37980	
26502	0	34672	
26503	0	32352	
26504	0	31152	
26505	0	30720	
26506	0	30432	
26507	0	30276	
26508	0	30084	
26509	0	29764	
26510	0	30252	
26511	0	31032	
26512	0	31792	
26513	0	32408	
26514	0	32704	
26515	0	32736	
26516	0	32564	
26517	0	32728	
26518	0	33384	
26519	0	33908	
26520	0	34464	
26521	0	34720	
26522	0	34516	
26523	0	34484	
26524	0	34296	
26525	0	33800	
26526	0	33396	
26527	0	33408	
26528	0	33712	
26529	0	33848	
26530	0	33768	
26531	0	33772	
26532	0	33412	
26533	0	33088	
26534	0	33088	
26535	0	33736	
26536	0	34136	
26537	0	34420	
26538	0	34676	
26539	0	35196	
26540	0	35776	
26541	0	36072	
26542	0	36264	
26543	0	36528	
26544	0	36528	
26545	0	35740	
26546	0	35256	
26547	0	35232	
26548	0	35148	
26549	0	35136	
26550	0	35436	
26551	0	35708	
26552	0	35704	
26553	0	35420	
26554	0	35352	
26555	0	35696	
26556	0	36384	
26557	0	37212	
26558	0	37664	
26559	0	37464	
26560	0	36800	
26561	0	36260	
26562	0	36416	
26563	0	36560	
26564	0	36432	
26565	0	36492	
26566	0	36248	
26567	0	35712	
26568	0	34880	
26569	0	34672	
26570	0	34404	
26571	0	33940	
26572	0	33844	
26573	0	34108	
26574	0	34560	
26575	0	34580	
26576	0	35128	
26577	0	36372	
26578	0	37952	
26579	0	39176	
26580	0	39272	
26581	0	36500	
26582	0	33556	
26583	0	31400	
26584	0	30100	
26585	0	29588	
26586	0	29056	
26587	0	28868	
26588	0	28956	
26589	0	29112	
26590	0	29356	
26591	0	29228	
26592	0	28880	
26593	0	28816	
26594	0	29424	
26595	0	29968	
26596	0	30628	
26597	0	31204	
26598	0	32068	
26599	0	32780	
26600	0	32940	
26601	0	32536	
26602	0	32100	
26603	0	31236	
26604	0	30968	
26605	0	31128	
26606	0	31148	
26607	0	31448	
26608	0	31568	
26609	0	30908	
26610	0	29852	
26611	0	29440	
26612	0	28520	
26613	0	27764	
26614	0	27216	
26615	0	27472	
26616	0	28090	
26617	0	28684	
26618	0	29016	
26619	0	29704	
26620	0	30336	
26621	0	30724	
26622	0	30820	
26623	0	31004	
26624	0	31224	
26625	0	31072	
26626	0	30616	
26627	0	30080	
26628	0	29936	
26629	0	30272	
26630	0	30540	
26631	0	31108	
26632	0	31472	
26633	0	31528	
26634	0	31444	
26635	0	32080	
26636	0	33180	
26637	0	33584	
26638	0	33952	
26639	0	34164	
26640	0	34448	
26641	0	34464	
26642	0	34710	
26643	0	34444	
26644	0	34464	
26645	0	35248	
26646	0	36360	
26647	0	37424	
26648	0	37184	
26649	0	34848	
26650	0	32908	
26651	0	32488	
26652	0	32440	
26653	0	32312	
26654	0	32664	
26655	0	33200	
26656	0	33292	
26657	0	33768	
26658	0	34600	
26659	0	34552	
26660	0	33932	
26661	0	33784	
26662	0	33960	
26663	0	33680	
26664	0	33328	
26665	0	33148	
26666	0	33544	
26667	0	34188	
26668	0	34612	
26669	0	34672	
26670	0	35012	
26671	0	35648	
26672	0	35624	
26673	0	35196	
26674	0	34376	
26675	0	33824	
26676	0	33632	
26677	0	33416	
26678	0	33256	
26679	0	33696	
26680	0	33992	
26681	0	33936	
26682	0	34068	
26683	0	34144	
26684	0	34344	
26685	0	34296	
26686	0	34252	
26687	0	34584	
26688	0	34596	
26689	0	34772	
26690	0	34820	
26691	0	34616	
26692	0	34228	
26693	0	33384	
26694	0	32800	
26695	0	33200	
26696	0	34008	
26697	0	34760	
26698	0	35284	
26699	0	35700	
26700	0	36220	
26701	0	35944	
26702	0	35592	
26703	0	34768	
26704	0	33720	
26705	0	33388	
26706	0	34176	
26707	0	34512	
26708	0	34308	
26709	0	33832	
26710	0	33404	
26711	0	33132	
26712	0	32784	
26713	0	32652	
26714	0	33384	
26715	0	34592	
26716	0	36144	
26717	0	37400	
26718	0	38080	
26719	0	38792	
26720	0	39380	
26721	0	39096	
26722	0	38672	
26723	0	37832	
26724	0	36924	
26725	0	36148	
26726	0	35492	
26727	0	34812	
26728	0	33736	
26729	0	32712	
26730	0	32156	
26731	0	31764	
26732	0	31212	
26733	0	30976	
26734	0	31144	
26735	0	31476	
26736	0	32076	
26737	0	32660	
26738	0	33812	
26739	0	35560	
26740	0	36588	
26741	0	37060	
26742	0	36144	
26743	0	32984	
26744	0	30040	
26745	0	28360	
26746	0	27808	
26747	0	27276	
26748	0	26744	
26749	0	26648	
26750	0	26732	
26751	0	26922	
26752	0	26884	
26753	0	27336	
26754	0	27648	
26755	0	28218	
26756	0	29440	
26757	0	30528	
26758	0	31048	
26759	0	30968	
26760	0	30376	
26761	0	29964	
26762	0	30196	
26763	0	30644	
26764	0	31068	
26765	0	30908	
26766	0	30508	
26767	0	30352	
26768	0	30092	
26769	0	30220	
26770	0	30460	
26771	0	30540	
26772	0	30416	
26773	0	30436	
26774	0	30612	
26775	0	30728	
26776	0	30984	
26777	0	31432	
26778	0	32444	
26779	0	33232	
26780	0	33456	
26781	0	34120	
26782	0	34436	
26783	0	34616	
26784	0	34364	
26785	0	33732	
26786	0	33536	
26787	0	33744	
26788	0	33848	
26789	0	33732	
26790	0	33524	
26791	0	33308	
26792	0	32908	
26793	0	32820	
26794	0	32896	
26795	0	32904	
26796	0	32836	
26797	0	32668	
26798	0	32960	
26799	0	33368	
26800	0	33924	
26801	0	34496	
26802	0	35024	
26803	0	34828	
26804	0	34608	
26805	0	34160	
26806	0	33630	
26807	0	33296	
26808	0	32808	
26809	0	32468	
26810	0	32868	
26811	0	33700	
26812	0	34264	
26813	0	33732	
26814	0	31660	
26815	0	29840	
26816	0	29010	
26817	0	28860	
26818	0	29244	
26819	0	29984	
26820	0	30732	
26821	0	30960	
26822	0	31072	
26823	0	31168	
26824	0	31120	
26825	0	31168	
26826	0	31204	
26827	0	31340	
26828	0	31372	
26829	0	31384	
26830	0	31750	
26831	0	32468	
26832	0	32272	
26833	0	31988	
26834	0	31664	
26835	0	32112	
26836	0	33320	
26837	0	34532	
26838	0	35560	
26839	0	36280	
26840	0	36060	
26841	0	35340	
26842	0	34472	
26843	0	33700	
26844	0	33400	
26845	0	32620	
26846	0	31628	
26847	0	30784	
26848	0	30344	
26849	0	30124	
26850	0	30182	
26851	0	30024	
26852	0	29936	
26853	0	30436	
26854	0	31088	
26855	0	32048	
26856	0	32592	
26857	0	32972	
26858	0	33924	
26859	0	34788	
26860	0	34968	
26861	0	34648	
26862	0	34340	
26863	0	34032	
26864	0	33792	
26865	0	33472	
26866	0	33180	
26867	0	33120	
26868	0	33180	
26869	0	33152	
26870	0	33472	
26871	0	34064	
26872	0	34108	
26873	0	33716	
26874	0	33408	
26875	0	33568	
26876	0	34196	
26877	0	35280	
26878	0	36176	
26879	0	36584	
26880	0	36524	
26881	0	36332	
26882	0	36664	
26883	0	37352	
26884	0	38784	
26885	0	39960	
26886	0	41016	
26887	0	41664	
26888	0	40088	
26889	0	37640	
26890	0	35568	
26891	0	34312	
26892	0	34000	
26893	0	33944	
26894	0	33992	
26895	0	33864	
26896	0	33772	
26897	0	33594	
26898	0	33328	
26899	0	33466	
26900	0	33628	
26901	0	34092	
26902	0	34924	
26903	0	35248	
26904	0	34792	
26905	0	34300	
26906	0	33932	
26907	0	33352	
26908	0	32812	
26909	0	32736	
26910	0	33148	
26911	0	33556	
26912	0	34088	
26913	0	34192	
26914	0	34536	
26915	0	35352	
26916	0	35700	
26917	0	35920	
26918	0	36232	
26919	0	36332	
26920	0	36456	
26921	0	36316	
26922	0	36120	
26923	0	36152	
26924	0	36000	
26925	0	35596	
26926	0	35012	
26927	0	34188	
26928	0	33440	
26929	0	33264	
26930	0	33336	
26931	0	34320	
26932	0	34892	
26933	0	35936	
26934	0	37656	
26935	0	39304	
26936	0	40240	
26937	0	39108	
26938	0	36368	
26939	0	34160	
26940	0	32664	
26941	0	32128	
26942	0	32336	
26943	0	32820	
26944	0	33280	
26945	0	33336	
26946	0	33044	
26947	0	33016	
26948	0	32808	
26949	0	32800	
26950	0	32768	
26951	0	32988	
26952	0	32872	
26953	0	32480	
26954	0	31896	
26955	0	31976	
26956	0	32336	
26957	0	32468	
26958	0	32308	
26959	0	31988	
26960	0	31856	
26961	0	31588	
26962	0	31616	
26963	0	32088	
26964	0	32252	
26965	0	32224	
26966	0	32328	
26967	0	32576	
26968	0	33268	
26969	0	34124	
26970	0	34660	
26971	0	34704	
26972	0	34528	
26973	0	34392	
26974	0	34348	
26975	0	34772	
26976	0	35584	
26977	0	36492	
26978	0	37578	
26979	0	37720	
26980	0	37368	
26981	0	36576	
26982	0	36216	
26983	0	35888	
26984	0	35272	
26985	0	34824	
26986	0	34864	
26987	0	34604	
26988	0	34224	
26989	0	33672	
26990	0	33556	
26991	0	33476	
26992	0	32896	
26993	0	32428	
26994	0	32452	
26995	0	32176	
26996	0	32096	
26997	0	32072	
26998	0	31900	
26999	0	31760	
27000	0	31500	
27001	0	31564	
27002	0	31832	
27003	0	31668	
27004	0	31440	
27005	0	31328	
27006	0	31296	
27007	0	31476	
27008	0	31748	
27009	0	31848	
27010	0	31824	
27011	0	32028	
27012	0	32280	
27013	0	32580	
27014	0	32920	
27015	0	33712	
27016	0	34488	
27017	0	34948	
27018	0	35728	
27019	0	35332	
27020	0	34704	
27021	0	34128	
27022	0	33776	
27023	0	33488	
27024	0	33064	
27025	0	33344	
27026	0	34808	
27027	0	36032	
27028	0	37008	
27029	0	36232	
27030	0	33464	
27031	0	30852	
27032	0	29424	
27033	0	28724	
27034	0	28988	
27035	0	29556	
27036	0	30220	
27037	0	30904	
27038	0	31552	
27039	0	32168	
27040	0	32600	
27041	0	32656	
27042	0	32820	
27043	0	32676	
27044	0	32516	
27045	0	32348	
27046	0	32824	
27047	0	32888	
27048	0	32388	
27049	0	31744	
27050	0	31236	
27051	0	31228	
27052	0	31192	
27053	0	31148	
27054	0	31108	
27055	0	31324	
27056	0	32184	
27057	0	32620	
27058	0	32948	
27059	0	33456	
27060	0	33432	
27061	0	33164	
27062	0	32856	
27063	0	32344	
27064	0	31868	
27065	0	31380	
27066	0	31078	
27067	0	30680	
27068	0	30380	
27069	0	30416	
27070	0	30820	
27071	0	31052	
27072	0	30840	
27073	0	30548	
27074	0	30352	
27075	0	30620	
27076	0	30996	
27077	0	31320	
27078	0	31624	
27079	0	31892	
27080	0	32136	
27081	0	32288	
27082	0	31988	
27083	0	31340	
27084	0	31044	
27085	0	31264	
27086	0	31852	
27087	0	32400	
27088	0	33296	
27089	0	34008	
27090	0	34780	
27091	0	35228	
27092	0	35228	
27093	0	35068	
27094	0	35042	
27095	0	34992	
27096	0	34836	
27097	0	34536	
27098	0	34992	
27099	0	35296	
27100	0	35080	
27101	0	34480	
27102	0	34176	
27103	0	33368	
27104	0	31644	
27105	0	30236	
27106	0	29408	
27107	0	29352	
27108	0	29312	
27109	0	29304	
27110	0	29696	
27111	0	31112	
27112	0	32764	
27113	0	34244	
27114	0	34956	
27115	0	33100	
27116	0	30232	
27117	0	28484	
27118	0	28232	
27119	0	28672	
27120	0	29656	
27121	0	30016	
27122	0	30220	
27123	0	30384	
27124	0	30480	
27125	0	30168	
27126	0	29732	
27127	0	29588	
27128	0	29476	
27129	0	29712	
27130	0	30176	
27131	0	30724	
27132	0	30688	
27133	0	30604	
27134	0	30776	
27135	0	30940	
27136	0	31724	
27137	0	32596	
27138	0	33112	
27139	0	33448	
27140	0	33724	
27141	0	33136	
27142	0	32584	
27143	0	31904	
27144	0	31260	
27145	0	30848	
27146	0	30820	
27147	0	30860	
27148	0	30580	
27149	0	30432	
27150	0	30380	
27151	0	30400	
27152	0	30288	
27153	0	30148	
27154	0	30596	
27155	0	31268	
27156	0	32152	
27157	0	32488	
27158	0	31992	
27159	0	31664	
27160	0	31412	
27161	0	31200	
27162	0	30676	
27163	0	30484	
27164	0	30330	
27165	0	30384	
27166	0	30392	
27167	0	30346	
27168	0	29962	
27169	0	29892	
27170	0	30422	
27171	0	31176	
27172	0	31640	
27173	0	32260	
27174	0	32680	
27175	0	33036	
27176	0	33272	
27177	0	33372	
27178	0	33392	
27179	0	33636	
27180	0	33968	
27181	0	34392	
27182	0	34788	
27183	0	34540	
27184	0	34240	
27185	0	34016	
27186	0	33213	
27187	0	32272	
27188	0	31664	
27189	0	31340	
27190	0	30884	
27191	0	30272	
27192	0	29752	
27193	0	29640	
27194	0	29936	
27195	0	30732	
27196	0	31568	
27197	0	32192	
27198	0	32484	
27199	0	32812	
27200	0	33612	
27201	0	34588	
27202	0	35096	
27203	0	34680	
27204	0	32200	
27205	0	29100	
27206	0	27056	
27207	0	26528	
27208	0	26864	
27209	0	27298	
27210	0	27196	
27211	0	26940	
27212	0	27124	
27213	0	27788	
27214	0	28544	
27215	0	28920	
27216	0	28672	
27217	0	28204	
27218	0	28072	
27219	0	28092	
27220	0	28016	
27221	0	28448	
27222	0	28968	
27223	0	29384	
27224	0	29620	
27225	0	30052	
27226	0	29784	
27227	0	29825	
27228	0	30380	
27229	0	30736	
27230	0	31056	
27231	0	31492	
27232	0	31656	
27233	0	31972	
27234	0	32184	
27235	0	32584	
27236	0	32806	
27237	0	32560	
27238	0	33076	
27239	0	33500	
27240	0	33600	
27241	0	33524	
27242	0	33392	
27243	0	33248	
27244	0	32980	
27245	0	32804	
27246	0	32840	
27247	0	32620	
27248	0	32376	
27249	0	32104	
27250	0	31668	
27251	0	31508	
27252	0	31792	
27253	0	31840	
27254	0	32016	
27255	0	32048	
27256	0	32588	
27257	0	32944	
27258	0	33304	
27259	0	33400	
27260	0	33164	
27261	0	32836	
27262	0	32712	
27263	0	32640	
27264	0	32360	
27265	0	31540	
27266	0	30940	
27267	0	30668	
27268	0	30272	
27269	0	29608	
27270	0	29288	
27271	0	29328	
27272	0	29604	
27273	0	29712	
27274	0	29592	
27275	0	30592	
27276	0	31992	
27277	0	32676	
27278	0	32548	
27279	0	32236	
27280	0	31468	
27281	0	30596	
27282	0	30110	
27283	0	29904	
27284	0	30004	
27285	0	29764	
27286	0	29340	
27287	0	29092	
27288	0	29448	
27289	0	29880	
27290	0	30484	
27291	0	30842	
27292	0	31088	
27293	0	31540	
27294	0	31760	
27295	0	32712	
27296	0	34488	
27297	0	35996	
27298	0	36672	
27299	0	36572	
27300	0	34172	
27301	0	30984	
27302	0	29268	
27303	0	28592	
27304	0	28888	
27305	0	28676	
27306	0	28792	
27307	0	29336	
27308	0	29588	
27309	0	29792	
27310	0	29764	
27311	0	29864	
27312	0	29864	
27313	0	30212	
27314	0	30408	
27315	0	30704	
27316	0	31304	
27317	0	32224	
27318	0	32756	
27319	0	32680	
27320	0	32324	
27321	0	32500	
27322	0	32952	
27323	0	33160	
27324	0	32908	
27325	0	31888	
27326	0	30968	
27327	0	30492	
27328	0	30492	
27329	0	30748	
27330	0	31076	
27331	0	31564	
27332	0	32132	
27333	0	32984	
27334	0	33836	
27335	0	35040	
27336	0	35544	
27337	0	35984	
27338	0	36284	
27339	0	36772	
27340	0	37132	
27341	0	36852	
27342	0	35948	
27343	0	35008	
27344	0	34412	
27345	0	33864	
27346	0	33512	
27347	0	33640	
27348	0	33876	
27349	0	33980	
27350	0	34068	
27351	0	34420	
27352	0	34992	
27353	0	35344	
27354	0	35080	
27355	0	35344	
27356	0	35896	
27357	0	36312	
27358	0	36416	
27359	0	36032	
27360	0	36088	
27361	0	35808	
27362	0	35244	
27363	0	35092	
27364	0	34720	
27365	0	34024	
27366	0	33208	
27367	0	32536	
27368	0	32144	
27369	0	32136	
27370	0	32568	
27371	0	33264	
27372	0	33194	
27373	0	33328	
27374	0	34300	
27375	0	36096	
27376	0	37836	
27377	0	38452	
27378	0	37840	
27379	0	35456	
27380	0	32820	
27381	0	31372	
27382	0	30392	
27383	0	29250	
27384	0	28076	
27385	0	27652	
27386	0	27576	
27387	0	27418	
27388	0	27484	
27389	0	27808	
27390	0	28476	
27391	0	29428	
27392	0	30560	
27393	0	31272	
27394	0	31664	
27395	0	31812	
27396	0	31776	
27397	0	31740	
27398	0	32218	
27399	0	32800	
27400	0	33052	
27401	0	33224	
27402	0	32908	
27403	0	32864	
27404	0	32764	
27405	0	32428	
27406	0	31848	
27407	0	31476	
27408	0	31552	
27409	0	31716	
27410	0	31976	
27411	0	32600	
27412	0	33056	
27413	0	33344	
27414	0	33304	
27415	0	33008	
27416	0	33048	
27417	0	33228	
27418	0	33416	
27419	0	33600	
27420	0	34216	
27421	0	34592	
27422	0	34652	
27423	0	34180	
27424	0	33776	
27425	0	33664	
27426	0	33736	
27427	0	34384	
27428	0	34784	
27429	0	35128	
27430	0	35724	
27431	0	35628	
27432	0	35488	
27433	0	35496	
27434	0	36100	
27435	0	36888	
27436	0	37172	
27437	0	37328	
27438	0	37620	
27439	0	38052	
27440	0	38336	
27441	0	38668	
27442	0	38960	
27443	0	39088	
27444	0	39048	
27445	0	38628	
27446	0	38240	
27447	0	38144	
27448	0	37900	
27449	0	37400	
27450	0	36692	
27451	0	37290	
27452	0	38556	
27453	0	39756	
27454	0	40776	
27455	0	40116	
27456	0	37876	
27457	0	36116	
27458	0	34988	
27459	0	34332	
27460	0	34248	
27461	0	34208	
27462	0	34088	
27463	0	33608	
27464	0	33552	
27465	0	33764	
27466	0	34252	
27467	0	34612	
27468	0	35308	
27469	0	35680	
27470	0	35840	
27471	0	35988	
27472	0	35680	
27473	0	35344	
27474	0	35012	
27475	0	34820	
27476	0	34624	
27477	0	34624	
27478	0	34868	
27479	0	35112	
27480	0	35332	
27481	0	35364	
27482	0	35648	
27483	0	35618	
27484	0	35460	
27485	0	35148	
27486	0	35084	
27487	0	35336	
27488	0	35644	
27489	0	36380	
27490	0	37220	
27491	0	38132	
27492	0	38220	
27493	0	37308	
27494	0	36516	
27495	0	36004	
27496	0	34748	
27497	0	32960	
27498	0	31942	
27499	0	31140	
27500	0	30964	
27501	0	31556	
27502	0	31756	
27503	0	31020	
27504	0	30272	
27505	0	29792	
27506	0	29772	
27507	0	29836	
27508	0	30020	
27509	0	30068	
27510	0	29468	
27511	0	28621	
27512	0	28176	
27513	0	28192	
27514	0	28040	
27515	0	28552	
27516	0	29624	
27517	0	30892	
27518	0	32082	
27519	0	33176	
27520	0	33724	
27521	0	33896	
27522	0	33936	
27523	0	34332	
27524	0	35940	
27525	0	37800	
27526	0	39340	
27527	0	39508	
27528	0	37489	
27529	0	34896	
27530	0	33160	
27531	0	32204	
27532	0	31704	
27533	0	31656	
27534	0	32132	
27535	0	33328	
27536	0	34348	
27537	0	34924	
27538	0	35356	
27539	0	35024	
27540	0	34344	
27541	0	33708	
27542	0	33672	
27543	0	33564	
27544	0	33366	
27545	0	33176	
27546	0	33000	
27547	0	32244	
27548	0	31940	
27549	0	31784	
27550	0	31640	
27551	0	31656	
27552	0	31932	
27553	0	32280	
27554	0	32556	
27555	0	32760	
27556	0	33604	
27557	0	34392	
27558	0	35328	
27559	0	36349	
27560	0	36948	
27561	0	37204	
27562	0	36976	
27563	0	36404	
27564	0	35724	
27565	0	35104	
27566	0	34432	
27567	0	34104	
27568	0	34244	
27569	0	34800	
27570	0	35400	
27571	0	35988	
27572	0	36044	
27573	0	35872	
27574	0	35780	
27575	0	35928	
27576	0	36440	
27577	0	36556	
27578	0	36544	
27579	0	36188	
27580	0	35696	
27581	0	35442	
27582	0	35228	
27583	0	34424	
27584	0	33360	
27585	0	32436	
27586	0	31260	
27587	0	30744	
27588	0	30676	
27589	0	30456	
27590	0	30076	
27591	0	29944	
27592	0	30456	
27593	0	30628	
27594	0	30828	
27595	0	31720	
27596	0	32428	
27597	0	32916	
27598	0	33241	
27599	0	33576	
27600	0	33528	
27601	0	33360	
27602	0	33016	
27603	0	32248	
27604	0	32564	
27605	0	33140	
27606	0	33568	
27607	0	34016	
27608	0	34176	
27609	0	34400	
27610	0	35024	
27611	0	36596	
27612	0	37656	
27613	0	38612	
27614	0	38616	
27615	0	36488	
27616	0	33720	
27617	0	31808	
27618	0	30752	
27619	0	30520	
27620	0	30408	
27621	0	29646	
27622	0	28960	
27623	0	28200	
27624	0	27512	
27625	0	27272	
27626	0	27408	
27627	0	27644	
27628	0	28773	
27629	0	30000	
27630	0	30496	
27631	0	30612	
27632	0	30148	
27633	0	29624	
27634	0	29620	
27635	0	30028	
27636	0	30920	
27637	0	31720	
27638	0	32512	
27639	0	33396	
27640	0	33728	
27641	0	34092	
27642	0	34260	
27643	0	34208	
27644	0	34160	
27645	0	33936	
27646	0	33748	
27647	0	33852	
27648	0	33848	
27649	0	33960	
27650	0	34428	
27651	0	34912	
27652	0	34952	
27653	0	34648	
27654	0	34304	
27655	0	34392	
27656	0	34848	
27657	0	35308	
27658	0	35708	
27659	0	36244	
27660	0	36712	
27661	0	36634	
27662	0	36180	
27663	0	35604	
27664	0	35452	
27665	0	35668	
27666	0	36196	
27667	0	36692	
27668	0	36272	
27669	0	35716	
27670	0	35536	
27671	0	35404	
27672	0	35244	
27673	0	34944	
27674	0	34448	
27675	0	34900	
27676	0	35768	
27677	0	36240	
27678	0	36380	
27679	0	36496	
27680	0	36756	
27681	0	36952	
27682	0	36888	
27683	0	36696	
27684	0	36500	
27685	0	36364	
27686	0	36344	
27687	0	36380	
27688	0	36348	
27689	0	36196	
27690	0	36028	
27691	0	36168	
27692	0	36272	
27693	0	36264	
27694	0	36464	
27695	0	36788	
27696	0	36920	
27697	0	37052	
27698	0	37028	
27699	0	36868	
27700	0	36048	
27701	0	35008	
27702	0	33832	
27703	0	32768	
27704	0	32332	
27705	0	32132	
27706	0	32028	
27707	0	31952	
27708	0	31912	
27709	0	31640	
27710	0	31572	
27711	0	32792	
27712	0	34804	
27713	0	36300	
27714	0	36924	
27715	0	35536	
27716	0	32892	
27717	0	30560	
27718	0	29114	
27719	0	28656	
27720	0	28460	
27721	0	28536	
27722	0	28596	
27723	0	28656	
27724	0	28352	
27725	0	28404	
27726	0	29108	
27727	0	30136	
27728	0	31352	
27729	0	32132	
27730	0	32444	
27731	0	32208	
27732	0	32352	
27733	0	32748	
27734	0	32980	
27735	0	33032	
27736	0	33352	
27737	0	33164	
27738	0	32548	
27739	0	32012	
27740	0	31924	
27741	0	32824	
27742	0	33408	
27743	0	33404	
27744	0	33288	
27745	0	33140	
27746	0	32884	
27747	0	32432	
27748	0	31528	
27749	0	30680	
27750	0	29732	
27751	0	29020	
27752	0	29232	
27753	0	29212	
27754	0	29464	
27755	0	30044	
27756	0	30308	
27757	0	30712	
27758	0	31224	
27759	0	31416	
27760	0	31552	
27761	0	32040	
27762	0	32356	
27763	0	32288	
27764	0	31760	
27765	0	31284	
27766	0	31432	
27767	0	32220	
27768	0	32632	
27769	0	32480	
27770	0	32312	
27771	0	31852	
27772	0	31974	
27773	0	32136	
27774	0	32392	
27775	0	32348	
27776	0	32984	
27777	0	33832	
27778	0	34656	
27779	0	35072	
27780	0	35220	
27781	0	36064	
27782	0	36172	
27783	0	35800	
27784	0	35032	
27785	0	34700	
27786	0	35184	
27787	0	36216	
27788	0	37032	
27789	0	37572	
27790	0	36192	
27791	0	34296	
27792	0	33144	
27793	0	31824	
27794	0	30748	
27795	0	30360	
27796	0	30392	
27797	0	31104	
27798	0	31760	
27799	0	32104	
27800	0	32240	
27801	0	32072	
27802	0	31752	
27803	0	31408	
27804	0	30880	
27805	0	30148	
27806	0	29940	
27807	0	29964	
27808	0	30352	
27809	0	30808	
27810	0	31224	
27811	0	31672	
27812	0	31840	
27813	0	32024	
27814	0	31896	
27815	0	31472	
27816	0	31272	
27817	0	31272	
27818	0	31816	
27819	0	32700	
27820	0	33352	
27821	0	33552	
27822	0	33520	
27823	0	33236	
27824	0	32608	
27825	0	31952	
27826	0	31204	
27827	0	31028	
27828	0	31292	
27829	0	31236	
27830	0	30900	
27831	0	30484	
27832	0	30432	
27833	0	30808	
27834	0	31412	
27835	0	32072	
27836	0	32200	
27837	0	32192	
27838	0	32540	
27839	0	32460	
27840	0	32324	
27841	0	32350	
27842	0	32368	
27843	0	32352	
27844	0	32280	
27845	0	32136	
27846	0	31840	
27847	0	32260	
27848	0	32756	
27849	0	32944	
27850	0	33164	
27851	0	33200	
27852	0	33552	
27853	0	33568	
27854	0	33752	
27855	0	34300	
27856	0	34260	
27857	0	34020	
27858	0	33872	
27859	0	33640	
27860	0	33620	
27861	0	34092	
27862	0	34108	
27863	0	33700	
27864	0	33220	
27865	0	33364	
27866	0	32948	
27867	0	32428	
27868	0	32280	
27869	0	31628	
27870	0	31184	
27871	0	30912	
27872	0	30736	
27873	0	31016	
27874	0	32552	
27875	0	35012	
27876	0	36416	
27877	0	36792	
27878	0	35352	
27879	0	33120	
27880	0	31140	
27881	0	30484	
27882	0	30324	
27883	0	30326	
27884	0	30596	
27885	0	30740	
27886	0	30108	
27887	0	29224	
27888	0	28376	
27889	0	27996	
27890	0	28192	
27891	0	28440	
27892	0	28424	
27893	0	28120	
27894	0	28084	
27895	0	28432	
27896	0	28816	
27897	0	29132	
27898	0	29768	
27899	0	30912	
27900	0	31704	
27901	0	32092	
27902	0	32316	
27903	0	32068	
27904	0	31568	
27905	0	31104	
27906	0	31220	
27907	0	31160	
27908	0	31020	
27909	0	30628	
27910	0	30102	
27911	0	29848	
27912	0	29150	
27913	0	28656	
27914	0	28492	
27915	0	28800	
27916	0	29304	
27917	0	29792	
27918	0	30256	
27919	0	30452	
27920	0	30252	
27921	0	30456	
27922	0	30765	
27923	0	30540	
27924	0	30660	
27925	0	31476	
27926	0	32284	
27927	0	32796	
27928	0	33600	
27929	0	34044	
27930	0	34800	
27931	0	35652	
27932	0	36240	
27933	0	36316	
27934	0	36196	
27935	0	36004	
27936	0	35596	
27937	0	35120	
27938	0	35208	
27939	0	35120	
27940	0	35060	
27941	0	35000	
27942	0	34498	
27943	0	33932	
27944	0	33452	
27945	0	32912	
27946	0	32804	
27947	0	32928	
27948	0	33548	
27949	0	34180	
27950	0	33844	
27951	0	32876	
27952	0	32108	
27953	0	31504	
27954	0	31444	
27955	0	31664	
27956	0	32272	
27957	0	33308	
27958	0	34748	
27959	0	35364	
27960	0	35132	
27961	0	34872	
27962	0	34600	
27963	0	34344	
27964	0	34008	
27965	0	33644	
27966	0	33676	
27967	0	34268	
27968	0	34752	
27969	0	35256	
27970	0	35352	
27971	0	34976	
27972	0	34368	
27973	0	34176	
27974	0	34026	
27975	0	35328	
27976	0	37188	
27977	0	38752	
27978	0	39572	
27979	0	37648	
27980	0	34608	
27981	0	32628	
27982	0	31652	
27983	0	30776	
27984	0	30280	
27985	0	30000	
27986	0	29236	
27987	0	28544	
27988	0	28684	
27989	0	29448	
27990	0	30180	
27991	0	30724	
27992	0	30868	
27993	0	30984	
27994	0	31516	
27995	0	32168	
27996	0	32124	
27997	0	31572	
27998	0	30976	
27999	0	30408	
28000	0	29832	
28001	0	29680	
28002	0	29716	
28003	0	29480	
28004	0	29196	
28005	0	29336	
28006	0	29336	
28007	0	29364	
28008	0	29128	
28009	0	29064	
28010	0	29160	
28011	0	29412	
28012	0	29856	
28013	0	30016	
28014	0	30152	
28015	0	30340	
28016	0	30544	
28017	0	31200	
28018	0	31840	
28019	0	31928	
28020	0	32124	
28021	0	32660	
28022	0	32876	
28023	0	32756	
28024	0	32712	
28025	0	32576	
28026	0	32240	
28027	0	32004	
28028	0	32264	
28029	0	32588	
28030	0	32280	
28031	0	31792	
28032	0	31520	
28033	0	31744	
28034	0	32260	
28035	0	33044	
28036	0	33952	
28037	0	34988	
28038	0	35896	
28039	0	35992	
28040	0	36048	
28041	0	36296	
28042	0	35880	
28043	0	35212	
28044	0	34324	
28045	0	33940	
28046	0	33968	
28047	0	33708	
28048	0	33144	
28049	0	32788	
28050	0	32560	
28051	0	32280	
28052	0	32104	
28053	0	31692	
28054	0	31224	
28055	0	31084	
28056	0	31912	
28057	0	32892	
28058	0	33660	
28059	0	34092	
28060	0	34096	
28061	0	33648	
28062	0	33040	
28063	0	32532	
28064	0	32160	
28065	0	32036	
28066	0	31328	
28067	0	30728	
28068	0	30180	
28069	0	29960	
28070	0	29660	
28071	0	29892	
28072	0	30392	
28073	0	30800	
28074	0	30712	
28075	0	30728	
28076	0	30564	
28077	0	30276	
28078	0	29812	
28079	0	29420	
28080	0	29088	
28081	0	29624	
28082	0	30240	
28083	0	30812	
28084	0	31212	
28085	0	31176	
28086	0	30972	
28087	0	31224	
28088	0	31416	
28089	0	31708	
28090	0	32108	
28091	0	32112	
28092	0	32352	
28093	0	32552	
28094	0	32604	
28095	0	32344	
28096	0	32672	
28097	0	33188	
28098	0	34036	
28099	0	34624	
28100	0	35128	
28101	0	35212	
28102	0	34500	
28103	0	33568	
28104	0	33396	
28105	0	33736	
28106	0	34432	
28107	0	35152	
28108	0	34824	
28109	0	32392	
28110	0	29860	
28111	0	28608	
28112	0	28164	
28113	0	28112	
28114	0	28450	
28115	0	28936	
28116	0	29348	
28117	0	30368	
28118	0	31568	
28119	0	32428	
28120	0	32944	
28121	0	33012	
28122	0	32664	
28123	0	32392	
28124	0	32444	
28125	0	32116	
28126	0	31740	
28127	0	31412	
28128	0	30836	
28129	0	30252	
28130	0	29984	
28131	0	30328	
28132	0	30754	
28133	0	30740	
28134	0	30940	
28135	0	31552	
28136	0	32016	
28137	0	32192	
28138	0	32664	
28139	0	33432	
28140	0	33304	
28141	0	32832	
28142	0	32352	
28143	0	31988	
28144	0	31834	
28145	0	31888	
28146	0	31956	
28147	0	32376	
28148	0	33040	
28149	0	33552	
28150	0	34192	
28151	0	34488	
28152	0	34592	
28153	0	34720	
28154	0	34864	
28155	0	34924	
28156	0	34896	
28157	0	35844	
28158	0	35960	
28159	0	35832	
28160	0	35540	
28161	0	34544	
28162	0	33360	
28163	0	32552	
28164	0	32428	
28165	0	32712	
28166	0	33472	
28167	0	34672	
28168	0	35476	
28169	0	35856	
28170	0	36336	
28171	0	36020	
28172	0	35372	
28173	0	34502	
28174	0	34120	
28175	0	34272	
28176	0	33964	
28177	0	33320	
28178	0	32340	
28179	0	31680	
28180	0	31728	
28181	0	32248	
28182	0	32540	
28183	0	32730	
28184	0	32748	
28185	0	32408	
28186	0	31864	
28187	0	31152	
28188	0	30808	
28189	0	31296	
28190	0	32542	
28191	0	33728	
28192	0	34004	
28193	0	32232	
28194	0	29912	
28195	0	28428	
28196	0	27904	
28197	0	27676	
28198	0	28112	
28199	0	28384	
28200	0	28236	
28201	0	28104	
28202	0	27344	
28203	0	26256	
28204	0	25260	
28205	0	24666	
28206	0	24800	
28207	0	25536	
28208	0	26340	
28209	0	26956	
28210	0	27632	
28211	0	28094	
28212	0	28328	
28213	0	28208	
28214	0	28544	
28215	0	29052	
28216	0	29276	
28217	0	29704	
28218	0	30864	
28219	0	31272	
28220	0	31376	
28221	0	31268	
28222	0	30712	
28223	0	30088	
28224	0	29700	
28225	0	29324	
28226	0	29064	
28227	0	29376	
28228	0	29928	
28229	0	30512	
28230	0	30932	
28231	0	31184	
28232	0	31448	
28233	0	31344	
28234	0	31764	
28235	0	32136	
28236	0	32560	
28237	0	33304	
28238	0	34068	
28239	0	34424	
28240	0	34076	
28241	0	33610	
28242	0	32968	
28243	0	32544	
28244	0	32568	
28245	0	32224	
28246	0	31908	
28247	0	31660	
28248	0	31420	
28249	0	31292	
28250	0	31200	
28251	0	31148	
28252	0	31084	
28253	0	31280	
28254	0	31128	
28255	0	30908	
28256	0	30624	
28257	0	30556	
28258	0	31816	
28259	0	33650	
28260	0	34808	
28261	0	35400	
28262	0	34252	
28263	0	31088	
28264	0	28380	
28265	0	26788	
28266	0	25632	
28267	0	24928	
28268	0	24660	
28269	0	24840	
28270	0	25120	
28271	0	25444	
28272	0	25938	
28273	0	26342	
28274	0	26724	
28275	0	27492	
28276	0	28436	
28277	0	29264	
28278	0	30172	
28279	0	30708	
28280	0	30948	
28281	0	31104	
28282	0	30940	
28283	0	30460	
28284	0	30280	
28285	0	30016	
28286	0	30244	
28287	0	30740	
28288	0	31068	
28289	0	30600	
28290	0	29952	
28291	0	29148	
28292	0	28848	
28293	0	29200	
28294	0	30108	
28295	0	31400	
28296	0	32420	
28297	0	33388	
28298	0	34544	
28299	0	35712	
28300	0	36252	
28301	0	36928	
28302	0	37176	
28303	0	36976	
28304	0	35980	
28305	0	35184	
28306	0	34504	
28307	0	34472	
28308	0	34720	
28309	0	34992	
28310	0	35368	
28311	0	36044	
28312	0	36240	
28313	0	36568	
28314	0	36920	
28315	0	36960	
28316	0	36940	
28317	0	36954	
28318	0	37408	
28319	0	37860	
28320	0	37940	
28321	0	38060	
28322	0	38796	
28323	0	39836	
28324	0	40632	
28325	0	40592	
28326	0	38760	
28327	0	34968	
28328	0	31580	
28329	0	30176	
28330	0	30232	
28331	0	30436	
28332	0	30500	
28333	0	30824	
28334	0	31096	
28335	0	31452	
28336	0	31452	
28337	0	31616	
28338	0	31856	
28339	0	32104	
28340	0	32232	
28341	0	32380	
28342	0	32784	
28343	0	33272	
28344	0	33116	
28345	0	32476	
28346	0	32004	
28347	0	32180	
28348	0	32448	
28349	0	32696	
28350	0	32802	
28351	0	32604	
28352	0	33528	
28353	0	35048	
28354	0	36052	
28355	0	36800	
28356	0	37392	
28357	0	37780	
28358	0	37792	
28359	0	37500	
28360	0	37194	
28361	0	37240	
28362	0	37128	
28363	0	37200	
28364	0	37408	
28365	0	37720	
28366	0	37916	
28367	0	37804	
28368	0	37452	
28369	0	37056	
28370	0	37000	
28371	0	36832	
28372	0	37028	
28373	0	37244	
28374	0	37148	
28375	0	37292	
28376	0	38026	
28377	0	38408	
28378	0	38252	
28379	0	37922	
28380	0	37720	
28381	0	37628	
28382	0	37496	
28383	0	36732	
28384	0	36684	
28385	0	36764	
28386	0	36460	
28387	0	35752	
28388	0	34992	
28389	0	34136	
28390	0	33544	
28391	0	33024	
28392	0	32484	
28393	0	32264	
28394	0	32672	
28395	0	33184	
28396	0	33288	
28397	0	33372	
28398	0	33108	
28399	0	32790	
28400	0	32388	
28401	0	31792	
28402	0	31204	
28403	0	30832	
28404	0	30372	
28405	0	29752	
28406	0	29288	
28407	0	29704	
28408	0	29773	
28409	0	30024	
28410	0	30392	
28411	0	30688	
28412	0	31448	
28413	0	32496	
28414	0	33708	
28415	0	35056	
28416	0	34716	
28417	0	32712	
28418	0	30792	
28419	0	29648	
28420	0	29544	
28421	0	29908	
28422	0	30332	
28423	0	31232	
28424	0	31904	
28425	0	32020	
28426	0	31752	
28427	0	31520	
28428	0	31780	
28429	0	32544	
28430	0	33276	
28431	0	33976	
28432	0	34900	
28433	0	35476	
28434	0	35592	
28435	0	35504	
28436	0	35908	
28437	0	36040	
28438	0	36212	
28439	0	36350	
28440	0	36152	
28441	0	36404	
28442	0	36788	
28443	0	36960	
28444	0	37268	
28445	0	37276	
28446	0	36344	
28447	0	35112	
28448	0	34096	
28449	0	33600	
28450	0	33596	
28451	0	33928	
28452	0	34464	
28453	0	35300	
28454	0	36376	
28455	0	37284	
28456	0	37824	
28457	0	38488	
28458	0	38864	
28459	0	38620	
28460	0	38692	
28461	0	38928	
28462	0	39072	
28463	0	38736	
28464	0	37872	
28465	0	37128	
28466	0	36560	
28467	0	36016	
28468	0	35608	
28469	0	35240	
28470	0	34808	
28471	0	34336	
28472	0	34168	
28473	0	34240	
28474	0	34140	
28475	0	34168	
28476	0	34616	
28477	0	35056	
28478	0	36264	
28479	0	37552	
28480	0	38620	
28481	0	39316	
28482	0	37416	
28483	0	34816	
28484	0	33296	
28485	0	32032	
28486	0	31216	
28487	0	30828	
28488	0	30624	
28489	0	30904	
28490	0	31572	
28491	0	32268	
28492	0	32812	
28493	0	33208	
28494	0	33892	
28495	0	34428	
28496	0	35268	
28497	0	36512	
28498	0	37380	
28499	0	37612	
28500	0	37252	
28501	0	37216	
28502	0	37160	
28503	0	37136	
28504	0	37280	
28505	0	37184	
28506	0	37408	
28507	0	37604	
28508	0	37736	
28509	0	37724	
28510	0	37696	
28511	0	37200	
28512	0	37152	
28513	0	37040	
28514	0	36908	
28515	0	36608	
28516	0	36132	
28517	0	36188	
28518	0	36788	
28519	0	37340	
28520	0	37444	
28521	0	38104	
28522	0	38392	
28523	0	38352	
28524	0	38296	
28525	0	38060	
28526	0	37808	
28527	0	37432	
28528	0	36884	
28529	0	35860	
28530	0	34752	
28531	0	33976	
28532	0	33112	
28533	0	32688	
28534	0	32796	
28535	0	33200	
28536	0	33536	
28537	0	34140	
28538	0	34524	
28539	0	34600	
28540	0	34692	
28541	0	35116	
28542	0	35124	
28543	0	34808	
28544	0	34196	
28545	0	33408	
28546	0	33340	
28547	0	33508	
28548	0	33336	
28549	0	33640	
28550	0	33776	
28551	0	33720	
28552	0	33976	
28553	0	33888	
28554	0	33452	
28555	0	33340	
28556	0	33928	
28557	0	34140	
28558	0	34112	
28559	0	35640	
28560	0	37764	
28561	0	39872	
28562	0	40952	
28563	0	39836	
28564	0	36684	
28565	0	33604	
28566	0	31776	
28567	0	31096	
28568	0	30908	
28569	0	30996	
28570	0	30980	
28571	0	31024	
28572	0	30928	
28573	0	30648	
28574	0	30672	
28575	0	30664	
28576	0	30860	
28577	0	31368	
28578	0	32248	
28579	0	33268	
28580	0	34152	
28581	0	34552	
28582	0	34056	
28583	0	33924	
28584	0	34208	
28585	0	34148	
28586	0	34148	
28587	0	33796	
28588	0	33512	
28589	0	33276	
28590	0	32920	
28591	0	32892	
28592	0	33408	
28593	0	33960	
28594	0	34408	
28595	0	34888	
28596	0	35136	
28597	0	35448	
28598	0	35880	
28599	0	35940	
28600	0	36188	
28601	0	36476	
28602	0	36408	
28603	0	36044	
28604	0	35820	
28605	0	35802	
28606	0	35920	
28607	0	36320	
28608	0	36804	
28609	0	37004	
28610	0	37152	
28611	0	37316	
28612	0	37708	
28613	0	38904	
28614	0	39688	
28615	0	39932	
28616	0	39956	
28617	0	40268	
28618	0	40180	
28619	0	40580	
28620	0	40440	
28621	0	39936	
28622	0	39160	
28623	0	38460	
28624	0	37488	
28625	0	36800	
28626	0	36156	
28627	0	35972	
28628	0	35684	
28629	0	35672	
28630	0	35728	
28631	0	35340	
28632	0	34524	
28633	0	33388	
28634	0	32268	
28635	0	31660	
28636	0	31332	
28637	0	31504	
28638	0	31584	
28639	0	31916	
28640	0	32604	
28641	0	33016	
28642	0	33116	
28643	0	32660	
28644	0	32140	
28645	0	31472	
28646	0	30784	
28647	0	30240	
28648	0	30400	
28649	0	30844	
28650	0	31124	
28651	0	31192	
28652	0	31480	
28653	0	32784	
28654	0	34790	
28655	0	36628	
28656	0	37486	
28657	0	36360	
28658	0	34012	
28659	0	32432	
28660	0	31516	
28661	0	30988	
28662	0	30780	
28663	0	30572	
28664	0	30432	
28665	0	30016	
28666	0	29752	
28667	0	29512	
28668	0	29684	
28669	0	30176	
28670	0	31156	
28671	0	31940	
28672	0	32596	
28673	0	33376	
28674	0	33860	
28675	0	34244	
28676	0	34496	
28677	0	34648	
28678	0	34688	
28679	0	35148	
28680	0	35924	
28681	0	35960	
28682	0	35576	
28683	0	34512	
28684	0	32840	
28685	0	31668	
28686	0	31136	
28687	0	30996	
28688	0	30568	
28689	0	30154	
28690	0	30696	
28691	0	31132	
28692	0	31008	
28693	0	30856	
28694	0	30734	
28695	0	30768	
28696	0	30860	
28697	0	30624	
28698	0	30424	
28699	0	30104	
28700	0	29968	
28701	0	30284	
28702	0	30672	
28703	0	30712	
28704	0	31016	
28705	0	31428	
28706	0	31688	
28707	0	31784	
28708	0	31936	
28709	0	31904	
28710	0	32112	
28711	0	32772	
28712	0	34040	
28713	0	35176	
28714	0	36000	
28715	0	36416	
28716	0	36960	
28717	0	38052	
28718	0	39008	
28719	0	39576	
28720	0	39928	
28721	0	39832	
28722	0	39164	
28723	0	38904	
28724	0	38576	
28725	0	37928	
28726	0	36920	
28727	0	36220	
28728	0	35928	
28729	0	35580	
28730	0	35284	
28731	0	34932	
28732	0	34896	
28733	0	35172	
28734	0	35488	
28735	0	35944	
28736	0	36116	
28737	0	36212	
28738	0	36260	
28739	0	35800	
28740	0	35632	
28741	0	35636	
28742	0	35364	
28743	0	34848	
28744	0	34144	
28745	0	32792	
28746	0	31628	
28747	0	31344	
28748	0	32332	
28749	0	34232	
28750	0	35800	
28751	0	36848	
28752	0	36200	
28753	0	33572	
28754	0	31076	
28755	0	29388	
28756	0	28548	
28757	0	28320	
28758	0	28460	
28759	0	29364	
28760	0	30852	
28761	0	31892	
28762	0	32000	
28763	0	31360	
28764	0	30544	
28765	0	30776	
28766	0	31620	
28767	0	32016	
28768	0	32492	
28769	0	32676	
28770	0	32408	
28771	0	32656	
28772	0	32520	
28773	0	32704	
28774	0	33096	
28775	0	33676	
28776	0	33541	
28777	0	33256	
28778	0	32660	
28779	0	32016	
28780	0	31520	
28781	0	31392	
28782	0	31356	
28783	0	31196	
28784	0	30784	
28785	0	30912	
28786	0	30992	
28787	0	30612	
28788	0	30400	
28789	0	30028	
28790	0	29256	
28791	0	28892	
28792	0	28164	
28793	0	28040	
28794	0	28336	
28795	0	29026	
28796	0	29888	
28797	0	30636	
28798	0	31038	
28799	0	31472	
28800	0	31628	
28801	0	31488	
28802	0	31692	
28803	0	31800	
28804	0	31476	
28805	0	31348	
28806	0	31232	
28807	0	31400	
28808	0	31524	
28809	0	31424	
28810	0	31116	
28811	0	30256	
28812	0	30096	
28813	0	30760	
28814	0	31564	
28815	0	32480	
28816	0	33464	
28817	0	34944	
28818	0	36280	
28819	0	37488	
28820	0	38112	
28821	0	38464	
28822	0	38164	
28823	0	37964	
28824	0	37712	
28825	0	37844	
28826	0	38160	
28827	0	38008	
28828	0	37836	
28829	0	38256	
28830	0	38840	
28831	0	38864	
28832	0	38596	
28833	0	38140	
28834	0	37828	
28835	0	37752	
28836	0	38356	
28837	0	40084	
28838	0	41644	
28839	0	42740	
28840	0	42264	
28841	0	39508	
28842	0	35972	
28843	0	33296	
28844	0	31908	
28845	0	31268	
28846	0	31192	
28847	0	31444	
28848	0	31992	
28849	0	32612	
28850	0	33264	
28851	0	33616	
28852	0	33544	
28853	0	33524	
28854	0	33552	
28855	0	33784	
28856	0	34280	
28857	0	34720	
28858	0	35172	
28859	0	35132	
28860	0	35104	
28861	0	35452	
28862	0	35648	
28863	0	35652	
28864	0	35280	
28865	0	34332	
28866	0	33200	
28867	0	32216	
28868	0	31672	
28869	0	31920	
28870	0	32724	
28871	0	33708	
28872	0	34628	
28873	0	35384	
28874	0	35576	
28875	0	35556	
28876	0	35660	
28877	0	36224	
28878	0	36116	
28879	0	36344	
28880	0	36352	
28881	0	36280	
28882	0	35856	
28883	0	35336	
28884	0	34440	
28885	0	33792	
28886	0	33376	
28887	0	33268	
28888	0	33444	
28889	0	33498	
28890	0	33716	
28891	0	34056	
28892	0	34468	
28893	0	34624	
28894	0	35062	
28895	0	35952	
28896	0	36192	
28897	0	36320	
28898	0	36592	
28899	0	37040	
28900	0	36748	
28901	0	35508	
28902	0	33824	
28903	0	32544	
28904	0	31434	
28905	0	30444	
28906	0	29956	
28907	0	29016	
28908	0	28376	
28909	0	28260	
28910	0	28264	
28911	0	28316	
28912	0	27932	
28913	0	27996	
28914	0	28316	
28915	0	28796	
28916	0	29256	
28917	0	29488	
28918	0	29404	
28919	0	29292	
28920	0	29120	
28921	0	28632	
28922	0	27588	
28923	0	26644	
28924	0	26572	
28925	0	28016	
28926	0	29804	
28927	0	30428	
28928	0	28833	
28929	0	25756	
28930	0	23648	
28931	0	23712	
28932	0	24912	
28933	0	25513	
28934	0	25620	
28935	0	25864	
28936	0	26284	
28937	0	26676	
28938	0	27600	
28939	0	28346	
28940	0	28880	
28941	0	29484	
28942	0	29676	
28943	0	29736	
28944	0	29980	
28945	0	29932	
28946	0	29608	
28947	0	29356	
28948	0	29000	
28949	0	28912	
28950	0	29376	
28951	0	30044	
28952	0	29816	
28953	0	29148	
28954	0	29384	
28955	0	30516	
28956	0	31688	
28957	0	32312	
28958	0	32668	
28959	0	33508	
28960	0	34896	
28961	0	35456	
28962	0	34578	
28963	0	33692	
28964	0	32892	
28965	0	31828	
28966	0	31474	
28967	0	31492	
28968	0	31704	
28969	0	31956	
28970	0	31916	
28971	0	31528	
28972	0	31804	
28973	0	32592	
28974	0	33400	
28975	0	33996	
28976	0	34656	
28977	0	35352	
28978	0	35180	
28979	0	34648	
28980	0	34180	
28981	0	33612	
28982	0	33372	
28983	0	33280	
28984	0	33118	
28985	0	32908	
28986	0	33048	
28987	0	33836	
28988	0	34324	
28989	0	34652	
28990	0	35448	
28991	0	36480	
28992	0	37424	
28993	0	38616	
28994	0	38164	
28995	0	36700	
28996	0	35952	
28997	0	35720	
28998	0	35564	
28999	0	35196	
29000	0	35252	
29001	0	35200	
29002	0	34900	
29003	0	34808	
29004	0	34336	
29005	0	33660	
29006	0	33004	
29007	0	32680	
29008	0	32764	
29009	0	32700	
29010	0	32468	
29011	0	32496	
29012	0	33316	
29013	0	34440	
29014	0	35156	
29015	0	35324	
29016	0	35864	
29017	0	36404	
29018	0	36352	
29019	0	36348	
29020	0	35812	
29021	0	35056	
29022	0	33640	
29023	0	32100	
29024	0	30644	
29025	0	29676	
29026	0	29248	
29027	0	28984	
29028	0	28596	
29029	0	28332	
29030	0	28236	
29031	0	27964	
29032	0	27988	
29033	0	28504	
29034	0	29312	
29035	0	30472	
29036	0	31300	
29037	0	31848	
29038	0	32428	
29039	0	32864	
29040	0	32828	
29041	0	32752	
29042	0	32586	
29043	0	32148	
29044	0	32196	
29045	0	32712	
29046	0	33308	
29047	0	33100	
29048	0	32556	
29049	0	31972	
29050	0	31204	
29051	0	30016	
29052	0	29172	
29053	0	29112	
29054	0	29496	
29055	0	29764	
29056	0	30808	
29057	0	32968	
29058	0	34496	
29059	0	35440	
29060	0	34392	
29061	0	31088	
29062	0	28116	
29063	0	26348	
29064	0	25800	
29065	0	25480	
29066	0	25268	
29067	0	25348	
29068	0	25728	
29069	0	26212	
29070	0	27240	
29071	0	28072	
29072	0	28920	
29073	0	29480	
29074	0	29604	
29075	0	29948	
29076	0	29992	
29077	0	30296	
29078	0	30460	
29079	0	30260	
29080	0	30356	
29081	0	30496	
29082	0	30080	
29083	0	30288	
29084	0	31124	
29085	0	31540	
29086	0	31324	
29087	0	31008	
29088	0	30648	
29089	0	31080	
29090	0	31400	
29091	0	31412	
29092	0	31664	
29093	0	32260	
29094	0	32656	
29095	0	33328	
29096	0	33768	
29097	0	34176	
29098	0	34788	
29099	0	35524	
29100	0	35812	
29101	0	35288	
29102	0	34064	
29103	0	33544	
29104	0	33460	
29105	0	33208	
29106	0	32892	
29107	0	32724	
29108	0	32432	
29109	0	32522	
29110	0	32576	
29111	0	33092	
29112	0	33448	
29113	0	33804	
29114	0	34656	
29115	0	35328	
29116	0	35192	
29117	0	34664	
29118	0	34204	
29119	0	34120	
29120	0	34172	
29121	0	34100	
29122	0	33732	
29123	0	32860	
29124	0	32140	
29125	0	31564	
29126	0	31584	
29127	0	31272	
29128	0	30740	
29129	0	30400	
29130	0	30452	
29131	0	30784	
29132	0	31736	
29133	0	33404	
29134	0	34788	
29135	0	35672	
29136	0	34736	
29137	0	31568	
29138	0	27848	
29139	0	25356	
29140	0	24712	
29141	0	24648	
29142	0	24740	
29143	0	24940	
29144	0	24892	
29145	0	24657	
29146	0	24452	
29147	0	24348	
29148	0	24300	
29149	0	24242	
29150	0	24736	
29151	0	25332	
29152	0	26340	
29153	0	27404	
29154	0	28072	
29155	0	28472	
29156	0	28998	
29157	0	29508	
29158	0	29932	
29159	0	30412	
29160	0	31152	
29161	0	31236	
29162	0	30716	
29163	0	30284	
29164	0	30320	
29165	0	30416	
29166	0	30032	
29167	0	29512	
29168	0	29576	
29169	0	30208	
29170	0	30712	
29171	0	31348	
29172	0	31624	
29173	0	31480	
29174	0	31260	
29175	0	30592	
29176	0	29988	
29177	0	29752	
29178	0	30040	
29179	0	30456	
29180	0	30730	
29181	0	31148	
29182	0	31684	
29183	0	32450	
29184	0	32956	
29185	0	33628	
29186	0	34072	
29187	0	33860	
29188	0	33668	
29189	0	33896	
29190	0	34228	
29191	0	34248	
29192	0	34388	
29193	0	35044	
29194	0	35532	
29195	0	36092	
29196	0	36520	
29197	0	36828	
29198	0	37712	
29199	0	38652	
29200	0	40020	
29201	0	40880	
29202	0	40388	
29203	0	37796	
29204	0	35280	
29205	0	33776	
29206	0	32604	
29207	0	32284	
29208	0	32924	
29209	0	33736	
29210	0	34480	
29211	0	34572	
29212	0	34176	
29213	0	34368	
29214	0	34596	
29215	0	34576	
29216	0	34612	
29217	0	34768	
29218	0	34760	
29219	0	34448	
29220	0	34248	
29221	0	33796	
29222	0	33386	
29223	0	33076	
29224	0	33388	
29225	0	33812	
29226	0	34136	
29227	0	34208	
29228	0	34448	
29229	0	34992	
29230	0	35176	
29231	0	34896	
29232	0	34240	
29233	0	33936	
29234	0	34044	
29235	0	34152	
29236	0	33768	
29237	0	33828	
29238	0	34060	
29239	0	34540	
29240	0	35096	
29241	0	35036	
29242	0	34872	
29243	0	34632	
29244	0	34216	
29245	0	33472	
29246	0	32608	
29247	0	32056	
29248	0	31704	
29249	0	31100	
29250	0	30580	
29251	0	30056	
29252	0	29496	
29253	0	29532	
29254	0	29912	
29255	0	30416	
29256	0	30984	
29257	0	31912	
29258	0	32600	
29259	0	33084	
29260	0	33424	
29261	0	33544	
29262	0	33532	
29263	0	33156	
29264	0	33100	
29265	0	33184	
29266	0	33000	
29267	0	32922	
29268	0	32752	
29269	0	32668	
29270	0	32682	
29271	0	32788	
29272	0	32984	
29273	0	33632	
29274	0	34912	
29275	0	36936	
29276	0	38296	
29277	0	37720	
29278	0	34360	
29279	0	30832	
29280	0	28996	
29281	0	28360	
29282	0	28008	
29283	0	28288	
29284	0	29312	
29285	0	30032	
29286	0	30244	
29287	0	30440	
29288	0	30004	
29289	0	29676	
29290	0	29676	
29291	0	29440	
29292	0	29188	
29293	0	29232	
29294	0	29488	
29295	0	29808	
29296	0	30364	
29297	0	31080	
29298	0	31788	
29299	0	32188	
29300	0	32216	
29301	0	32264	
29302	0	32388	
29303	0	32520	
29304	0	32568	
29305	0	32128	
29306	0	32012	
29307	0	32004	
29308	0	31876	
29309	0	31608	
29310	0	31060	
29311	0	30540	
29312	0	30576	
29313	0	31316	
29314	0	32380	
29315	0	33320	
29316	0	34200	
29317	0	34796	
29318	0	34836	
29319	0	35056	
29320	0	35196	
29321	0	34796	
29322	0	34104	
29323	0	33328	
29324	0	32512	
29325	0	31772	
29326	0	31048	
29327	0	30452	
29328	0	30448	
29329	0	30900	
29330	0	31460	
29331	0	32000	
29332	0	32520	
29333	0	32720	
29334	0	32284	
29335	0	32088	
29336	0	32224	
29337	0	32824	
29338	0	33088	
29339	0	33388	
29340	0	33168	
29341	0	32388	
29342	0	31844	
29343	0	31316	
29344	0	30508	
29345	0	30224	
29346	0	30304	
29347	0	30628	
29348	0	30988	
29349	0	31048	
29350	0	30936	
29351	0	30714	
29352	0	30492	
29353	0	30504	
29354	0	30572	
29355	0	30632	
29356	0	31284	
29357	0	31532	
29358	0	31508	
29359	0	31428	
29360	0	31000	
29361	0	30564	
29362	0	30492	
29363	0	30748	
29364	0	30860	
29365	0	31332	
29366	0	31892	
29367	0	32232	
29368	0	32372	
29369	0	32628	
29370	0	32280	
29371	0	31780	
29372	0	31688	
29373	0	31768	
29374	0	31996	
29375	0	32520	
29376	0	32756	
29377	0	33008	
29378	0	33144	
29379	0	33568	
29380	0	33880	
29381	0	33780	
29382	0	33504	
29383	0	32988	
29384	0	32360	
29385	0	32028	
29386	0	31960	
29387	0	31484	
29388	0	31048	
29389	0	30732	
29390	0	30284	
29391	0	30040	
29392	0	30004	
29393	0	30312	
29394	0	30600	
29395	0	30304	
29396	0	29964	
29397	0	29956	
29398	0	29776	
29399	0	29676	
29400	0	29684	
29401	0	29828	
29402	0	29928	
29403	0	31032	
29404	0	32840	
29405	0	34236	
29406	0	35044	
29407	0	33664	
29408	0	30432	
29409	0	28208	
29410	0	27412	
29411	0	27178	
29412	0	27312	
29413	0	27704	
29414	0	28508	
29415	0	29940	
29416	0	31484	
29417	0	32848	
29418	0	33588	
29419	0	33968	
29420	0	34084	
29421	0	33804	
29422	0	33296	
29423	0	33084	
29424	0	33216	
29425	0	33608	
29426	0	34112	
29427	0	34432	
29428	0	34528	
29429	0	34508	
29430	0	34592	
29431	0	34372	
29432	0	33912	
29433	0	33636	
29434	0	33868	
29435	0	34636	
29436	0	35336	
29437	0	35664	
29438	0	35704	
29439	0	35704	
29440	0	35856	
29441	0	35956	
29442	0	36568	
29443	0	37612	
29444	0	37872	
29445	0	37640	
29446	0	37524	
29447	0	37428	
29448	0	37456	
29449	0	37316	
29450	0	36640	
29451	0	35856	
29452	0	35280	
29453	0	35020	
29454	0	35020	
29455	0	34896	
29456	0	34896	
29457	0	34916	
29458	0	34768	
29459	0	34812	
29460	0	34932	
29461	0	34804	
29462	0	33812	
29463	0	32616	
29464	0	31980	
29465	0	31292	
29466	0	30696	
29467	0	30224	
29468	0	30044	
29469	0	29924	
29470	0	29736	
29471	0	29164	
29472	0	28924	
29473	0	29168	
29474	0	29084	
29475	0	28964	
29476	0	29228	
29477	0	30100	
29478	0	30476	
29479	0	30812	
29480	0	31290	
29481	0	31348	
29482	0	30812	
29483	0	30908	
29484	0	31288	
29485	0	31832	
29486	0	32264	
29487	0	31356	
29488	0	28844	
29489	0	27348	
29490	0	26972	
29491	0	26984	
29492	0	26856	
29493	0	27120	
29494	0	27808	
29495	0	27964	
29496	0	28336	
29497	0	29032	
29498	0	29316	
29499	0	29480	
29500	0	29840	
29501	0	30168	
29502	0	30388	
29503	0	30568	
29504	0	30472	
29505	0	30512	
29506	0	30508	
29507	0	30980	
29508	0	31412	
29509	0	32152	
29510	0	33044	
29511	0	34036	
29512	0	34664	
29513	0	34316	
29514	0	33572	
29515	0	32692	
29516	0	32048	
29517	0	32240	
29518	0	32800	
29519	0	33036	
29520	0	32932	
29521	0	33200	
29522	0	33432	
29523	0	33324	
29524	0	33200	
29525	0	33064	
29526	0	33268	
29527	0	33700	
29528	0	33888	
29529	0	33860	
29530	0	32880	
29531	0	31880	
29532	0	30896	
29533	0	30306	
29534	0	30076	
29535	0	30192	
29536	0	30888	
29537	0	31720	
29538	0	32172	
29539	0	32408	
29540	0	32520	
29541	0	32344	
29542	0	32488	
29543	0	32912	
29544	0	32904	
29545	0	32496	
29546	0	32184	
29547	0	31860	
29548	0	31596	
29549	0	31368	
29550	0	30956	
29551	0	30324	
29552	0	29868	
29553	0	29680	
29554	0	29812	
29555	0	29948	
29556	0	30288	
29557	0	30568	
29558	0	30136	
29559	0	29712	
29560	0	29740	
29561	0	29304	
29562	0	28756	
29563	0	28416	
29564	0	28312	
29565	0	28484	
29566	0	28508	
29567	0	28600	
29568	0	28676	
29569	0	29448	
29570	0	29804	
29571	0	30272	
29572	0	31316	
29573	0	32792	
29574	0	34372	
29575	0	35816	
29576	0	36060	
29577	0	33824	
29578	0	30896	
29579	0	29508	
29580	0	28840	
29581	0	28084	
29582	0	26926	
29583	0	25948	
29584	0	25544	
29585	0	25760	
29586	0	25818	
29587	0	25592	
29588	0	25488	
29589	0	25456	
29590	0	25560	
29591	0	25152	
29592	0	24120	
29593	0	23880	
29594	0	24204	
29595	0	25244	
29596	0	26720	
29597	0	27924	
29598	0	28132	
29599	0	28448	
29600	0	29232	
29601	0	30032	
29602	0	31144	
29603	0	31760	
29604	0	31668	
29605	0	31772	
29606	0	32060	
29607	0	32184	
29608	0	32304	
29609	0	32396	
29610	0	32484	
29611	0	33038	
29612	0	33956	
29613	0	34000	
29614	0	33940	
29615	0	34288	
29616	0	34936	
29617	0	35128	
29618	0	35552	
29619	0	35816	
29620	0	35984	
29621	0	36012	
29622	0	36076	
29623	0	35812	
29624	0	35744	
29625	0	35612	
29626	0	35024	
29627	0	35024	
29628	0	35360	
29629	0	35304	
29630	0	35680	
29631	0	37052	
29632	0	38756	
29633	0	40228	
29634	0	40964	
29635	0	39468	
29636	0	36800	
29637	0	34752	
29638	0	33588	
29639	0	32644	
29640	0	31840	
29641	0	31296	
29642	0	31008	
29643	0	30528	
29644	0	30024	
29645	0	29352	
29646	0	28560	
29647	0	27896	
29648	0	27112	
29649	0	26716	
29650	0	26649	
29651	0	27112	
29652	0	27444	
29653	0	27616	
29654	0	28272	
29655	0	28820	
29656	0	29392	
29657	0	29628	
29658	0	29524	
29659	0	29552	
29660	0	29484	
29661	0	29840	
29662	0	30292	
29663	0	30148	
29664	0	30016	
29665	0	30144	
29666	0	30488	
29667	0	31140	
29668	0	31876	
29669	0	32353	
29670	0	32464	
29671	0	32488	
29672	0	32372	
29673	0	32436	
29674	0	32352	
29675	0	32256	
29676	0	32284	
29677	0	32612	
29678	0	32772	
29679	0	33152	
29680	0	33756	
29681	0	34280	
29682	0	34392	
29683	0	34480	
29684	0	34500	
29685	0	34164	
29686	0	34140	
29687	0	34344	
29688	0	34780	
29689	0	35356	
29690	0	35732	
29691	0	35924	
29692	0	36260	
29693	0	36672	
29694	0	37348	
29695	0	37836	
29696	0	38040	
29697	0	37938	
29698	0	37624	
29699	0	37228	
29700	0	37664	
29701	0	37928	
29702	0	38680	
29703	0	37992	
29704	0	34496	
29705	0	31120	
29706	0	29220	
29707	0	28248	
29708	0	28036	
29709	0	28468	
29710	0	29080	
29711	0	29664	
29712	0	29856	
29713	0	30044	
29714	0	30144	
29715	0	30272	
29716	0	30712	
29717	0	31040	
29718	0	31452	
29719	0	31620	
29720	0	31476	
29721	0	31072	
29722	0	30784	
29723	0	30244	
29724	0	29444	
29725	0	29226	
29726	0	30168	
29727	0	30676	
29728	0	30612	
29729	0	30692	
29730	0	30300	
29731	0	30348	
29732	0	30656	
29733	0	30936	
29734	0	31536	
29735	0	32224	
29736	0	32784	
29737	0	33252	
29738	0	33776	
29739	0	34484	
29740	0	35260	
29741	0	36100	
29742	0	36384	
29743	0	36436	
29744	0	36176	
29745	0	35496	
29746	0	34956	
29747	0	35208	
29748	0	35760	
29749	0	36124	
29750	0	36316	
29751	0	36304	
29752	0	36332	
29753	0	36824	
29754	0	37504	
29755	0	38044	
29756	0	38696	
29757	0	39056	
29758	0	39032	
29759	0	39076	
29760	0	39208	
29761	0	38908	
29762	0	38644	
29763	0	38124	
29764	0	37728	
29765	0	37196	
29766	0	36912	
29767	0	37152	
29768	0	37340	
29769	0	37552	
29770	0	37644	
29771	0	37580	
29772	0	37576	
29773	0	37108	
29774	0	36752	
29775	0	36764	
29776	0	37216	
29777	0	38112	
29778	0	38556	
29779	0	38120	
29780	0	37344	
29781	0	36556	
29782	0	35988	
29783	0	36440	
29784	0	38004	
29785	0	39320	
29786	0	39884	
29787	0	38880	
29788	0	35784	
29789	0	32868	
29790	0	31088	
29791	0	30192	
29792	0	30244	
29793	0	30968	
29794	0	31740	
29795	0	32184	
29796	0	32364	
29797	0	32410	
29798	0	32892	
29799	0	33320	
29800	0	33736	
29801	0	34084	
29802	0	34476	
29803	0	34928	
29804	0	34488	
29805	0	33896	
29806	0	33676	
29807	0	33788	
29808	0	34344	
29809	0	34980	
29810	0	35296	
29811	0	35160	
29812	0	35300	
29813	0	35588	
29814	0	35872	
29815	0	36440	
29816	0	36432	
29817	0	37012	
29818	0	37896	
29819	0	38640	
29820	0	39108	
29821	0	39184	
29822	0	38784	
29823	0	38372	
29824	0	37912	
29825	0	37660	
29826	0	37960	
29827	0	38200	
29828	0	38312	
29829	0	38528	
29830	0	38696	
29831	0	38316	
29832	0	37376	
29833	0	36908	
29834	0	36884	
29835	0	36980	
29836	0	37336	
29837	0	37424	
29838	0	36996	
29839	0	36332	
29840	0	35900	
29841	0	35460	
29842	0	35176	
29843	0	35264	
29844	0	35612	
29845	0	36956	
29846	0	38916	
29847	0	40724	
29848	0	41752	
29849	0	39936	
29850	0	36960	
29851	0	34756	
29852	0	33556	
29853	0	33312	
29854	0	33468	
29855	0	33656	
29856	0	33892	
29857	0	33964	
29858	0	33784	
29859	0	34052	
29860	0	34296	
29861	0	34032	
29862	0	33940	
29863	0	33812	
29864	0	33512	
29865	0	33792	
29866	0	34296	
29867	0	34888	
29868	0	35060	
29869	0	35400	
29870	0	35416	
29871	0	35188	
29872	0	34856	
29873	0	34408	
29874	0	34804	
29875	0	35632	
29876	0	36196	
29877	0	36604	
29878	0	37088	
29879	0	37256	
29880	0	37588	
29881	0	37524	
29882	0	36644	
29883	0	35452	
29884	0	35044	
29885	0	34916	
29886	0	34340	
29887	0	34600	
29888	0	35400	
29889	0	36000	
29890	0	35920	
29891	0	35650	
29892	0	35812	
29893	0	35968	
29894	0	35624	
29895	0	34820	
29896	0	34012	
29897	0	33928	
29898	0	33960	
29899	0	33744	
29900	0	33716	
29901	0	33836	
29902	0	33708	
29903	0	33728	
29904	0	33912	
29905	0	34676	
29906	0	35560	
29907	0	36208	
29908	0	36944	
29909	0	37292	
29910	0	37408	
29911	0	37080	
29912	0	36972	
29913	0	37100	
29914	0	37188	
29915	0	37360	
29916	0	37332	
29917	0	37496	
29918	0	37324	
29919	0	37016	
29920	0	36712	
29921	0	36136	
29922	0	35644	
29923	0	34944	
29924	0	33812	
29925	0	32744	
29926	0	32040	
29927	0	31284	
29928	0	31292	
29929	0	31328	
29930	0	31136	
29931	0	30972	
29932	0	31016	
29933	0	31248	
29934	0	31800	
29935	0	32404	
29936	0	33022	
29937	0	33562	
29938	0	34140	
29939	0	35816	
29940	0	37740	
29941	0	38636	
29942	0	37016	
29943	0	33712	
29944	0	31036	
29945	0	29328	
29946	0	28320	
29947	0	28088	
29948	0	28396	
29949	0	28764	
29950	0	28810	
29951	0	29088	
29952	0	29440	
29953	0	30028	
29954	0	30304	
29955	0	30840	
29956	0	31656	
29957	0	32408	
29958	0	32696	
29959	0	32604	
29960	0	33036	
29961	0	32920	
29962	0	32368	
29963	0	31196	
29964	0	30460	
29965	0	29760	
29966	0	29248	
29967	0	29184	
29968	0	29218	
29969	0	29416	
29970	0	29868	
29971	0	30316	
29972	0	30028	
29973	0	29968	
29974	0	30264	
29975	0	30936	
29976	0	31504	
29977	0	31940	
29978	0	32612	
29979	0	33044	
29980	0	33420	
29981	0	33760	
29982	0	33432	
29983	0	32392	
29984	0	31888	
29985	0	31932	
29986	0	31964	
29987	0	32484	
29988	0	33332	
29989	0	34610	
29990	0	36068	
29991	0	36916	
29992	0	37964	
29993	0	38580	
29994	0	39048	
29995	0	39108	
29996	0	39084	
29997	0	38974	
29998	0	38812	
29999	0	38744	
30000	0	38744	
30001	0	38672	
30002	0	38080	
30003	0	37428	
30004	0	36772	
30005	0	36368	
30006	0	35920	
30007	0	35620	
30008	0	35276	
30009	0	35352	
30010	0	35224	
30011	0	34984	
30012	0	34720	
30013	0	34740	
30014	0	34208	
30015	0	33676	
30016	0	33572	
30017	0	33356	
30018	0	32992	
30019	0	32404	
30020	0	31568	
30021	0	30552	
30022	0	30116	
30023	0	29724	
30024	0	29808	
30025	0	30744	
30026	0	31804	
30027	0	32280	
30028	0	31280	
30029	0	28148	
30030	0	25152	
30031	0	23616	
30032	0	23296	
30033	0	23436	
30034	0	23756	
30035	0	24336	
30036	0	25040	
30037	0	25512	
30038	0	26384	
30039	0	27560	
30040	0	28532	
30041	0	28940	
30042	0	28730	
30043	0	28120	
30044	0	27688	
30045	0	27480	
30046	0	28252	
30047	0	29400	
30048	0	30336	
30049	0	30788	
30050	0	30848	
30051	0	31004	
30052	0	31128	
30053	0	31460	
30054	0	32400	
30055	0	33632	
30056	0	34372	
30057	0	34504	
30058	0	34160	
30059	0	33864	
30060	0	33740	
30061	0	33640	
30062	0	33492	
30063	0	33432	
30064	0	33260	
30065	0	33344	
30066	0	33668	
30067	0	33836	
30068	0	34248	
30069	0	34308	
30070	0	34244	
30071	0	34060	
30072	0	34324	
30073	0	34720	
30074	0	34872	
30075	0	34444	
30076	0	34604	
30077	0	35616	
30078	0	36504	
30079	0	36544	
30080	0	36676	
30081	0	36396	
30082	0	35856	
30083	0	35128	
30084	0	34636	
30085	0	34120	
30086	0	34116	
30087	0	34996	
30088	0	35944	
30089	0	35860	
30090	0	35400	
30091	0	35160	
30092	0	35044	
30093	0	35336	
30094	0	35664	
30095	0	35496	
30096	0	35016	
30097	0	34772	
30098	0	34524	
30099	0	33940	
30100	0	33400	
30101	0	33064	
30102	0	32760	
30103	0	32152	
30104	0	31624	
30105	0	31640	
30106	0	31968	
30107	0	31680	
30108	0	31276	
30109	0	30756	
30110	0	30476	
30111	0	30776	
30112	0	31532	
30113	0	32436	
30114	0	32960	
30115	0	33528	
30116	0	34920	
30117	0	36596	
30118	0	37740	
30119	0	37424	
30120	0	34592	
30121	0	31324	
30122	0	29420	
30123	0	28492	
30124	0	27552	
30125	0	27468	
30126	0	27568	
30127	0	27608	
30128	0	27362	
30129	0	27100	
30130	0	26868	
30131	0	27500	
30132	0	28040	
30133	0	28520	
30134	0	28712	
30135	0	28840	
30136	0	29680	
30137	0	30392	
30138	0	31176	
30139	0	31240	
30140	0	30896	
30141	0	30560	
30142	0	30532	
30143	0	30692	
30144	0	31168	
30145	0	32056	
30146	0	32596	
30147	0	32320	
30148	0	31760	
30149	0	31400	
30150	0	30436	
30151	0	29356	
30152	0	28752	
30153	0	28856	
30154	0	29608	
30155	0	30184	
30156	0	30384	
30157	0	30504	
30158	0	30288	
30159	0	30170	
30160	0	30596	
30161	0	30748	
30162	0	30692	
30163	0	30660	
30164	0	30892	
30165	0	31280	
30166	0	31704	
30167	0	31528	
30168	0	31120	
30169	0	30736	
30170	0	30568	
30171	0	30376	
30172	0	30212	
30173	0	30696	
30174	0	31560	
30175	0	32436	
30176	0	33480	
30177	0	34104	
30178	0	34436	
30179	0	34420	
30180	0	34296	
30181	0	33268	
30182	0	32688	
30183	0	32372	
30184	0	31832	
30185	0	31972	
30186	0	32340	
30187	0	32500	
30188	0	32108	
30189	0	30984	
30190	0	30432	
30191	0	30000	
30192	0	30000	
30193	0	30432	
30194	0	31424	
30195	0	32356	
30196	0	33440	
30197	0	34552	
30198	0	36468	
30199	0	38372	
30200	0	39372	
30201	0	38952	
30202	0	36400	
30203	0	33232	
30204	0	31004	
30205	0	29748	
30206	0	28860	
30207	0	28000	
30208	0	27400	
30209	0	27436	
30210	0	27960	
30211	0	28688	
30212	0	29048	
30213	0	29196	
30214	0	29536	
30215	0	30340	
30216	0	31472	
30217	0	32440	
30218	0	32376	
30219	0	31904	
30220	0	31464	
30221	0	31148	
30222	0	31508	
30223	0	31780	
30224	0	31960	
30225	0	32072	
30226	0	32236	
30227	0	32616	
30228	0	32440	
30229	0	32096	
30230	0	31688	
30231	0	30836	
30232	0	30424	
30233	0	30476	
30234	0	30804	
30235	0	31304	
30236	0	31716	
30237	0	31896	
30238	0	31836	
30239	0	31984	
30240	0	32456	
30241	0	32912	
30242	0	32968	
30243	0	33128	
30244	0	33100	
30245	0	33256	
30246	0	33568	
30247	0	33680	
30248	0	34020	
30249	0	34528	
30250	0	35056	
30251	0	35568	
30252	0	36400	
30253	0	37820	
30254	0	38848	
30255	0	39592	
30256	0	41248	
30257	0	42920	
30258	0	44160	
30259	0	45000	
30260	0	43248	
30261	0	39804	
30262	0	37264	
30263	0	36096	
30264	0	35608	
30265	0	35452	
30266	0	35652	
30267	0	35744	
30268	0	35564	
30269	0	35204	
30270	0	34676	
30271	0	34012	
30272	0	33946	
30273	0	34145	
30274	0	34452	
30275	0	34672	
30276	0	34912	
30277	0	35248	
30278	0	35400	
30279	0	35980	
30280	0	36288	
30281	0	36426	
30282	0	37296	
30283	0	37976	
30284	0	37844	
30285	0	37104	
30286	0	36740	
30287	0	36352	
30288	0	35200	
30289	0	33744	
30290	0	32592	
30291	0	31772	
30292	0	31472	
30293	0	32020	
30294	0	32364	
30295	0	32744	
30296	0	33160	
30297	0	33016	
30298	0	32784	
30299	0	32720	
30300	0	32212	
30301	0	31152	
30302	0	30156	
30303	0	29448	
30304	0	29164	
30305	0	28904	
30306	0	28736	
30307	0	28640	
30308	0	28428	
30309	0	28324	
30310	0	28100	
30311	0	27876	
30312	0	27588	
30313	0	27578	
30314	0	28020	
30315	0	28618	
30316	0	28792	
30317	0	29596	
30318	0	30440	
30319	0	30852	
30320	0	30896	
30321	0	30520	
30322	0	29728	
30323	0	29336	
30324	0	29132	
30325	0	29268	
30326	0	29192	
30327	0	29088	
30328	0	29132	
30329	0	29132	
30330	0	28652	
30331	0	28756	
30332	0	29288	
30333	0	30076	
30334	0	31064	
30335	0	32556	
30336	0	34764	
30337	0	36948	
30338	0	38144	
30339	0	38896	
30340	0	37800	
30341	0	35652	
30342	0	34528	
30343	0	34424	
30344	0	34284	
30345	0	34548	
30346	0	34884	
30347	0	34432	
30348	0	33436	
30349	0	33072	
30350	0	33408	
30351	0	33964	
30352	0	34668	
30353	0	35768	
30354	0	36788	
30355	0	37328	
30356	0	37904	
30357	0	38488	
30358	0	38648	
30359	0	38624	
30360	0	38664	
30361	0	38748	
30362	0	38476	
30363	0	37528	
30364	0	36892	
30365	0	36768	
30366	0	35980	
30367	0	34956	
30368	0	34684	
30369	0	34636	
30370	0	34460	
30371	0	34556	
30372	0	35096	
30373	0	35756	
30374	0	35896	
30375	0	36120	
30376	0	36648	
30377	0	38096	
30378	0	39704	
30379	0	40792	
30380	0	40996	
30381	0	38644	
30382	0	35252	
30383	0	33076	
30384	0	31984	
30385	0	31544	
30386	0	33860	
30387	0	38698	
30388	0	41824	
30389	0	41928	
30390	0	38836	
30391	0	36128	
30392	0	36200	
30393	0	38088	
30394	0	40528	
30395	0	42296	
30396	0	42056	
30397	0	38424	
30398	0	33764	
30399	0	30044	
30400	0	29632	
30401	0	31952	
30402	0	34384	
30403	0	36520	
30404	0	37368	
30405	0	38168	
30406	0	36600	
30407	0	31344	
30408	0	27264	
30409	0	25916	
30410	0	26180	
30411	0	25856	
30412	0	24392	
30413	0	24088	
30414	0	26972	
30415	0	30096	
30416	0	29156	
30417	0	23964	
30418	0	17818	
30419	0	13666	
30420	0	13252	
30421	0	15482	
30422	0	18872	
30423	0	23136	
30424	0	28216	
30425	0	33588	
30426	0	37260	
30427	0	36856	
30428	0	33060	
30429	0	29056	
30430	0	26628	
30431	0	25184	
30432	0	24084	
30433	0	24656	
30434	0	27284	
30435	0	31000	
30436	0	35132	
30437	0	38592	
30438	0	40992	
30439	0	41052	
30440	0	40652	
30441	0	42300	
30442	0	44296	
30443	0	45216	
30444	0	43628	
30445	0	41308	
30446	0	40076	
30447	0	39768	
30448	0	39336	
30449	0	39424	
30450	0	40464	
30451	0	42800	
30452	0	44660	
30453	0	45800	
30454	0	45880	
30455	0	45364	
30456	0	44792	
30457	0	44408	
30458	0	44984	
30459	0	46724	
30460	0	49080	
30461	0	49132	
30462	0	45668	
30463	0	41256	
30464	0	38312	
30465	0	38416	
30466	0	40576	
30467	0	41708	
30468	0	39172	
30469	0	35408	
30470	0	31416	
30471	0	28484	
30472	0	27948	
30473	0	30564	
30474	0	35240	
30475	0	40124	
30476	0	43524	
30477	0	44824	
30478	0	45256	
30479	0	45404	
30480	0	45804	
30481	0	46156	
30482	0	45848	
30483	0	44560	
30484	0	43624	
30485	0	43272	
30486	0	42784	
30487	0	42848	
30488	0	43160	
30489	0	44176	
30490	0	45056	
30491	0	45612	
30492	0	45880	
30493	0	46328	
30494	0	46040	
30495	0	45868	
30496	0	46812	
30497	0	48408	
30498	0	49768	
30499	0	47984	
30500	0	45584	
30501	0	45488	
30502	0	45696	
30503	0	44820	
30504	0	40212	
30505	0	34580	
30506	0	31104	
30507	0	29396	
30508	0	28644	
30509	0	27880	
30510	0	27716	
30511	0	27984	
30512	0	28024	
30513	0	27948	
30514	0	28320	
30515	0	29064	
30516	0	30120	
30517	0	30868	
30518	0	31008	
30519	0	31788	
30520	0	33168	
30521	0	34360	
30522	0	34880	
30523	0	34816	
30524	0	35156	
30525	0	35840	
30526	0	36496	
30527	0	37408	
30528	0	38452	
30529	0	38968	
30530	0	39400	
30531	0	39140	
30532	0	39056	
30533	0	39584	
30534	0	41160	
30535	0	42088	
30536	0	42524	
30537	0	42176	
30538	0	40564	
30539	0	39000	
30540	0	37140	
30541	0	35096	
30542	0	33552	
30543	0	33160	
30544	0	33512	
30545	0	33924	
30546	0	32844	
30547	0	32181	
30548	0	33008	
30549	0	31848	
30550	0	29024	
30551	0	26804	
30552	0	26628	
30553	0	27596	
30554	0	28984	
30555	0	31076	
30556	0	32904	
30557	0	34330	
30558	0	35652	
30559	0	36848	
30560	0	37720	
30561	0	36888	
30562	0	34064	
30563	0	31100	
30564	0	29272	
30565	0	28832	
30566	0	28756	
30567	0	28380	
30568	0	27288	
30569	0	27676	
30570	0	28872	
30571	0	30136	
30572	0	31712	
30573	0	32680	
30574	0	32948	
30575	0	32704	
30576	0	32890	
30577	0	33300	
30578	0	32740	
30579	0	31500	
30580	0	31376	
30581	0	32030	
30582	0	32960	
30583	0	33912	
30584	0	32864	
30585	0	31880	
30586	0	32052	
30587	0	33288	
30588	0	35172	
30589	0	36932	
30590	0	38176	
30591	0	39060	
30592	0	38880	
30593	0	35880	
30594	0	32132	
30595	0	29608	
30596	0	28660	
30597	0	28272	
30598	0	27344	
30599	0	25820	
30600	0	24496	
30601	0	23632	
30602	0	23384	
30603	0	23124	
30604	0	22256	
30605	0	21880	
30606	0	21784	
30607	0	22280	
30608	0	23874	
30609	0	25724	
30610	0	27356	
30611	0	28884	
30612	0	29864	
30613	0	30968	
30614	0	31860	
30615	0	32388	
30616	0	33020	
30617	0	33268	
30618	0	33572	
30619	0	34200	
30620	0	34640	
30621	0	34876	
30622	0	35176	
30623	0	36376	
30624	0	38088	
30625	0	39608	
30626	0	38112	
30627	0	33732	
30628	0	30628	
30629	0	30872	
30630	0	32292	
30631	0	32764	
30632	0	32176	
30633	0	32120	
30634	0	32300	
30635	0	32312	
30636	0	32216	
30637	0	32380	
30638	0	33160	
30639	0	34444	
30640	0	35096	
30641	0	34828	
30642	0	34500	
30643	0	34836	
30644	0	35468	
30645	0	36628	
30646	0	37644	
30647	0	38012	
30648	0	38436	
30649	0	38988	
30650	0	39600	
30651	0	40168	
30652	0	40668	
30653	0	41108	
30654	0	41476	
30655	0	41824	
30656	0	42036	
30657	0	42124	
30658	0	41688	
30659	0	41104	
30660	0	40040	
30661	0	38960	
30662	0	37536	
30663	0	35414	
30664	0	33528	
30665	0	31892	
30666	0	30760	
30667	0	29984	
30668	0	29664	
30669	0	29460	
30670	0	29416	
30671	0	29068	
30672	0	29088	
30673	0	29912	
30674	0	32880	
30675	0	37016	
30676	0	40212	
30677	0	38912	
30678	0	34174	
30679	0	29736	
30680	0	26972	
30681	0	25408	
30682	0	23956	
30683	0	22824	
30684	0	22500	
30685	0	22588	
30686	0	22688	
30687	0	22748	
30688	0	22736	
30689	0	23412	
30690	0	24852	
30691	0	26104	
30692	0	26768	
30693	0	27638	
30694	0	28160	
30695	0	28964	
30696	0	29432	
30697	0	29436	
30698	0	29156	
30699	0	29328	
30700	0	29572	
30701	0	29288	
30702	0	29808	
30703	0	31860	
30704	0	34428	
30705	0	36108	
30706	0	35172	
30707	0	30812	
30708	0	26168	
30709	0	23172	
30710	0	21728	
30711	0	21708	
30712	0	22536	
30713	0	23940	
30714	0	25256	
30715	0	26236	
30716	0	27170	
30717	0	27576	
30718	0	28012	
30719	0	28772	
30720	0	29896	
30721	0	31628	
30722	0	33432	
30723	0	35058	
30724	0	35560	
30725	0	33608	
30726	0	30848	
30727	0	29452	
30728	0	28808	
30729	0	28996	
30730	0	29504	
30731	0	29944	
30732	0	30716	
30733	0	31422	
30734	0	32204	
30735	0	32710	
30736	0	32916	
30737	0	33248	
30738	0	33372	
30739	0	33464	
30740	0	33224	
30741	0	32644	
30742	0	32088	
30743	0	31884	
30744	0	32028	
30745	0	32484	
30746	0	32928	
30747	0	32824	
30748	0	32792	
30749	0	33708	
30750	0	34604	
30751	0	34880	
30752	0	34800	
30753	0	34276	
30754	0	33616	
30755	0	34160	
30756	0	35848	
30757	0	37228	
30758	0	38184	
30759	0	36492	
30760	0	33544	
30761	0	31456	
30762	0	30140	
30763	0	29152	
30764	0	28696	
30765	0	29556	
30766	0	30836	
30767	0	31812	
30768	0	31648	
30769	0	29172	
30770	0	26432	
30771	0	25268	
30772	0	25736	
30773	0	27020	
30774	0	27756	
30775	0	27824	
30776	0	27952	
30777	0	27700	
30778	0	27560	
30779	0	27888	
30780	0	28664	
30781	0	29088	
30782	0	28418	
30783	0	28256	
30784	0	28672	
30785	0	29340	
30786	0	30144	
30787	0	30716	
30788	0	31360	
30789	0	31904	
30790	0	32308	
30791	0	32516	
30792	0	32692	
30793	0	33328	
30794	0	33776	
30795	0	34748	
30796	0	35960	
30797	0	36748	
30798	0	37128	
30799	0	37356	
30800	0	37236	
30801	0	37120	
30802	0	36572	
30803	0	36104	
30804	0	35632	
30805	0	35340	
30806	0	35392	
30807	0	34864	
30808	0	34592	
30809	0	35992	
30810	0	38968	
30811	0	41640	
30812	0	42492	
30813	0	39936	
30814	0	36588	
30815	0	33260	
30816	0	29576	
30817	0	26572	
30818	0	24472	
30819	0	24036	
30820	0	24792	
30821	0	26102	
30822	0	27728	
30823	0	29050	
30824	0	30248	
30825	0	31148	
30826	0	31748	
30827	0	31536	
30828	0	31512	
30829	0	31656	
30830	0	32472	
30831	0	33968	
30832	0	35352	
30833	0	36228	
30834	0	36500	
30835	0	36500	
30836	0	36216	
30837	0	35668	
30838	0	35008	
30839	0	34248	
30840	0	33200	
30841	0	32558	
30842	0	32332	
30843	0	32080	
30844	0	32812	
30845	0	33680	
30846	0	34248	
30847	0	34696	
30848	0	35004	
30849	0	35016	
30850	0	34748	
30851	0	34416	
30852	0	34336	
30853	0	34640	
30854	0	34344	
30855	0	34860	
30856	0	36352	
30857	0	39108	
30858	0	40012	
30859	0	37944	
30860	0	34160	
30861	0	29780	
30862	0	26372	
30863	0	24568	
30864	0	23604	
30865	0	23128	
30866	0	23388	
30867	0	24049	
30868	0	24964	
30869	0	25352	
30870	0	25300	
30871	0	25001	
30872	0	25140	
30873	0	25516	
30874	0	26232	
30875	0	28224	
30876	0	30464	
30877	0	31964	
30878	0	31228	
30879	0	29260	
30880	0	27944	
30881	0	26784	
30882	0	26024	
30883	0	25668	
30884	0	26096	
30885	0	26920	
30886	0	27850	
30887	0	28744	
30888	0	29376	
30889	0	28998	
30890	0	28616	
30891	0	28552	
30892	0	28504	
30893	0	28672	
30894	0	29028	
30895	0	29620	
30896	0	30476	
30897	0	31160	
30898	0	31620	
30899	0	32040	
30900	0	32168	
30901	0	31722	
30902	0	30772	
30903	0	29496	
30904	0	28708	
30905	0	28740	
30906	0	30168	
30907	0	32404	
30908	0	33376	
30909	0	31328	
30910	0	28776	
30911	0	26976	
30912	0	26146	
30913	0	26524	
30914	0	27320	
30915	0	28212	
30916	0	29784	
30917	0	31712	
30918	0	33304	
30919	0	33944	
30920	0	31696	
30921	0	28136	
30922	0	25808	
30923	0	25028	
30924	0	25124	
30925	0	24764	
30926	0	24688	
30927	0	24926	
30928	0	24788	
30929	0	24292	
30930	0	23724	
30931	0	23208	
30932	0	23956	
30933	0	25426	
30934	0	26532	
30935	0	27208	
30936	0	27776	
30937	0	28826	
30938	0	29574	
30939	0	29876	
30940	0	29892	
30941	0	30228	
30942	0	31088	
30943	0	31360	
30944	0	30560	
30945	0	29018	
30946	0	27752	
30947	0	27784	
30948	0	29304	
30949	0	31616	
30950	0	33124	
30951	0	32565	
30952	0	30276	
30953	0	28252	
30954	0	27460	
30955	0	27308	
30956	0	27576	
30957	0	27648	
30958	0	27944	
30959	0	28655	
30960	0	29668	
30961	0	31080	
30962	0	32872	
30963	0	32720	
30964	0	30372	
30965	0	28344	
30966	0	27172	
30967	0	26640	
30968	0	26912	
30969	0	27060	
30970	0	27024	
30971	0	27216	
30972	0	27744	
30973	0	28688	
30974	0	29332	
30975	0	29936	
30976	0	31304	
30977	0	33044	
30978	0	35124	
30979	0	36384	
30980	0	34396	
30981	0	30716	
30982	0	28080	
30983	0	26764	
30984	0	26660	
30985	0	26672	
30986	0	27152	
30987	0	28616	
30988	0	29872	
30989	0	30252	
30990	0	29280	
30991	0	27772	
30992	0	27840	
30993	0	28744	
30994	0	29772	
30995	0	30348	
30996	0	30192	
30997	0	29816	
30998	0	29504	
30999	0	29604	
31000	0	30276	
31001	0	30940	
31002	0	31484	
31003	0	31992	
31004	0	32832	
31005	0	33524	
31006	0	33044	
31007	0	32496	
31008	0	32128	
31009	0	33408	
31010	0	35684	
31011	0	37656	
31012	0	36064	
31013	0	31564	
31014	0	28448	
31015	0	27564	
31016	0	28756	
31017	0	30248	
31018	0	32236	
31019	0	33736	
31020	0	34808	
31021	0	35488	
31022	0	35012	
31023	0	34464	
31024	0	34128	
31025	0	34480	
31026	0	34692	
31027	0	34736	
31028	0	35164	
31029	0	35620	
31030	0	36312	
31031	0	36664	
31032	0	37536	
31033	0	37816	
31034	0	37580	
31035	0	36680	
31036	0	35608	
31037	0	35356	
31038	0	36176	
31039	0	37720	
31040	0	39008	
31041	0	38032	
31042	0	35032	
31043	0	32208	
31044	0	29556	
31045	0	28044	
31046	0	28044	
31047	0	28668	
31048	0	29032	
31049	0	28688	
31050	0	28256	
31051	0	28572	
31052	0	29188	
31053	0	30141	
31054	0	30928	
31055	0	32016	
31056	0	32664	
31057	0	32560	
31058	0	32456	
31059	0	32392	
31060	0	31940	
31061	0	31328	
31062	0	30408	
31063	0	29856	
31064	0	29792	
31065	0	30056	
31066	0	30520	
31067	0	31052	
31068	0	31524	
31069	0	31980	
31070	0	32372	
31071	0	33528	
31072	0	34236	
31073	0	34712	
31074	0	35984	
31075	0	37892	
31076	0	38672	
31077	0	36672	
31078	0	33760	
31079	0	32456	
31080	0	32380	
31081	0	33492	
31082	0	34760	
31083	0	35580	
31084	0	34724	
31085	0	32128	
31086	0	30352	
31087	0	29780	
31088	0	29576	
31089	0	29320	
31090	0	29108	
31091	0	29250	
31092	0	29740	
31093	0	30228	
31094	0	30456	
31095	0	30900	
31096	0	31564	
31097	0	33520	
31098	0	35560	
31099	0	37200	
31100	0	37664	
31101	0	36264	
31102	0	32888	
31103	0	29864	
31104	0	28292	
31105	0	27928	
31106	0	28560	
31107	0	29528	
31108	0	30908	
31109	0	31432	
31110	0	30664	
31111	0	29512	
31112	0	29312	
31113	0	30748	
31114	0	32960	
31115	0	34426	
31116	0	35548	
31117	0	36644	
31118	0	37608	
31119	0	38156	
31120	0	38576	
31121	0	38192	
31122	0	37016	
31123	0	35736	
31124	0	34856	
31125	0	34492	
31126	0	34776	
31127	0	35600	
31128	0	37372	
31129	0	37816	
31130	0	35712	
31131	0	33208	
31132	0	32200	
31133	0	32656	
31134	0	33224	
31135	0	33664	
31136	0	34336	
31137	0	35296	
31138	0	36056	
31139	0	36268	
31140	0	35736	
31141	0	35304	
31142	0	34772	
31143	0	34172	
31144	0	33562	
31145	0	33532	
31146	0	33672	
31147	0	33480	
31148	0	33148	
31149	0	33496	
31150	0	34824	
31151	0	36000	
31152	0	36004	
31153	0	33932	
31154	0	31732	
31155	0	30484	
31156	0	30048	
31157	0	30196	
31158	0	30516	
31159	0	30984	
31160	0	31040	
31161	0	30952	
31162	0	30836	
31163	0	30992	
31164	0	31188	
31165	0	31404	
31166	0	31108	
31167	0	30976	
31168	0	31852	
31169	0	33368	
31170	0	35260	
31171	0	36900	
31172	0	36880	
31173	0	35268	
31174	0	33756	
31175	0	32524	
31176	0	32048	
31177	0	32098	
31178	0	32348	
31179	0	32632	
31180	0	32788	
31181	0	32720	
31182	0	32706	
31183	0	33108	
31184	0	33334	
31185	0	33316	
31186	0	33348	
31187	0	33336	
31188	0	33172	
31189	0	33024	
31190	0	32716	
31191	0	32128	
31192	0	31760	
31193	0	31800	
31194	0	32388	
31195	0	33404	
31196	0	34132	
31197	0	34348	
31198	0	34504	
31199	0	35492	
31200	0	35508	
31201	0	34848	
31202	0	33240	
31203	0	31500	
31204	0	30272	
31205	0	29572	
31206	0	29472	
31207	0	28928	
31208	0	28976	
31209	0	29504	
31210	0	30800	
31211	0	32272	
31212	0	34224	
31213	0	34568	
31214	0	32348	
31215	0	30168	
31216	0	28952	
31217	0	28772	
31218	0	28452	
31219	0	28032	
31220	0	27680	
31221	0	27484	
31222	0	26652	
31223	0	25992	
31224	0	25900	
31225	0	26304	
31226	0	26640	
31227	0	26988	
31228	0	26260	
31229	0	25376	
31230	0	25660	
31231	0	27116	
31232	0	30512	
31233	0	34244	
31234	0	36968	
31235	0	37592	
31236	0	34696	
31237	0	30564	
31238	0	27620	
31239	0	25520	
31240	0	24260	
31241	0	24056	
31242	0	24156	
31243	0	24860	
31244	0	25880	
31245	0	26864	
31246	0	27524	
31247	0	27504	
31248	0	27540	
31249	0	27636	
31250	0	27828	
31251	0	27856	
31252	0	28572	
31253	0	29760	
31254	0	30620	
31255	0	31500	
31256	0	31992	
31257	0	31952	
31258	0	31668	
31259	0	31684	
31260	0	32264	
31261	0	33012	
31262	0	33280	
31263	0	33112	
31264	0	32856	
31265	0	32408	
31266	0	31912	
31267	0	32268	
31268	0	32908	
31269	0	33428	
31270	0	34180	
31271	0	35164	
31272	0	36760	
31273	0	37824	
31274	0	38138	
31275	0	38272	
31276	0	38488	
31277	0	38508	
31278	0	38864	
31279	0	39436	
31280	0	39616	
31281	0	40376	
31282	0	41620	
31283	0	42672	
31284	0	43360	
31285	0	42312	
31286	0	39264	
31287	0	36868	
31288	0	36688	
31289	0	37856	
31290	0	38844	
31291	0	37056	
31292	0	34652	
31293	0	33764	
31294	0	33648	
31295	0	33492	
31296	0	32908	
31297	0	32440	
31298	0	32672	
31299	0	33472	
31300	0	33740	
31301	0	33496	
31302	0	33212	
31303	0	33392	
31304	0	33792	
31305	0	34460	
31306	0	35376	
31307	0	35600	
31308	0	35368	
31309	0	35012	
31310	0	34436	
31311	0	34544	
31312	0	35368	
31313	0	36528	
31314	0	37772	
31315	0	38968	
31316	0	39680	
31317	0	38840	
31318	0	35964	
31319	0	33096	
31320	0	31404	
31321	0	30552	
31322	0	30248	
31323	0	30124	
31324	0	30208	
31325	0	30532	
31326	0	31156	
31327	0	31752	
31328	0	32780	
31329	0	33432	
31330	0	33640	
31331	0	33672	
31332	0	33888	
31333	0	33840	
31334	0	33688	
31335	0	33848	
31336	0	34056	
31337	0	34368	
31338	0	34660	
31339	0	34656	
31340	0	34552	
31341	0	34672	
31342	0	35568	
31343	0	36380	
31344	0	36368	
31345	0	35852	
31346	0	34828	
31347	0	34240	
31348	0	34416	
31349	0	35128	
31350	0	35496	
31351	0	35584	
31352	0	35464	
31353	0	36320	
31354	0	39160	
31355	0	43296	
31356	0	44804	
31357	0	42240	
31358	0	37668	
31359	0	33600	
31360	0	31404	
31361	0	31552	
31362	0	32762	
31363	0	33508	
31364	0	33584	
31365	0	32616	
31366	0	32448	
31367	0	33152	
31368	0	33496	
31369	0	33784	
31370	0	34072	
31371	0	33988	
31372	0	33872	
31373	0	33920	
31374	0	34280	
31375	0	35194	
31376	0	35620	
31377	0	35448	
31378	0	35096	
31379	0	34492	
31380	0	33916	
31381	0	33516	
31382	0	32640	
31383	0	32384	
31384	0	32976	
31385	0	33584	
31386	0	35228	
31387	0	36812	
31388	0	37404	
31389	0	35284	
31390	0	32116	
31391	0	30228	
31392	0	30466	
31393	0	31740	
31394	0	33064	
31395	0	34412	
31396	0	35328	
31397	0	35364	
31398	0	34928	
31399	0	35016	
31400	0	35104	
31401	0	35124	
31402	0	35928	
31403	0	37252	
31404	0	38908	
31405	0	40192	
31406	0	38932	
31407	0	36652	
31408	0	35448	
31409	0	35448	
31410	0	36672	
31411	0	39060	
31412	0	39884	
31413	0	37296	
31414	0	33680	
31415	0	31188	
31416	0	29828	
31417	0	28876	
31418	0	28552	
31419	0	28992	
31420	0	29448	
31421	0	29376	
31422	0	29028	
31423	0	28160	
31424	0	27480	
31425	0	27248	
31426	0	27560	
31427	0	28376	
31428	0	29280	
31429	0	29708	
31430	0	29492	
31431	0	29272	
31432	0	29608	
31433	0	30096	
31434	0	29896	
31435	0	29372	
31436	0	29596	
31437	0	30652	
31438	0	31660	
31439	0	32424	
31440	0	32448	
31441	0	31976	
31442	0	31328	
31443	0	31196	
31444	0	31680	
31445	0	31812	
31446	0	31776	
31447	0	31416	
31448	0	30380	
31449	0	29572	
31450	0	30036	
31451	0	31428	
31452	0	32952	
31453	0	32856	
31454	0	32152	
31455	0	32720	
31456	0	34448	
31457	0	35892	
31458	0	34512	
31459	0	31216	
31460	0	28292	
31461	0	26300	
31462	0	25476	
31463	0	25108	
31464	0	25114	
31465	0	25184	
31466	0	25760	
31467	0	27184	
31468	0	28964	
31469	0	29832	
31470	0	30004	
31471	0	29780	
31472	0	29628	
31473	0	30952	
31474	0	32868	
31475	0	35240	
31476	0	35760	
31477	0	33564	
31478	0	31676	
31479	0	31156	
31480	0	31276	
31481	0	31816	
31482	0	32000	
31483	0	31496	
31484	0	30732	
31485	0	30068	
31486	0	30628	
31487	0	31564	
31488	0	32728	
31489	0	33688	
31490	0	34376	
31491	0	35076	
31492	0	35736	
31493	0	35680	
31494	0	35680	
31495	0	36340	
31496	0	36624	
31497	0	36844	
31498	0	36896	
31499	0	36188	
31500	0	34860	
31501	0	33624	
31502	0	33024	
31503	0	33132	
31504	0	33884	
31505	0	34364	
31506	0	35004	
31507	0	35076	
31508	0	34592	
31509	0	35212	
31510	0	36696	
31511	0	37868	
31512	0	38004	
31513	0	35744	
31514	0	32968	
31515	0	31536	
31516	0	31184	
31517	0	31388	
31518	0	32472	
31519	0	32616	
31520	0	31380	
31521	0	29484	
31522	0	28440	
31523	0	28164	
31524	0	28824	
31525	0	30032	
31526	0	30876	
31527	0	31212	
31528	0	31460	
31529	0	31948	
31530	0	32524	
31531	0	33056	
31532	0	34120	
31533	0	34860	
31534	0	35260	
31535	0	34920	
31536	0	35188	
31537	0	35524	
31538	0	35176	
31539	0	34024	
31540	0	33112	
31541	0	34016	
31542	0	35980	
31543	0	38484	
31544	0	38704	
31545	0	35920	
31546	0	33208	
31547	0	32304	
31548	0	32768	
31549	0	33200	
31550	0	33884	
31551	0	34404	
31552	0	35328	
31553	0	36492	
31554	0	36288	
31555	0	35176	
31556	0	34136	
31557	0	33704	
31558	0	32876	
31559	0	31504	
31560	0	30632	
31561	0	30420	
31562	0	30664	
31563	0	31368	
31564	0	32216	
31565	0	33172	
31566	0	34752	
31567	0	36568	
31568	0	38464	
31569	0	39448	
31570	0	37724	
31571	0	35064	
31572	0	33832	
31573	0	33748	
31574	0	34112	
31575	0	34592	
31576	0	35032	
31577	0	34604	
31578	0	33386	
31579	0	32216	
31580	0	31164	
31581	0	30396	
31582	0	30720	
31583	0	31980	
31584	0	33096	
31585	0	32832	
31586	0	32008	
31587	0	30912	
31588	0	30272	
31589	0	30140	
31590	0	30384	
31591	0	30336	
31592	0	30304	
31593	0	30420	
31594	0	30688	
31595	0	30668	
31596	0	30264	
31597	0	30484	
31598	0	30356	
31599	0	29852	
31600	0	28544	
31601	0	27276	
31602	0	27484	
31603	0	29298	
31604	0	31144	
31605	0	30172	
31606	0	27564	
31607	0	26204	
31608	0	26332	
31609	0	27736	
31610	0	29364	
31611	0	30904	
31612	0	31644	
31613	0	30472	
31614	0	29176	
31615	0	29356	
31616	0	29876	
31617	0	30412	
31618	0	30952	
31619	0	31564	
31620	0	31420	
31621	0	30716	
31622	0	29816	
31623	0	29416	
31624	0	29096	
31625	0	28760	
31626	0	28552	
31627	0	28920	
31628	0	29702	
31629	0	30824	
31630	0	31828	
31631	0	33244	
31632	0	35072	
31633	0	35952	
31634	0	34996	
31635	0	32996	
31636	0	29956	
31637	0	27824	
31638	0	28196	
31639	0	30264	
31640	0	33096	
31641	0	35072	
31642	0	33600	
31643	0	30612	
31644	0	28544	
31645	0	27524	
31646	0	27172	
31647	0	28144	
31648	0	30104	
31649	0	31840	
31650	0	33496	
31651	0	34076	
31652	0	31832	
31653	0	28932	
31654	0	26832	
31655	0	25944	
31656	0	26208	
31657	0	27008	
31658	0	27820	
31659	0	28460	
31660	0	28916	
31661	0	29520	
31662	0	29936	
31663	0	29976	
31664	0	30350	
31665	0	30824	
31666	0	31000	
31667	0	31380	
31668	0	32124	
31669	0	32672	
31670	0	32920	
31671	0	33480	
31672	0	34248	
31673	0	34714	
31674	0	34760	
31675	0	34864	
31676	0	34296	
31677	0	33756	
31678	0	33392	
31679	0	33040	
31680	0	32772	
31681	0	32860	
31682	0	34000	
31683	0	36352	
31684	0	39648	
31685	0	43960	
31686	0	46496	
31687	0	44544	
31688	0	39068	
31689	0	33056	
31690	0	29016	
31691	0	26132	
31692	0	25624	
31693	0	27480	
31694	0	29668	
31695	0	32292	
31696	0	34252	
31697	0	35236	
31698	0	35888	
31699	0	36268	
31700	0	36480	
31701	0	36024	
31702	0	35120	
31703	0	34604	
31704	0	34208	
31705	0	34220	
31706	0	33992	
31707	0	33604	
31708	0	32848	
31709	0	31738	
31710	0	31476	
31711	0	31952	
31712	0	33548	
31713	0	35996	
31714	0	37564	
31715	0	38516	
31716	0	35616	
31717	0	30280	
31718	0	27448	
31719	0	28656	
31720	0	32244	
31721	0	35832	
31722	0	36628	
31723	0	33332	
31724	0	29420	
31725	0	27052	
31726	0	26576	
31727	0	26776	
31728	0	27140	
31729	0	27872	
31730	0	28988	
31731	0	30300	
31732	0	31848	
31733	0	32596	
31734	0	32232	
31735	0	32088	
31736	0	31936	
31737	0	31172	
31738	0	30184	
31739	0	29596	
31740	0	30714	
31741	0	32864	
31742	0	34552	
31743	0	35060	
31744	0	35288	
31745	0	35924	
31746	0	36420	
31747	0	36488	
31748	0	36408	
31749	0	36696	
31750	0	37512	
31751	0	39492	
31752	0	39912	
31753	0	38164	
31754	0	36872	
31755	0	34824	
31756	0	32560	
31757	0	30568	
31758	0	30576	
31759	0	31972	
31760	0	32004	
31761	0	30168	
31762	0	28680	
31763	0	27968	
31764	0	27968	
31765	0	28942	
31766	0	30144	
31767	0	30564	
31768	0	30436	
31769	0	30860	
31770	0	32232	
31771	0	34144	
31772	0	35512	
31773	0	36504	
31774	0	37360	
31775	0	38376	
31776	0	39224	
31777	0	39892	
31778	0	40232	
31779	0	40204	
31780	0	40020	
31781	0	39904	
31782	0	39392	
31783	0	38808	
31784	0	38300	
31785	0	37464	
31786	0	35876	
31787	0	35236	
31788	0	35824	
31789	0	37196	
31790	0	37256	
31791	0	34976	
31792	0	33448	
31793	0	33088	
31794	0	33832	
31795	0	35408	
31796	0	37112	
31797	0	38672	
31798	0	39460	
31799	0	39424	
31800	0	38832	
31801	0	36372	
31802	0	32156	
31803	0	29048	
31804	0	27396	
31805	0	26524	
31806	0	26970	
31807	0	28168	
31808	0	29852	
31809	0	30840	
31810	0	32028	
31811	0	34632	
31812	0	38412	
31813	0	42432	
31814	0	44516	
31815	0	43644	
31816	0	42496	
31817	0	42000	
31818	0	41388	
31819	0	40292	
31820	0	37900	
31821	0	35316	
31822	0	32784	
31823	0	31832	
31824	0	31036	
31825	0	30624	
31826	0	31012	
31827	0	32804	
31828	0	35856	
31829	0	39040	
31830	0	40228	
31831	0	38152	
31832	0	35424	
31833	0	33828	
31834	0	33328	
31835	0	33544	
31836	0	35288	
31837	0	38240	
31838	0	41144	
31839	0	43288	
31840	0	43672	
31841	0	43536	
31842	0	43464	
31843	0	43064	
31844	0	42416	
31845	0	42008	
31846	0	41920	
31847	0	41766	
31848	0	40432	
31849	0	38248	
31850	0	35932	
31851	0	34124	
31852	0	32728	
31853	0	31948	
31854	0	32016	
31855	0	32736	
31856	0	33428	
31857	0	33716	
31858	0	34200	
31859	0	34392	
31860	0	34336	
31861	0	34364	
31862	0	34752	
31863	0	35632	
31864	0	36776	
31865	0	37824	
31866	0	38080	
31867	0	37744	
31868	0	37480	
31869	0	38200	
31870	0	39836	
31871	0	41628	
31872	0	42964	
31873	0	42464	
31874	0	41640	
31875	0	41904	
31876	0	39992	
31877	0	36128	
31878	0	30544	
31879	0	25588	
31880	0	22852	
31881	0	21796	
31882	0	21932	
31883	0	22413	
31884	0	23828	
31885	0	25600	
31886	0	27028	
31887	0	28474	
31888	0	30120	
31889	0	31372	
31890	0	32458	
31891	0	32824	
31892	0	33204	
31893	0	34092	
31894	0	36084	
31895	0	38032	
31896	0	40608	
31897	0	42400	
31898	0	43016	
31899	0	42644	
31900	0	41928	
31901	0	41460	
31902	0	40896	
31903	0	39728	
31904	0	37720	
31905	0	34908	
31906	0	31984	
31907	0	30312	
31908	0	29660	
31909	0	28380	
31910	0	27584	
31911	0	28226	
31912	0	29496	
31913	0	30744	
31914	0	30504	
31915	0	29204	
31916	0	28640	
31917	0	27908	
31918	0	27500	
31919	0	27792	
31920	0	28860	
31921	0	30792	
31922	0	31148	
31923	0	29312	
31924	0	27880	
31925	0	27560	
31926	0	27696	
31927	0	27968	
31928	0	29034	
31929	0	31444	
31930	0	34392	
31931	0	35312	
31932	0	33864	
31933	0	32384	
31934	0	31760	
31935	0	31980	
31936	0	32136	
31937	0	32032	
31938	0	31896	
31939	0	32196	
31940	0	32840	
31941	0	33320	
31942	0	33516	
31943	0	33860	
31944	0	34680	
31945	0	35208	
31946	0	35272	
31947	0	35600	
31948	0	36072	
31949	0	36560	
31950	0	36860	
31951	0	37312	
31952	0	37844	
31953	0	38444	
31954	0	39008	
31955	0	39552	
31956	0	40004	
31957	0	39852	
31958	0	39876	
31959	0	39992	
31960	0	39340	
31961	0	37576	
31962	0	35400	
31963	0	33960	
31964	0	33844	
31965	0	33904	
31966	0	34716	
31967	0	34480	
31968	0	33120	
31969	0	32008	
31970	0	31476	
31971	0	31856	
31972	0	32996	
31973	0	34640	
31974	0	36436	
31975	0	35744	
31976	0	33236	
31977	0	31060	
31978	0	29760	
31979	0	29792	
31980	0	30456	
31981	0	31016	
31982	0	32100	
31983	0	33324	
31984	0	33020	
31985	0	32364	
31986	0	33080	
31987	0	34904	
31988	0	36408	
31989	0	37408	
31990	0	37764	
31991	0	37608	
31992	0	37384	
31993	0	37632	
31994	0	37972	
31995	0	38592	
31996	0	39012	
31997	0	39800	
31998	0	41016	
31999	0	41920	
32000	0	42424	
32001	0	42156	
32002	0	40508	
32003	0	37132	
32004	0	33240	
32005	0	30280	
32006	0	27044	
32007	0	23684	
32008	0	21672	
32009	0	21936	
32010	0	23960	
32011	0	27360	
32012	0	29332	
32013	0	29876	
32014	0	29224	
32015	0	26688	
32016	0	23948	
32017	0	22240	
32018	0	21316	
32019	0	20786	
32020	0	20340	
32021	0	20536	
32022	0	21344	
32023	0	22584	
32024	0	24104	
32025	0	24736	
32026	0	24312	
32027	0	23548	
32028	0	23008	
32029	0	23124	
32030	0	23756	
32031	0	24648	
32032	0	25616	
32033	0	26464	
32034	0	27768	
32035	0	28364	
32036	0	28612	
32037	0	28916	
32038	0	29156	
32039	0	29936	
32040	0	30656	
32041	0	31272	
32042	0	32440	
32043	0	33848	
32044	0	34856	
32045	0	35928	
32046	0	36944	
32047	0	36992	
32048	0	36692	
32049	0	36876	
32050	0	37048	
32051	0	36416	
32052	0	35044	
32053	0	33580	
32054	0	32128	
32055	0	32500	
32056	0	34688	
32057	0	35632	
32058	0	34816	
32059	0	32452	
32060	0	29460	
32061	0	27004	
32062	0	25144	
32063	0	23892	
32064	0	22712	
32065	0	22052	
32066	0	23356	
32067	0	25412	
32068	0	26868	
32069	0	27324	
32070	0	27352	
32071	0	27116	
32072	0	28104	
32073	0	29644	
32074	0	30760	
32075	0	31258	
32076	0	31292	
32077	0	30912	
32078	0	30456	
32079	0	29850	
32080	0	28608	
32081	0	26952	
32082	0	24972	
32083	0	22904	
32084	0	21416	
32085	0	21972	
32086	0	24952	
32087	0	28408	
32088	0	29988	
32089	0	28872	
32090	0	28592	
32091	0	29468	
32092	0	29916	
32093	0	30928	
32094	0	33396	
32095	0	36352	
32096	0	38488	
32097	0	39280	
32098	0	37908	
32099	0	34980	
32100	0	32436	
32101	0	31144	
32102	0	30560	
32103	0	30140	
32104	0	29064	
32105	0	27840	
32106	0	27354	
32107	0	27776	
32108	0	27940	
32109	0	27268	
32110	0	26112	
32111	0	25092	
32112	0	24268	
32113	0	23656	
32114	0	24916	
32115	0	26684	
32116	0	27688	
32117	0	29080	
32118	0	29840	
32119	0	29304	
32120	0	29348	
32121	0	29516	
32122	0	28792	
32123	0	28568	
32124	0	29432	
32125	0	31576	
32126	0	32792	
32127	0	32800	
32128	0	32180	
32129	0	30040	
32130	0	27416	
32131	0	24928	
32132	0	23336	
32133	0	22112	
32134	0	22652	
32135	0	24010	
32136	0	26636	
32137	0	28348	
32138	0	27780	
32139	0	26496	
32140	0	24080	
32141	0	21792	
32142	0	20376	
32143	0	19432	
32144	0	18590	
32145	0	18568	
32146	0	19510	
32147	0	21276	
32148	0	22405	
32149	0	23336	
32150	0	23820	
32151	0	24344	
32152	0	24764	
32153	0	24896	
32154	0	24036	
32155	0	22348	
32156	0	19916	
32157	0	16834	
32158	0	15208	
32159	0	14804	
32160	0	15317	
32161	0	15928	
32162	0	15850	
32163	0	16200	
32164	0	17808	
32165	0	20568	
32166	0	23488	
32167	0	26261	
32168	0	28484	
32169	0	30202	
32170	0	30816	
32171	0	30532	
32172	0	28788	
32173	0	27028	
32174	0	25700	
32175	0	25032	
32176	0	24304	
32177	0	25196	
32178	0	28840	
32179	0	32632	
32180	0	35020	
32181	0	35024	
32182	0	32804	
32183	0	31632	
32184	0	31180	
32185	0	31188	
32186	0	31396	
32187	0	30956	
32188	0	29656	
32189	0	28208	
32190	0	28068	
32191	0	28944	
32192	0	29400	
32193	0	29048	
32194	0	28348	
32195	0	28124	
32196	0	27416	
32197	0	25848	
32198	0	25508	
32199	0	26072	
32200	0	26536	
32201	0	26612	
32202	0	24988	
32203	0	23360	
32204	0	22596	
32205	0	22172	
32206	0	21998	
32207	0	22416	
32208	0	23148	
32209	0	23800	
32210	0	24256	
32211	0	25202	
32212	0	26040	
32213	0	25748	
32214	0	25996	
32215	0	25062	
32216	0	23024	
32217	0	21620	
32218	0	18532	
32219	0	15612	
32220	0	14280	
32221	0	12456	
32222	0	10824	
32223	0	10684	
32224	0	11440	
32225	0	12340	
32226	0	13282	
32227	0	15076	
32228	0	16662	
32229	0	17365	
32230	0	17360	
32231	0	17724	
32232	0	18806	
32233	0	20576	
32234	0	22392	
32235	0	23812	
32236	0	24564	
32237	0	25184	
32238	0	25456	
32239	0	25704	
32240	0	25984	
32241	0	26616	
32242	0	27448	
32243	0	28100	
32244	0	27768	
32245	0	26932	
32246	0	25600	
32247	0	24730	
32248	0	24472	
32249	0	25050	
32250	0	26452	
32251	0	28556	
32252	0	31528	
32253	0	34400	
32254	0	36768	
32255	0	38260	
32256	0	38752	
32257	0	38128	
32258	0	37204	
32259	0	37572	
32260	0	38432	
32261	0	39140	
32262	0	39160	
32263	0	37680	
32264	0	35796	
32265	0	34568	
32266	0	34392	
32267	0	35584	
32268	0	36484	
32269	0	36360	
32270	0	35220	
32271	0	34452	
32272	0	34904	
32273	0	36300	
32274	0	38648	
32275	0	41216	
32276	0	42280	
32277	0	42964	
32278	0	44944	
32279	0	46088	
32280	0	46576	
32281	0	47992	
32282	0	50136	
32283	0	49584	
32284	0	45568	
32285	0	41880	
32286	0	39680	
32287	0	38880	
32288	0	39624	
32289	0	42364	
32290	0	45760	
32291	0	48736	
32292	0	50472	
32293	0	50404	
32294	0	50044	
32295	0	49912	
32296	0	49784	
32297	0	48968	
32298	0	47728	
32299	0	46120	
32300	0	45580	
32301	0	45484	
32302	0	45816	
32303	0	46256	
32304	0	46340	
32305	0	46200	
32306	0	46880	
32307	0	48432	
32308	0	50004	
32309	0	51040	
32310	0	50740	
32311	0	48764	
32312	0	46468	
32313	0	44568	
32314	0	43960	
32315	0	43912	
32316	0	43336	
32317	0	43244	
32318	0	44172	
32319	0	45896	
32320	0	47604	
32321	0	49160	
32322	0	50520	
32323	0	50944	
32324	0	50556	
32325	0	49612	
32326	0	48376	
32327	0	47352	
32328	0	47008	
32329	0	47536	
32330	0	48640	
32331	0	49896	
32332	0	50596	
32333	0	48672	
32334	0	44876	
32335	0	42072	
32336	0	40932	
32337	0	41084	
32338	0	41656	
32339	0	42588	
32340	0	43584	
32341	0	44500	
32342	0	45272	
32343	0	46176	
32344	0	47332	
32345	0	47736	
32346	0	47864	
32347	0	47952	
32348	0	48668	
32349	0	49152	
32350	0	50120	
32351	0	50168	
32352	0	47872	
32353	0	45584	
32354	0	44788	
32355	0	44528	
32356	0	45048	
32357	0	45992	
32358	0	47400	
32359	0	48976	
32360	0	50152	
32361	0	50560	
32362	0	50892	
32363	0	51496	
32364	0	51472	
32365	0	50816	
32366	0	49688	
32367	0	49216	
32368	0	48340	
32369	0	47696	
32370	0	47644	
32371	0	47260	
32372	0	47168	
32373	0	47584	
32374	0	48800	
32375	0	50064	
32376	0	50924	
32377	0	50208	
32378	0	47208	
32379	0	44280	
32380	0	42040	
32381	0	40448	
32382	0	39496	
32383	0	39048	
32384	0	39260	
32385	0	40108	
32386	0	41172	
32387	0	41828	
32388	0	41656	
32389	0	41112	
32390	0	40696	
32391	0	40664	
32392	0	41208	
32393	0	42188	
32394	0	42808	
32395	0	43080	
32396	0	43488	
32397	0	44664	
32398	0	46428	
32399	0	46992	
32400	0	44704	
32401	0	41920	
32402	0	40220	
32403	0	38420	
32404	0	37344	
32405	0	38136	
32406	0	39996	
32407	0	41728	
32408	0	41728	
32409	0	39312	
32410	0	36748	
32411	0	35272	
32412	0	34936	
32413	0	35104	
32414	0	35260	
32415	0	35800	
32416	0	36312	
32417	0	36452	
32418	0	36068	
32419	0	35796	
32420	0	35484	
32421	0	34732	
32422	0	33956	
32423	0	34028	
32424	0	36256	
32425	0	39164	
32426	0	41996	
32427	0	43892	
32428	0	43048	
32429	0	39556	
32430	0	35429	
32431	0	32600	
32432	0	31285	
32433	0	30924	
32434	0	30800	
32435	0	30628	
32436	0	30416	
32437	0	30072	
32438	0	30112	
32439	0	30104	
32440	0	30472	
32441	0	31348	
32442	0	31892	
32443	0	32392	
32444	0	33024	
32445	0	33428	
32446	0	34148	
32447	0	34608	
32448	0	34812	
32449	0	34528	
32450	0	34360	
32451	0	35668	
32452	0	38004	
32453	0	39616	
32454	0	40256	
32455	0	38996	
32456	0	36560	
32457	0	34276	
32458	0	33348	
32459	0	33388	
32460	0	33628	
32461	0	33672	
32462	0	33984	
32463	0	34564	
32464	0	34848	
32465	0	34972	
32466	0	35320	
32467	0	35524	
32468	0	35308	
32469	0	35232	
32470	0	35258	
32471	0	35166	
32472	0	35412	
32473	0	36168	
32474	0	36788	
32475	0	37184	
32476	0	37384	
32477	0	37292	
32478	0	37120	
32479	0	37464	
32480	0	37644	
32481	0	37328	
32482	0	36588	
32483	0	35680	
32484	0	34892	
32485	0	34708	
32486	0	35324	
32487	0	36508	
32488	0	37176	
32489	0	37120	
32490	0	37080	
32491	0	36500	
32492	0	35656	
32493	0	35908	
32494	0	36664	
32495	0	37024	
32496	0	36892	
32497	0	36648	
32498	0	36460	
32499	0	35788	
32500	0	34856	
32501	0	34144	
32502	0	33676	
32503	0	33464	
32504	0	33236	
32505	0	32864	
32506	0	32772	
32507	0	32588	
32508	0	32430	
32509	0	32560	
32510	0	32408	
32511	0	32232	
32512	0	32108	
32513	0	32512	
32514	0	33004	
32515	0	33808	
32516	0	35136	
32517	0	36188	
32518	0	36784	
32519	0	35272	
32520	0	32314	
32521	0	30280	
32522	0	29256	
32523	0	28880	
32524	0	29581	
32525	0	30388	
32526	0	32496	
32527	0	34048	
32528	0	34340	
32529	0	32360	
32530	0	29472	
32531	0	27984	
32532	0	27388	
32533	0	27264	
32534	0	27540	
32535	0	27720	
32536	0	27650	
32537	0	27297	
32538	0	27136	
32539	0	26856	
32540	0	26692	
32541	0	26012	
32542	0	25012	
32543	0	24564	
32544	0	24956	
32545	0	25436	
32546	0	26008	
32547	0	26568	
32548	0	26944	
32549	0	27080	
32550	0	27928	
32551	0	28488	
32552	0	29072	
32553	0	29744	
32554	0	30240	
32555	0	30508	
32556	0	30456	
32557	0	30952	
32558	0	32068	
32559	0	32424	
32560	0	31604	
32561	0	30532	
32562	0	30008	
32563	0	29320	
32564	0	28640	
32565	0	27872	
32566	0	27848	
32567	0	28388	
32568	0	29004	
32569	0	29560	
32570	0	30168	
32571	0	31010	
32572	0	31548	
32573	0	32568	
32574	0	34328	
32575	0	36276	
32576	0	37648	
32577	0	38404	
32578	0	36808	
32579	0	33400	
32580	0	30788	
32581	0	29304	
32582	0	28796	
32583	0	28140	
32584	0	27508	
32585	0	27888	
32586	0	28200	
32587	0	28216	
32588	0	28552	
32589	0	28904	
32590	0	29680	
32591	0	30460	
32592	0	31004	
32593	0	31488	
32594	0	31628	
32595	0	31572	
32596	0	31290	
32597	0	30452	
32598	0	29672	
32599	0	28812	
32600	0	28120	
32601	0	27560	
32602	0	27096	
32603	0	27048	
32604	0	27080	
32605	0	27064	
32606	0	27176	
32607	0	26988	
32608	0	26868	
32609	0	26236	
32610	0	25192	
32611	0	24964	
32612	0	26324	
32613	0	28400	
32614	0	30152	
32615	0	31372	
32616	0	32028	
32617	0	32360	
32618	0	32956	
32619	0	32776	
32620	0	31992	
32621	0	31236	
32622	0	31028	
32623	0	31768	
32624	0	33344	
32625	0	35548	
32626	0	36336	
32627	0	34768	
32628	0	33400	
32629	0	33608	
32630	0	33492	
32631	0	33412	
32632	0	32448	
32633	0	30208	
32634	0	28760	
32635	0	28528	
32636	0	28752	
32637	0	29104	
32638	0	29628	
32639	0	29928	
32640	0	29752	
32641	0	29104	
32642	0	28600	
32643	0	28336	
32644	0	28252	
32645	0	28140	
32646	0	28044	
32647	0	27856	
32648	0	27860	
32649	0	28364	
32650	0	29248	
32651	0	30248	
32652	0	31016	
32653	0	31080	
32654	0	30628	
32655	0	30704	
32656	0	32000	
32657	0	32872	
32658	0	34180	
32659	0	34312	
32660	0	34056	
32661	0	33580	
32662	0	32364	
32663	0	30084	
32664	0	26824	
32665	0	24600	
32666	0	23488	
32667	0	23364	
32668	0	23472	
32669	0	23746	
32670	0	23996	
32671	0	24468	
32672	0	25088	
32673	0	25656	
32674	0	26168	
32675	0	26604	
32676	0	26652	
32677	0	26216	
32678	0	26380	
32679	0	26448	
32680	0	26076	
32681	0	25804	
32682	0	25940	
32683	0	26372	
32684	0	27232	
32685	0	28176	
32686	0	28816	
32687	0	30164	
32688	0	31728	
32689	0	33124	
32690	0	34044	
32691	0	33184	
32692	0	30588	
32693	0	28360	
32694	0	27488	
32695	0	27384	
32696	0	27748	
32697	0	28032	
32698	0	28580	
32699	0	29168	
32700	0	29392	
32701	0	29216	
32702	0	28976	
32703	0	28912	
32704	0	29008	
32705	0	29516	
32706	0	30068	
32707	0	30488	
32708	0	30540	
32709	0	30464	
32710	0	30296	
32711	0	29996	
32712	0	30108	
32713	0	31100	
32714	0	32372	
32715	0	33244	
32716	0	33824	
32717	0	34288	
32718	0	34548	
32719	0	34624	
32720	0	34924	
32721	0	35028	
32722	0	34876	
32723	0	34648	
32724	0	34300	
32725	0	33988	
32726	0	33908	
32727	0	34140	
32728	0	35076	
32729	0	36708	
32730	0	38104	
32731	0	38892	
32732	0	38016	
32733	0	35392	
32734	0	33008	
32735	0	31696	
32736	0	31168	
32737	0	31108	
32738	0	31440	
32739	0	31468	
32740	0	30908	
32741	0	30432	
32742	0	30508	
32743	0	30888	
32744	0	31274	
32745	0	31288	
32746	0	31136	
32747	0	31298	
32748	0	31220	
32749	0	31132	
32750	0	30968	
32751	0	30952	
32752	0	31324	
32753	0	32544	
32754	0	33632	
32755	0	33236	
32756	0	31800	
32757	0	30440	
32758	0	30460	
32759	0	30936	
32760	0	31128	
32761	0	31520	
32762	0	31720	
32763	0	32288	
32764	0	32676	
32765	0	33276	
32766	0	33756	
32767	0	34224	
32768	0	34064	
32769	0	33520	
32770	0	33444	
32771	0	33496	
32772	0	33340	
32773	0	33680	
32774	0	35168	
32775	0	36464	
32776	0	36096	
32777	0	34288	
32778	0	32064	
32779	0	30344	
32780	0	29444	
32781	0	29084	
32782	0	29016	
32783	0	29796	
32784	0	30328	
32785	0	30652	
32786	0	31404	
32787	0	31960	
32788	0	32210	
32789	0	32976	
32790	0	34472	
32791	0	36576	
32792	0	37520	
32793	0	36552	
32794	0	34276	
32795	0	31972	
32796	0	30100	
32797	0	29028	
32798	0	28720	
32799	0	28856	
32800	0	29132	
32801	0	29212	
32802	0	28940	
32803	0	28768	
32804	0	28868	
32805	0	28996	
32806	0	29152	
32807	0	29676	
32808	0	30620	
32809	0	31436	
32810	0	31712	
32811	0	31652	
32812	0	31664	
32813	0	31524	
32814	0	31188	
32815	0	30464	
32816	0	30192	
32817	0	30444	
32818	0	31920	
32819	0	33968	
32820	0	36176	
32821	0	36396	
32822	0	33128	
32823	0	29656	
32824	0	28336	
32825	0	27788	
32826	0	27412	
32827	0	27468	
32828	0	27556	
32829	0	27936	
32830	0	28556	
32831	0	29148	
32832	0	29638	
32833	0	30142	
32834	0	30468	
32835	0	30404	
32836	0	30368	
32837	0	30584	
32838	0	30844	
32839	0	31156	
32840	0	31832	
32841	0	32228	
32842	0	32580	
32843	0	33088	
32844	0	33504	
32845	0	33564	
32846	0	33524	
32847	0	33416	
32848	0	32664	
32849	0	31680	
32850	0	31000	
32851	0	31284	
32852	0	32752	
32853	0	35328	
32854	0	37996	
32855	0	39312	
32856	0	37392	
32857	0	34104	
32858	0	31804	
32859	0	30256	
32860	0	28992	
32861	0	27568	
32862	0	26996	
32863	0	28268	
32864	0	29924	
32865	0	31744	
32866	0	32848	
32867	0	32692	
32868	0	30736	
32869	0	28664	
32870	0	27824	
32871	0	28164	
32872	0	28740	
32873	0	28884	
32874	0	29480	
32875	0	29840	
32876	0	29968	
32877	0	29820	
32878	0	29720	
32879	0	29840	
32880	0	30516	
32881	0	30968	
32882	0	31044	
32883	0	30916	
32884	0	30708	
32885	0	30672	
32886	0	30424	
32887	0	30252	
32888	0	29964	
32889	0	29544	
32890	0	29114	
32891	0	29264	
32892	0	30024	
32893	0	30494	
32894	0	30756	
32895	0	31116	
32896	0	31248	
32897	0	31240	
32898	0	31280	
32899	0	31168	
32900	0	30592	
32901	0	30272	
32902	0	30060	
32903	0	30386	
32904	0	31896	
32905	0	34160	
32906	0	36092	
32907	0	36024	
32908	0	32616	
32909	0	29204	
32910	0	26952	
32911	0	26040	
32912	0	26320	
32913	0	27556	
32914	0	30168	
32915	0	33312	
32916	0	35000	
32917	0	32904	
32918	0	29284	
32919	0	26408	
32920	0	24794	
32921	0	24500	
32922	0	25048	
32923	0	25688	
32924	0	25652	
32925	0	25728	
32926	0	25893	
32927	0	26312	
32928	0	26396	
32929	0	26912	
32930	0	27520	
32931	0	27708	
32932	0	27748	
32933	0	28064	
32934	0	28684	
32935	0	30080	
32936	0	31660	
32937	0	32060	
32938	0	31768	
32939	0	31176	
32940	0	30080	
32941	0	29080	
32942	0	27988	
32943	0	27324	
32944	0	27652	
32945	0	28008	
32946	0	28446	
32947	0	29456	
32948	0	29924	
32949	0	29320	
32950	0	28596	
32951	0	28653	
32952	0	29252	
32953	0	30116	
32954	0	31320	
32955	0	32128	
32956	0	32484	
32957	0	32380	
32958	0	32276	
32959	0	31656	
32960	0	31484	
32961	0	32180	
32962	0	34104	
32963	0	35896	
32964	0	37104	
32965	0	36932	
32966	0	34872	
32967	0	32724	
32968	0	31100	
32969	0	30244	
32970	0	30236	
32971	0	30416	
32972	0	30556	
32973	0	31516	
32974	0	33152	
32975	0	33920	
32976	0	33076	
32977	0	30616	
32978	0	28760	
32979	0	27824	
32980	0	27448	
32981	0	27156	
32982	0	27936	
32983	0	28948	
32984	0	29432	
32985	0	29492	
32986	0	29824	
32987	0	30272	
32988	0	30576	
32989	0	30600	
32990	0	30924	
32991	0	31792	
32992	0	32440	
32993	0	33156	
32994	0	33516	
32995	0	34184	
32996	0	35016	
32997	0	35408	
32998	0	35680	
32999	0	35296	
33000	0	34292	
33001	0	33200	
33002	0	32448	
33003	0	32048	
33004	0	32384	
33005	0	32852	
33006	0	33184	
33007	0	32700	
33008	0	31980	
33009	0	31640	
33010	0	31884	
33011	0	32696	
33012	0	33178	
33013	0	33600	
33014	0	34440	
33015	0	34924	
33016	0	35298	
33017	0	35868	
33018	0	36236	
33019	0	36224	
33020	0	36276	
33021	0	35968	
33022	0	35692	
33023	0	35456	
33024	0	34936	
33025	0	35124	
33026	0	36476	
33027	0	38044	
33028	0	39240	
33029	0	38460	
33030	0	35764	
33031	0	33472	
33032	0	32348	
33033	0	31920	
33034	0	31692	
33035	0	31532	
33036	0	31616	
33037	0	31592	
33038	0	31340	
33039	0	30812	
33040	0	30556	
33041	0	30904	
33042	0	30852	
33043	0	30544	
33044	0	30536	
33045	0	30412	
33046	0	30176	
33047	0	29624	
33048	0	29128	
33049	0	29192	
33050	0	29480	
33051	0	29664	
33052	0	30100	
33053	0	30268	
33054	0	30240	
33055	0	30132	
33056	0	30392	
33057	0	31224	
33058	0	32100	
33059	0	31592	
33060	0	30160	
33061	0	28536	
33062	0	27636	
33063	0	27108	
33064	0	26424	
33065	0	26308	
33066	0	27032	
33067	0	27268	
33068	0	27320	
33069	0	26848	
33070	0	26224	
33071	0	25941	
33072	0	26008	
33073	0	26276	
33074	0	26800	
33075	0	27156	
33076	0	27712	
33077	0	28736	
33078	0	30184	
33079	0	31104	
33080	0	31972	
33081	0	32512	
33082	0	32864	
33083	0	33324	
33084	0	32928	
33085	0	32072	
33086	0	31664	
33087	0	31916	
33088	0	31784	
33089	0	31504	
33090	0	31740	
33091	0	33168	
33092	0	34756	
33093	0	35240	
33094	0	35176	
33095	0	36004	
33096	0	37648	
33097	0	39044	
33098	0	39720	
33099	0	38744	
33100	0	36160	
33101	0	33732	
33102	0	32088	
33103	0	30928	
33104	0	30180	
33105	0	30600	
33106	0	33880	
33107	0	38128	
33108	0	39968	
33109	0	35792	
33110	0	29364	
33111	0	26496	
33112	0	26360	
33113	0	26676	
33114	0	26784	
33115	0	27024	
33116	0	27528	
33117	0	28296	
33118	0	29468	
33119	0	29984	
33120	0	29728	
33121	0	29144	
33122	0	27806	
33123	0	26188	
33124	0	25304	
33125	0	25540	
33126	0	26688	
33127	0	27984	
33128	0	29240	
33129	0	29860	
33130	0	29480	
33131	0	28808	
33132	0	29008	
33133	0	29688	
33134	0	30344	
33135	0	31080	
33136	0	31840	
33137	0	32804	
33138	0	33896	
33139	0	34696	
33140	0	35072	
33141	0	34956	
33142	0	35180	
33143	0	36260	
33144	0	38088	
33145	0	38920	
33146	0	37772	
33147	0	36052	
33148	0	35156	
33149	0	35020	
33150	0	35144	
33151	0	35404	
33152	0	35080	
33153	0	34396	
33154	0	34040	
33155	0	34376	
33156	0	34888	
33157	0	35732	
33158	0	36260	
33159	0	36112	
33160	0	36148	
33161	0	36108	
33162	0	35900	
33163	0	35712	
33164	0	35340	
33165	0	34908	
33166	0	34324	
33167	0	34080	
33168	0	34240	
33169	0	34904	
33170	0	35464	
33171	0	35952	
33172	0	36104	
33173	0	35884	
33174	0	35112	
33175	0	34692	
33176	0	35244	
33177	0	36224	
33178	0	37268	
33179	0	37358	
33180	0	37320	
33181	0	37096	
33182	0	36672	
33183	0	36108	
33184	0	35200	
33185	0	34764	
33186	0	35428	
33187	0	36340	
33188	0	36736	
33189	0	36900	
33190	0	36632	
33191	0	36296	
33192	0	36164	
33193	0	35916	
33194	0	36000	
33195	0	36160	
33196	0	35708	
33197	0	36068	
33198	0	38088	
33199	0	40368	
33200	0	41972	
33201	0	42272	
33202	0	39824	
33203	0	36368	
33204	0	33496	
33205	0	31924	
33206	0	31412	
33207	0	31648	
33208	0	32188	
33209	0	33152	
33210	0	34896	
33211	0	36808	
33212	0	38464	
33213	0	38188	
33214	0	35936	
33215	0	33612	
33216	0	32140	
33217	0	31372	
33218	0	31096	
33219	0	30956	
33220	0	30468	
33221	0	30032	
33222	0	28800	
33223	0	27372	
33224	0	26992	
33225	0	27268	
33226	0	27624	
33227	0	28132	
33228	0	28154	
33229	0	28220	
33230	0	28408	
33231	0	29140	
33232	0	30248	
33233	0	32020	
33234	0	32956	
33235	0	31296	
33236	0	29068	
33237	0	27408	
33238	0	26416	
33239	0	25868	
33240	0	25604	
33241	0	25472	
33242	0	25694	
33243	0	26396	
33244	0	26728	
33245	0	26600	
33246	0	26704	
33247	0	26576	
33248	0	26624	
33249	0	27152	
33250	0	27972	
33251	0	28752	
33252	0	29296	
33253	0	29368	
33254	0	29576	
33255	0	30456	
33256	0	32752	
33257	0	35392	
33258	0	37044	
33259	0	36324	
33260	0	33056	
33261	0	29284	
33262	0	25900	
33263	0	24002	
33264	0	23244	
33265	0	24064	
33266	0	26160	
33267	0	28128	
33268	0	29336	
33269	0	30064	
33270	0	30668	
33271	0	31212	
33272	0	31656	
33273	0	31712	
33274	0	32364	
33275	0	32664	
33276	0	32808	
33277	0	33308	
33278	0	34060	
33279	0	34680	
33280	0	34796	
33281	0	34944	
33282	0	34984	
33283	0	35224	
33284	0	35244	
33285	0	35688	
33286	0	36156	
33287	0	36500	
33288	0	36696	
33289	0	37048	
33290	0	37840	
33291	0	38344	
33292	0	39016	
33293	0	39896	
33294	0	40812	
33295	0	41528	
33296	0	42216	
33297	0	42348	
33298	0	42120	
33299	0	42392	
33300	0	42560	
33301	0	42472	
33302	0	42200	
33303	0	41800	
33304	0	40924	
33305	0	40108	
33306	0	40320	
33307	0	41012	
33308	0	41736	
33309	0	42288	
33310	0	42564	
33311	0	42640	
33312	0	42572	
33313	0	41884	
33314	0	42228	
33315	0	43604	
33316	0	44328	
33317	0	43536	
33318	0	40252	
33319	0	36460	
33320	0	34488	
33321	0	33708	
33322	0	33200	
33323	0	32324	
33324	0	31636	
33325	0	31464	
33326	0	31928	
33327	0	32580	
33328	0	33140	
33329	0	33280	
33330	0	32940	
33331	0	32504	
33332	0	31932	
33333	0	32168	
33334	0	32960	
33335	0	33562	
33336	0	34100	
33337	0	33988	
33338	0	33696	
33339	0	33344	
33340	0	32804	
33341	0	32476	
33342	0	31864	
33343	0	31164	
33344	0	30336	
33345	0	29680	
33346	0	29032	
33347	0	28144	
33348	0	27824	
33349	0	27760	
33350	0	27872	
33351	0	28240	
33352	0	28992	
33353	0	29544	
33354	0	29672	
33355	0	29232	
33356	0	28016	
33357	0	27500	
33358	0	27832	
33359	0	28284	
33360	0	28940	
33361	0	29272	
33362	0	29220	
33363	0	29188	
33364	0	29008	
33365	0	28904	
33366	0	29246	
33367	0	29400	
33368	0	28872	
33369	0	28288	
33370	0	28200	
33371	0	28724	
33372	0	29300	
33373	0	29684	
33374	0	30412	
33375	0	31312	
33376	0	31800	
33377	0	31372	
33378	0	30852	
33379	0	30432	
33380	0	30368	
33381	0	31464	
33382	0	32774	
33383	0	33236	
33384	0	32128	
33385	0	29796	
33386	0	28836	
33387	0	29152	
33388	0	30640	
33389	0	31192	
33390	0	29604	
33391	0	28096	
33392	0	27620	
33393	0	28108	
33394	0	28880	
33395	0	29904	
33396	0	31148	
33397	0	31840	
33398	0	32848	
33399	0	34540	
33400	0	35980	
33401	0	36970	
33402	0	36476	
33403	0	33852	
33404	0	31172	
33405	0	29792	
33406	0	29204	
33407	0	29012	
33408	0	29340	
33409	0	29648	
33410	0	29448	
33411	0	29184	
33412	0	29548	
33413	0	30808	
33414	0	31948	
33415	0	32212	
33416	0	32148	
33417	0	32288	
33418	0	32812	
33419	0	33764	
33420	0	34852	
33421	0	35000	
33422	0	35000	
33423	0	34860	
33424	0	34296	
33425	0	34114	
33426	0	33932	
33427	0	33624	
33428	0	33328	
33429	0	33648	
33430	0	34192	
33431	0	35212	
33432	0	36128	
33433	0	36608	
33434	0	36608	
33435	0	36224	
33436	0	36008	
33437	0	36224	
33438	0	36780	
33439	0	37188	
33440	0	36820	
33441	0	35848	
33442	0	34632	
33443	0	33384	
33444	0	32608	
33445	0	32056	
33446	0	31824	
33447	0	31852	
33448	0	31528	
33449	0	31156	
33450	0	30776	
33451	0	31164	
33452	0	31876	
33453	0	32340	
33454	0	33132	
33455	0	33232	
33456	0	33304	
33457	0	32628	
33458	0	31792	
33459	0	31128	
33460	0	30828	
33461	0	30270	
33462	0	29260	
33463	0	29208	
33464	0	29688	
33465	0	30300	
33466	0	31800	
33467	0	33936	
33468	0	35904	
33469	0	37336	
33470	0	37116	
33471	0	36464	
33472	0	36192	
33473	0	35938	
33474	0	35388	
33475	0	33642	
33476	0	31720	
33477	0	28976	
33478	0	26753	
33479	0	25796	
33480	0	26352	
33481	0	27988	
33482	0	29796	
33483	0	30768	
33484	0	29468	
33485	0	26352	
33486	0	23956	
33487	0	22764	
33488	0	22028	
33489	0	21964	
33490	0	22424	
33491	0	23332	
33492	0	24436	
33493	0	25452	
33494	0	25984	
33495	0	26640	
33496	0	26956	
33497	0	26988	
33498	0	27360	
33499	0	27628	
33500	0	28060	
33501	0	28484	
33502	0	29648	
33503	0	30716	
33504	0	31168	
33505	0	31780	
33506	0	32744	
33507	0	32928	
33508	0	32084	
33509	0	30172	
33510	0	28452	
33511	0	28304	
33512	0	29936	
33513	0	31964	
33514	0	33940	
33515	0	34944	
33516	0	35212	
33517	0	35172	
33518	0	34800	
33519	0	34552	
33520	0	34580	
33521	0	34736	
33522	0	34612	
33523	0	34640	
33524	0	34920	
33525	0	35008	
33526	0	35308	
33527	0	35824	
33528	0	35848	
33529	0	36100	
33530	0	36404	
33531	0	37048	
33532	0	37364	
33533	0	37344	
33534	0	37496	
33535	0	37816	
33536	0	37932	
33537	0	37808	
33538	0	37028	
33539	0	35680	
33540	0	34528	
33541	0	33740	
33542	0	32752	
33543	0	32584	
33544	0	32760	
33545	0	33072	
33546	0	33164	
33547	0	33620	
33548	0	34664	
33549	0	35816	
33550	0	36608	
33551	0	36992	
33552	0	37056	
33553	0	36976	
33554	0	36744	
33555	0	36240	
33556	0	36820	
33557	0	38272	
33558	0	39692	
33559	0	39804	
33560	0	37568	
33561	0	33832	
33562	0	31064	
33563	0	29148	
33564	0	28084	
33565	0	28016	
33566	0	28608	
33567	0	29624	
33568	0	30708	
33569	0	31800	
33570	0	32864	
33571	0	33904	
33572	0	34272	
33573	0	34296	
33574	0	34016	
33575	0	33320	
33576	0	33288	
33577	0	33788	
33578	0	34248	
33579	0	34532	
33580	0	34656	
33581	0	34520	
33582	0	34356	
33583	0	34532	
33584	0	34656	
33585	0	34912	
33586	0	34804	
33587	0	34840	
33588	0	34752	
33589	0	35084	
33590	0	35648	
33591	0	36516	
33592	0	37352	
33593	0	38372	
33594	0	38860	
33595	0	38636	
33596	0	38256	
33597	0	37992	
33598	0	38064	
33599	0	37976	
33600	0	38016	
33601	0	37968	
33602	0	37372	
33603	0	37168	
33604	0	37496	
33605	0	37556	
33606	0	37548	
33607	0	37728	
33608	0	37556	
33609	0	37668	
33610	0	38136	
33611	0	38676	
33612	0	38524	
33613	0	38360	
33614	0	38316	
33615	0	38528	
33616	0	38672	
33617	0	38836	
33618	0	38852	
33619	0	38616	
33620	0	39056	
33621	0	40152	
33622	0	40640	
33623	0	40356	
33624	0	38956	
33625	0	36740	
33626	0	34724	
33627	0	33596	
33628	0	33368	
33629	0	33772	
33630	0	34348	
33631	0	35252	
33632	0	36056	
33633	0	36824	
33634	0	37344	
33635	0	37308	
33636	0	37464	
33637	0	37544	
33638	0	37680	
33639	0	37868	
33640	0	38172	
33641	0	38168	
33642	0	37976	
33643	0	37720	
33644	0	37260	
33645	0	37376	
33646	0	37640	
33647	0	38352	
33648	0	39172	
33649	0	39856	
33650	0	40600	
33651	0	41208	
33652	0	41332	
33653	0	41016	
33654	0	41468	
33655	0	42060	
33656	0	41760	
33657	0	41232	
33658	0	40492	
33659	0	39932	
33660	0	39284	
33661	0	38472	
33662	0	37724	
33663	0	37208	
33664	0	36260	
33665	0	35456	
33666	0	35312	
33667	0	36068	
33668	0	36620	
33669	0	37312	
33670	0	37984	
33671	0	39048	
33672	0	39952	
33673	0	40304	
33674	0	40308	
33675	0	39484	
33676	0	38624	
33677	0	38008	
33678	0	38016	
33679	0	38336	
33680	0	37896	
33681	0	37088	
33682	0	35932	
33683	0	35000	
33684	0	34304	
33685	0	34204	
33686	0	34276	
33687	0	34224	
33688	0	34600	
33689	0	35200	
33690	0	35460	
33691	0	35688	
33692	0	35824	
33693	0	36336	
33694	0	36720	
33695	0	37268	
33696	0	37324	
33697	0	37064	
33698	0	36692	
33699	0	36076	
33700	0	35412	
33701	0	35140	
33702	0	35208	
33703	0	34952	
33704	0	34944	
33705	0	35072	
33706	0	35188	
33707	0	34992	
33708	0	34736	
33709	0	34544	
33710	0	34604	
33711	0	36288	
33712	0	38960	
33713	0	40768	
33714	0	41676	
33715	0	39688	
33716	0	37024	
33717	0	34996	
33718	0	34192	
33719	0	33772	
33720	0	33488	
33721	0	33456	
33722	0	33716	
33723	0	33988	
33724	0	34128	
33725	0	34088	
33726	0	33896	
33727	0	33552	
33728	0	33424	
33729	0	33364	
33730	0	33572	
33731	0	34624	
33732	0	35596	
33733	0	36272	
33734	0	37260	
33735	0	37896	
33736	0	38416	
33737	0	38680	
33738	0	38616	
33739	0	37780	
33740	0	36752	
33741	0	35928	
33742	0	35336	
33743	0	35492	
33744	0	35788	
33745	0	35944	
33746	0	35824	
33747	0	35736	
33748	0	35616	
33749	0	35368	
33750	0	35288	
33751	0	35708	
33752	0	36104	
33753	0	36176	
33754	0	36004	
33755	0	35688	
33756	0	34980	
33757	0	34344	
33758	0	34096	
33759	0	33864	
33760	0	33644	
33761	0	33432	
33762	0	32976	
33763	0	32088	
33764	0	31544	
33765	0	31568	
33766	0	31780	
33767	0	31332	
33768	0	31088	
33769	0	31352	
33770	0	31596	
33771	0	32280	
33772	0	33192	
33773	0	33798	
33774	0	34056	
33775	0	34840	
33776	0	35256	
33777	0	35376	
33778	0	35108	
33779	0	34172	
33780	0	32956	
33781	0	31820	
33782	0	30756	
33783	0	29512	
33784	0	28516	
33785	0	28292	
33786	0	28628	
33787	0	29024	
33788	0	29392	
33789	0	29752	
33790	0	30388	
33791	0	31168	
33792	0	31732	
33793	0	32056	
33794	0	32308	
33795	0	31996	
33796	0	31424	
33797	0	30872	
33798	0	30976	
33799	0	31300	
33800	0	31092	
33801	0	30336	
33802	0	29324	
33803	0	28356	
33804	0	27752	
33805	0	27668	
33806	0	28108	
33807	0	28608	
33808	0	29100	
33809	0	29480	
33810	0	29696	
33811	0	30244	
33812	0	30840	
33813	0	31564	
33814	0	32176	
33815	0	32800	
33816	0	33164	
33817	0	33664	
33818	0	33976	
33819	0	33484	
33820	0	33056	
33821	0	33104	
33822	0	33048	
33823	0	32916	
33824	0	32908	
33825	0	32784	
33826	0	32496	
33827	0	31992	
33828	0	31664	
33829	0	31472	
33830	0	31432	
33831	0	31868	
33832	0	31884	
33833	0	32052	
33834	0	32704	
33835	0	33656	
33836	0	34520	
33837	0	35060	
33838	0	35592	
33839	0	35636	
33840	0	35048	
33841	0	34384	
33842	0	33992	
33843	0	33316	
33844	0	32628	
33845	0	32200	
33846	0	31544	
33847	0	31094	
33848	0	31520	
33849	0	32236	
33850	0	32852	
33851	0	33216	
33852	0	31616	
33853	0	29560	
33854	0	28460	
33855	0	27788	
33856	0	27776	
33857	0	28212	
33858	0	28708	
33859	0	28596	
33860	0	28320	
33861	0	28720	
33862	0	29140	
33863	0	29220	
33864	0	29072	
33865	0	29376	
33866	0	29864	
33867	0	29520	
33868	0	27968	
33869	0	26628	
33870	0	25944	
33871	0	25808	
33872	0	25776	
33873	0	26264	
33874	0	27160	
33875	0	28332	
33876	0	29432	
33877	0	30040	
33878	0	30856	
33879	0	30944	
33880	0	30600	
33881	0	29716	
33882	0	28716	
33883	0	28944	
33884	0	28824	
33885	0	28268	
33886	0	28244	
33887	0	28224	
33888	0	28054	
33889	0	28320	
33890	0	28984	
33891	0	29040	
33892	0	28584	
33893	0	28576	
33894	0	29208	
33895	0	29924	
33896	0	30408	
33897	0	30636	
33898	0	31216	
33899	0	31608	
33900	0	31760	
33901	0	31028	
33902	0	30600	
33903	0	29972	
33904	0	29360	
33905	0	29000	
33906	0	28752	
33907	0	28344	
33908	0	28116	
33909	0	28088	
33910	0	28276	
33911	0	28624	
33912	0	29156	
33913	0	30148	
33914	0	31476	
33915	0	32796	
33916	0	33352	
33917	0	33708	
33918	0	33340	
33919	0	32696	
33920	0	32084	
33921	0	31600	
33922	0	31284	
33923	0	31228	
33924	0	30852	
33925	0	30632	
33926	0	30644	
33927	0	30724	
33928	0	30848	
33929	0	31368	
33930	0	31964	
33931	0	32716	
33932	0	33220	
33933	0	33748	
33934	0	34272	
33935	0	35604	
33936	0	38228	
33937	0	39916	
33938	0	40648	
33939	0	39876	
33940	0	36524	
33941	0	32848	
33942	0	30038	
33943	0	28328	
33944	0	27132	
33945	0	25996	
33946	0	25600	
33947	0	25856	
33948	0	26384	
33949	0	26744	
33950	0	27380	
33951	0	28364	
33952	0	28956	
33953	0	29496	
33954	0	30412	
33955	0	30988	
33956	0	31320	
33957	0	32152	
33958	0	32796	
33959	0	32872	
33960	0	33016	
33961	0	32289	
33962	0	31480	
33963	0	30968	
33964	0	30716	
33965	0	30872	
33966	0	31768	
33967	0	32616	
33968	0	32864	
33969	0	32936	
33970	0	32692	
33971	0	32612	
33972	0	32940	
33973	0	33076	
33974	0	33712	
33975	0	34288	
33976	0	34284	
33977	0	34432	
33978	0	34704	
33979	0	34328	
33980	0	33640	
33981	0	32964	
33982	0	32432	
33983	0	31864	
33984	0	32232	
33985	0	32956	
33986	0	33368	
33987	0	33392	
33988	0	32788	
33989	0	32300	
33990	0	32024	
33991	0	31904	
33992	0	31908	
33993	0	32044	
33994	0	32220	
33995	0	32568	
33996	0	32936	
33997	0	32928	
33998	0	32484	
33999	0	32024	
34000	0	31540	
34001	0	30924	
34002	0	30308	
34003	0	29668	
34004	0	29348	
34005	0	29352	
34006	0	29336	
34007	0	29672	
34008	0	30540	
34009	0	31564	
34010	0	32060	
34011	0	32088	
34012	0	31732	
34013	0	31916	
34014	0	33148	
34015	0	34152	
34016	0	34192	
34017	0	33456	
34018	0	32684	
34019	0	32104	
34020	0	31728	
34021	0	31548	
34022	0	32276	
34023	0	33740	
34024	0	34684	
34025	0	35220	
34026	0	34384	
34027	0	31552	
34028	0	28992	
34029	0	27852	
34030	0	27612	
34031	0	27588	
34032	0	27904	
34033	0	28912	
34034	0	28988	
34035	0	29136	
34036	0	29320	
34037	0	29196	
34038	0	29308	
34039	0	29164	
34040	0	28920	
34041	0	29112	
34042	0	29096	
34043	0	29212	
34044	0	30336	
34045	0	30728	
34046	0	30952	
34047	0	30800	
34048	0	30664	
34049	0	30948	
34050	0	31960	
34051	0	33176	
34052	0	33980	
34053	0	34388	
34054	0	34664	
34055	0	35032	
34056	0	35448	
34057	0	35904	
34058	0	36538	
34059	0	36640	
34060	0	36364	
34061	0	35624	
34062	0	35096	
34063	0	34564	
34064	0	33844	
34065	0	33176	
34066	0	32708	
34067	0	32520	
34068	0	32096	
34069	0	31984	
34070	0	31816	
34071	0	31816	
34072	0	32376	
34073	0	32476	
34074	0	32376	
34075	0	31952	
34076	0	31364	
34077	0	31120	
34078	0	31496	
34079	0	32008	
34080	0	32648	
34081	0	33000	
34082	0	33252	
34083	0	33268	
34084	0	32968	
34085	0	32932	
34086	0	33080	
34087	0	33416	
34088	0	33608	
34089	0	34092	
34090	0	34760	
34091	0	34720	
34092	0	34224	
34093	0	33536	
34094	0	33040	
34095	0	32804	
34096	0	32728	
34097	0	32708	
34098	0	32512	
34099	0	32616	
34100	0	32746	
34101	0	32500	
34102	0	31848	
34103	0	31224	
34104	0	30708	
34105	0	30570	
34106	0	30576	
34107	0	30428	
34108	0	29968	
34109	0	29368	
34110	0	29048	
34111	0	28656	
34112	0	28800	
34113	0	29028	
34114	0	28964	
34115	0	28796	
34116	0	28592	
34117	0	28704	
34118	0	28636	
34119	0	28616	
34120	0	28352	
34121	0	28332	
34122	0	28352	
34123	0	28752	
34124	0	29122	
34125	0	29620	
34126	0	29564	
34127	0	29920	
34128	0	30232	
34129	0	30256	
34130	0	30300	
34131	0	31092	
34132	0	32412	
34133	0	33396	
34134	0	34232	
34135	0	34528	
34136	0	34728	
34137	0	35860	
34138	0	36996	
34139	0	37628	
34140	0	37960	
34141	0	36456	
34142	0	33520	
34143	0	31184	
34144	0	29960	
34145	0	29144	
34146	0	28548	
34147	0	28462	
34148	0	28696	
34149	0	29056	
34150	0	29204	
34151	0	29624	
34152	0	30272	
34153	0	31360	
34154	0	32280	
34155	0	32412	
34156	0	31768	
34157	0	31000	
34158	0	31136	
34159	0	31988	
34160	0	32388	
34161	0	32520	
34162	0	32648	
34163	0	32440	
34164	0	32048	
34165	0	31720	
34166	0	31389	
34167	0	30992	
34168	0	30122	
34169	0	29552	
34170	0	29280	
34171	0	29424	
34172	0	29612	
34173	0	29800	
34174	0	29832	
34175	0	30188	
34176	0	30560	
34177	0	31092	
34178	0	31380	
34179	0	31472	
34180	0	31080	
34181	0	30488	
34182	0	30384	
34183	0	30356	
34184	0	30576	
34185	0	30496	
34186	0	30000	
34187	0	29440	
34188	0	29400	
34189	0	30024	
34190	0	30392	
34191	0	30992	
34192	0	31988	
34193	0	32876	
34194	0	33152	
34195	0	33028	
34196	0	33176	
34197	0	34088	
34198	0	34752	
34199	0	34844	
34200	0	34616	
34201	0	34424	
34202	0	34196	
34203	0	33496	
34204	0	32548	
34205	0	31800	
34206	0	31316	
34207	0	31168	
34208	0	31290	
34209	0	31668	
34210	0	31904	
34211	0	32160	
34212	0	32040	
34213	0	31852	
34214	0	31876	
34215	0	32040	
34216	0	33312	
34217	0	34996	
34218	0	36320	
34219	0	36772	
34220	0	34776	
34221	0	31664	
34222	0	29796	
34223	0	28988	
34224	0	28936	
34225	0	29124	
34226	0	29352	
34227	0	29048	
34228	0	28884	
34229	0	28948	
34230	0	29104	
34231	0	29564	
34232	0	29748	
34233	0	30200	
34234	0	30656	
34235	0	30780	
34236	0	30352	
34237	0	29968	
34238	0	29160	
34239	0	28640	
34240	0	28692	
34241	0	28404	
34242	0	27440	
34243	0	25992	
34244	0	24852	
34245	0	24944	
34246	0	26016	
34247	0	27616	
34248	0	28610	
34249	0	29816	
34250	0	30592	
34251	0	30976	
34252	0	30604	
34253	0	29804	
34254	0	28560	
34255	0	27464	
34256	0	26466	
34257	0	26042	
34258	0	26632	
34259	0	27388	
34260	0	27916	
34261	0	27748	
34262	0	27480	
34263	0	27544	
34264	0	27660	
34265	0	28180	
34266	0	29056	
34267	0	30096	
34268	0	31588	
34269	0	32736	
34270	0	33408	
34271	0	33932	
34272	0	33880	
34273	0	33552	
34274	0	33328	
34275	0	33204	
34276	0	33028	
34277	0	33528	
34278	0	34496	
34279	0	35816	
34280	0	36980	
34281	0	37040	
34282	0	36120	
34283	0	34712	
34284	0	33800	
34285	0	33840	
34286	0	34048	
34287	0	34476	
34288	0	35096	
34289	0	35596	
34290	0	35964	
34291	0	36340	
34292	0	36520	
34293	0	36480	
34294	0	37272	
34295	0	38844	
34296	0	40056	
34297	0	40932	
34298	0	40024	
34299	0	37528	
34300	0	35776	
34301	0	35200	
34302	0	35036	
34303	0	35224	
34304	0	35284	
34305	0	35300	
34306	0	35192	
34307	0	34896	
34308	0	34414	
34309	0	34408	
34310	0	35400	
34311	0	36760	
34312	0	38144	
34313	0	38944	
34314	0	39664	
34315	0	40080	
34316	0	39972	
34317	0	39608	
34318	0	39524	
34319	0	39388	
34320	0	38656	
34321	0	38100	
34322	0	37976	
34323	0	37360	
34324	0	36612	
34325	0	36136	
34326	0	36172	
34327	0	36280	
34328	0	36248	
34329	0	36380	
34330	0	36612	
34331	0	37156	
34332	0	37876	
34333	0	38540	
34334	0	39228	
34335	0	39488	
34336	0	39432	
34337	0	39368	
34338	0	38872	
34339	0	37968	
34340	0	37192	
34341	0	36972	
34342	0	36784	
34343	0	36408	
34344	0	35696	
34345	0	34916	
34346	0	34592	
34347	0	34656	
34348	0	34832	
34349	0	34060	
34350	0	33340	
34351	0	32464	
34352	0	31496	
34353	0	31152	
34354	0	30908	
34355	0	30704	
34356	0	30136	
34357	0	29464	
34358	0	28464	
34359	0	27202	
34360	0	26040	
34361	0	25198	
34362	0	25272	
34363	0	25404	
34364	0	25768	
34365	0	25856	
34366	0	26096	
34367	0	27688	
34368	0	30212	
34369	0	32836	
34370	0	34232	
34371	0	33344	
34372	0	31868	
34373	0	29816	
34374	0	27996	
34375	0	27648	
34376	0	28496	
34377	0	30124	
34378	0	31824	
34379	0	31326	
34380	0	29484	
34381	0	27808	
34382	0	26712	
34383	0	26408	
34384	0	26636	
34385	0	27116	
34386	0	27936	
34387	0	28956	
34388	0	29960	
34389	0	30632	
34390	0	30916	
34391	0	31032	
34392	0	31224	
34393	0	31840	
34394	0	32948	
34395	0	33908	
34396	0	34552	
34397	0	35160	
34398	0	35232	
34399	0	34876	
34400	0	34586	
34401	0	34240	
34402	0	33908	
34403	0	33888	
34404	0	34256	
34405	0	34276	
34406	0	33996	
34407	0	34132	
34408	0	35196	
34409	0	35896	
34410	0	36132	
34411	0	36232	
34412	0	36120	
34413	0	36408	
34414	0	36568	
34415	0	36392	
34416	0	35684	
34417	0	35088	
34418	0	34572	
34419	0	34316	
34420	0	34104	
34421	0	33948	
34422	0	33416	
34423	0	33292	
34424	0	33756	
34425	0	34124	
34426	0	34640	
34427	0	34500	
34428	0	33876	
34429	0	32650	
34430	0	31848	
34431	0	31600	
34432	0	32304	
34433	0	33140	
34434	0	34264	
34435	0	35280	
34436	0	35440	
34437	0	35348	
34438	0	34552	
34439	0	33624	
34440	0	32904	
34441	0	32176	
34442	0	31636	
34443	0	30924	
34444	0	30370	
34445	0	29732	
34446	0	29196	
34447	0	28460	
34448	0	28588	
34449	0	29100	
34450	0	29804	
34451	0	30696	
34452	0	31516	
34453	0	31228	
34454	0	30544	
34455	0	29928	
34456	0	29336	
34457	0	28908	
34458	0	28136	
34459	0	27276	
34460	0	26668	
34461	0	25784	
34462	0	25492	
34463	0	25692	
34464	0	26344	
34465	0	26840	
34466	0	27548	
34467	0	28240	
34468	0	28976	
34469	0	29688	
34470	0	30676	
34471	0	31416	
34472	0	32064	
34473	0	32736	
34474	0	33728	
34475	0	34500	
34476	0	35168	
34477	0	35448	
34478	0	35288	
34479	0	35064	
34480	0	35312	
34481	0	34852	
34482	0	34576	
34483	0	34632	
34484	0	34912	
34485	0	35136	
34486	0	35112	
34487	0	35816	
34488	0	36468	
34489	0	37032	
34490	0	37616	
34491	0	38376	
34492	0	39792	
34493	0	42020	
34494	0	43700	
34495	0	44572	
34496	0	43330	
34497	0	39948	
34498	0	36972	
34499	0	35320	
34500	0	34668	
34501	0	34708	
34502	0	34880	
34503	0	35208	
34504	0	35096	
34505	0	34964	
34506	0	35056	
34507	0	34608	
34508	0	33988	
34509	0	33708	
34510	0	33500	
34511	0	33232	
34512	0	33440	
34513	0	33552	
34514	0	33512	
34515	0	33508	
34516	0	33516	
34517	0	33860	
34518	0	33924	
34519	0	33780	
34520	0	33424	
34521	0	32972	
34522	0	32408	
34523	0	31952	
34524	0	32008	
34525	0	32088	
34526	0	31640	
34527	0	30812	
34528	0	30884	
34529	0	30714	
34530	0	30240	
34531	0	29712	
34532	0	29176	
34533	0	28852	
34534	0	28864	
34535	0	29348	
34536	0	29804	
34537	0	30248	
34538	0	30232	
34539	0	29620	
34540	0	28520	
34541	0	27632	
34542	0	27356	
34543	0	27396	
34544	0	27932	
34545	0	28449	
34546	0	28656	
34547	0	28756	
34548	0	28624	
34549	0	28648	
34550	0	29132	
34551	0	29352	
34552	0	29576	
34553	0	30012	
34554	0	30844	
34555	0	31492	
34556	0	31968	
34557	0	32612	
34558	0	33108	
34559	0	33460	
34560	0	33104	
34561	0	32712	
34562	0	32784	
34563	0	32912	
34564	0	32928	
34565	0	33200	
34566	0	33620	
34567	0	34472	
34568	0	34880	
34569	0	35268	
34570	0	35800	
34571	0	35888	
34572	0	35600	
34573	0	35576	
34574	0	35940	
34575	0	36366	
34576	0	36584	
34577	0	36744	
34578	0	36420	
34579	0	35656	
34580	0	35509	
34581	0	35848	
34582	0	36140	
34583	0	36288	
34584	0	36184	
34585	0	36152	
34586	0	36060	
34587	0	36168	
34588	0	36656	
34589	0	37244	
34590	0	37456	
34591	0	38272	
34592	0	38864	
34593	0	39296	
34594	0	39492	
34595	0	39520	
34596	0	39168	
34597	0	38736	
34598	0	38244	
34599	0	37976	
34600	0	37820	
34601	0	37660	
34602	0	37248	
34603	0	37016	
34604	0	36648	
34605	0	36460	
34606	0	36280	
34607	0	36184	
34608	0	35956	
34609	0	35824	
34610	0	35764	
34611	0	35952	
34612	0	36128	
34613	0	36648	
34614	0	37780	
34615	0	38624	
34616	0	38226	
34617	0	37848	
34618	0	37152	
34619	0	35956	
34620	0	34776	
34621	0	33740	
34622	0	33296	
34623	0	33048	
34624	0	33088	
34625	0	33432	
34626	0	33388	
34627	0	33040	
34628	0	32928	
34629	0	32936	
34630	0	32988	
34631	0	33624	
34632	0	33700	
34633	0	33312	
34634	0	33290	
34635	0	32668	
34636	0	32272	
34637	0	32264	
34638	0	31580	
34639	0	30880	
34640	0	30104	
34641	0	29420	
34642	0	29460	
34643	0	29752	
34644	0	29880	
34645	0	29888	
34646	0	30512	
34647	0	31344	
34648	0	31848	
34649	0	31888	
34650	0	31336	
34651	0	30928	
34652	0	30976	
34653	0	31416	
34654	0	32040	
34655	0	32572	
34656	0	33180	
34657	0	33968	
34658	0	35096	
34659	0	35308	
34660	0	34664	
34661	0	34372	
34662	0	34224	
34663	0	33546	
34664	0	32704	
34665	0	32128	
34666	0	32024	
34667	0	32020	
34668	0	32504	
34669	0	32928	
34670	0	33248	
34671	0	34024	
34672	0	35564	
34673	0	36872	
34674	0	37880	
34675	0	38664	
34676	0	38784	
34677	0	38656	
34678	0	38444	
34679	0	37972	
34680	0	37192	
34681	0	36496	
34682	0	36640	
34683	0	36624	
34684	0	36420	
34685	0	35912	
34686	0	35208	
34687	0	34484	
34688	0	34276	
34689	0	34488	
34690	0	35136	
34691	0	35832	
34692	0	36396	
34693	0	36220	
34694	0	36328	
34695	0	36192	
34696	0	35656	
34697	0	35230	
34698	0	34608	
34699	0	34244	
34700	0	33544	
34701	0	32764	
34702	0	32112	
34703	0	31676	
34704	0	31664	
34705	0	31732	
34706	0	31808	
34707	0	31576	
34708	0	31336	
34709	0	31077	
34710	0	31552	
34711	0	32424	
34712	0	33312	
34713	0	34088	
34714	0	34416	
34715	0	34732	
34716	0	34664	
34717	0	35008	
34718	0	34952	
34719	0	34752	
34720	0	34556	
34721	0	34364	
34722	0	34104	
34723	0	34072	
34724	0	34168	
34725	0	34152	
34726	0	33340	
34727	0	32216	
34728	0	31352	
34729	0	30812	
34730	0	30556	
34731	0	31056	
34732	0	31364	
34733	0	31868	
34734	0	32420	
34735	0	32924	
34736	0	33040	
34737	0	33212	
34738	0	33256	
34739	0	32828	
34740	0	32276	
34741	0	31832	
34742	0	31576	
34743	0	31348	
34744	0	31608	
34745	0	31552	
34746	0	31316	
34747	0	31332	
34748	0	31576	
34749	0	31704	
34750	0	31836	
34751	0	32348	
34752	0	32816	
34753	0	33068	
34754	0	33908	
34755	0	34520	
34756	0	34904	
34757	0	35436	
34758	0	35584	
34759	0	35260	
34760	0	34872	
34761	0	34908	
34762	0	35104	
34763	0	35208	
34764	0	35500	
34765	0	35640	
34766	0	35744	
34767	0	35052	
34768	0	34460	
34769	0	33976	
34770	0	34048	
34771	0	34048	
34772	0	33984	
34773	0	34128	
34774	0	34448	
34775	0	34824	
34776	0	35428	
34777	0	35520	
34778	0	35320	
34779	0	34880	
34780	0	34400	
34781	0	33952	
34782	0	33864	
34783	0	34704	
34784	0	34884	
34785	0	34856	
34786	0	34544	
34787	0	34404	
34788	0	33852	
34789	0	33172	
34790	0	32496	
34791	0	32248	
34792	0	32120	
34793	0	32164	
34794	0	32588	
34795	0	32832	
34796	0	32736	
34797	0	32588	
34798	0	31444	
34799	0	29810	
34800	0	28672	
34801	0	28244	
34802	0	28544	
34803	0	28900	
34804	0	29216	
34805	0	29400	
34806	0	29712	
34807	0	29952	
34808	0	29872	
34809	0	29448	
34810	0	29092	
34811	0	28768	
34812	0	28820	
34813	0	29368	
34814	0	29984	
34815	0	30674	
34816	0	31568	
34817	0	32372	
34818	0	32480	
34819	0	31756	
34820	0	31196	
34821	0	30768	
34822	0	30612	
34823	0	30652	
34824	0	31162	
34825	0	31604	
34826	0	31368	
34827	0	30964	
34828	0	30632	
34829	0	30448	
34830	0	31068	
34831	0	32044	
34832	0	33152	
34833	0	34272	
34834	0	35252	
34835	0	35580	
34836	0	35320	
34837	0	34968	
34838	0	34388	
34839	0	33816	
34840	0	32856	
34841	0	31836	
34842	0	31456	
34843	0	31488	
34844	0	31364	
34845	0	31516	
34846	0	31748	
34847	0	31772	
34848	0	32088	
34849	0	32532	
34850	0	33160	
34851	0	33684	
34852	0	34232	
34853	0	34032	
34854	0	33684	
34855	0	33632	
34856	0	33672	
34857	0	33588	
34858	0	33524	
34859	0	33344	
34860	0	32992	
34861	0	32192	
34862	0	31608	
34863	0	31328	
34864	0	31360	
34865	0	31420	
34866	0	31808	
34867	0	32248	
34868	0	32180	
34869	0	31784	
34870	0	31388	
34871	0	32432	
34872	0	33624	
34873	0	34412	
34874	0	34798	
34875	0	34888	
34876	0	35164	
34877	0	35756	
34878	0	35660	
34879	0	34924	
34880	0	33888	
34881	0	32724	
34882	0	31920	
34883	0	31372	
34884	0	30476	
34885	0	30072	
34886	0	30036	
34887	0	29962	
34888	0	30008	
34889	0	30192	
34890	0	30516	
34891	0	31196	
34892	0	31356	
34893	0	31224	
34894	0	31572	
34895	0	31804	
34896	0	32024	
34897	0	32304	
34898	0	31944	
34899	0	31780	
34900	0	31704	
34901	0	31316	
34902	0	31148	
34903	0	30920	
34904	0	30768	
34905	0	30580	
34906	0	30248	
34907	0	30488	
34908	0	31264	
34909	0	32244	
34910	0	32976	
34911	0	33668	
34912	0	34198	
34913	0	34444	
34914	0	34372	
34915	0	34244	
34916	0	33928	
34917	0	34180	
34918	0	34072	
34919	0	33624	
34920	0	32580	
34921	0	31440	
34922	0	30616	
34923	0	30112	
34924	0	30080	
34925	0	30740	
34926	0	31424	
34927	0	31344	
34928	0	31592	
34929	0	31640	
34930	0	31712	
34931	0	32616	
34932	0	33484	
34933	0	34300	
34934	0	34740	
34935	0	35016	
34936	0	35420	
34937	0	35500	
34938	0	35384	
34939	0	35300	
34940	0	35008	
34941	0	34528	
34942	0	34024	
34943	0	33944	
34944	0	33224	
34945	0	32820	
34946	0	32944	
34947	0	33252	
34948	0	33464	
34949	0	33936	
34950	0	34416	
34951	0	35056	
34952	0	35980	
34953	0	36688	
34954	0	37236	
34955	0	37048	
34956	0	36168	
34957	0	35664	
34958	0	35052	
34959	0	34532	
34960	0	34800	
34961	0	35664	
34962	0	36656	
34963	0	37416	
34964	0	37728	
34965	0	37536	
34966	0	37300	
34967	0	36548	
34968	0	36272	
34969	0	35508	
34970	0	34764	
34971	0	34872	
34972	0	35108	
34973	0	35484	
34974	0	35812	
34975	0	35768	
34976	0	36080	
34977	0	36392	
34978	0	35980	
34979	0	35680	
34980	0	35324	
34981	0	34592	
34982	0	33752	
34983	0	33700	
34984	0	34072	
34985	0	34532	
34986	0	34444	
34987	0	34200	
34988	0	34240	
34989	0	34236	
34990	0	34356	
34991	0	34716	
34992	0	35256	
34993	0	35972	
34994	0	36612	
34995	0	36568	
34996	0	36664	
34997	0	36708	
34998	0	36312	
34999	0	35396	
35000	0	33948	
35001	0	33076	
35002	0	32828	
35003	0	32512	
35004	0	32016	
35005	0	31868	
35006	0	31536	
35007	0	30936	
35008	0	30068	
35009	0	29600	
35010	0	29468	
35011	0	29452	
35012	0	29494	
35013	0	29572	
35014	0	30500	
35015	0	31576	
35016	0	32356	
35017	0	32760	
35018	0	32272	
35019	0	31380	
35020	0	30668	
35021	0	30832	
35022	0	31904	
35023	0	33088	
35024	0	33896	
35025	0	33704	
35026	0	31720	
35027	0	29052	
35028	0	27372	
35029	0	26716	
35030	0	27088	
35031	0	27572	
35032	0	27824	
35033	0	28392	
35034	0	29104	
35035	0	29280	
35036	0	29372	
35037	0	29764	
35038	0	30012	
35039	0	29964	
35040	0	29740	
35041	0	29580	
35042	0	29912	
35043	0	30624	
35044	0	31520	
35045	0	32188	
35046	0	32304	
35047	0	32224	
35048	0	32352	
35049	0	32916	
35050	0	33548	
35051	0	33884	
35052	0	34164	
35053	0	34694	
35054	0	35064	
35055	0	35576	
35056	0	35888	
35057	0	35796	
35058	0	35348	
35059	0	34720	
35060	0	33900	
35061	0	33256	
35062	0	32692	
35063	0	32020	
35064	0	31364	
35065	0	30836	
35066	0	30820	
35067	0	30512	
35068	0	30376	
35069	0	30960	
35070	0	31944	
35071	0	32448	
35072	0	33060	
35073	0	33344	
35074	0	33320	
35075	0	32776	
35076	0	31944	
35077	0	31514	
35078	0	31052	
35079	0	30560	
35080	0	30080	
35081	0	29624	
35082	0	29240	
35083	0	29076	
35084	0	29336	
35085	0	29768	
35086	0	30308	
35087	0	30624	
35088	0	31220	
35089	0	31344	
35090	0	31656	
35091	0	32200	
35092	0	32728	
35093	0	33572	
35094	0	34140	
35095	0	34444	
35096	0	34394	
35097	0	33840	
35098	0	32816	
35099	0	32004	
35100	0	31280	
35101	0	31128	
35102	0	31016	
35103	0	30852	
35104	0	30820	
35105	0	31184	
35106	0	32000	
35107	0	32628	
35108	0	33136	
35109	0	33376	
35110	0	33860	
35111	0	34144	
35112	0	34152	
35113	0	34232	
35114	0	34512	
35115	0	34288	
35116	0	34264	
35117	0	34416	
35118	0	34148	
35119	0	34192	
35120	0	34368	
35121	0	34268	
35122	0	34480	
35123	0	34352	
35124	0	34144	
35125	0	34152	
35126	0	34452	
35127	0	34840	
35128	0	34732	
35129	0	34728	
35130	0	35220	
35131	0	35768	
35132	0	35988	
35133	0	36288	
35134	0	36800	
35135	0	37232	
35136	0	37232	
35137	0	37312	
35138	0	37460	
35139	0	37536	
35140	0	37360	
35141	0	37352	
35142	0	37144	
35143	0	36188	
35144	0	35224	
35145	0	34608	
35146	0	34152	
35147	0	34092	
35148	0	34524	
35149	0	34904	
35150	0	35700	
35151	0	36772	
35152	0	37196	
35153	0	37668	
35154	0	38088	
35155	0	37760	
35156	0	36600	
35157	0	35516	
35158	0	34392	
35159	0	33516	
35160	0	32576	
35161	0	32240	
35162	0	32272	
35163	0	32624	
35164	0	32500	
35165	0	32584	
35166	0	33176	
35167	0	33420	
35168	0	33284	
35169	0	32944	
35170	0	32576	
35171	0	32916	
35172	0	33136	
35173	0	33548	
35174	0	34286	
35175	0	34404	
35176	0	34324	
35177	0	34440	
35178	0	34248	
35179	0	33780	
35180	0	33352	
35181	0	33076	
35182	0	32920	
35183	0	32972	
35184	0	32980	
35185	0	32640	
35186	0	32154	
35187	0	31772	
35188	0	31584	
35189	0	31416	
35190	0	31204	
35191	0	31212	
35192	0	31192	
35193	0	31416	
35194	0	31608	
35195	0	31944	
35196	0	32756	
35197	0	33928	
35198	0	33896	
35199	0	33252	
35200	0	32600	
35201	0	32044	
35202	0	31660	
35203	0	31480	
35204	0	31656	
35205	0	32092	
35206	0	32384	
35207	0	32460	
35208	0	32560	
35209	0	32604	
35210	0	33064	
35211	0	33080	
35212	0	33048	
35213	0	33104	
35214	0	33380	
35215	0	33552	
35216	0	33756	
35217	0	34336	
35218	0	34372	
35219	0	34544	
35220	0	34116	
35221	0	33820	
35222	0	33892	
35223	0	33800	
35224	0	33776	
35225	0	33664	
35226	0	33904	
35227	0	33596	
35228	0	32708	
35229	0	31892	
35230	0	31804	
35231	0	32696	
35232	0	32864	
35233	0	32948	
35234	0	33408	
35235	0	33656	
35236	0	33932	
35237	0	34456	
35238	0	34280	
35239	0	33688	
35240	0	33128	
35241	0	32796	
35242	0	32612	
35243	0	32160	
35244	0	31716	
35245	0	31504	
35246	0	31400	
35247	0	30960	
35248	0	30656	
35249	0	30352	
35250	0	29860	
35251	0	29496	
35252	0	29736	
35253	0	29976	
35254	0	30020	
35255	0	29556	
35256	0	29448	
35257	0	29704	
35258	0	29852	
35259	0	29856	
35260	0	30040	
35261	0	30180	
35262	0	30156	
35263	0	30460	
35264	0	30584	
35265	0	30740	
35266	0	30912	
35267	0	30728	
35268	0	30330	
35269	0	30428	
35270	0	30672	
35271	0	30912	
35272	0	31492	
35273	0	31996	
35274	0	32396	
35275	0	32516	
35276	0	32686	
35277	0	32720	
35278	0	32524	
35279	0	32312	
35280	0	31952	
35281	0	31690	
35282	0	31092	
35283	0	30344	
35284	0	29518	
35285	0	29148	
35286	0	28700	
35287	0	27972	
35288	0	27528	
35289	0	27692	
35290	0	28460	
35291	0	28976	
35292	0	29280	
35293	0	30088	
35294	0	31096	
35295	0	31516	
35296	0	31340	
35297	0	31208	
35298	0	31324	
35299	0	31564	
35300	0	31612	
35301	0	31676	
35302	0	31944	
35303	0	31928	
35304	0	31620	
35305	0	31384	
35306	0	30388	
35307	0	29160	
35308	0	28184	
35309	0	27656	
35310	0	27304	
35311	0	27480	
35312	0	27828	
35313	0	28672	
35314	0	29808	
35315	0	30368	
35316	0	30644	
35317	0	30932	
35318	0	30908	
35319	0	30496	
35320	0	29920	
35321	0	29192	
35322	0	28516	
35323	0	27784	
35324	0	27596	
35325	0	27828	
35326	0	28362	
35327	0	28564	
35328	0	29024	
35329	0	29632	
35330	0	30128	
35331	0	30344	
35332	0	30720	
35333	0	30792	
35334	0	30788	
35335	0	31056	
35336	0	31300	
35337	0	31512	
35338	0	31268	
35339	0	31132	
35340	0	30664	
35341	0	30232	
35342	0	30228	
35343	0	30564	
35344	0	30788	
35345	0	31332	
35346	0	31752	
35347	0	31904	
35348	0	32156	
35349	0	32516	
35350	0	33088	
35351	0	33516	
35352	0	33944	
35353	0	34356	
35354	0	34720	
35355	0	34632	
35356	0	34208	
35357	0	33580	
35358	0	32840	
35359	0	32524	
35360	0	32164	
35361	0	31674	
35362	0	31276	
35363	0	31496	
35364	0	31792	
35365	0	32116	
35366	0	32236	
35367	0	32568	
35368	0	32874	
35369	0	33068	
35370	0	33372	
35371	0	33824	
35372	0	34268	
35373	0	34884	
35374	0	35412	
35375	0	35720	
35376	0	35864	
35377	0	35952	
35378	0	35828	
35379	0	36056	
35380	0	36424	
35381	0	36376	
35382	0	36440	
35383	0	36624	
35384	0	36476	
35385	0	35900	
35386	0	34872	
35387	0	34172	
35388	0	34356	
35389	0	34728	
35390	0	35416	
35391	0	36288	
35392	0	36768	
35393	0	36924	
35394	0	36428	
35395	0	35712	
35396	0	34872	
35397	0	34144	
35398	0	33408	
35399	0	33080	
35400	0	32772	
35401	0	32536	
35402	0	32676	
35403	0	32624	
35404	0	32196	
35405	0	31788	
35406	0	31744	
35407	0	31940	
35408	0	32084	
35409	0	32209	
35410	0	32184	
35411	0	32256	
35412	0	32602	
35413	0	33056	
35414	0	33140	
35415	0	33228	
35416	0	33380	
35417	0	33524	
35418	0	33536	
35419	0	33418	
35420	0	33440	
35421	0	33388	
35422	0	32968	
35423	0	32312	
35424	0	31592	
35425	0	31136	
35426	0	30800	
35427	0	31416	
35428	0	31992	
35429	0	32296	
35430	0	32924	
35431	0	33884	
35432	0	34784	
35433	0	35276	
35434	0	35416	
35435	0	35340	
35436	0	34698	
35437	0	34096	
35438	0	34292	
35439	0	34768	
35440	0	34680	
35441	0	34388	
35442	0	34032	
35443	0	33316	
35444	0	32812	
35445	0	32584	
35446	0	32456	
35447	0	32284	
35448	0	31680	
35449	0	31296	
35450	0	31292	
35451	0	31680	
35452	0	31940	
35453	0	32096	
35454	0	32348	
35455	0	32724	
35456	0	33292	
35457	0	33108	
35458	0	32800	
35459	0	32616	
35460	0	32648	
35461	0	32388	
35462	0	32136	
35463	0	32616	
35464	0	33470	
35465	0	33940	
35466	0	33876	
35467	0	33804	
35468	0	34088	
35469	0	33984	
35470	0	33892	
35471	0	33900	
35472	0	34296	
35473	0	35120	
35474	0	35972	
35475	0	36532	
35476	0	36720	
35477	0	36320	
35478	0	35532	
35479	0	35160	
35480	0	34840	
35481	0	34276	
35482	0	33948	
35483	0	33796	
35484	0	33328	
35485	0	33136	
35486	0	32860	
35487	0	32740	
35488	0	32668	
35489	0	32920	
35490	0	33564	
35491	0	34112	
35492	0	34316	
35493	0	34656	
35494	0	35264	
35495	0	35296	
35496	0	35144	
35497	0	35048	
35498	0	34936	
35499	0	34456	
35500	0	34272	
35501	0	33884	
35502	0	33336	
35503	0	32548	
35504	0	31904	
35505	0	31484	
35506	0	30972	
35507	0	30596	
35508	0	30940	
35509	0	30912	
35510	0	30748	
35511	0	30612	
35512	0	30672	
35513	0	31176	
35514	0	31644	
35515	0	31800	
35516	0	32188	
35517	0	32804	
35518	0	32846	
35519	0	32848	
35520	0	32864	
35521	0	32792	
35522	0	32688	
35523	0	32212	
35524	0	31752	
35525	0	31924	
35526	0	32184	
35527	0	32372	
35528	0	32716	
35529	0	33052	
35530	0	33244	
35531	0	33180	
35532	0	33100	
35533	0	32896	
35534	0	32436	
35535	0	32456	
35536	0	32576	
35537	0	32812	
35538	0	32900	
35539	0	32940	
35540	0	32252	
35541	0	31692	
35542	0	31400	
35543	0	31372	
35544	0	31224	
35545	0	31424	
35546	0	32056	
35547	0	32712	
35548	0	33124	
35549	0	33248	
35550	0	33440	
35551	0	33856	
35552	0	34364	
35553	0	34276	
35554	0	33956	
35555	0	33908	
35556	0	33976	
35557	0	33920	
35558	0	33408	
35559	0	32576	
35560	0	32448	
35561	0	32912	
35562	0	33388	
35563	0	33336	
35564	0	33464	
35565	0	33968	
35566	0	33916	
35567	0	34236	
35568	0	34320	
35569	0	34292	
35570	0	34282	
35571	0	34112	
35572	0	34176	
35573	0	35164	
35574	0	36260	
35575	0	36328	
35576	0	36432	
35577	0	36800	
35578	0	36812	
35579	0	36496	
35580	0	35916	
35581	0	35844	
35582	0	35644	
35583	0	35196	
35584	0	34456	
35585	0	33804	
35586	0	33324	
35587	0	32608	
35588	0	31996	
35589	0	32280	
35590	0	32680	
35591	0	33072	
35592	0	33256	
35593	0	33156	
35594	0	32916	
35595	0	32768	
35596	0	33080	
35597	0	33816	
35598	0	34428	
35599	0	34860	
35600	0	35020	
35601	0	35472	
35602	0	35400	
35603	0	35024	
35604	0	34912	
35605	0	34944	
35606	0	35208	
35607	0	35200	
35608	0	34988	
35609	0	34648	
35610	0	34640	
35611	0	35560	
35612	0	36188	
35613	0	36684	
35614	0	36712	
35615	0	36096	
35616	0	35320	
35617	0	34650	
35618	0	33600	
35619	0	32960	
35620	0	32664	
35621	0	32740	
35622	0	32644	
35623	0	32028	
35624	0	31552	
35625	0	31284	
35626	0	31432	
35627	0	31336	
35628	0	31336	
35629	0	30692	
35630	0	30460	
35631	0	29960	
35632	0	29868	
35633	0	30728	
35634	0	31388	
35635	0	31520	
35636	0	31376	
35637	0	30940	
35638	0	30784	
35639	0	30240	
35640	0	30036	
35641	0	30124	
35642	0	29868	
35643	0	29304	
35644	0	28652	
35645	0	28392	
35646	0	28796	
35647	0	29492	
35648	0	29832	
35649	0	30076	
35650	0	31104	
35651	0	32304	
35652	0	32992	
35653	0	33784	
35654	0	34340	
35655	0	34804	
35656	0	35492	
35657	0	36156	
35658	0	36444	
35659	0	36124	
35660	0	35412	
35661	0	34948	
35662	0	34920	
35663	0	34864	
35664	0	34728	
35665	0	34920	
35666	0	35272	
35667	0	35696	
35668	0	36024	
35669	0	36261	
35670	0	36238	
35671	0	35904	
35672	0	35764	
35673	0	36120	
35674	0	36600	
35675	0	36876	
35676	0	36656	
35677	0	36340	
35678	0	35900	
35679	0	35432	
35680	0	34936	
35681	0	34276	
35682	0	34000	
35683	0	33480	
35684	0	32980	
35685	0	32984	
35686	0	33784	
35687	0	34516	
35688	0	34424	
35689	0	34040	
35690	0	34104	
35691	0	34608	
35692	0	34832	
35693	0	35096	
35694	0	35484	
35695	0	35324	
35696	0	35180	
35697	0	34704	
35698	0	34444	
35699	0	34468	
35700	0	34234	
35701	0	34044	
35702	0	33786	
35703	0	33204	
35704	0	32122	
35705	0	31216	
35706	0	30872	
35707	0	30732	
35708	0	31028	
35709	0	30932	
35710	0	30768	
35711	0	30920	
35712	0	31072	
35713	0	31216	
35714	0	31840	
35715	0	32040	
35716	0	31652	
35717	0	31216	
35718	0	31852	
35719	0	33272	
35720	0	34424	
35721	0	34708	
35722	0	33336	
35723	0	30832	
35724	0	28636	
35725	0	27208	
35726	0	26586	
35727	0	25728	
35728	0	25104	
35729	0	25472	
35730	0	26776	
35731	0	28080	
35732	0	28780	
35733	0	29304	
35734	0	29652	
35735	0	29720	
35736	0	30160	
35737	0	30632	
35738	0	30656	
35739	0	30504	
35740	0	30328	
35741	0	30104	
35742	0	29500	
35743	0	29456	
35744	0	29504	
35745	0	29628	
35746	0	29632	
35747	0	29584	
35748	0	29920	
35749	0	30148	
35750	0	30688	
35751	0	30604	
35752	0	30360	
35753	0	30684	
35754	0	31296	
35755	0	31808	
35756	0	32056	
35757	0	32024	
35758	0	31000	
35759	0	30328	
35760	0	29948	
35761	0	29664	
35762	0	29608	
35763	0	29772	
35764	0	30548	
35765	0	31360	
35766	0	31776	
35767	0	31634	
35768	0	31232	
35769	0	31256	
35770	0	31716	
35771	0	32276	
35772	0	32152	
35773	0	31912	
35774	0	32220	
35775	0	32236	
35776	0	31932	
35777	0	31604	
35778	0	31228	
35779	0	31668	
35780	0	31828	
35781	0	32084	
35782	0	32420	
35783	0	32708	
35784	0	32680	
35785	0	32268	
35786	0	31904	
35787	0	31528	
35788	0	31364	
35789	0	31332	
35790	0	31584	
35791	0	32020	
35792	0	32124	
35793	0	32016	
35794	0	32040	
35795	0	32472	
35796	0	33338	
35797	0	33966	
35798	0	33952	
35799	0	33700	
35800	0	33132	
35801	0	32800	
35802	0	32638	
35803	0	32476	
35804	0	32488	
35805	0	32500	
35806	0	32324	
35807	0	32364	
35808	0	32914	
35809	0	33032	
35810	0	33272	
35811	0	33844	
35812	0	34344	
35813	0	34640	
35814	0	35088	
35815	0	34904	
35816	0	34824	
35817	0	34232	
35818	0	33588	
35819	0	33168	
35820	0	33024	
35821	0	32708	
35822	0	32524	
35823	0	32604	
35824	0	32996	
35825	0	33612	
35826	0	33984	
35827	0	34368	
35828	0	34420	
35829	0	34108	
35830	0	34384	
35831	0	35120	
35832	0	35856	
35833	0	36208	
35834	0	36228	
35835	0	36020	
35836	0	35632	
35837	0	34888	
35838	0	33884	
35839	0	32508	
35840	0	31752	
35841	0	31448	
35842	0	31284	
35843	0	31328	
35844	0	31464	
35845	0	31964	
35846	0	32440	
35847	0	32484	
35848	0	32360	
35849	0	32032	
35850	0	31868	
35851	0	32096	
35852	0	32436	
35853	0	32820	
35854	0	33028	
35855	0	32684	
35856	0	32356	
35857	0	32468	
35858	0	32064	
35859	0	31128	
35860	0	30480	
35861	0	30008	
35862	0	30104	
35863	0	30256	
35864	0	30720	
35865	0	31610	
35866	0	32220	
35867	0	33188	
35868	0	33536	
35869	0	33052	
35870	0	33420	
35871	0	34032	
35872	0	34072	
35873	0	34516	
35874	0	34916	
35875	0	35060	
35876	0	35288	
35877	0	35388	
35878	0	35120	
35879	0	34216	
35880	0	33332	
35881	0	33016	
35882	0	33072	
35883	0	32932	
35884	0	32912	
35885	0	33076	
35886	0	33244	
35887	0	33508	
35888	0	33756	
35889	0	34116	
35890	0	34404	
35891	0	34736	
35892	0	35212	
35893	0	35544	
35894	0	35576	
35895	0	35578	
35896	0	35268	
35897	0	34384	
35898	0	33444	
35899	0	32696	
35900	0	31792	
35901	0	31364	
35902	0	31300	
35903	0	32016	
35904	0	32852	
35905	0	33460	
35906	0	33088	
35907	0	32308	
35908	0	32400	
35909	0	32768	
35910	0	33244	
35911	0	33304	
35912	0	33936	
35913	0	34404	
35914	0	34668	
35915	0	34792	
35916	0	34768	
35917	0	33900	
35918	0	32604	
35919	0	31960	
35920	0	31636	
35921	0	31444	
35922	0	31684	
35923	0	32256	
35924	0	32760	
35925	0	33224	
35926	0	33160	
35927	0	32928	
35928	0	32314	
35929	0	32164	
35930	0	32700	
35931	0	33776	
35932	0	34760	
35933	0	35756	
35934	0	35898	
35935	0	35628	
35936	0	35292	
35937	0	34840	
35938	0	34028	
35939	0	33444	
35940	0	33194	
35941	0	33196	
35942	0	33076	
35943	0	32576	
35944	0	31636	
35945	0	31616	
35946	0	31880	
35947	0	32408	
35948	0	32936	
35949	0	33500	
35950	0	33852	
35951	0	34212	
35952	0	34328	
35953	0	34368	
35954	0	34424	
35955	0	34192	
35956	0	33592	
35957	0	32968	
35958	0	32716	
35959	0	32592	
35960	0	32028	
35961	0	31372	
35962	0	30836	
35963	0	30216	
35964	0	29944	
35965	0	29980	
35966	0	29856	
35967	0	29960	
35968	0	30532	
35969	0	31204	
35970	0	32100	
35971	0	32444	
35972	0	32880	
35973	0	34028	
35974	0	36100	
35975	0	38528	
35976	0	40180	
35977	0	39788	
35978	0	36696	
35979	0	33348	
35980	0	30960	
35981	0	29492	
35982	0	28448	
35983	0	27936	
35984	0	27985	
35985	0	27936	
35986	0	28020	
35987	0	28580	
35988	0	29520	
35989	0	31064	
35990	0	32644	
35991	0	33904	
35992	0	34960	
35993	0	35712	
35994	0	36076	
35995	0	36160	
35996	0	36280	
35997	0	35944	
35998	0	35336	
35999	0	35040	
36000	0	34560	
36001	0	34344	
36002	0	34032	
36003	0	33508	
36004	0	33220	
36005	0	33208	
36006	0	32754	
36007	0	32408	
36008	0	32304	
36009	0	31844	
36010	0	31920	
36011	0	32264	
36012	0	32636	
36013	0	33156	
36014	0	33476	
36015	0	33584	
36016	0	33536	
36017	0	33016	
36018	0	32490	
36019	0	31800	
36020	0	31032	
36021	0	30528	
36022	0	30108	
36023	0	29784	
36024	0	29616	
36025	0	29660	
36026	0	29656	
36027	0	29440	
36028	0	29188	
36029	0	29384	
36030	0	30152	
36031	0	30528	
36032	0	30848	
36033	0	30844	
36034	0	30744	
36035	0	30936	
36036	0	31584	
36037	0	32124	
36038	0	32608	
36039	0	33088	
36040	0	33516	
36041	0	33584	
36042	0	33256	
36043	0	32872	
36044	0	32524	
36045	0	32500	
36046	0	31716	
36047	0	31212	
36048	0	31320	
36049	0	31868	
36050	0	32808	
36051	0	33680	
36052	0	34048	
36053	0	34348	
36054	0	34564	
36055	0	34692	
36056	0	35028	
36057	0	35292	
36058	0	35424	
36059	0	35544	
36060	0	35768	
36061	0	35904	
36062	0	36216	
36063	0	36568	
36064	0	36872	
36065	0	37268	
36066	0	37108	
36067	0	36500	
36068	0	35700	
36069	0	34936	
36070	0	34436	
36071	0	34672	
36072	0	34964	
36073	0	35472	
36074	0	35680	
36075	0	35252	
36076	0	34580	
36077	0	33880	
36078	0	33328	
36079	0	32904	
36080	0	32880	
36081	0	33076	
36082	0	33144	
36083	0	32752	
36084	0	32280	
36085	0	32516	
36086	0	32816	
36087	0	32800	
36088	0	33148	
36089	0	33308	
36090	0	33172	
36091	0	32816	
36092	0	33160	
36093	0	33928	
36094	0	34540	
36095	0	34960	
36096	0	35348	
36097	0	35536	
36098	0	35576	
36099	0	35016	
36100	0	34400	
36101	0	33528	
36102	0	32964	
36103	0	32872	
36104	0	32344	
36105	0	32124	
36106	0	31792	
36107	0	31360	
36108	0	30872	
36109	0	30776	
36110	0	30688	
36111	0	30304	
36112	0	30212	
36113	0	30552	
36114	0	30964	
36115	0	30948	
36116	0	31120	
36117	0	31124	
36118	0	31244	
36119	0	30964	
36120	0	30576	
36121	0	29984	
36122	0	29780	
36123	0	29872	
36124	0	29548	
36125	0	29132	
36126	0	28988	
36127	0	28752	
36128	0	28580	
36129	0	28588	
36130	0	28984	
36131	0	29920	
36132	0	30856	
36133	0	31548	
36134	0	32448	
36135	0	33456	
36136	0	34304	
36137	0	34508	
36138	0	34500	
36139	0	34300	
36140	0	33884	
36141	0	33208	
36142	0	32624	
36143	0	32064	
36144	0	31772	
36145	0	31624	
36146	0	31008	
36147	0	30588	
36148	0	30340	
36149	0	30612	
36150	0	31252	
36151	0	32336	
36152	0	33288	
36153	0	33940	
36154	0	33936	
36155	0	33464	
36156	0	33204	
36157	0	32712	
36158	0	31836	
36159	0	31020	
36160	0	30172	
36161	0	29786	
36162	0	30064	
36163	0	30528	
36164	0	31144	
36165	0	31772	
36166	0	32344	
36167	0	32384	
36168	0	32360	
36169	0	32364	
36170	0	32640	
36171	0	33012	
36172	0	33352	
36173	0	33988	
36174	0	34428	
36175	0	34708	
36176	0	34596	
36177	0	34240	
36178	0	34040	
36179	0	33840	
36180	0	33852	
36181	0	33768	
36182	0	33680	
36183	0	33200	
36184	0	32844	
36185	0	32152	
36186	0	31440	
36187	0	31104	
36188	0	30948	
36189	0	30928	
36190	0	31300	
36191	0	31208	
36192	0	31188	
36193	0	31642	
36194	0	31852	
36195	0	31904	
36196	0	31988	
36197	0	31896	
36198	0	32144	
36199	0	32836	
36200	0	33164	
36201	0	33196	
36202	0	32968	
36203	0	32776	
36204	0	32376	
36205	0	31816	
36206	0	31544	
36207	0	31624	
36208	0	31612	
36209	0	31424	
36210	0	31866	
36211	0	32908	
36212	0	33464	
36213	0	33816	
36214	0	34160	
36215	0	34176	
36216	0	34140	
36217	0	33628	
36218	0	32980	
36219	0	32332	
36220	0	31380	
36221	0	30688	
36222	0	29916	
36223	0	28860	
36224	0	28352	
36225	0	27992	
36226	0	27642	
36227	0	27420	
36228	0	27240	
36229	0	27332	
36230	0	27994	
36231	0	28344	
36232	0	28600	
36233	0	28688	
36234	0	29306	
36235	0	29672	
36236	0	29636	
36237	0	28970	
36238	0	28280	
36239	0	27776	
36240	0	27508	
36241	0	27256	
36242	0	27052	
36243	0	27410	
36244	0	27904	
36245	0	28752	
36246	0	29092	
36247	0	29128	
36248	0	29388	
36249	0	30256	
36250	0	31360	
36251	0	32280	
36252	0	33156	
36253	0	33940	
36254	0	34416	
36255	0	34360	
36256	0	34124	
36257	0	33988	
36258	0	34028	
36259	0	34228	
36260	0	34160	
36261	0	34348	
36262	0	34424	
36263	0	34672	
36264	0	35296	
36265	0	35804	
36266	0	36080	
36267	0	36600	
36268	0	36920	
36269	0	37612	
36270	0	38048	
36271	0	38592	
36272	0	39280	
36273	0	40112	
36274	0	40640	
36275	0	40460	
36276	0	40356	
36277	0	40044	
36278	0	39456	
36279	0	39084	
36280	0	38832	
36281	0	38988	
36282	0	38876	
36283	0	38276	
36284	0	37820	
36285	0	37288	
36286	0	36816	
36287	0	36612	
36288	0	36900	
36289	0	37304	
36290	0	37464	
36291	0	37248	
36292	0	37352	
36293	0	37624	
36294	0	38212	
36295	0	38920	
36296	0	39328	
36297	0	39112	
36298	0	38824	
36299	0	38444	
36300	0	38108	
36301	0	37928	
36302	0	37964	
36303	0	38202	
36304	0	38264	
36305	0	38420	
36306	0	38196	
36307	0	37584	
36308	0	37104	
36309	0	36820	
36310	0	36800	
36311	0	37340	
36312	0	38396	
36313	0	39856	
36314	0	40688	
36315	0	40764	
36316	0	40424	
36317	0	39544	
36318	0	38500	
36319	0	37440	
36320	0	36656	
36321	0	36552	
36322	0	37276	
36323	0	37564	
36324	0	37908	
36325	0	38576	
36326	0	39268	
36327	0	39860	
36328	0	39672	
36329	0	38996	
36330	0	37036	
36331	0	34556	
36332	0	32088	
36333	0	30360	
36334	0	28712	
36335	0	27592	
36336	0	27488	
36337	0	27416	
36338	0	27376	
36339	0	26602	
36340	0	25860	
36341	0	24648	
36342	0	23932	
36343	0	24304	
36344	0	25052	
36345	0	26772	
36346	0	28688	
36347	0	29776	
36348	0	29736	
36349	0	29256	
36350	0	28496	
36351	0	27712	
36352	0	26768	
36353	0	25688	
36354	0	25100	
36355	0	24256	
36356	0	23504	
36357	0	22856	
36358	0	23256	
36359	0	24036	
36360	0	25784	
36361	0	27800	
36362	0	29556	
36363	0	31716	
36364	0	33552	
36365	0	35360	
36366	0	37184	
36367	0	38772	
36368	0	40244	
36369	0	41152	
36370	0	40996	
36371	0	40364	
36372	0	40024	
36373	0	39736	
36374	0	39168	
36375	0	38804	
36376	0	38664	
36377	0	38424	
36378	0	38504	
36379	0	38868	
36380	0	39468	
36381	0	39900	
36382	0	39624	
36383	0	38586	
36384	0	37260	
36385	0	36072	
36386	0	34652	
36387	0	33000	
36388	0	31540	
36389	0	30368	
36390	0	29872	
36391	0	30040	
36392	0	30256	
36393	0	30736	
36394	0	31448	
36395	0	31948	
36396	0	32164	
36397	0	32720	
36398	0	32996	
36399	0	33516	
36400	0	34208	
36401	0	34244	
36402	0	34156	
36403	0	34472	
36404	0	34952	
36405	0	35300	
36406	0	35216	
36407	0	35008	
36408	0	34360	
36409	0	33548	
36410	0	33480	
36411	0	33164	
36412	0	33360	
36413	0	33352	
36414	0	32988	
36415	0	32736	
36416	0	32396	
36417	0	31884	
36418	0	31428	
36419	0	30688	
36420	0	30108	
36421	0	29524	
36422	0	29208	
36423	0	28748	
36424	0	28496	
36425	0	28552	
36426	0	28448	
36427	0	28176	
36428	0	28084	
36429	0	28540	
36430	0	29316	
36431	0	29972	
36432	0	30714	
36433	0	31900	
36434	0	33304	
36435	0	34416	
36436	0	35448	
36437	0	35684	
36438	0	35120	
36439	0	34352	
36440	0	33248	
36441	0	32232	
36442	0	31424	
36443	0	31136	
36444	0	31284	
36445	0	31728	
36446	0	31868	
36447	0	32052	
36448	0	31788	
36449	0	31610	
36450	0	31972	
36451	0	32892	
36452	0	33952	
36453	0	35172	
36454	0	36540	
36455	0	37816	
36456	0	38660	
36457	0	38572	
36458	0	38212	
36459	0	37804	
36460	0	37304	
36461	0	36880	
36462	0	36760	
36463	0	36360	
36464	0	36228	
36465	0	35884	
36466	0	35584	
36467	0	35760	
36468	0	36164	
36469	0	36880	
36470	0	37960	
36471	0	38232	
36472	0	38236	
36473	0	38192	
36474	0	37160	
36475	0	35892	
36476	0	35112	
36477	0	34136	
36478	0	34236	
36479	0	34604	
36480	0	34248	
36481	0	34032	
36482	0	33884	
36483	0	33084	
36484	0	32308	
36485	0	32312	
36486	0	32004	
36487	0	31624	
36488	0	31208	
36489	0	30788	
36490	0	30164	
36491	0	29176	
36492	0	28392	
36493	0	27748	
36494	0	27416	
36495	0	27064	
36496	0	26600	
36497	0	26110	
36498	0	25948	
36499	0	26192	
36500	0	26228	
36501	0	26048	
36502	0	26460	
36503	0	26908	
36504	0	26944	
36505	0	27224	
36506	0	27196	
36507	0	26932	
36508	0	26524	
36509	0	26608	
36510	0	26840	
36511	0	27236	
36512	0	27572	
36513	0	28168	
36514	0	28724	
36515	0	29148	
36516	0	29896	
36517	0	30256	
36518	0	30024	
36519	0	29988	
36520	0	29688	
36521	0	30000	
36522	0	30232	
36523	0	29992	
36524	0	29880	
36525	0	30248	
36526	0	30572	
36527	0	31296	
36528	0	31752	
36529	0	32272	
36530	0	32436	
36531	0	32828	
36532	0	33616	
36533	0	34732	
36534	0	35372	
36535	0	35560	
36536	0	35424	
36537	0	34848	
36538	0	34336	
36539	0	34080	
36540	0	34180	
36541	0	33708	
36542	0	33752	
36543	0	34048	
36544	0	34728	
36545	0	36112	
36546	0	37468	
36547	0	38344	
36548	0	39368	
36549	0	40948	
36550	0	42372	
36551	0	43048	
36552	0	43040	
36553	0	42612	
36554	0	41540	
36555	0	40164	
36556	0	38776	
36557	0	37682	
36558	0	36828	
36559	0	36288	
36560	0	35536	
36561	0	35060	
36562	0	34552	
36563	0	34240	
36564	0	33892	
36565	0	33560	
36566	0	32620	
36567	0	31752	
36568	0	30688	
36569	0	30088	
36570	0	29120	
36571	0	28124	
36572	0	27888	
36573	0	28560	
36574	0	29468	
36575	0	30552	
36576	0	31444	
36577	0	31728	
36578	0	31928	
36579	0	32016	
36580	0	32176	
36581	0	32276	
36582	0	32900	
36583	0	33688	
36584	0	34612	
36585	0	35428	
36586	0	35820	
36587	0	36004	
36588	0	36432	
36589	0	37180	
36590	0	38432	
36591	0	39308	
36592	0	39776	
36593	0	40284	
36594	0	41136	
36595	0	41852	
36596	0	42468	
36597	0	42132	
36598	0	41428	
36599	0	40580	
36600	0	40104	
36601	0	39816	
36602	0	39204	
36603	0	38100	
36604	0	37104	
36605	0	36252	
36606	0	35440	
36607	0	34976	
36608	0	34984	
36609	0	35428	
36610	0	35368	
36611	0	35148	
36612	0	34980	
36613	0	35424	
36614	0	35768	
36615	0	35740	
36616	0	35192	
36617	0	34132	
36618	0	33280	
36619	0	32788	
36620	0	32512	
36621	0	32248	
36622	0	31712	
36623	0	31400	
36624	0	31520	
36625	0	31468	
36626	0	30960	
36627	0	30760	
36628	0	30544	
36629	0	30824	
36630	0	31044	
36631	0	30436	
36632	0	29784	
36633	0	29704	
36634	0	29244	
36635	0	28852	
36636	0	28768	
36637	0	28864	
36638	0	29012	
36639	0	29278	
36640	0	29232	
36641	0	28492	
36642	0	28048	
36643	0	27784	
36644	0	27824	
36645	0	28028	
36646	0	27796	
36647	0	27450	
36648	0	27400	
36649	0	27392	
36650	0	27696	
36651	0	27744	
36652	0	27616	
36653	0	27680	
36654	0	27724	
36655	0	27536	
36656	0	27300	
36657	0	27368	
36658	0	27696	
36659	0	28268	
36660	0	28808	
36661	0	29432	
36662	0	30056	
36663	0	30128	
36664	0	30072	
36665	0	30348	
36666	0	30740	
36667	0	31456	
36668	0	32250	
36669	0	32916	
36670	0	33536	
36671	0	34124	
36672	0	34580	
36673	0	34976	
36674	0	35380	
36675	0	35836	
36676	0	35820	
36677	0	35900	
36678	0	35764	
36679	0	35712	
36680	0	35880	
36681	0	35848	
36682	0	35720	
36683	0	35748	
36684	0	36048	
36685	0	36440	
36686	0	36496	
36687	0	36672	
36688	0	37184	
36689	0	37656	
36690	0	38012	
36691	0	38076	
36692	0	37944	
36693	0	37964	
36694	0	38096	
36695	0	38172	
36696	0	38356	
36697	0	37492	
36698	0	36312	
36699	0	35616	
36700	0	35124	
36701	0	34800	
36702	0	34584	
36703	0	34828	
36704	0	35536	
36705	0	36632	
36706	0	37376	
36707	0	37480	
36708	0	36768	
36709	0	36164	
36710	0	36120	
36711	0	36152	
36712	0	36460	
36713	0	37008	
36714	0	37044	
36715	0	36928	
36716	0	36936	
36717	0	36984	
36718	0	36880	
36719	0	36956	
36720	0	37192	
36721	0	37352	
36722	0	37376	
36723	0	37240	
36724	0	37020	
36725	0	37092	
36726	0	36720	
36727	0	36632	
36728	0	36248	
36729	0	35704	
36730	0	35776	
36731	0	36124	
36732	0	36496	
36733	0	36680	
36734	0	36592	
36735	0	36000	
36736	0	35712	
36737	0	35312	
36738	0	34840	
36739	0	34008	
36740	0	33468	
36741	0	33264	
36742	0	33608	
36743	0	33912	
36744	0	34104	
36745	0	33908	
36746	0	33672	
36747	0	33488	
36748	0	33368	
36749	0	33328	
36750	0	33500	
36751	0	34080	
36752	0	35180	
36753	0	35608	
36754	0	35572	
36755	0	35304	
36756	0	35052	
36757	0	34460	
36758	0	33802	
36759	0	33160	
36760	0	33012	
36761	0	32940	
36762	0	32356	
36763	0	31764	
36764	0	31544	
36765	0	31340	
36766	0	31000	
36767	0	31048	
36768	0	31528	
36769	0	31968	
36770	0	32328	
36771	0	32060	
36772	0	31680	
36773	0	31392	
36774	0	31212	
36775	0	31060	
36776	0	30992	
36777	0	30564	
36778	0	29932	
36779	0	28968	
36780	0	28540	
36781	0	28384	
36782	0	28284	
36783	0	28444	
36784	0	28704	
36785	0	28776	
36786	0	28656	
36787	0	28356	
36788	0	28268	
36789	0	28672	
36790	0	29032	
36791	0	28992	
36792	0	29232	
36793	0	29424	
36794	0	29516	
36795	0	29608	
36796	0	29496	
36797	0	28716	
36798	0	28040	
36799	0	27836	
36800	0	28288	
36801	0	29436	
36802	0	30360	
36803	0	31154	
36804	0	31496	
36805	0	30908	
36806	0	30120	
36807	0	30060	
36808	0	30064	
36809	0	30232	
36810	0	30592	
36811	0	30644	
36812	0	30912	
36813	0	31112	
36814	0	31244	
36815	0	31116	
36816	0	31096	
36817	0	30692	
36818	0	30320	
36819	0	30042	
36820	0	30076	
36821	0	30424	
36822	0	30720	
36823	0	30952	
36824	0	31068	
36825	0	31328	
36826	0	31652	
36827	0	31832	
36828	0	32036	
36829	0	32128	
36830	0	31840	
36831	0	31716	
36832	0	31616	
36833	0	31304	
36834	0	31336	
36835	0	31304	
36836	0	30928	
36837	0	30512	
36838	0	30500	
36839	0	30544	
36840	0	30260	
36841	0	29496	
36842	0	28744	
36843	0	28488	
36844	0	28372	
36845	0	28392	
36846	0	28360	
36847	0	28688	
36848	0	29008	
36849	0	29728	
36850	0	30248	
36851	0	30736	
36852	0	31272	
36853	0	31312	
36854	0	31432	
36855	0	31860	
36856	0	32284	
36857	0	32232	
36858	0	32416	
36859	0	32236	
36860	0	32256	
36861	0	32480	
36862	0	32512	
36863	0	32424	
36864	0	32380	
36865	0	32196	
36866	0	31320	
36867	0	30676	
36868	0	30564	
36869	0	30468	
36870	0	30744	
36871	0	31388	
36872	0	31532	
36873	0	31440	
36874	0	31556	
36875	0	31356	
36876	0	31188	
36877	0	31088	
36878	0	30712	
36879	0	30376	
36880	0	30252	
36881	0	30412	
36882	0	30220	
36883	0	30068	
36884	0	30136	
36885	0	30270	
36886	0	29936	
36887	0	29996	
36888	0	30364	
36889	0	31056	
36890	0	31688	
36891	0	32252	
36892	0	33012	
36893	0	34024	
36894	0	34420	
36895	0	34256	
36896	0	34336	
36897	0	34244	
36898	0	33960	
36899	0	33552	
36900	0	32848	
36901	0	32488	
36902	0	33012	
36903	0	33888	
36904	0	34556	
36905	0	34640	
36906	0	33884	
36907	0	33704	
36908	0	34216	
36909	0	34848	
36910	0	35332	
36911	0	36024	
36912	0	36560	
36913	0	37072	
36914	0	37056	
36915	0	36864	
36916	0	36308	
36917	0	35192	
36918	0	34424	
36919	0	33736	
36920	0	33080	
36921	0	32572	
36922	0	32408	
36923	0	32188	
36924	0	32152	
36925	0	32600	
36926	0	33184	
36927	0	32868	
36928	0	32276	
36929	0	32052	
36930	0	31960	
36931	0	31852	
36932	0	32208	
36933	0	32236	
36934	0	32136	
36935	0	31968	
36936	0	31744	
36937	0	31460	
36938	0	31148	
36939	0	30564	
36940	0	29740	
36941	0	29084	
36942	0	29176	
36943	0	29600	
36944	0	30568	
36945	0	31480	
36946	0	31776	
36947	0	31552	
36948	0	31300	
36949	0	31048	
36950	0	30768	
36951	0	30248	
36952	0	29528	
36953	0	28984	
36954	0	28900	
36955	0	29096	
36956	0	29432	
36957	0	29348	
36958	0	29052	
36959	0	28904	
36960	0	28508	
36961	0	28352	
36962	0	28236	
36963	0	27744	
36964	0	27900	
36965	0	28652	
36966	0	29536	
36967	0	30100	
36968	0	30336	
36969	0	30352	
36970	0	30560	
36971	0	30980	
36972	0	31356	
36973	0	31688	
36974	0	31728	
36975	0	31692	
36976	0	31832	
36977	0	31464	
36978	0	31080	
36979	0	30628	
36980	0	30316	
36981	0	30400	
36982	0	30148	
36983	0	29780	
36984	0	29808	
36985	0	30032	
36986	0	30096	
36987	0	30100	
36988	0	30128	
36989	0	30788	
36990	0	31536	
36991	0	32344	
36992	0	33272	
36993	0	33816	
36994	0	33856	
36995	0	33824	
36996	0	33784	
36997	0	34090	
36998	0	33796	
36999	0	32792	
37000	0	32432	
37001	0	32322	
37002	0	31416	
37003	0	30444	
37004	0	30224	
37005	0	30440	
37006	0	30992	
37007	0	31800	
37008	0	32128	
37009	0	32512	
37010	0	33212	
37011	0	33748	
37012	0	34740	
37013	0	34988	
37014	0	34932	
37015	0	34864	
37016	0	34400	
37017	0	33836	
37018	0	33472	
37019	0	33172	
37020	0	32688	
37021	0	32268	
37022	0	31604	
37023	0	30628	
37024	0	29668	
37025	0	28392	
37026	0	27121	
37027	0	25724	
37028	0	24448	
37029	0	23056	
37030	0	21692	
37031	0	22576	
37032	0	25220	
37033	0	27438	
37034	0	29188	
37035	0	30572	
37036	0	31892	
37037	0	32584	
37038	0	32444	
37039	0	32264	
37040	0	31672	
37041	0	31400	
37042	0	31656	
37043	0	31966	
37044	0	31760	
37045	0	31396	
37046	0	30568	
37047	0	29392	
37048	0	28534	
37049	0	28224	
37050	0	28696	
37051	0	29820	
37052	0	31444	
37053	0	32700	
37054	0	33264	
37055	0	33584	
37056	0	33544	
37057	0	33592	
37058	0	33356	
37059	0	33000	
37060	0	33152	
37061	0	33712	
37062	0	34116	
37063	0	33464	
37064	0	32664	
37065	0	32376	
37066	0	32040	
37067	0	31752	
37068	0	31112	
37069	0	30832	
37070	0	30984	
37071	0	31980	
37072	0	33192	
37073	0	33652	
37074	0	33808	
37075	0	33216	
37076	0	32964	
37077	0	32928	
37078	0	32692	
37079	0	32344	
37080	0	32282	
37081	0	32752	
37082	0	33232	
37083	0	34124	
37084	0	35332	
37085	0	36136	
37086	0	36404	
37087	0	36436	
37088	0	36614	
37089	0	37024	
37090	0	37008	
37091	0	36788	
37092	0	36832	
37093	0	37312	
37094	0	37408	
37095	0	37480	
37096	0	37504	
37097	0	37296	
37098	0	37060	
37099	0	36512	
37100	0	36092	
37101	0	36308	
37102	0	36484	
37103	0	36664	
37104	0	36956	
37105	0	36696	
37106	0	36024	
37107	0	35572	
37108	0	35374	
37109	0	35344	
37110	0	35244	
37111	0	35164	
37112	0	35808	
37113	0	36588	
37114	0	36940	
37115	0	37360	
37116	0	37344	
37117	0	36948	
37118	0	36292	
37119	0	35524	
37120	0	35284	
37121	0	34868	
37122	0	33820	
37123	0	33104	
37124	0	32912	
37125	0	32656	
37126	0	32328	
37127	0	32628	
37128	0	33088	
37129	0	33620	
37130	0	33932	
37131	0	33880	
37132	0	33568	
37133	0	33384	
37134	0	33360	
37135	0	33668	
37136	0	33796	
37137	0	33240	
37138	0	32476	
37139	0	32202	
37140	0	31844	
37141	0	31668	
37142	0	31540	
37143	0	31840	
37144	0	32168	
37145	0	32580	
37146	0	32812	
37147	0	32740	
37148	0	32456	
37149	0	32632	
37150	0	32712	
37151	0	32740	
37152	0	32400	
37153	0	31940	
37154	0	32096	
37155	0	32344	
37156	0	32336	
37157	0	32592	
37158	0	33468	
37159	0	33724	
37160	0	33532	
37161	0	33500	
37162	0	33264	
37163	0	33104	
37164	0	33012	
37165	0	32792	
37166	0	32424	
37167	0	32120	
37168	0	31908	
37169	0	32220	
37170	0	32800	
37171	0	32980	
37172	0	33152	
37173	0	34084	
37174	0	34924	
37175	0	35336	
37176	0	35324	
37177	0	34800	
37178	0	34452	
37179	0	34394	
37180	0	34176	
37181	0	34096	
37182	0	33744	
37183	0	33280	
37184	0	33092	
37185	0	32932	
37186	0	32560	
37187	0	32248	
37188	0	32256	
37189	0	32720	
37190	0	33132	
37191	0	33308	
37192	0	33236	
37193	0	33372	
37194	0	33760	
37195	0	33928	
37196	0	33408	
37197	0	32800	
37198	0	32492	
37199	0	32168	
37200	0	31840	
37201	0	31736	
37202	0	32016	
37203	0	32232	
37204	0	32344	
37205	0	32960	
37206	0	33640	
37207	0	34068	
37208	0	34336	
37209	0	34792	
37210	0	35341	
37211	0	35608	
37212	0	35884	
37213	0	36304	
37214	0	36268	
37215	0	35744	
37216	0	35300	
37217	0	34784	
37218	0	34208	
37219	0	33272	
37220	0	32672	
37221	0	32512	
37222	0	32944	
37223	0	33196	
37224	0	32980	
37225	0	32972	
37226	0	33450	
37227	0	34212	
37228	0	34804	
37229	0	34840	
37230	0	34520	
37231	0	33812	
37232	0	33468	
37233	0	33204	
37234	0	32420	
37235	0	32032	
37236	0	32084	
37237	0	31640	
37238	0	30864	
37239	0	30072	
37240	0	29104	
37241	0	28564	
37242	0	28728	
37243	0	29188	
37244	0	29204	
37245	0	29664	
37246	0	29808	
37247	0	29784	
37248	0	29520	
37249	0	29684	
37250	0	29920	
37251	0	30784	
37252	0	31584	
37253	0	31872	
37254	0	31860	
37255	0	31608	
37256	0	31052	
37257	0	30320	
37258	0	30032	
37259	0	30064	
37260	0	29488	
37261	0	28932	
37262	0	28540	
37263	0	28872	
37264	0	28928	
37265	0	29204	
37266	0	30032	
37267	0	30812	
37268	0	31272	
37269	0	31624	
37270	0	31680	
37271	0	31504	
37272	0	31456	
37273	0	30984	
37274	0	30608	
37275	0	30218	
37276	0	29832	
37277	0	29720	
37278	0	29880	
37279	0	30568	
37280	0	30592	
37281	0	30136	
37282	0	29712	
37283	0	29088	
37284	0	28904	
37285	0	29024	
37286	0	29048	
37287	0	29404	
37288	0	29324	
37289	0	29426	
37290	0	29684	
37291	0	30072	
37292	0	30040	
37293	0	29928	
37294	0	29826	
37295	0	30284	
37296	0	31032	
37297	0	31592	
37298	0	31964	
37299	0	32620	
37300	0	33208	
37301	0	33728	
37302	0	33716	
37303	0	32968	
37304	0	32140	
37305	0	31556	
37306	0	31032	
37307	0	31032	
37308	0	31744	
37309	0	32376	
37310	0	32832	
37311	0	33848	
37312	0	34824	
37313	0	35444	
37314	0	35988	
37315	0	36784	
37316	0	37964	
37317	0	38720	
37318	0	39060	
37319	0	39288	
37320	0	39256	
37321	0	39004	
37322	0	38160	
37323	0	37740	
37324	0	37580	
37325	0	37536	
37326	0	37736	
37327	0	37880	
37328	0	38028	
37329	0	37820	
37330	0	37916	
37331	0	37972	
37332	0	38704	
37333	0	39944	
37334	0	41100	
37335	0	41892	
37336	0	41768	
37337	0	41128	
37338	0	40624	
37339	0	39968	
37340	0	39496	
37341	0	39376	
37342	0	38808	
37343	0	38864	
37344	0	39020	
37345	0	38304	
37346	0	37792	
37347	0	37564	
37348	0	37272	
37349	0	36868	
37350	0	36224	
37351	0	35544	
37352	0	35308	
37353	0	34960	
37354	0	34764	
37355	0	35296	
37356	0	35904	
37357	0	36144	
37358	0	35360	
37359	0	32836	
37360	0	29654	
37361	0	27392	
37362	0	26336	
37363	0	26568	
37364	0	27210	
37365	0	27712	
37366	0	28528	
37367	0	29704	
37368	0	30064	
37369	0	30726	
37370	0	31424	
37371	0	31648	
37372	0	31996	
37373	0	32176	
37374	0	32480	
37375	0	32824	
37376	0	32652	
37377	0	32072	
37378	0	31652	
37379	0	31620	
37380	0	31808	
37381	0	31880	
37382	0	31956	
37383	0	32084	
37384	0	32492	
37385	0	32696	
37386	0	32704	
37387	0	33112	
37388	0	34188	
37389	0	35192	
37390	0	36152	
37391	0	37288	
37392	0	38036	
37393	0	38212	
37394	0	37668	
37395	0	36436	
37396	0	34924	
37397	0	33472	
37398	0	32384	
37399	0	31762	
37400	0	31236	
37401	0	30896	
37402	0	30328	
37403	0	29968	
37404	0	30112	
37405	0	30052	
37406	0	29940	
37407	0	30072	
37408	0	30264	
37409	0	30506	
37410	0	31052	
37411	0	31512	
37412	0	31828	
37413	0	32216	
37414	0	32236	
37415	0	32000	
37416	0	31780	
37417	0	31496	
37418	0	31512	
37419	0	31384	
37420	0	30976	
37421	0	30544	
37422	0	30416	
37423	0	30252	
37424	0	30024	
37425	0	29836	
37426	0	29940	
37427	0	30132	
37428	0	30164	
37429	0	29964	
37430	0	30240	
37431	0	31024	
37432	0	31584	
37433	0	31520	
37434	0	31256	
37435	0	31664	
37436	0	31756	
37437	0	31394	
37438	0	30944	
37439	0	30912	
37440	0	30776	
37441	0	31088	
37442	0	30932	
37443	0	30656	
37444	0	30432	
37445	0	30160	
37446	0	30282	
37447	0	30912	
37448	0	32360	
37449	0	33372	
37450	0	33684	
37451	0	33880	
37452	0	34208	
37453	0	34292	
37454	0	34476	
37455	0	34968	
37456	0	35312	
37457	0	35496	
37458	0	35548	
37459	0	35128	
37460	0	34768	
37461	0	35040	
37462	0	35352	
37463	0	35144	
37464	0	35192	
37465	0	35104	
37466	0	35240	
37467	0	35352	
37468	0	35416	
37469	0	35012	
37470	0	34890	
37471	0	35008	
37472	0	35320	
37473	0	36012	
37474	0	36560	
37475	0	36520	
37476	0	35936	
37477	0	35464	
37478	0	35628	
37479	0	35696	
37480	0	35412	
37481	0	35588	
37482	0	36020	
37483	0	36256	
37484	0	36124	
37485	0	35780	
37486	0	35596	
37487	0	35560	
37488	0	35932	
37489	0	36320	
37490	0	36736	
37491	0	37068	
37492	0	37052	
37493	0	36464	
37494	0	36152	
37495	0	36504	
37496	0	36128	
37497	0	35384	
37498	0	34400	
37499	0	33580	
37500	0	33068	
37501	0	32556	
37502	0	32524	
37503	0	32492	
37504	0	32596	
37505	0	32804	
37506	0	33176	
37507	0	33728	
37508	0	34220	
37509	0	34912	
37510	0	35640	
37511	0	36152	
37512	0	36780	
37513	0	37120	
37514	0	37124	
37515	0	36792	
37516	0	36156	
37517	0	35164	
37518	0	34264	
37519	0	33912	
37520	0	33596	
37521	0	33408	
37522	0	33184	
37523	0	33246	
37524	0	33052	
37525	0	33108	
37526	0	33768	
37527	0	34368	
37528	0	34356	
37529	0	34176	
37530	0	33916	
37531	0	33740	
37532	0	33276	
37533	0	33128	
37534	0	32560	
37535	0	31992	
37536	0	32212	
37537	0	32608	
37538	0	32856	
37539	0	32904	
37540	0	32676	
37541	0	32504	
37542	0	32320	
37543	0	32824	
37544	0	33368	
37545	0	33112	
37546	0	32712	
37547	0	33054	
37548	0	33560	
37549	0	33696	
37550	0	33560	
37551	0	33480	
37552	0	33508	
37553	0	33916	
37554	0	34492	
37555	0	35060	
37556	0	35028	
37557	0	34568	
37558	0	34512	
37559	0	34272	
37560	0	33960	
37561	0	34012	
37562	0	34072	
37563	0	33788	
37564	0	33628	
37565	0	33640	
37566	0	33548	
37567	0	32952	
37568	0	33168	
37569	0	33988	
37570	0	34688	
37571	0	35528	
37572	0	36416	
37573	0	36684	
37574	0	36156	
37575	0	35576	
37576	0	35016	
37577	0	34848	
37578	0	34624	
37579	0	34224	
37580	0	33872	
37581	0	33616	
37582	0	33452	
37583	0	33012	
37584	0	32396	
37585	0	32116	
37586	0	32272	
37587	0	32832	
37588	0	33164	
37589	0	33604	
37590	0	33552	
37591	0	33796	
37592	0	34144	
37593	0	34300	
37594	0	34680	
37595	0	35520	
37596	0	35896	
37597	0	35348	
37598	0	34520	
37599	0	33960	
37600	0	33616	
37601	0	33404	
37602	0	33280	
37603	0	33196	
37604	0	33076	
37605	0	33136	
37606	0	33764	
37607	0	34032	
37608	0	33720	
37609	0	33984	
37610	0	34396	
37611	0	34516	
37612	0	34952	
37613	0	35144	
37614	0	34760	
37615	0	34477	
37616	0	34016	
37617	0	33804	
37618	0	33912	
37619	0	33828	
37620	0	33400	
37621	0	32752	
37622	0	32380	
37623	0	32072	
37624	0	32084	
37625	0	32048	
37626	0	31572	
37627	0	31256	
37628	0	31340	
37629	0	31608	
37630	0	31940	
37631	0	32580	
37632	0	33084	
37633	0	33064	
37634	0	32788	
37635	0	32828	
37636	0	33232	
37637	0	33472	
37638	0	33472	
37639	0	33444	
37640	0	33224	
37641	0	33248	
37642	0	33324	
37643	0	33752	
37644	0	34464	
37645	0	34776	
37646	0	35012	
37647	0	34581	
37648	0	34328	
37649	0	34724	
37650	0	35368	
37651	0	36244	
37652	0	36816	
37653	0	36848	
37654	0	36320	
37655	0	35968	
37656	0	35464	
37657	0	35208	
37658	0	35424	
37659	0	35488	
37660	0	35572	
37661	0	35416	
37662	0	35400	
37663	0	35048	
37664	0	34576	
37665	0	34040	
37666	0	33616	
37667	0	33584	
37668	0	33960	
37669	0	34568	
37670	0	34868	
37671	0	35404	
37672	0	35828	
37673	0	36096	
37674	0	36184	
37675	0	36272	
37676	0	35832	
37677	0	34924	
37678	0	34112	
37679	0	34084	
37680	0	34100	
37681	0	33920	
37682	0	33604	
37683	0	33672	
37684	0	33652	
37685	0	33432	
37686	0	33356	
37687	0	32992	
37688	0	32400	
37689	0	32228	
37690	0	32492	
37691	0	33220	
37692	0	33908	
37693	0	34172	
37694	0	33852	
37695	0	33720	
37696	0	33704	
37697	0	33348	
37698	0	33380	
37699	0	33352	
37700	0	33496	
37701	0	33432	
37702	0	33552	
37703	0	33960	
37704	0	33848	
37705	0	33608	
37706	0	33340	
37707	0	33440	
37708	0	33480	
37709	0	33812	
37710	0	34372	
37711	0	34520	
37712	0	34960	
37713	0	35408	
37714	0	34916	
37715	0	34504	
37716	0	34100	
37717	0	33416	
37718	0	32828	
37719	0	32324	
37720	0	32260	
37721	0	32404	
37722	0	32724	
37723	0	33380	
37724	0	34180	
37725	0	34940	
37726	0	34720	
37727	0	34120	
37728	0	33532	
37729	0	33820	
37730	0	34016	
37731	0	34188	
37732	0	34320	
37733	0	34136	
37734	0	33960	
37735	0	33772	
37736	0	33424	
37737	0	33188	
37738	0	33232	
37739	0	33000	
37740	0	33080	
37741	0	33248	
37742	0	32836	
37743	0	32372	
37744	0	32284	
37745	0	32444	
37746	0	32672	
37747	0	33252	
37748	0	33772	
37749	0	33704	
37750	0	33928	
37751	0	34396	
37752	0	35636	
37753	0	36140	
37754	0	36360	
37755	0	36336	
37756	0	36136	
37757	0	35800	
37758	0	35740	
37759	0	35600	
37760	0	35316	
37761	0	35152	
37762	0	35352	
37763	0	35168	
37764	0	34822	
37765	0	34188	
37766	0	33516	
37767	0	32884	
37768	0	32792	
37769	0	32944	
37770	0	33156	
37771	0	33760	
37772	0	34100	
37773	0	34208	
37774	0	34464	
37775	0	34056	
37776	0	33108	
37777	0	32232	
37778	0	31956	
37779	0	31624	
37780	0	31500	
37781	0	31144	
37782	0	30768	
37783	0	30560	
37784	0	30380	
37785	0	29928	
37786	0	29804	
37787	0	29856	
37788	0	29980	
37789	0	30304	
37790	0	30484	
37791	0	30292	
37792	0	30540	
37793	0	30388	
37794	0	30132	
37795	0	30248	
37796	0	29948	
37797	0	29272	
37798	0	29272	
37799	0	29752	
37800	0	30208	
37801	0	30556	
37802	0	30548	
37803	0	30632	
37804	0	30840	
37805	0	30792	
37806	0	30784	
37807	0	31304	
37808	0	32172	
37809	0	33268	
37810	0	33952	
37811	0	33632	
37812	0	33552	
37813	0	33936	
37814	0	34172	
37815	0	34332	
37816	0	33716	
37817	0	32884	
37818	0	32324	
37819	0	31876	
37820	0	31224	
37821	0	30744	
37822	0	31032	
37823	0	31476	
37824	0	31736	
37825	0	31640	
37826	0	31544	
37827	0	32060	
37828	0	33168	
37829	0	33468	
37830	0	33640	
37831	0	33616	
37832	0	33576	
37833	0	33708	
37834	0	33692	
37835	0	34000	
37836	0	34024	
37837	0	33844	
37838	0	33224	
37839	0	32104	
37840	0	31020	
37841	0	31040	
37842	0	31508	
37843	0	32088	
37844	0	32140	
37845	0	31924	
37846	0	31868	
37847	0	32080	
37848	0	32704	
37849	0	32848	
37850	0	32724	
37851	0	32780	
37852	0	33076	
37853	0	32980	
37854	0	32904	
37855	0	33108	
37856	0	33904	
37857	0	34192	
37858	0	33892	
37859	0	33056	
37860	0	32304	
37861	0	31952	
37862	0	31380	
37863	0	31274	
37864	0	31348	
37865	0	31308	
37866	0	31380	
37867	0	31384	
37868	0	31268	
37869	0	31392	
37870	0	31652	
37871	0	31144	
37872	0	30672	
37873	0	30906	
37874	0	31420	
37875	0	32184	
37876	0	32344	
37877	0	32152	
37878	0	32154	
37879	0	32028	
37880	0	31280	
37881	0	30556	
37882	0	30412	
37883	0	30492	
37884	0	30426	
37885	0	30064	
37886	0	29298	
37887	0	29320	
37888	0	29912	
37889	0	30768	
37890	0	31680	
37891	0	32528	
37892	0	33464	
37893	0	34328	
37894	0	34708	
37895	0	34880	
37896	0	34656	
37897	0	33948	
37898	0	32668	
37899	0	31796	
37900	0	31728	
37901	0	31588	
37902	0	31192	
37903	0	31288	
37904	0	31572	
37905	0	31800	
37906	0	32608	
37907	0	33488	
37908	0	33968	
37909	0	33888	
37910	0	33908	
37911	0	34352	
37912	0	34632	
37913	0	34628	
37914	0	34684	
37915	0	34648	
37916	0	34944	
37917	0	35152	
37918	0	34004	
37919	0	32288	
37920	0	31140	
37921	0	30728	
37922	0	30524	
37923	0	30734	
37924	0	31248	
37925	0	31452	
37926	0	31480	
37927	0	31208	
37928	0	31348	
37929	0	31780	
37930	0	31824	
37931	0	31784	
37932	0	32024	
37933	0	32128	
37934	0	31976	
37935	0	31804	
37936	0	31208	
37937	0	29884	
37938	0	28456	
37939	0	28060	
37940	0	28160	
37941	0	28112	
37942	0	27822	
37943	0	26748	
37944	0	26356	
37945	0	27388	
37946	0	27902	
37947	0	28368	
37948	0	30336	
37949	0	31572	
37950	0	31428	
37951	0	30732	
37952	0	30660	
37953	0	30852	
37954	0	31680	
37955	0	32768	
37956	0	33128	
37957	0	33312	
37958	0	33064	
37959	0	32992	
37960	0	32888	
37961	0	32952	
37962	0	33096	
37963	0	33008	
37964	0	32992	
37965	0	33148	
37966	0	33500	
37967	0	33736	
37968	0	34052	
37969	0	34792	
37970	0	35034	
37971	0	35560	
37972	0	36004	
37973	0	36152	
37974	0	35788	
37975	0	35424	
37976	0	34840	
37977	0	34536	
37978	0	34436	
37979	0	34308	
37980	0	34416	
37981	0	34256	
37982	0	33364	
37983	0	32624	
37984	0	32428	
37985	0	32744	
37986	0	33144	
37987	0	33120	
37988	0	33736	
37989	0	34560	
37990	0	35144	
37991	0	35632	
37992	0	35648	
37993	0	35152	
37994	0	34860	
37995	0	34808	
37996	0	34376	
37997	0	33648	
37998	0	33184	
37999	0	33232	
38000	0	32820	
38001	0	32288	
38002	0	31880	
38003	0	31552	
38004	0	31492	
38005	0	30481	
38006	0	29508	
38007	0	30000	
38008	0	30848	
38009	0	31576	
38010	0	32344	
38011	0	32950	
38012	0	33952	
38013	0	34632	
38014	0	34572	
38015	0	34688	
38016	0	34416	
38017	0	33520	
38018	0	31808	
38019	0	30532	
38020	0	30792	
38021	0	31128	
38022	0	30608	
38023	0	29732	
38024	0	29204	
38025	0	29824	
38026	0	30392	
38027	0	30592	
38028	0	30928	
38029	0	31060	
38030	0	31080	
38031	0	31260	
38032	0	31832	
38033	0	31856	
38034	0	31472	
38035	0	30716	
38036	0	30448	
38037	0	30288	
38038	0	30324	
38039	0	30640	
38040	0	31194	
38041	0	31364	
38042	0	30856	
38043	0	30144	
38044	0	29508	
38045	0	30136	
38046	0	30856	
38047	0	30800	
38048	0	30436	
38049	0	30364	
38050	0	30272	
38051	0	30186	
38052	0	30280	
38053	0	30280	
38054	0	30250	
38055	0	31152	
38056	0	31752	
38057	0	31876	
38058	0	31696	
38059	0	31408	
38060	0	31384	
38061	0	31252	
38062	0	31192	
38063	0	31192	
38064	0	30892	
38065	0	30666	
38066	0	30568	
38067	0	30660	
38068	0	31020	
38069	0	31684	
38070	0	32996	
38071	0	32988	
38072	0	32436	
38073	0	31248	
38074	0	28512	
38075	0	27044	
38076	0	28264	
38077	0	29696	
38078	0	31324	
38079	0	32656	
38080	0	32884	
38081	0	32800	
38082	0	33144	
38083	0	33732	
38084	0	34016	
38085	0	34244	
38086	0	34600	
38087	0	34820	
38088	0	34904	
38089	0	34576	
38090	0	34228	
38091	0	34352	
38092	0	34488	
38093	0	34680	
38094	0	34708	
38095	0	34648	
38096	0	34532	
38097	0	34200	
38098	0	33352	
38099	0	32234	
38100	0	31376	
38101	0	30872	
38102	0	30444	
38103	0	30524	
38104	0	30740	
38105	0	30624	
38106	0	30308	
38107	0	30520	
38108	0	31084	
38109	0	31304	
38110	0	31056	
38111	0	30188	
38112	0	29252	
38113	0	30122	
38114	0	32048	
38115	0	33256	
38116	0	33472	
38117	0	33400	
38118	0	32864	
38119	0	32180	
38120	0	31424	
38121	0	30100	
38122	0	29264	
38123	0	28840	
38124	0	28736	
38125	0	28736	
38126	0	28436	
38127	0	27680	
38128	0	27492	
38129	0	27964	
38130	0	28882	
38131	0	29380	
38132	0	28632	
38133	0	27576	
38134	0	29192	
38135	0	31508	
38136	0	32380	
38137	0	32192	
38138	0	31912	
38139	0	31712	
38140	0	31388	
38141	0	30778	
38142	0	29832	
38143	0	29432	
38144	0	28782	
38145	0	27532	
38146	0	26748	
38147	0	27820	
38148	0	28760	
38149	0	28128	
38150	0	26816	
38151	0	27672	
38152	0	29944	
38153	0	31474	
38154	0	32552	
38155	0	34056	
38156	0	35960	
38157	0	36888	
38158	0	37136	
38159	0	36964	
38160	0	37104	
38161	0	37020	
38162	0	37404	
38163	0	37592	
38164	0	37760	
38165	0	37240	
38166	0	36996	
38167	0	37752	
38168	0	38412	
38169	0	38844	
38170	0	38856	
38171	0	37448	
38172	0	34820	
38173	0	33152	
38174	0	33916	
38175	0	36124	
38176	0	37272	
38177	0	37520	
38178	0	37384	
38179	0	36832	
38180	0	36056	
38181	0	35316	
38182	0	34520	
38183	0	34148	
38184	0	34024	
38185	0	32692	
38186	0	30488	
38187	0	30092	
38188	0	30644	
38189	0	32512	
38190	0	35008	
38191	0	37120	
38192	0	38112	
38193	0	38316	
38194	0	38296	
38195	0	38364	
38196	0	37868	
38197	0	37072	
38198	0	36288	
38199	0	35480	
38200	0	34624	
38201	0	34088	
38202	0	34616	
38203	0	35904	
38204	0	36640	
38205	0	36876	
38206	0	37220	
38207	0	37064	
38208	0	36724	
38209	0	37176	
38210	0	37784	
38211	0	38584	
38212	0	39300	
38213	0	39116	
38214	0	38792	
38215	0	38320	
38216	0	36964	
38217	0	35284	
38218	0	34420	
38219	0	35120	
38220	0	35484	
38221	0	35956	
38222	0	36280	
38223	0	35616	
38224	0	33640	
38225	0	32708	
38226	0	34192	
38227	0	35392	
38228	0	35988	
38229	0	36684	
38230	0	37528	
38231	0	37848	
38232	0	37370	
38233	0	37418	
38234	0	37560	
38235	0	37768	
38236	0	37392	
38237	0	35568	
38238	0	32732	
38239	0	32452	
38240	0	32928	
38241	0	32744	
38242	0	32164	
38243	0	31872	
38244	0	31260	
38245	0	29648	
38246	0	27196	
38247	0	25968	
38248	0	27264	
38249	0	30274	
38250	0	32624	
38251	0	34220	
38252	0	34852	
38253	0	35064	
38254	0	35100	
38255	0	35328	
38256	0	35068	
38257	0	35124	
38258	0	34960	
38259	0	34384	
38260	0	34344	
38261	0	33996	
38262	0	33360	
38263	0	33372	
38264	0	34104	
38265	0	34052	
38266	0	33696	
38267	0	33844	
38268	0	34324	
38269	0	34272	
38270	0	33904	
38271	0	34340	
38272	0	36096	
38273	0	38368	
38274	0	40280	
38275	0	40832	
38276	0	39880	
38277	0	37252	
38278	0	34256	
38279	0	32052	
38280	0	30908	
38281	0	30272	
38282	0	29276	
38283	0	28276	
38284	0	27156	
38285	0	26528	
38286	0	26908	
38287	0	28268	
38288	0	29456	
38289	0	29728	
38290	0	29340	
38291	0	27008	
38292	0	22980	
38293	0	23940	
38294	0	28084	
38295	0	30900	
38296	0	30612	
38297	0	28996	
38298	0	28796	
38299	0	29052	
38300	0	29344	
38301	0	29828	
38302	0	30368	
38303	0	30860	
38304	0	30888	
38305	0	30728	
38306	0	30668	
38307	0	30628	
38308	0	30740	
38309	0	30588	
38310	0	30082	
38311	0	30748	
38312	0	32332	
38313	0	33872	
38314	0	34500	
38315	0	34912	
38316	0	35496	
38317	0	35908	
38318	0	35964	
38319	0	35504	
38320	0	34040	
38321	0	31252	
38322	0	28468	
38323	0	28024	
38324	0	29618	
38325	0	31032	
38326	0	31912	
38327	0	32776	
38328	0	33172	
38329	0	33404	
38330	0	33568	
38331	0	33652	
38332	0	33412	
38333	0	33092	
38334	0	32956	
38335	0	32972	
38336	0	33136	
38337	0	32920	
38338	0	32608	
38339	0	32768	
38340	0	32924	
38341	0	32632	
38342	0	31620	
38343	0	31240	
38344	0	31844	
38345	0	32608	
38346	0	33162	
38347	0	33580	
38348	0	33584	
38349	0	33324	
38350	0	32328	
38351	0	32980	
38352	0	34024	
38353	0	33856	
38354	0	33900	
38355	0	34124	
38356	0	34008	
38357	0	33620	
38358	0	33328	
38359	0	33480	
38360	0	33284	
38361	0	32256	
38362	0	30608	
38363	0	29838	
38364	0	29256	
38365	0	29728	
38366	0	30352	
38367	0	30492	
38368	0	31160	
38369	0	32016	
38370	0	32312	
38371	0	32440	
38372	0	32628	
38373	0	32264	
38374	0	33444	
38375	0	35316	
38376	0	35576	
38377	0	34776	
38378	0	35264	
38379	0	35808	
38380	0	35032	
38381	0	34444	
38382	0	34728	
38383	0	34604	
38384	0	34540	
38385	0	33816	
38386	0	32780	
38387	0	34152	
38388	0	35832	
38389	0	37192	
38390	0	37432	
38391	0	35788	
38392	0	33804	
38393	0	33640	
38394	0	36428	
38395	0	38960	
38396	0	38424	
38397	0	37056	
38398	0	35324	
38399	0	33956	
38400	0	32984	
38401	0	32064	
38402	0	31244	
38403	0	31264	
38404	0	31728	
38405	0	32128	
38406	0	32648	
38407	0	32540	
38408	0	32032	
38409	0	31828	
38410	0	32320	
38411	0	32912	
38412	0	33040	
38413	0	33104	
38414	0	32860	
38415	0	32232	
38416	0	31464	
38417	0	30596	
38418	0	30272	
38419	0	30268	
38420	0	29452	
38421	0	28836	
38422	0	28280	
38423	0	27720	
38424	0	28036	
38425	0	28220	
38426	0	28012	
38427	0	28016	
38428	0	28752	
38429	0	29360	
38430	0	29972	
38431	0	30930	
38432	0	31524	
38433	0	31728	
38434	0	31594	
38435	0	31832	
38436	0	32820	
38437	0	34264	
38438	0	34844	
38439	0	34760	
38440	0	34100	
38441	0	31936	
38442	0	29032	
38443	0	27136	
38444	0	26564	
38445	0	26508	
38446	0	27276	
38447	0	29220	
38448	0	31216	
38449	0	32576	
38450	0	33392	
38451	0	33340	
38452	0	33576	
38453	0	33600	
38454	0	33716	
38455	0	33528	
38456	0	33308	
38457	0	33244	
38458	0	32944	
38459	0	32996	
38460	0	33396	
38461	0	32756	
38462	0	31046	
38463	0	28676	
38464	0	26509	
38465	0	25240	
38466	0	25282	
38467	0	26350	
38468	0	28624	
38469	0	31916	
38470	0	35532	
38471	0	38148	
38472	0	40056	
38473	0	40752	
38474	0	40692	
38475	0	39824	
38476	0	38920	
38477	0	38648	
38478	0	38526	
38479	0	38660	
38480	0	38642	
38481	0	38324	
38482	0	38864	
38483	0	39400	
38484	0	39528	
38485	0	38264	
38486	0	35124	
38487	0	31092	
38488	0	28562	
38489	0	27476	
38490	0	26872	
38491	0	26244	
38492	0	26300	
38493	0	27272	
38494	0	28084	
38495	0	29068	
38496	0	30020	
38497	0	30836	
38498	0	30636	
38499	0	30392	
38500	0	29760	
38501	0	28956	
38502	0	28972	
38503	0	30056	
38504	0	30976	
38505	0	31008	
38506	0	30604	
38507	0	30464	
38508	0	30276	
38509	0	30292	
38510	0	30645	
38511	0	31328	
38512	0	32040	
38513	0	32148	
38514	0	32868	
38515	0	33360	
38516	0	33736	
38517	0	33904	
38518	0	33992	
38519	0	33560	
38520	0	32520	
38521	0	30904	
38522	0	29456	
38523	0	28616	
38524	0	28568	
38525	0	29056	
38526	0	29096	
38527	0	29312	
38528	0	29852	
38529	0	30408	
38530	0	30976	
38531	0	31456	
38532	0	31660	
38533	0	31930	
38534	0	32376	
38535	0	33528	
38536	0	34386	
38537	0	34604	
38538	0	34324	
38539	0	33848	
38540	0	33600	
38541	0	33341	
38542	0	33164	
38543	0	33260	
38544	0	33664	
38545	0	34013	
38546	0	34384	
38547	0	34180	
38548	0	34372	
38549	0	34740	
38550	0	34944	
38551	0	35512	
38552	0	35816	
38553	0	35696	
38554	0	35652	
38555	0	35688	
38556	0	34904	
38557	0	33610	
38558	0	32352	
38559	0	31520	
38560	0	31468	
38561	0	31580	
38562	0	31728	
38563	0	32180	
38564	0	32952	
38565	0	33256	
38566	0	32968	
38567	0	32516	
38568	0	32460	
38569	0	32416	
38570	0	32700	
38571	0	33448	
38572	0	34960	
38573	0	36608	
38574	0	37748	
38575	0	38108	
38576	0	36056	
38577	0	32516	
38578	0	30468	
38579	0	30244	
38580	0	30216	
38581	0	29500	
38582	0	27916	
38583	0	25680	
38584	0	25840	
38585	0	28724	
38586	0	31084	
38587	0	32552	
38588	0	33808	
38589	0	34908	
38590	0	35000	
38591	0	34848	
38592	0	33092	
38593	0	31092	
38594	0	29412	
38595	0	30348	
38596	0	32024	
38597	0	32308	
38598	0	32276	
38599	0	32564	
38600	0	32816	
38601	0	32296	
38602	0	31876	
38603	0	32092	
38604	0	32560	
38605	0	32892	
38606	0	33032	
38607	0	33920	
38608	0	34376	
38609	0	34652	
38610	0	34636	
38611	0	34740	
38612	0	34880	
38613	0	34688	
38614	0	34032	
38615	0	33208	
38616	0	33508	
38617	0	33944	
38618	0	33624	
38619	0	32284	
38620	0	31672	
38621	0	32132	
38622	0	32440	
38623	0	32544	
38624	0	31936	
38625	0	32020	
38626	0	32296	
38627	0	32792	
38628	0	33844	
38629	0	34640	
38630	0	34556	
38631	0	33836	
38632	0	33256	
38633	0	33024	
38634	0	33360	
38635	0	33732	
38636	0	33960	
38637	0	33812	
38638	0	33264	
38639	0	32488	
38640	0	32004	
38641	0	31672	
38642	0	31588	
38643	0	31764	
38644	0	30808	
38645	0	29744	
38646	0	29644	
38647	0	29276	
38648	0	29596	
38649	0	31476	
38650	0	33716	
38651	0	35072	
38652	0	34956	
38653	0	34908	
38654	0	34760	
38655	0	34072	
38656	0	34104	
38657	0	34632	
38658	0	34460	
38659	0	34024	
38660	0	32848	
38661	0	32956	
38662	0	33988	
38663	0	33648	
38664	0	33872	
38665	0	35088	
38666	0	36036	
38667	0	32492	
38668	0	27386	
38669	0	25672	
38670	0	27792	
38671	0	31960	
38672	0	34688	
38673	0	35580	
38674	0	36296	
38675	0	36572	
38676	0	36708	
38677	0	36316	
38678	0	35404	
38679	0	35148	
38680	0	35400	
38681	0	35388	
38682	0	35176	
38683	0	35252	
38684	0	35400	
38685	0	35416	
38686	0	35692	
38687	0	34576	
38688	0	34380	
38689	0	35816	
38690	0	36512	
38691	0	36824	
38692	0	37432	
38693	0	37200	
38694	0	36696	
38695	0	35272	
38696	0	34309	
38697	0	33980	
38698	0	34168	
38699	0	34248	
38700	0	34216	
38701	0	34236	
38702	0	33700	
38703	0	32744	
38704	0	31540	
38705	0	31676	
38706	0	31812	
38707	0	31576	
38708	0	31744	
38709	0	32984	
38710	0	33624	
38711	0	33624	
38712	0	33504	
38713	0	33656	
38714	0	33928	
38715	0	32428	
38716	0	30064	
38717	0	30364	
38718	0	31320	
38719	0	31300	
38720	0	30800	
38721	0	29948	
38722	0	30672	
38723	0	31750	
38724	0	32788	
38725	0	33092	
38726	0	33520	
38727	0	33008	
38728	0	32292	
38729	0	31868	
38730	0	32204	
38731	0	32356	
38732	0	32557	
38733	0	32816	
38734	0	33488	
38735	0	34552	
38736	0	34796	
38737	0	34920	
38738	0	34412	
38739	0	33284	
38740	0	32212	
38741	0	31328	
38742	0	30928	
38743	0	30392	
38744	0	29620	
38745	0	29284	
38746	0	29464	
38747	0	30036	
38748	0	30768	
38749	0	31204	
38750	0	31524	
38751	0	32012	
38752	0	32552	
38753	0	32408	
38754	0	31776	
38755	0	31656	
38756	0	32062	
38757	0	31792	
38758	0	31528	
38759	0	31140	
38760	0	30696	
38761	0	30480	
38762	0	30844	
38763	0	30944	
38764	0	31376	
38765	0	32376	
38766	0	32872	
38767	0	33148	
38768	0	33120	
38769	0	32356	
38770	0	32012	
38771	0	33104	
38772	0	33880	
38773	0	33400	
38774	0	33176	
38775	0	33728	
38776	0	34848	
38777	0	36352	
38778	0	37832	
38779	0	37060	
38780	0	34508	
38781	0	32764	
38782	0	31912	
38783	0	31988	
38784	0	32428	
38785	0	32640	
38786	0	32536	
38787	0	32780	
38788	0	33002	
38789	0	33448	
38790	0	34292	
38791	0	35048	
38792	0	35056	
38793	0	34576	
38794	0	34348	
38795	0	34424	
38796	0	34928	
38797	0	35220	
38798	0	35696	
38799	0	34940	
38800	0	33940	
38801	0	35676	
38802	0	37072	
38803	0	36924	
38804	0	36392	
38805	0	35864	
38806	0	35072	
38807	0	34764	
38808	0	34740	
38809	0	34924	
38810	0	35028	
38811	0	34648	
38812	0	34188	
38813	0	33388	
38814	0	32784	
38815	0	32000	
38816	0	31072	
38817	0	30492	
38818	0	30336	
38819	0	30188	
38820	0	29968	
38821	0	30256	
38822	0	30928	
38823	0	31404	
38824	0	31240	
38825	0	30844	
38826	0	30432	
38827	0	30330	
38828	0	30316	
38829	0	30176	
38830	0	30176	
38831	0	30212	
38832	0	29962	
38833	0	30112	
38834	0	30596	
38835	0	30916	
38836	0	30992	
38837	0	29908	
38838	0	28216	
38839	0	27538	
38840	0	27082	
38841	0	26132	
38842	0	25632	
38843	0	26070	
38844	0	26426	
38845	0	26752	
38846	0	27720	
38847	0	28816	
38848	0	29536	
38849	0	30344	
38850	0	31180	
38851	0	31652	
38852	0	31632	
38853	0	31404	
38854	0	31260	
38855	0	31084	
38856	0	31392	
38857	0	31616	
38858	0	32064	
38859	0	32388	
38860	0	32176	
38861	0	31916	
38862	0	31818	
38863	0	32116	
38864	0	31984	
38865	0	31908	
38866	0	31896	
38867	0	32188	
38868	0	32756	
38869	0	33284	
38870	0	33628	
38871	0	34224	
38872	0	35384	
38873	0	36168	
38874	0	37048	
38875	0	37440	
38876	0	37568	
38877	0	37336	
38878	0	36600	
38879	0	36008	
38880	0	35784	
38881	0	35268	
38882	0	35224	
38883	0	35224	
38884	0	35224	
38885	0	35628	
38886	0	35920	
38887	0	36492	
38888	0	37084	
38889	0	37728	
38890	0	38388	
38891	0	38796	
38892	0	38756	
38893	0	38744	
38894	0	39216	
38895	0	39604	
38896	0	39340	
38897	0	39620	
38898	0	40220	
38899	0	41120	
38900	0	42400	
38901	0	42520	
38902	0	40076	
38903	0	37480	
38904	0	35544	
38905	0	34140	
38906	0	33428	
38907	0	33060	
38908	0	32572	
38909	0	32304	
38910	0	32832	
38911	0	33908	
38912	0	34848	
38913	0	34936	
38914	0	34692	
38915	0	34240	
38916	0	33384	
38917	0	32500	
38918	0	31848	
38919	0	31404	
38920	0	30552	
38921	0	29600	
38922	0	28844	
38923	0	28536	
38924	0	28852	
38925	0	29168	
38926	0	29556	
38927	0	29904	
38928	0	29896	
38929	0	29844	
38930	0	29464	
38931	0	29264	
38932	0	29300	
38933	0	28916	
38934	0	28340	
38935	0	27686	
38936	0	27244	
38937	0	26704	
38938	0	26012	
38939	0	26248	
38940	0	28160	
38941	0	31320	
38942	0	34724	
38943	0	37748	
38944	0	39560	
38945	0	40792	
38946	0	40613	
38947	0	39856	
38948	0	38844	
38949	0	37536	
38950	0	36364	
38951	0	36092	
38952	0	36404	
38953	0	36236	
38954	0	35868	
38955	0	36832	
38956	0	38144	
38957	0	38644	
38958	0	38708	
38959	0	38568	
38960	0	38284	
38961	0	37336	
38962	0	36512	
38963	0	35884	
38964	0	35820	
38965	0	36172	
38966	0	36672	
38967	0	37308	
38968	0	37908	
38969	0	38224	
38970	0	38864	
38971	0	39264	
38972	0	39196	
38973	0	38780	
38974	0	38532	
38975	0	38396	
38976	0	38348	
38977	0	38144	
38978	0	37680	
38979	0	36776	
38980	0	36176	
38981	0	35856	
38982	0	35132	
38983	0	34464	
38984	0	34232	
38985	0	34960	
38986	0	35516	
38987	0	35628	
38988	0	36000	
38989	0	36568	
38990	0	37664	
38991	0	38044	
38992	0	37784	
38993	0	37652	
38994	0	37656	
38995	0	37980	
38996	0	38760	
38997	0	39472	
38998	0	39564	
38999	0	39360	
39000	0	38464	
39001	0	37176	
39002	0	36256	
39003	0	35488	
39004	0	34128	
39005	0	32916	
39006	0	32655	
39007	0	33132	
39008	0	33408	
39009	0	33636	
39010	0	33948	
39011	0	33940	
39012	0	33552	
39013	0	33640	
39014	0	33604	
39015	0	33472	
39016	0	33088	
39017	0	32616	
39018	0	31952	
39019	0	31328	
39020	0	30604	
39021	0	30000	
39022	0	29624	
39023	0	29754	
39024	0	29580	
39025	0	29228	
39026	0	29032	
39027	0	28936	
39028	0	29566	
39029	0	30120	
39030	0	30318	
39031	0	30504	
39032	0	30640	
39033	0	30576	
39034	0	30796	
39035	0	30404	
39036	0	30040	
39037	0	29696	
39038	0	29384	
39039	0	29180	
39040	0	28920	
39041	0	28748	
39042	0	28792	
39043	0	28636	
39044	0	27880	
39045	0	27344	
39046	0	27712	
39047	0	27868	
39048	0	27780	
39049	0	28192	
39050	0	29152	
39051	0	29704	
39052	0	29836	
39053	0	29680	
39054	0	29532	
39055	0	29700	
39056	0	30232	
39057	0	30772	
39058	0	31480	
39059	0	32180	
39060	0	32728	
39061	0	32548	
39062	0	31708	
39063	0	31480	
39064	0	31564	
39065	0	31356	
39066	0	31692	
39067	0	32332	
39068	0	33460	
39069	0	34840	
39070	0	35468	
39071	0	36120	
39072	0	37316	
39073	0	38024	
39074	0	38860	
39075	0	39236	
39076	0	39584	
39077	0	39136	
39078	0	38248	
39079	0	37448	
39080	0	36316	
39081	0	35608	
39082	0	35032	
39083	0	35316	
39084	0	36016	
39085	0	36992	
39086	0	37464	
39087	0	37476	
39088	0	37648	
39089	0	37840	
39090	0	37940	
39091	0	38144	
39092	0	38028	
39093	0	37704	
39094	0	37464	
39095	0	36724	
39096	0	35124	
39097	0	33600	
39098	0	32492	
39099	0	31572	
39100	0	30936	
39101	0	30584	
39102	0	30416	
39103	0	30600	
39104	0	30620	
39105	0	31024	
39106	0	31144	
39107	0	32008	
39108	0	33148	
39109	0	34040	
39110	0	34900	
39111	0	35776	
39112	0	35836	
39113	0	35588	
39114	0	35236	
39115	0	34780	
39116	0	34248	
39117	0	33756	
39118	0	33456	
39119	0	33092	
39120	0	32568	
39121	0	32232	
39122	0	32136	
39123	0	32432	
39124	0	32772	
39125	0	32640	
39126	0	32684	
39127	0	33028	
39128	0	33480	
39129	0	33504	
39130	0	33432	
39131	0	33032	
39132	0	33120	
39133	0	33732	
39134	0	34748	
39135	0	34340	
39136	0	33380	
39137	0	32716	
39138	0	32684	
39139	0	32696	
39140	0	31832	
39141	0	31140	
39142	0	31084	
39143	0	31256	
39144	0	31336	
39145	0	31132	
39146	0	31052	
39147	0	30900	
39148	0	30860	
39149	0	30852	
39150	0	30760	
39151	0	30748	
39152	0	30932	
39153	0	31160	
39154	0	31128	
39155	0	30864	
39156	0	30360	
39157	0	29810	
39158	0	29588	
39159	0	29288	
39160	0	29124	
39161	0	28756	
39162	0	28432	
39163	0	27988	
39164	0	27288	
39165	0	26776	
39166	0	26292	
39167	0	26345	
39168	0	27392	
39169	0	28736	
39170	0	29872	
39171	0	30880	
39172	0	31298	
39173	0	32008	
39174	0	32544	
39175	0	32344	
39176	0	31612	
39177	0	30780	
39178	0	30500	
39179	0	30472	
39180	0	30680	
39181	0	30604	
39182	0	30376	
39183	0	30180	
39184	0	29696	
39185	0	29812	
39186	0	30224	
39187	0	30632	
39188	0	30592	
39189	0	30508	
39190	0	30180	
39191	0	29856	
39192	0	29188	
39193	0	28268	
39194	0	27876	
39195	0	27392	
39196	0	27188	
39197	0	26928	
39198	0	26560	
39199	0	26160	
39200	0	25900	
39201	0	25946	
39202	0	25992	
39203	0	26436	
39204	0	26728	
39205	0	27408	
39206	0	28120	
39207	0	28440	
39208	0	28984	
39209	0	29652	
39210	0	30356	
39211	0	30832	
39212	0	30704	
39213	0	30448	
39214	0	30416	
39215	0	29888	
39216	0	28984	
39217	0	28704	
39218	0	28864	
39219	0	28764	
39220	0	28248	
39221	0	27892	
39222	0	27638	
39223	0	27180	
39224	0	26902	
39225	0	26772	
39226	0	27092	
39227	0	28080	
39228	0	29084	
39229	0	30112	
39230	0	30760	
39231	0	30876	
39232	0	31304	
39233	0	30528	
39234	0	29996	
39235	0	29944	
39236	0	30320	
39237	0	30192	
39238	0	29802	
39239	0	29376	
39240	0	29420	
39241	0	28848	
39242	0	27788	
39243	0	27056	
39244	0	27132	
39245	0	27204	
39246	0	27356	
39247	0	27536	
39248	0	27572	
39249	0	27876	
39250	0	28568	
39251	0	29080	
39252	0	29188	
39253	0	28880	
39254	0	28384	
39255	0	28204	
39256	0	28388	
39257	0	28428	
39258	0	28300	
39259	0	28444	
39260	0	28532	
39261	0	28348	
39262	0	27888	
39263	0	27360	
39264	0	27408	
39265	0	27808	
39266	0	28480	
39267	0	29442	
39268	0	30280	
39269	0	30504	
39270	0	30616	
39271	0	31288	
39272	0	31320	
39273	0	31160	
39274	0	31232	
39275	0	30880	
39276	0	30780	
39277	0	30820	
39278	0	31172	
39279	0	31668	
39280	0	32324	
39281	0	32948	
39282	0	32572	
39283	0	31868	
39284	0	31136	
39285	0	30832	
39286	0	30112	
39287	0	29856	
39288	0	29920	
39289	0	30236	
39290	0	31020	
39291	0	31980	
39292	0	32740	
39293	0	32776	
39294	0	32512	
39295	0	31956	
39296	0	31852	
39297	0	31900	
39298	0	32200	
39299	0	32620	
39300	0	32296	
39301	0	31328	
39302	0	30504	
39303	0	29940	
39304	0	29524	
39305	0	29248	
39306	0	29380	
39307	0	30080	
39308	0	31456	
39309	0	32312	
39310	0	32336	
39311	0	32504	
39312	0	32700	
39313	0	32696	
39314	0	32716	
39315	0	32558	
39316	0	31924	
39317	0	31848	
39318	0	31996	
39319	0	31948	
39320	0	31588	
39321	0	30844	
39322	0	30372	
39323	0	30304	
39324	0	30344	
39325	0	30568	
39326	0	31148	
39327	0	31620	
39328	0	31948	
39329	0	32356	
39330	0	33072	
39331	0	33236	
39332	0	33180	
39333	0	33292	
39334	0	33384	
39335	0	33476	
39336	0	33328	
39337	0	33148	
39338	0	32848	
39339	0	32892	
39340	0	32904	
39341	0	33344	
39342	0	33520	
39343	0	33228	
39344	0	32880	
39345	0	33084	
39346	0	33500	
39347	0	33532	
39348	0	33788	
39349	0	34388	
39350	0	35384	
39351	0	36336	
39352	0	37344	
39353	0	37604	
39354	0	37436	
39355	0	36592	
39356	0	35664	
39357	0	34652	
39358	0	33972	
39359	0	33120	
39360	0	32164	
39361	0	31116	
39362	0	30184	
39363	0	29264	
39364	0	29292	
39365	0	29752	
39366	0	30496	
39367	0	30872	
39368	0	30780	
39369	0	30660	
39370	0	30716	
39371	0	30776	
39372	0	30752	
39373	0	30628	
39374	0	30448	
39375	0	30240	
39376	0	29528	
39377	0	29604	
39378	0	30348	
39379	0	30760	
39380	0	31240	
39381	0	31488	
39382	0	31264	
39383	0	31472	
39384	0	31448	
39385	0	31284	
39386	0	30964	
39387	0	30440	
39388	0	31068	
39389	0	32264	
39390	0	33756	
39391	0	34680	
39392	0	35352	
39393	0	36200	
39394	0	36584	
39395	0	36368	
39396	0	35888	
39397	0	36296	
39398	0	37348	
39399	0	38332	
39400	0	39796	
39401	0	41164	
39402	0	40072	
39403	0	36788	
39404	0	34048	
39405	0	32252	
39406	0	31692	
39407	0	31756	
39408	0	32140	
39409	0	33068	
39410	0	34128	
39411	0	35212	
39412	0	35964	
39413	0	36380	
39414	0	37004	
39415	0	37392	
39416	0	37272	
39417	0	37020	
39418	0	37028	
39419	0	37216	
39420	0	37308	
39421	0	37096	
39422	0	36796	
39423	0	36556	
39424	0	36280	
39425	0	35360	
39426	0	35036	
39427	0	35672	
39428	0	36576	
39429	0	36860	
39430	0	36748	
39431	0	36476	
39432	0	36140	
39433	0	36228	
39434	0	36552	
39435	0	36348	
39436	0	35384	
39437	0	34988	
39438	0	35264	
39439	0	35408	
39440	0	35028	
39441	0	34316	
39442	0	33588	
39443	0	32584	
39444	0	32092	
39445	0	31776	
39446	0	31204	
39447	0	30900	
39448	0	30884	
39449	0	30640	
39450	0	30604	
39451	0	30880	
39452	0	31128	
39453	0	31700	
39454	0	32516	
39455	0	32404	
39456	0	32328	
39457	0	31980	
39458	0	31388	
39459	0	30936	
39460	0	30664	
39461	0	30496	
39462	0	30412	
39463	0	30416	
39464	0	30600	
39465	0	31000	
39466	0	31532	
39467	0	31808	
39468	0	32592	
39469	0	33324	
39470	0	33860	
39471	0	34368	
39472	0	34912	
39473	0	35208	
39474	0	35348	
39475	0	35650	
39476	0	35728	
39477	0	35796	
39478	0	35324	
39479	0	35184	
39480	0	35180	
39481	0	35716	
39482	0	36660	
39483	0	37228	
39484	0	37172	
39485	0	37256	
39486	0	36928	
39487	0	36576	
39488	0	36624	
39489	0	36924	
39490	0	37324	
39491	0	37860	
39492	0	38288	
39493	0	38004	
39494	0	37280	
39495	0	36870	
39496	0	36512	
39497	0	35956	
39498	0	35320	
39499	0	35216	
39500	0	35140	
39501	0	35176	
39502	0	35148	
39503	0	34916	
39504	0	33960	
39505	0	33068	
39506	0	32032	
39507	0	32020	
39508	0	32912	
39509	0	33656	
39510	0	34600	
39511	0	35696	
39512	0	36404	
39513	0	36876	
39514	0	37224	
39515	0	37384	
39516	0	36980	
39517	0	36592	
39518	0	37392	
39519	0	38844	
39520	0	40084	
39521	0	41360	
39522	0	40992	
39523	0	38420	
39524	0	35584	
39525	0	33848	
39526	0	32224	
39527	0	31324	
39528	0	30664	
39529	0	30388	
39530	0	30960	
39531	0	31860	
39532	0	32140	
39533	0	32320	
39534	0	32172	
39535	0	32029	
39536	0	32272	
39537	0	32112	
39538	0	31720	
39539	0	32140	
39540	0	32896	
39541	0	33364	
39542	0	33272	
39543	0	33136	
39544	0	32676	
39545	0	32636	
39546	0	32940	
39547	0	33552	
39548	0	34200	
39549	0	34580	
39550	0	34628	
39551	0	34488	
39552	0	34128	
39553	0	33688	
39554	0	33396	
39555	0	33108	
39556	0	33504	
39557	0	33688	
39558	0	33460	
39559	0	33520	
39560	0	33952	
39561	0	34444	
39562	0	34638	
39563	0	34416	
39564	0	34296	
39565	0	35008	
39566	0	36552	
39567	0	37896	
39568	0	38036	
39569	0	37557	
39570	0	36120	
39571	0	34612	
39572	0	33176	
39573	0	32280	
39574	0	32604	
39575	0	32544	
39576	0	32228	
39577	0	31336	
39578	0	30152	
39579	0	29804	
39580	0	29596	
39581	0	30036	
39582	0	30956	
39583	0	32192	
39584	0	33160	
39585	0	34064	
39586	0	34580	
39587	0	35344	
39588	0	35892	
39589	0	36296	
39590	0	36700	
39591	0	36520	
39592	0	36020	
39593	0	35288	
39594	0	34368	
39595	0	33672	
39596	0	33472	
39597	0	33056	
39598	0	33124	
39599	0	34560	
39600	0	37112	
39601	0	39416	
39602	0	41368	
39603	0	40932	
39604	0	38040	
39605	0	35352	
39606	0	33772	
39607	0	33160	
39608	0	32984	
39609	0	32532	
39610	0	32308	
39611	0	32936	
39612	0	33604	
39613	0	33644	
39614	0	33428	
39615	0	32788	
39616	0	32432	
39617	0	32272	
39618	0	31644	
39619	0	30816	
39620	0	30582	
39621	0	30548	
39622	0	30256	
39623	0	29844	
39624	0	29392	
39625	0	29132	
39626	0	29072	
39627	0	29052	
39628	0	28876	
39629	0	28696	
39630	0	28334	
39631	0	28292	
39632	0	28360	
39633	0	28904	
39634	0	29096	
39635	0	27800	
39636	0	26660	
39637	0	26056	
39638	0	26024	
39639	0	26960	
39640	0	27824	
39641	0	27984	
39642	0	28144	
39643	0	28692	
39644	0	29860	
39645	0	31088	
39646	0	31796	
39647	0	31384	
39648	0	29356	
39649	0	27748	
39650	0	27226	
39651	0	26986	
39652	0	26984	
39653	0	27212	
39654	0	27620	
39655	0	28024	
39656	0	28336	
39657	0	28716	
39658	0	29028	
39659	0	29764	
39660	0	30338	
39661	0	30924	
39662	0	31036	
39663	0	31460	
39664	0	32012	
39665	0	32428	
39666	0	32496	
39667	0	32692	
39668	0	33504	
39669	0	34560	
39670	0	35096	
39671	0	35420	
39672	0	35768	
39673	0	36500	
39674	0	37072	
39675	0	37084	
39676	0	36944	
39677	0	36704	
39678	0	36130	
39679	0	35812	
39680	0	36232	
39681	0	36664	
39682	0	36688	
39683	0	36516	
39684	0	36064	
39685	0	36068	
39686	0	36200	
39687	0	36448	
39688	0	36668	
39689	0	36840	
39690	0	37928	
39691	0	38552	
39692	0	38782	
39693	0	38456	
39694	0	38324	
39695	0	37864	
39696	0	37432	
39697	0	37360	
39698	0	37600	
39699	0	37644	
39700	0	37844	
39701	0	37820	
39702	0	37728	
39703	0	37580	
39704	0	36976	
39705	0	36184	
39706	0	35752	
39707	0	36884	
39708	0	39328	
39709	0	41576	
39710	0	43408	
39711	0	42520	
39712	0	39308	
39713	0	36308	
39714	0	34240	
39715	0	33000	
39716	0	32528	
39717	0	31664	
39718	0	30730	
39719	0	30084	
39720	0	29252	
39721	0	28404	
39722	0	27976	
39723	0	27458	
39724	0	26448	
39725	0	25560	
39726	0	25496	
39727	0	25836	
39728	0	26028	
39729	0	25968	
39730	0	25738	
39731	0	26036	
39732	0	25988	
39733	0	25960	
39734	0	25752	
39735	0	25416	
39736	0	25464	
39737	0	25392	
39738	0	25080	
39739	0	24636	
39740	0	23648	
39741	0	23596	
39742	0	24704	
39743	0	26032	
39744	0	27296	
39745	0	27808	
39746	0	28118	
39747	0	28544	
39748	0	29180	
39749	0	30072	
39750	0	30752	
39751	0	31380	
39752	0	32344	
39753	0	33292	
39754	0	33812	
39755	0	33712	
39756	0	33156	
39757	0	32408	
39758	0	31784	
39759	0	31356	
39760	0	31704	
39761	0	31628	
39762	0	31432	
39763	0	31764	
39764	0	31976	
39765	0	32164	
39766	0	32860	
39767	0	33996	
39768	0	34464	
39769	0	34236	
39770	0	33996	
39771	0	34020	
39772	0	33972	
39773	0	34168	
39774	0	34248	
39775	0	33320	
39776	0	32244	
39777	0	30872	
39778	0	29860	
39779	0	29140	
39780	0	28752	
39781	0	28704	
39782	0	29332	
39783	0	30100	
39784	0	30760	
39785	0	31280	
39786	0	31016	
39787	0	30616	
39788	0	30464	
39789	0	30580	
39790	0	30672	
39791	0	31060	
39792	0	31428	
39793	0	31580	
39794	0	32232	
39795	0	31960	
39796	0	31264	
39797	0	30648	
39798	0	30448	
39799	0	30752	
39800	0	31044	
39801	0	30828	
39802	0	30522	
39803	0	30728	
39804	0	30760	
39805	0	30872	
39806	0	31344	
39807	0	32232	
39808	0	32944	
39809	0	33272	
39810	0	33624	
39811	0	33888	
39812	0	34208	
39813	0	34368	
39814	0	34600	
39815	0	34584	
39816	0	34384	
39817	0	34652	
39818	0	34908	
39819	0	35108	
39820	0	35308	
39821	0	36152	
39822	0	37488	
39823	0	38556	
39824	0	37620	
39825	0	34712	
39826	0	31724	
39827	0	30224	
39828	0	29914	
39829	0	30216	
39830	0	30684	
39831	0	31364	
39832	0	32300	
39833	0	32620	
39834	0	32640	
39835	0	31920	
39836	0	31352	
39837	0	31168	
39838	0	31184	
39839	0	30448	
39840	0	29528	
39841	0	28872	
39842	0	28940	
39843	0	29012	
39844	0	29128	
39845	0	29632	
39846	0	30224	
39847	0	30824	
39848	0	31220	
39849	0	31508	
39850	0	31620	
39851	0	31120	
39852	0	30944	
39853	0	30838	
39854	0	30664	
39855	0	30172	
39856	0	28848	
39857	0	27544	
39858	0	27432	
39859	0	28378	
39860	0	29200	
39861	0	29772	
39862	0	30060	
39863	0	30056	
39864	0	29532	
39865	0	28864	
39866	0	29088	
39867	0	30080	
39868	0	31124	
39869	0	31450	
39870	0	31760	
39871	0	32084	
39872	0	31952	
39873	0	31976	
39874	0	32140	
39875	0	31776	
39876	0	31588	
39877	0	31884	
39878	0	32820	
39879	0	33792	
39880	0	34512	
39881	0	34280	
39882	0	33456	
39883	0	32584	
39884	0	31898	
39885	0	31504	
39886	0	31044	
39887	0	30224	
39888	0	30196	
39889	0	30556	
39890	0	31272	
39891	0	31744	
39892	0	32072	
39893	0	32248	
39894	0	32288	
39895	0	32108	
39896	0	31704	
39897	0	31172	
39898	0	30656	
39899	0	29856	
39900	0	29744	
39901	0	29848	
39902	0	29952	
39903	0	29912	
39904	0	29872	
39905	0	29880	
39906	0	29924	
39907	0	30128	
39908	0	30304	
39909	0	30760	
39910	0	31656	
39911	0	32392	
39912	0	32544	
39913	0	32776	
39914	0	33116	
39915	0	33032	
39916	0	32928	
39917	0	32564	
39918	0	32180	
39919	0	31280	
39920	0	30372	
39921	0	30100	
39922	0	30552	
39923	0	30972	
39924	0	31260	
39925	0	31480	
39926	0	31280	
39927	0	31076	
39928	0	31064	
39929	0	31180	
39930	0	31160	
39931	0	31300	
39932	0	31056	
39933	0	30308	
39934	0	29700	
39935	0	28740	
39936	0	28664	
39937	0	28344	
39938	0	28084	
39939	0	28084	
39940	0	28240	
39941	0	28368	
39942	0	28476	
39943	0	28536	
39944	0	29152	
39945	0	29828	
39946	0	30396	
39947	0	31208	
39948	0	31976	
39949	0	32484	
39950	0	32992	
39951	0	33056	
39952	0	32432	
39953	0	31424	
39954	0	30568	
39955	0	30764	
39956	0	31408	
39957	0	31552	
39958	0	31220	
39959	0	31024	
39960	0	30608	
39961	0	30100	
39962	0	29708	
39963	0	29432	
39964	0	29416	
39965	0	29584	
39966	0	29744	
39967	0	29808	
39968	0	30728	
39969	0	32040	
39970	0	33020	
39971	0	33404	
39972	0	32740	
39973	0	32152	
39974	0	31620	
39975	0	31184	
39976	0	30900	
39977	0	30888	
39978	0	31240	
39979	0	31792	
39980	0	32036	
39981	0	32464	
39982	0	32648	
39983	0	32648	
39984	0	32016	
39985	0	31628	
39986	0	31390	
39987	0	31528	
39988	0	31784	
39989	0	32100	
39990	0	32648	
39991	0	32924	
39992	0	32752	
39993	0	32392	
39994	0	32308	
39995	0	32488	
39996	0	32548	
39997	0	32600	
39998	0	32448	
39999	0	31964	
40000	0	31232	
40001	0	30776	
40002	0	30692	
40003	0	30888	
40004	0	30948	
40005	0	31218	
40006	0	31692	
40007	0	31808	
40008	0	31724	
40009	0	31548	
40010	0	31380	
40011	0	31444	
40012	0	31392	
40013	0	31664	
40014	0	31880	
40015	0	31554	
40016	0	31920	
40017	0	32244	
40018	0	31924	
40019	0	31592	
40020	0	31596	
40021	0	31540	
40022	0	31264	
40023	0	31056	
40024	0	31112	
40025	0	31452	
40026	0	32104	
40027	0	32844	
40028	0	33824	
40029	0	34740	
40030	0	35736	
40031	0	36212	
40032	0	36696	
40033	0	36992	
40034	0	37396	
40035	0	37032	
40036	0	36160	
40037	0	35853	
40038	0	35808	
40039	0	35416	
40040	0	35672	
40041	0	36068	
40042	0	36160	
40043	0	36096	
40044	0	35840	
40045	0	36032	
40046	0	36760	
40047	0	37248	
40048	0	37412	
40049	0	37460	
40050	0	37944	
40051	0	38184	
40052	0	37988	
40053	0	37940	
40054	0	38000	
40055	0	38056	
40056	0	38252	
40057	0	38076	
40058	0	37632	
40059	0	36744	
40060	0	36092	
40061	0	35512	
40062	0	35472	
40063	0	35168	
40064	0	34636	
40065	0	34132	
40066	0	34220	
40067	0	34552	
40068	0	34820	
40069	0	34900	
40070	0	34612	
40071	0	34311	
40072	0	33732	
40073	0	33528	
40074	0	33724	
40075	0	33748	
40076	0	33648	
40077	0	34216	
40078	0	34488	
40079	0	34008	
40080	0	33304	
40081	0	32504	
40082	0	31816	
40083	0	31352	
40084	0	30924	
40085	0	30424	
40086	0	30016	
40087	0	30260	
40088	0	30800	
40089	0	31360	
40090	0	31832	
40091	0	32088	
40092	0	32184	
40093	0	32456	
40094	0	32856	
40095	0	33144	
40096	0	33548	
40097	0	33456	
40098	0	32688	
40099	0	32168	
40100	0	32304	
40101	0	32720	
40102	0	33632	
40103	0	34428	
40104	0	34696	
40105	0	34460	
40106	0	34352	
40107	0	34840	
40108	0	35344	
40109	0	35576	
40110	0	35524	
40111	0	35588	
40112	0	35864	
40113	0	36020	
40114	0	36236	
40115	0	35968	
40116	0	35560	
40117	0	35040	
40118	0	34840	
40119	0	35076	
40120	0	35304	
40121	0	35276	
40122	0	35156	
40123	0	34748	
40124	0	34028	
40125	0	33856	
40126	0	34148	
40127	0	34160	
40128	0	34300	
40129	0	34484	
40130	0	34512	
40131	0	34488	
40132	0	34368	
40133	0	34132	
40134	0	34056	
40135	0	34052	
40136	0	33664	
40137	0	33328	
40138	0	33324	
40139	0	33840	
40140	0	34316	
40141	0	34524	
40142	0	34476	
40143	0	34268	
40144	0	33928	
40145	0	33848	
40146	0	34108	
40147	0	34880	
40148	0	35612	
40149	0	35488	
40150	0	35284	
40151	0	35748	
40152	0	35844	
40153	0	35576	
40154	0	36264	
40155	0	36708	
40156	0	36312	
40157	0	35554	
40158	0	34744	
40159	0	34528	
40160	0	34416	
40161	0	34660	
40162	0	35056	
40163	0	35256	
40164	0	35248	
40165	0	35104	
40166	0	35444	
40167	0	36328	
40168	0	37072	
40169	0	37792	
40170	0	38608	
40171	0	38764	
40172	0	38292	
40173	0	38040	
40174	0	38040	
40175	0	37944	
40176	0	37724	
40177	0	37144	
40178	0	36108	
40179	0	35124	
40180	0	34492	
40181	0	34104	
40182	0	34272	
40183	0	34396	
40184	0	34120	
40185	0	33744	
40186	0	33324	
40187	0	33072	
40188	0	33316	
40189	0	33588	
40190	0	34120	
40191	0	34296	
40192	0	34200	
40193	0	33944	
40194	0	33640	
40195	0	33376	
40196	0	33292	
40197	0	32752	
40198	0	32232	
40199	0	31720	
40200	0	31010	
40201	0	30824	
40202	0	30764	
40203	0	30264	
40204	0	29796	
40205	0	30280	
40206	0	31168	
40207	0	31820	
40208	0	32180	
40209	0	31872	
40210	0	31984	
40211	0	31968	
40212	0	31624	
40213	0	31240	
40214	0	31052	
40215	0	30532	
40216	0	29912	
40217	0	30092	
40218	0	30364	
40219	0	30216	
40220	0	30212	
40221	0	30322	
40222	0	30604	
40223	0	30960	
40224	0	31300	
40225	0	31148	
40226	0	30876	
40227	0	30904	
40228	0	31016	
40229	0	31640	
40230	0	32428	
40231	0	32900	
40232	0	33032	
40233	0	33336	
40234	0	33180	
40235	0	32760	
40236	0	31712	
40237	0	30264	
40238	0	28716	
40239	0	27832	
40240	0	27620	
40241	0	27852	
40242	0	28772	
40243	0	29256	
40244	0	29436	
40245	0	29572	
40246	0	30224	
40247	0	31340	
40248	0	31784	
40249	0	31964	
40250	0	32276	
40251	0	32056	
40252	0	31896	
40253	0	31924	
40254	0	32168	
40255	0	32212	
40256	0	32236	
40257	0	31932	
40258	0	31620	
40259	0	31508	
40260	0	31596	
40261	0	32104	
40262	0	32332	
40263	0	32408	
40264	0	32260	
40265	0	31952	
40266	0	31696	
40267	0	31676	
40268	0	31608	
40269	0	31880	
40270	0	32584	
40271	0	33388	
40272	0	34292	
40273	0	34692	
40274	0	34352	
40275	0	34260	
40276	0	34032	
40277	0	32704	
40278	0	31828	
40279	0	32132	
40280	0	32708	
40281	0	32862	
40282	0	32608	
40283	0	32296	
40284	0	31894	
40285	0	31620	
40286	0	31612	
40287	0	31818	
40288	0	31884	
40289	0	32136	
40290	0	32932	
40291	0	33872	
40292	0	34492	
40293	0	34516	
40294	0	34256	
40295	0	33284	
40296	0	32092	
40297	0	31308	
40298	0	30724	
40299	0	30408	
40300	0	30040	
40301	0	29756	
40302	0	29640	
40303	0	29868	
40304	0	30040	
40305	0	30652	
40306	0	31148	
40307	0	31116	
40308	0	31592	
40309	0	32170	
40310	0	32244	
40311	0	32476	
40312	0	32752	
40313	0	32672	
40314	0	32264	
40315	0	31956	
40316	0	31604	
40317	0	31392	
40318	0	31408	
40319	0	31208	
40320	0	30948	
40321	0	30512	
40322	0	30880	
40323	0	31340	
40324	0	31144	
40325	0	30796	
40326	0	30540	
40327	0	30684	
40328	0	31516	
40329	0	32332	
40330	0	33196	
40331	0	33568	
40332	0	33560	
40333	0	33888	
40334	0	34336	
40335	0	34514	
40336	0	33964	
40337	0	33836	
40338	0	33988	
40339	0	34032	
40340	0	33872	
40341	0	34180	
40342	0	34560	
40343	0	34628	
40344	0	34392	
40345	0	34144	
40346	0	34138	
40347	0	34424	
40348	0	35162	
40349	0	35628	
40350	0	36120	
40351	0	36536	
40352	0	36684	
40353	0	37288	
40354	0	37720	
40355	0	38232	
40356	0	38480	
40357	0	38340	
40358	0	38010	
40359	0	37652	
40360	0	37264	
40361	0	37008	
40362	0	37100	
40363	0	36846	
40364	0	36704	
40365	0	36612	
40366	0	36692	
40367	0	36956	
40368	0	36944	
40369	0	36344	
40370	0	35896	
40371	0	35784	
40372	0	35684	
40373	0	35500	
40374	0	35568	
40375	0	35372	
40376	0	35156	
40377	0	35128	
40378	0	35060	
40379	0	34596	
40380	0	34296	
40381	0	34376	
40382	0	34232	
40383	0	34120	
40384	0	34508	
40385	0	34696	
40386	0	34824	
40387	0	34936	
40388	0	34536	
40389	0	34136	
40390	0	33812	
40391	0	33696	
40392	0	33360	
40393	0	32788	
40394	0	32308	
40395	0	31644	
40396	0	31688	
40397	0	31888	
40398	0	31472	
40399	0	31016	
40400	0	30776	
40401	0	30472	
40402	0	30444	
40403	0	30544	
40404	0	30104	
40405	0	29596	
40406	0	29676	
40407	0	29804	
40408	0	30208	
40409	0	30040	
40410	0	29350	
40411	0	29404	
40412	0	29826	
40413	0	30108	
40414	0	30504	
40415	0	30972	
40416	0	31444	
40417	0	31152	
40418	0	30472	
40419	0	30180	
40420	0	29608	
40421	0	28732	
40422	0	28474	
40423	0	28792	
40424	0	29258	
40425	0	29216	
40426	0	29232	
40427	0	29784	
40428	0	31132	
40429	0	32164	
40430	0	32564	
40431	0	32880	
40432	0	32884	
40433	0	33104	
40434	0	33104	
40435	0	32892	
40436	0	32836	
40437	0	32852	
40438	0	32892	
40439	0	32604	
40440	0	32524	
40441	0	32428	
40442	0	32492	
40443	0	33048	
40444	0	33380	
40445	0	33580	
40446	0	33624	
40447	0	34048	
40448	0	34024	
40449	0	34012	
40450	0	34304	
40451	0	34504	
40452	0	34456	
40453	0	34196	
40454	0	33492	
40455	0	32652	
40456	0	32000	
40457	0	31484	
40458	0	31080	
40459	0	31440	
40460	0	32060	
40461	0	33224	
40462	0	34836	
40463	0	36268	
40464	0	36836	
40465	0	37148	
40466	0	37092	
40467	0	36460	
40468	0	36188	
40469	0	36068	
40470	0	35672	
40471	0	35372	
40472	0	34820	
40473	0	34276	
40474	0	34080	
40475	0	34320	
40476	0	34596	
40477	0	34288	
40478	0	33872	
40479	0	33724	
40480	0	33340	
40481	0	32772	
40482	0	32754	
40483	0	32808	
40484	0	32500	
40485	0	32176	
40486	0	32036	
40487	0	32100	
40488	0	32228	
40489	0	32412	
40490	0	32252	
40491	0	31988	
40492	0	31900	
40493	0	31884	
40494	0	31608	
40495	0	30936	
40496	0	30272	
40497	0	29904	
40498	0	29856	
40499	0	29924	
40500	0	29828	
40501	0	29772	
40502	0	29544	
40503	0	29096	
40504	0	28524	
40505	0	28276	
40506	0	28500	
40507	0	28848	
40508	0	29268	
40509	0	29808	
40510	0	30092	
40511	0	29832	
40512	0	29972	
40513	0	30380	
40514	0	30200	
40515	0	29520	
40516	0	28856	
40517	0	28184	
40518	0	28112	
40519	0	28448	
40520	0	29144	
40521	0	29344	
40522	0	29160	
40523	0	29192	
40524	0	29252	
40525	0	29396	
40526	0	29808	
40527	0	30184	
40528	0	30168	
40529	0	30052	
40530	0	30368	
40531	0	30872	
40532	0	30908	
40533	0	30720	
40534	0	30160	
40535	0	29804	
40536	0	29816	
40537	0	29924	
40538	0	30340	
40539	0	30840	
40540	0	31372	
40541	0	32192	
40542	0	32732	
40543	0	32988	
40544	0	32752	
40545	0	32912	
40546	0	33004	
40547	0	32984	
40548	0	33252	
40549	0	33744	
40550	0	34160	
40551	0	34760	
40552	0	34256	
40553	0	34164	
40554	0	34540	
40555	0	34744	
40556	0	34932	
40557	0	35028	
40558	0	34808	
40559	0	34792	
40560	0	34816	
40561	0	34208	
40562	0	32908	
40563	0	32416	
40564	0	32688	
40565	0	33540	
40566	0	34344	
40567	0	35576	
40568	0	37076	
40569	0	37976	
40570	0	38428	
40571	0	38764	
40572	0	38828	
40573	0	38472	
40574	0	38188	
40575	0	37960	
40576	0	38012	
40577	0	37860	
40578	0	37676	
40579	0	37176	
40580	0	36432	
40581	0	35168	
40582	0	34600	
40583	0	34996	
40584	0	35530	
40585	0	36020	
40586	0	36244	
40587	0	35572	
40588	0	34844	
40589	0	34570	
40590	0	35248	
40591	0	35872	
40592	0	36096	
40593	0	36376	
40594	0	36352	
40595	0	36044	
40596	0	35088	
40597	0	33804	
40598	0	32736	
40599	0	32424	
40600	0	32878	
40601	0	33140	
40602	0	33212	
40603	0	32641	
40604	0	31928	
40605	0	31912	
40606	0	32196	
40607	0	32376	
40608	0	32472	
40609	0	32632	
40610	0	32732	
40611	0	33252	
40612	0	33424	
40613	0	33372	
40614	0	33352	
40615	0	33304	
40616	0	33344	
40617	0	33012	
40618	0	32368	
40619	0	31604	
40620	0	31392	
40621	0	31048	
40622	0	30604	
40623	0	30408	
40624	0	29784	
40625	0	29380	
40626	0	29276	
40627	0	29204	
40628	0	29004	
40629	0	29196	
40630	0	29696	
40631	0	30164	
40632	0	30484	
40633	0	30944	
40634	0	30676	
40635	0	29964	
40636	0	29736	
40637	0	29512	
40638	0	28944	
40639	0	28176	
40640	0	27452	
40641	0	27156	
40642	0	27248	
40643	0	27784	
40644	0	28596	
40645	0	29128	
40646	0	29436	
40647	0	30068	
40648	0	30784	
40649	0	31400	
40650	0	31900	
40651	0	32464	
40652	0	33320	
40653	0	33608	
40654	0	33344	
40655	0	33224	
40656	0	33292	
40657	0	32948	
40658	0	32616	
40659	0	32128	
40660	0	31544	
40661	0	31512	
40662	0	31808	
40663	0	32400	
40664	0	32324	
40665	0	32260	
40666	0	32600	
40667	0	33184	
40668	0	33644	
40669	0	33536	
40670	0	33752	
40671	0	33872	
40672	0	33356	
40673	0	32456	
40674	0	31944	
40675	0	31584	
40676	0	31876	
40677	0	32528	
40678	0	32840	
40679	0	33176	
40680	0	33304	
40681	0	33792	
40682	0	34436	
40683	0	35308	
40684	0	35764	
40685	0	35864	
40686	0	35900	
40687	0	36832	
40688	0	38200	
40689	0	38840	
40690	0	39168	
40691	0	39596	
40692	0	40052	
40693	0	40228	
40694	0	39532	
40695	0	38672	
40696	0	38000	
40697	0	37624	
40698	0	36640	
40699	0	36072	
40700	0	35980	
40701	0	35728	
40702	0	35352	
40703	0	34844	
40704	0	34048	
40705	0	33424	
40706	0	33256	
40707	0	33876	
40708	0	34732	
40709	0	34724	
40710	0	34184	
40711	0	33804	
40712	0	34072	
40713	0	34764	
40714	0	34796	
40715	0	33896	
40716	0	32892	
40717	0	32104	
40718	0	31328	
40719	0	30536	
40720	0	30000	
40721	0	29784	
40722	0	29792	
40723	0	29432	
40724	0	29288	
40725	0	28986	
40726	0	29496	
40727	0	30320	
40728	0	31288	
40729	0	32120	
40730	0	32612	
40731	0	33072	
40732	0	33480	
40733	0	33385	
40734	0	33112	
40735	0	33284	
40736	0	33272	
40737	0	32984	
40738	0	32772	
40739	0	32200	
40740	0	31540	
40741	0	30904	
40742	0	30956	
40743	0	31180	
40744	0	31188	
40745	0	31528	
40746	0	32376	
40747	0	34452	
40748	0	37056	
40749	0	40208	
40750	0	43408	
40751	0	45824	
40752	0	46372	
40753	0	45872	
40754	0	44780	
40755	0	43120	
40756	0	40760	
40757	0	38040	
40758	0	35184	
40759	0	33192	
40760	0	31920	
40761	0	30896	
40762	0	30124	
40763	0	29708	
40764	0	29852	
40765	0	30308	
40766	0	31144	
40767	0	32448	
40768	0	34300	
40769	0	36368	
40770	0	38328	
40771	0	40272	
40772	0	41264	
40773	0	40952	
40774	0	39972	
40775	0	39056	
40776	0	38092	
40777	0	37204	
40778	0	36140	
40779	0	34968	
40780	0	33576	
40781	0	32408	
40782	0	32080	
40783	0	31900	
40784	0	32392	
40785	0	33240	
40786	0	34516	
40787	0	35848	
40788	0	36180	
40789	0	35408	
40790	0	34704	
40791	0	34608	
40792	0	34452	
40793	0	34256	
40794	0	34116	
40795	0	33960	
40796	0	33732	
40797	0	33548	
40798	0	33076	
40799	0	32624	
40800	0	32352	
40801	0	32628	
40802	0	33224	
40803	0	33668	
40804	0	34280	
40805	0	35100	
40806	0	35784	
40807	0	36812	
40808	0	37396	
40809	0	37432	
40810	0	37384	
40811	0	37048	
40812	0	36880	
40813	0	37628	
40814	0	37812	
40815	0	37060	
40816	0	36316	
40817	0	35864	
40818	0	35564	
40819	0	35792	
40820	0	36132	
40821	0	35868	
40822	0	35224	
40823	0	34960	
40824	0	35052	
40825	0	35488	
40826	0	35780	
40827	0	36104	
40828	0	36172	
40829	0	35976	
40830	0	35488	
40831	0	35160	
40832	0	35032	
40833	0	35120	
40834	0	35136	
40835	0	35084	
40836	0	34552	
40837	0	33976	
40838	0	33204	
40839	0	32188	
40840	0	31380	
40841	0	30340	
40842	0	29608	
40843	0	29776	
40844	0	29976	
40845	0	29284	
40846	0	28712	
40847	0	28856	
40848	0	29144	
40849	0	29484	
40850	0	30308	
40851	0	31088	
40852	0	31188	
40853	0	31036	
40854	0	30908	
40855	0	31008	
40856	0	30528	
40857	0	29848	
40858	0	29096	
40859	0	28560	
40860	0	28016	
40861	0	28108	
40862	0	28524	
40863	0	28408	
40864	0	28232	
40865	0	28268	
40866	0	28464	
40867	0	28960	
40868	0	29308	
40869	0	29096	
40870	0	28856	
40871	0	28952	
40872	0	29060	
40873	0	29792	
40874	0	30308	
40875	0	30208	
40876	0	30012	
40877	0	29816	
40878	0	29428	
40879	0	29180	
40880	0	29320	
40881	0	29384	
40882	0	29332	
40883	0	28972	
40884	0	28544	
40885	0	28380	
40886	0	28679	
40887	0	29068	
40888	0	28996	
40889	0	28836	
40890	0	28592	
40891	0	28620	
40892	0	28372	
40893	0	28664	
40894	0	29052	
40895	0	28892	
40896	0	28892	
40897	0	29032	
40898	0	29632	
40899	0	30088	
40900	0	29912	
40901	0	29568	
40902	0	30204	
40903	0	30376	
40904	0	30172	
40905	0	30420	
40906	0	31132	
40907	0	32096	
40908	0	33052	
40909	0	33328	
40910	0	33440	
40911	0	33660	
40912	0	33480	
40913	0	32900	
40914	0	32140	
40915	0	31648	
40916	0	30712	
40917	0	29744	
40918	0	28936	
40919	0	28620	
40920	0	28588	
40921	0	28876	
40922	0	28776	
40923	0	28692	
40924	0	29120	
40925	0	29588	
40926	0	29836	
40927	0	29856	
40928	0	29912	
40929	0	30476	
40930	0	30808	
40931	0	30700	
40932	0	30324	
40933	0	29904	
40934	0	29032	
40935	0	28588	
40936	0	28304	
40937	0	28208	
40938	0	28256	
40939	0	28384	
40940	0	28288	
40941	0	28496	
40942	0	28992	
40943	0	29640	
40944	0	30376	
40945	0	31152	
40946	0	31770	
40947	0	32040	
40948	0	31640	
40949	0	31460	
40950	0	31200	
40951	0	31274	
40952	0	31812	
40953	0	32044	
40954	0	31832	
40955	0	31592	
40956	0	31412	
40957	0	31160	
40958	0	31416	
40959	0	31404	
40960	0	30624	
40961	0	30068	
40962	0	29892	
40963	0	29128	
40964	0	28804	
40965	0	28848	
40966	0	29104	
40967	0	29660	
40968	0	30264	
40969	0	30804	
40970	0	31652	
40971	0	32416	
40972	0	32344	
40973	0	32108	
40974	0	31900	
40975	0	32136	
40976	0	32048	
40977	0	31280	
40978	0	30516	
40979	0	30000	
40980	0	29872	
40981	0	29632	
40982	0	29616	
40983	0	29440	
40984	0	29316	
40985	0	29360	
40986	0	29888	
40987	0	30776	
40988	0	31544	
40989	0	32312	
40990	0	33200	
40991	0	33772	
40992	0	34140	
40993	0	34580	
40994	0	35004	
40995	0	35084	
40996	0	34632	
40997	0	34168	
40998	0	34024	
40999	0	34340	
41000	0	34692	
41001	0	34836	
41002	0	34428	
41003	0	33764	
41004	0	33516	
41005	0	33608	
41006	0	34316	
41007	0	35244	
41008	0	35772	
41009	0	35944	
41010	0	36004	
41011	0	35924	
41012	0	35852	
41013	0	36048	
41014	0	36076	
41015	0	35524	
41016	0	34688	
41017	0	34664	
41018	0	34548	
41019	0	34368	
41020	0	33800	
41021	0	32740	
41022	0	31676	
41023	0	31024	
41024	0	31416	
41025	0	31712	
41026	0	32480	
41027	0	33256	
41028	0	33392	
41029	0	33324	
41030	0	33408	
41031	0	33468	
41032	0	33364	
41033	0	33072	
41034	0	32958	
41035	0	32752	
41036	0	32568	
41037	0	32636	
41038	0	32396	
41039	0	31372	
41040	0	30280	
41041	0	29568	
41042	0	29260	
41043	0	29128	
41044	0	29256	
41045	0	30112	
41046	0	31248	
41047	0	32400	
41048	0	33072	
41049	0	33668	
41050	0	34292	
41051	0	34768	
41052	0	35240	
41053	0	35616	
41054	0	35664	
41055	0	35444	
41056	0	34916	
41057	0	34084	
41058	0	33384	
41059	0	32948	
41060	0	32644	
41061	0	32792	
41062	0	33740	
41063	0	33996	
41064	0	33880	
41065	0	33352	
41066	0	33048	
41067	0	33724	
41068	0	35028	
41069	0	35936	
41070	0	35760	
41071	0	35604	
41072	0	35224	
41073	0	35196	
41074	0	35000	
41075	0	34800	
41076	0	33896	
41077	0	32852	
41078	0	32656	
41079	0	32816	
41080	0	32856	
41081	0	32804	
41082	0	32768	
41083	0	32474	
41084	0	32276	
41085	0	31768	
41086	0	31536	
41087	0	31432	
41088	0	31120	
41089	0	30840	
41090	0	30796	
41091	0	30444	
41092	0	30952	
41093	0	31728	
41094	0	32180	
41095	0	31908	
41096	0	31120	
41097	0	30564	
41098	0	30528	
41099	0	30464	
41100	0	30944	
41101	0	31532	
41102	0	32440	
41103	0	32848	
41104	0	33012	
41105	0	33084	
41106	0	32992	
41107	0	33280	
41108	0	33600	
41109	0	33944	
41110	0	34184	
41111	0	34244	
41112	0	34300	
41113	0	34580	
41114	0	34676	
41115	0	34044	
41116	0	33328	
41117	0	32832	
41118	0	32466	
41119	0	32024	
41120	0	31420	
41121	0	30965	
41122	0	30920	
41123	0	30844	
41124	0	30612	
41125	0	30220	
41126	0	30320	
41127	0	30420	
41128	0	30216	
41129	0	30316	
41130	0	30569	
41131	0	30456	
41132	0	30440	
41133	0	30900	
41134	0	30608	
41135	0	30236	
41136	0	30080	
41137	0	30488	
41138	0	31164	
41139	0	31308	
41140	0	31416	
41141	0	31172	
41142	0	30912	
41143	0	31024	
41144	0	30960	
41145	0	30688	
41146	0	30488	
41147	0	30640	
41148	0	30728	
41149	0	31268	
41150	0	32024	
41151	0	32416	
41152	0	32372	
41153	0	32676	
41154	0	32632	
41155	0	32564	
41156	0	32736	
41157	0	32744	
41158	0	32924	
41159	0	32888	
41160	0	32888	
41161	0	32512	
41162	0	32172	
41163	0	31944	
41164	0	31688	
41165	0	31712	
41166	0	32420	
41167	0	33108	
41168	0	33860	
41169	0	34592	
41170	0	34964	
41171	0	35040	
41172	0	34960	
41173	0	34956	
41174	0	34520	
41175	0	34056	
41176	0	33412	
41177	0	32780	
41178	0	32616	
41179	0	32452	
41180	0	32252	
41181	0	32016	
41182	0	31960	
41183	0	31612	
41184	0	31268	
41185	0	31520	
41186	0	31576	
41187	0	31452	
41188	0	31624	
41189	0	31828	
41190	0	32076	
41191	0	32404	
41192	0	32280	
41193	0	32156	
41194	0	31800	
41195	0	31540	
41196	0	31194	
41197	0	31116	
41198	0	31032	
41199	0	31192	
41200	0	31580	
41201	0	31916	
41202	0	32196	
41203	0	32032	
41204	0	31540	
41205	0	31608	
41206	0	31732	
41207	0	32204	
41208	0	32308	
41209	0	31948	
41210	0	32056	
41211	0	32264	
41212	0	32428	
41213	0	32376	
41214	0	32404	
41215	0	32752	
41216	0	32624	
41217	0	32250	
41218	0	32092	
41219	0	32036	
41220	0	31664	
41221	0	32120	
41222	0	32876	
41223	0	33556	
41224	0	33800	
41225	0	33984	
41226	0	34340	
41227	0	34448	
41228	0	34648	
41229	0	35212	
41230	0	35680	
41231	0	36064	
41232	0	36400	
41233	0	36248	
41234	0	36292	
41235	0	35992	
41236	0	35436	
41237	0	34828	
41238	0	34440	
41239	0	33808	
41240	0	33216	
41241	0	32840	
41242	0	32412	
41243	0	31502	
41244	0	30968	
41245	0	31356	
41246	0	31552	
41247	0	31768	
41248	0	32376	
41249	0	32772	
41250	0	32936	
41251	0	32792	
41252	0	32716	
41253	0	32680	
41254	0	32588	
41255	0	31984	
41256	0	31724	
41257	0	31768	
41258	0	31408	
41259	0	31000	
41260	0	30624	
41261	0	30448	
41262	0	30674	
41263	0	31240	
41264	0	31692	
41265	0	32076	
41266	0	32288	
41267	0	32344	
41268	0	32792	
41269	0	33120	
41270	0	33204	
41271	0	32776	
41272	0	32692	
41273	0	32992	
41274	0	33256	
41275	0	33488	
41276	0	33472	
41277	0	33068	
41278	0	32672	
41279	0	32756	
41280	0	33248	
41281	0	33408	
41282	0	33288	
41283	0	33424	
41284	0	34076	
41285	0	34236	
41286	0	34292	
41287	0	34152	
41288	0	33980	
41289	0	34344	
41290	0	35136	
41291	0	35370	
41292	0	34736	
41293	0	33976	
41294	0	33072	
41295	0	32260	
41296	0	31432	
41297	0	30696	
41298	0	30188	
41299	0	30444	
41300	0	30660	
41301	0	30780	
41302	0	31028	
41303	0	31520	
41304	0	32264	
41305	0	32560	
41306	0	32788	
41307	0	32824	
41308	0	32876	
41309	0	33176	
41310	0	33556	
41311	0	33836	
41312	0	33728	
41313	0	34056	
41314	0	33928	
41315	0	34000	
41316	0	34168	
41317	0	34448	
41318	0	34416	
41319	0	33696	
41320	0	32668	
41321	0	32188	
41322	0	32476	
41323	0	32348	
41324	0	32500	
41325	0	32656	
41326	0	32924	
41327	0	33536	
41328	0	33612	
41329	0	33376	
41330	0	32636	
41331	0	32532	
41332	0	32988	
41333	0	33420	
41334	0	33464	
41335	0	33204	
41336	0	32976	
41337	0	32336	
41338	0	31488	
41339	0	30548	
41340	0	30336	
41341	0	31012	
41342	0	32188	
41343	0	33516	
41344	0	34840	
41345	0	35192	
41346	0	35204	
41347	0	35420	
41348	0	35700	
41349	0	35832	
41350	0	35940	
41351	0	35984	
41352	0	35896	
41353	0	35380	
41354	0	34748	
41355	0	33988	
41356	0	33108	
41357	0	32440	
41358	0	31784	
41359	0	31376	
41360	0	31528	
41361	0	32072	
41362	0	32544	
41363	0	33184	
41364	0	33840	
41365	0	34224	
41366	0	34350	
41367	0	34516	
41368	0	34648	
41369	0	34696	
41370	0	34648	
41371	0	34592	
41372	0	35140	
41373	0	35116	
41374	0	34464	
41375	0	33460	
41376	0	32576	
41377	0	32292	
41378	0	32380	
41379	0	32304	
41380	0	32244	
41381	0	32384	
41382	0	32632	
41383	0	32372	
41384	0	31772	
41385	0	31640	
41386	0	31728	
41387	0	31844	
41388	0	32024	
41389	0	32372	
41390	0	32604	
41391	0	32316	
41392	0	31388	
41393	0	30440	
41394	0	29342	
41395	0	28804	
41396	0	28524	
41397	0	28588	
41398	0	28656	
41399	0	28756	
41400	0	28828	
41401	0	29464	
41402	0	30376	
41403	0	30812	
41404	0	31052	
41405	0	30960	
41406	0	30504	
41407	0	30512	
41408	0	30528	
41409	0	30832	
41410	0	31196	
41411	0	31384	
41412	0	31208	
41413	0	31304	
41414	0	31240	
41415	0	31536	
41416	0	31708	
41417	0	32268	
41418	0	32400	
41419	0	32128	
41420	0	31768	
41421	0	31664	
41422	0	32524	
41423	0	33240	
41424	0	33452	
41425	0	33696	
41426	0	34100	
41427	0	34722	
41428	0	35196	
41429	0	35610	
41430	0	35804	
41431	0	36276	
41432	0	36404	
41433	0	36572	
41434	0	36608	
41435	0	36492	
41436	0	36208	
41437	0	35628	
41438	0	35036	
41439	0	34534	
41440	0	34168	
41441	0	34456	
41442	0	34776	
41443	0	34592	
41444	0	34112	
41445	0	33720	
41446	0	33504	
41447	0	33612	
41448	0	34122	
41449	0	34856	
41450	0	35348	
41451	0	35428	
41452	0	35460	
41453	0	35432	
41454	0	35248	
41455	0	34856	
41456	0	33808	
41457	0	32888	
41458	0	32666	
41459	0	32444	
41460	0	32156	
41461	0	32260	
41462	0	32104	
41463	0	31944	
41464	0	32108	
41465	0	31432	
41466	0	30788	
41467	0	31076	
41468	0	31256	
41469	0	31908	
41470	0	32592	
41471	0	32812	
41472	0	32600	
41473	0	32672	
41474	0	32896	
41475	0	33140	
41476	0	32896	
41477	0	32328	
41478	0	31356	
41479	0	30296	
41480	0	29292	
41481	0	28744	
41482	0	28378	
41483	0	28432	
41484	0	28748	
41485	0	29064	
41486	0	29852	
41487	0	30588	
41488	0	31232	
41489	0	31416	
41490	0	31672	
41491	0	32152	
41492	0	32744	
41493	0	33620	
41494	0	34252	
41495	0	34168	
41496	0	33948	
41497	0	33768	
41498	0	32912	
41499	0	31416	
41500	0	30256	
41501	0	29640	
41502	0	29912	
41503	0	30248	
41504	0	30136	
41505	0	30096	
41506	0	30600	
41507	0	31296	
41508	0	31770	
41509	0	31792	
41510	0	31724	
41511	0	31880	
41512	0	31612	
41513	0	30828	
41514	0	30408	
41515	0	29996	
41516	0	29612	
41517	0	29288	
41518	0	28832	
41519	0	28520	
41520	0	28336	
41521	0	28576	
41522	0	29096	
41523	0	29864	
41524	0	30488	
41525	0	30736	
41526	0	30984	
41527	0	31372	
41528	0	32032	
41529	0	32756	
41530	0	33764	
41531	0	34600	
41532	0	34696	
41533	0	34356	
41534	0	33704	
41535	0	33452	
41536	0	33684	
41537	0	34288	
41538	0	34608	
41539	0	34816	
41540	0	34452	
41541	0	33816	
41542	0	33676	
41543	0	33268	
41544	0	32992	
41545	0	33188	
41546	0	32992	
41547	0	32708	
41548	0	32788	
41549	0	33212	
41550	0	33552	
41551	0	34104	
41552	0	34240	
41553	0	33964	
41554	0	33036	
41555	0	32088	
41556	0	31196	
41557	0	30888	
41558	0	30952	
41559	0	31238	
41560	0	31284	
41561	0	31668	
41562	0	32052	
41563	0	32240	
41564	0	32360	
41565	0	32768	
41566	0	32944	
41567	0	32596	
41568	0	32312	
41569	0	32508	
41570	0	32952	
41571	0	33544	
41572	0	33896	
41573	0	33860	
41574	0	34300	
41575	0	34288	
41576	0	34062	
41577	0	33632	
41578	0	33388	
41579	0	33050	
41580	0	33216	
41581	0	32936	
41582	0	32108	
41583	0	31208	
41584	0	30676	
41585	0	30992	
41586	0	31744	
41587	0	32432	
41588	0	32824	
41589	0	33280	
41590	0	33988	
41591	0	34616	
41592	0	35024	
41593	0	35280	
41594	0	35176	
41595	0	34576	
41596	0	34392	
41597	0	34600	
41598	0	34788	
41599	0	34816	
41600	0	34704	
41601	0	35172	
41602	0	35892	
41603	0	36244	
41604	0	36104	
41605	0	35960	
41606	0	35788	
41607	0	35464	
41608	0	35288	
41609	0	35352	
41610	0	35556	
41611	0	35584	
41612	0	35316	
41613	0	34488	
41614	0	33356	
41615	0	32408	
41616	0	31760	
41617	0	31712	
41618	0	31948	
41619	0	31728	
41620	0	31674	
41621	0	31368	
41622	0	31708	
41623	0	32152	
41624	0	32596	
41625	0	32960	
41626	0	33316	
41627	0	33688	
41628	0	34116	
41629	0	35112	
41630	0	35932	
41631	0	35976	
41632	0	35788	
41633	0	36240	
41634	0	36004	
41635	0	35532	
41636	0	34444	
41637	0	33332	
41638	0	32860	
41639	0	32764	
41640	0	32684	
41641	0	32420	
41642	0	32368	
41643	0	32160	
41644	0	32288	
41645	0	32340	
41646	0	32464	
41647	0	32296	
41648	0	32656	
41649	0	34264	
41650	0	35804	
41651	0	36340	
41652	0	35764	
41653	0	35248	
41654	0	34536	
41655	0	33928	
41656	0	33256	
41657	0	32640	
41658	0	32382	
41659	0	32496	
41660	0	32578	
41661	0	32740	
41662	0	32504	
41663	0	31768	
41664	0	31434	
41665	0	31648	
41666	0	32240	
41667	0	32440	
41668	0	32904	
41669	0	33768	
41670	0	33984	
41671	0	33536	
41672	0	32876	
41673	0	33088	
41674	0	33002	
41675	0	32848	
41676	0	32448	
41677	0	32040	
41678	0	31674	
41679	0	31396	
41680	0	31172	
41681	0	30624	
41682	0	30316	
41683	0	30384	
41684	0	30744	
41685	0	30944	
41686	0	31172	
41687	0	31728	
41688	0	32704	
41689	0	33364	
41690	0	33812	
41691	0	34152	
41692	0	34172	
41693	0	34088	
41694	0	33784	
41695	0	33208	
41696	0	32488	
41697	0	31864	
41698	0	31788	
41699	0	31776	
41700	0	31840	
41701	0	31960	
41702	0	32496	
41703	0	32656	
41704	0	32740	
41705	0	32548	
41706	0	32648	
41707	0	32940	
41708	0	33560	
41709	0	34112	
41710	0	34488	
41711	0	34564	
41712	0	34516	
41713	0	34392	
41714	0	33944	
41715	0	33652	
41716	0	33537	
41717	0	33256	
41718	0	33092	
41719	0	31960	
41720	0	31040	
41721	0	30480	
41722	0	30360	
41723	0	30540	
41724	0	30978	
41725	0	31804	
41726	0	32928	
41727	0	33648	
41728	0	34316	
41729	0	35188	
41730	0	35480	
41731	0	35676	
41732	0	36228	
41733	0	36924	
41734	0	37224	
41735	0	37336	
41736	0	37248	
41737	0	36594	
41738	0	35856	
41739	0	35520	
41740	0	35240	
41741	0	35116	
41742	0	35080	
41743	0	35064	
41744	0	35172	
41745	0	35760	
41746	0	36296	
41747	0	36808	
41748	0	36928	
41749	0	36844	
41750	0	36944	
41751	0	36644	
41752	0	35760	
41753	0	34544	
41754	0	33920	
41755	0	33520	
41756	0	33236	
41757	0	32612	
41758	0	31932	
41759	0	31472	
41760	0	30796	
41761	0	30498	
41762	0	29932	
41763	0	29784	
41764	0	29932	
41765	0	30144	
41766	0	30552	
41767	0	31285	
41768	0	31688	
41769	0	31712	
41770	0	32216	
41771	0	32404	
41772	0	32384	
41773	0	32560	
41774	0	32576	
41775	0	32216	
41776	0	31648	
41777	0	31050	
41778	0	30284	
41779	0	29500	
41780	0	28736	
41781	0	28150	
41782	0	27776	
41783	0	27348	
41784	0	27372	
41785	0	27768	
41786	0	28976	
41787	0	29964	
41788	0	30736	
41789	0	31328	
41790	0	31572	
41791	0	31248	
41792	0	30804	
41793	0	30660	
41794	0	30912	
41795	0	30872	
41796	0	30778	
41797	0	30832	
41798	0	30612	
41799	0	30172	
41800	0	29952	
41801	0	29434	
41802	0	28624	
41803	0	27872	
41804	0	27804	
41805	0	28232	
41806	0	29188	
41807	0	30444	
41808	0	31392	
41809	0	31984	
41810	0	32608	
41811	0	33048	
41812	0	33404	
41813	0	33376	
41814	0	32948	
41815	0	32376	
41816	0	31432	
41817	0	30540	
41818	0	30184	
41819	0	30274	
41820	0	30658	
41821	0	30996	
41822	0	31160	
41823	0	30688	
41824	0	29548	
41825	0	29060	
41826	0	29376	
41827	0	30224	
41828	0	30676	
41829	0	31148	
41830	0	31504	
41831	0	32080	
41832	0	32596	
41833	0	32644	
41834	0	32076	
41835	0	31816	
41836	0	31760	
41837	0	31876	
41838	0	32152	
41839	0	32744	
41840	0	33184	
41841	0	34296	
41842	0	34680	
41843	0	34424	
41844	0	34668	
41845	0	35028	
41846	0	35232	
41847	0	36020	
41848	0	36668	
41849	0	37156	
41850	0	37316	
41851	0	37076	
41852	0	37180	
41853	0	36984	
41854	0	36408	
41855	0	35736	
41856	0	35340	
41857	0	35220	
41858	0	35696	
41859	0	35848	
41860	0	35520	
41861	0	35200	
41862	0	34844	
41863	0	34480	
41864	0	34440	
41865	0	34456	
41866	0	34472	
41867	0	34684	
41868	0	35192	
41869	0	36160	
41870	0	37008	
41871	0	37604	
41872	0	37456	
41873	0	36888	
41874	0	35844	
41875	0	34912	
41876	0	34304	
41877	0	33376	
41878	0	32892	
41879	0	32448	
41880	0	31696	
41881	0	31674	
41882	0	31784	
41883	0	31776	
41884	0	31589	
41885	0	31788	
41886	0	32364	
41887	0	32116	
41888	0	31252	
41889	0	31012	
41890	0	31416	
41891	0	31400	
41892	0	31136	
41893	0	30320	
41894	0	29456	
41895	0	29048	
41896	0	29096	
41897	0	29328	
41898	0	29314	
41899	0	29256	
41900	0	29088	
41901	0	29300	
41902	0	29280	
41903	0	28488	
41904	0	28008	
41905	0	27896	
41906	0	27852	
41907	0	27976	
41908	0	28564	
41909	0	29600	
41910	0	30556	
41911	0	31112	
41912	0	31928	
41913	0	32044	
41914	0	31384	
41915	0	31088	
41916	0	30872	
41917	0	30432	
41918	0	30120	
41919	0	29716	
41920	0	29656	
41921	0	29736	
41922	0	29264	
41923	0	28988	
41924	0	29008	
41925	0	29084	
41926	0	29424	
41927	0	29836	
41928	0	30140	
41929	0	30360	
41930	0	31528	
41931	0	32450	
41932	0	33013	
41933	0	33028	
41934	0	32992	
41935	0	32812	
41936	0	32168	
41937	0	31156	
41938	0	30784	
41939	0	31494	
41940	0	32140	
41941	0	32720	
41942	0	33168	
41943	0	33100	
41944	0	32932	
41945	0	33676	
41946	0	34656	
41947	0	35140	
41948	0	35348	
41949	0	35668	
41950	0	36236	
41951	0	36640	
41952	0	36544	
41953	0	36780	
41954	0	36704	
41955	0	36176	
41956	0	35672	
41957	0	35552	
41958	0	35440	
41959	0	35496	
41960	0	35400	
41961	0	35084	
41962	0	34604	
41963	0	34348	
41964	0	34424	
41965	0	34536	
41966	0	34828	
41967	0	35080	
41968	0	35800	
41969	0	36324	
41970	0	36392	
41971	0	36500	
41972	0	36452	
41973	0	36324	
41974	0	35836	
41975	0	34916	
41976	0	34184	
41977	0	33708	
41978	0	33440	
41979	0	33488	
41980	0	33852	
41981	0	34512	
41982	0	35212	
41983	0	35284	
41984	0	35100	
41985	0	35180	
41986	0	35872	
41987	0	36624	
41988	0	37080	
41989	0	37600	
41990	0	37908	
41991	0	37516	
41992	0	36880	
41993	0	36368	
41994	0	35736	
41995	0	35356	
41996	0	35156	
41997	0	34640	
41998	0	33872	
41999	0	33292	
42000	0	32784	
42001	0	32528	
42002	0	32300	
42003	0	32160	
42004	0	31648	
42005	0	31736	
42006	0	32252	
42007	0	33152	
42008	0	33840	
42009	0	33952	
42010	0	34164	
42011	0	33948	
42012	0	34056	
42013	0	34132	
42014	0	34176	
42015	0	33612	
42016	0	33168	
42017	0	33168	
42018	0	33380	
42019	0	33108	
42020	0	33204	
42021	0	33132	
42022	0	33080	
42023	0	33288	
42024	0	33056	
42025	0	32976	
42026	0	33324	
42027	0	33960	
42028	0	34384	
42029	0	35016	
42030	0	35812	
42031	0	36360	
42032	0	36572	
42033	0	36456	
42034	0	35076	
42035	0	34116	
42036	0	33532	
42037	0	32744	
42038	0	32408	
42039	0	31992	
42040	0	31984	
42041	0	32384	
42042	0	32776	
42043	0	32848	
42044	0	32560	
42045	0	32488	
42046	0	32148	
42047	0	31468	
42048	0	31380	
42049	0	32360	
42050	0	33420	
42051	0	34352	
42052	0	35160	
42053	0	35872	
42054	0	35940	
42055	0	35816	
42056	0	35420	
42057	0	34800	
42058	0	34764	
42059	0	34824	
42060	0	35308	
42061	0	36188	
42062	0	36728	
42063	0	36628	
42064	0	36376	
42065	0	36186	
42066	0	36248	
42067	0	36736	
42068	0	37456	
42069	0	38184	
42070	0	39032	
42071	0	39756	
42072	0	40168	
42073	0	40226	
42074	0	40008	
42075	0	40320	
42076	0	40504	
42077	0	40228	
42078	0	40004	
42079	0	39852	
42080	0	39928	
42081	0	40392	
42082	0	40716	
42083	0	40348	
42084	0	39576	
42085	0	38784	
42086	0	38884	
42087	0	39244	
42088	0	39896	
42089	0	40448	
42090	0	40680	
42091	0	40896	
42092	0	40928	
42093	0	39906	
42094	0	38844	
42095	0	38012	
42096	0	37128	
42097	0	36656	
42098	0	36264	
42099	0	35428	
42100	0	35068	
42101	0	34732	
42102	0	34612	
42103	0	34220	
42104	0	32996	
42105	0	32492	
42106	0	32572	
42107	0	32544	
42108	0	33084	
42109	0	33992	
42110	0	34328	
42111	0	34168	
42112	0	34072	
42113	0	33938	
42114	0	33416	
42115	0	32944	
42116	0	32600	
42117	0	31744	
42118	0	31256	
42119	0	30824	
42120	0	30352	
42121	0	29896	
42122	0	29844	
42123	0	29584	
42124	0	29252	
42125	0	29016	
42126	0	29520	
42127	0	30484	
42128	0	31500	
42129	0	32424	
42130	0	33104	
42131	0	33008	
42132	0	32720	
42133	0	32720	
42134	0	32372	
42135	0	31688	
42136	0	30676	
42137	0	29544	
42138	0	29024	
42139	0	29148	
42140	0	29656	
42141	0	30280	
42142	0	31192	
42143	0	31576	
42144	0	31668	
42145	0	31892	
42146	0	31676	
42147	0	31948	
42148	0	33098	
42149	0	34074	
42150	0	34344	
42151	0	34594	
42152	0	35288	
42153	0	35274	
42154	0	34424	
42155	0	33868	
42156	0	33212	
42157	0	32192	
42158	0	31668	
42159	0	31756	
42160	0	32788	
42161	0	33956	
42162	0	33964	
42163	0	33768	
42164	0	33436	
42165	0	33632	
42166	0	34512	
42167	0	35448	
42168	0	35972	
42169	0	36460	
42170	0	36640	
42171	0	36696	
42172	0	36480	
42173	0	35952	
42174	0	35768	
42175	0	35384	
42176	0	35288	
42177	0	35188	
42178	0	34772	
42179	0	34384	
42180	0	34440	
42181	0	34620	
42182	0	34732	
42183	0	34852	
42184	0	35008	
42185	0	35376	
42186	0	35836	
42187	0	36088	
42188	0	35912	
42189	0	35724	
42190	0	35268	
42191	0	34844	
42192	0	34636	
42193	0	34336	
42194	0	34176	
42195	0	33800	
42196	0	32896	
42197	0	31744	
42198	0	30860	
42199	0	30900	
42200	0	31088	
42201	0	31184	
42202	0	31252	
42203	0	31472	
42204	0	31386	
42205	0	31184	
42206	0	30984	
42207	0	30856	
42208	0	31040	
42209	0	31888	
42210	0	32464	
42211	0	32774	
42212	0	33000	
42213	0	33156	
42214	0	32504	
42215	0	31876	
42216	0	31164	
42217	0	30540	
42218	0	30368	
42219	0	30248	
42220	0	29888	
42221	0	29876	
42222	0	29844	
42223	0	29724	
42224	0	29612	
42225	0	30052	
42226	0	30384	
42227	0	30420	
42228	0	30676	
42229	0	31448	
42230	0	31864	
42231	0	32024	
42232	0	31948	
42233	0	31440	
42234	0	30680	
42235	0	29588	
42236	0	28848	
42237	0	28256	
42238	0	27500	
42239	0	27433	
42240	0	27688	
42241	0	27592	
42242	0	27428	
42243	0	27136	
42244	0	27152	
42245	0	27276	
42246	0	27252	
42247	0	28280	
42248	0	29448	
42249	0	30784	
42250	0	32024	
42251	0	32768	
42252	0	33120	
42253	0	32924	
42254	0	32748	
42255	0	32460	
42256	0	32360	
42257	0	32336	
42258	0	32088	
42259	0	31848	
42260	0	31220	
42261	0	30544	
42262	0	29780	
42263	0	28992	
42264	0	28188	
42265	0	27792	
42266	0	28492	
42267	0	29524	
42268	0	30124	
42269	0	30364	
42270	0	30550	
42271	0	30748	
42272	0	31028	
42273	0	30748	
42274	0	30024	
42275	0	29860	
42276	0	29664	
42277	0	29624	
42278	0	29808	
42279	0	30776	
42280	0	31416	
42281	0	31740	
42282	0	31676	
42283	0	31708	
42284	0	31032	
42285	0	30348	
42286	0	30444	
42287	0	31088	
42288	0	31712	
42289	0	32440	
42290	0	32736	
42291	0	33324	
42292	0	33788	
42293	0	33524	
42294	0	33148	
42295	0	32676	
42296	0	31860	
42297	0	31196	
42298	0	31224	
42299	0	31412	
42300	0	31432	
42301	0	31468	
42302	0	31792	
42303	0	32324	
42304	0	32468	
42305	0	32672	
42306	0	33152	
42307	0	33576	
42308	0	33808	
42309	0	34096	
42310	0	33780	
42311	0	33008	
42312	0	32580	
42313	0	32544	
42314	0	32324	
42315	0	32128	
42316	0	31868	
42317	0	31176	
42318	0	30252	
42319	0	28800	
42320	0	27788	
42321	0	27704	
42322	0	27560	
42323	0	27236	
42324	0	27432	
42325	0	28072	
42326	0	28676	
42327	0	28976	
42328	0	29132	
42329	0	29668	
42330	0	30412	
42331	0	30896	
42332	0	31112	
42333	0	31600	
42334	0	31424	
42335	0	30748	
42336	0	30316	
42337	0	29960	
42338	0	29736	
42339	0	30140	
42340	0	30388	
42341	0	30160	
42342	0	29776	
42343	0	29604	
42344	0	29216	
42345	0	29380	
42346	0	30004	
42347	0	30480	
42348	0	30864	
42349	0	31124	
42350	0	31448	
42351	0	31388	
42352	0	31728	
42353	0	31560	
42354	0	31248	
42355	0	31064	
42356	0	30692	
42357	0	30080	
42358	0	29660	
42359	0	28990	
42360	0	28032	
42361	0	27524	
42362	0	27808	
42363	0	28036	
42364	0	28240	
42365	0	28284	
42366	0	28512	
42367	0	28764	
42368	0	28976	
42369	0	30384	
42370	0	32340	
42371	0	33176	
42372	0	33080	
42373	0	33104	
42374	0	33242	
42375	0	33404	
42376	0	33272	
42377	0	33200	
42378	0	33336	
42379	0	32876	
42380	0	32496	
42381	0	32712	
42382	0	32632	
42383	0	32764	
42384	0	33370	
42385	0	34116	
42386	0	34356	
42387	0	34100	
42388	0	33640	
42389	0	33120	
42390	0	32808	
42391	0	32336	
42392	0	32180	
42393	0	32456	
42394	0	32712	
42395	0	33352	
42396	0	34132	
42397	0	34608	
42398	0	34792	
42399	0	34584	
42400	0	34304	
42401	0	34636	
42402	0	34920	
42403	0	36084	
42404	0	37776	
42405	0	39404	
42406	0	41160	
42407	0	41648	
42408	0	39664	
42409	0	36648	
42410	0	34864	
42411	0	33716	
42412	0	32760	
42413	0	32128	
42414	0	31584	
42415	0	31440	
42416	0	31356	
42417	0	30660	
42418	0	30064	
42419	0	29996	
42420	0	30036	
42421	0	30040	
42422	0	29860	
42423	0	29588	
42424	0	29184	
42425	0	29096	
42426	0	29432	
42427	0	29724	
42428	0	30228	
42429	0	30696	
42430	0	30796	
42431	0	30976	
42432	0	31268	
42433	0	31184	
42434	0	31244	
42435	0	30496	
42436	0	29384	
42437	0	28644	
42438	0	28512	
42439	0	28488	
42440	0	28676	
42441	0	29138	
42442	0	29632	
42443	0	30220	
42444	0	30984	
42445	0	31808	
42446	0	32440	
42447	0	32808	
42448	0	33632	
42449	0	34680	
42450	0	34772	
42451	0	34132	
42452	0	33336	
42453	0	32116	
42454	0	30960	
42455	0	29604	
42456	0	28568	
42457	0	27988	
42458	0	28016	
42459	0	28892	
42460	0	29784	
42461	0	30482	
42462	0	30256	
42463	0	29816	
42464	0	29248	
42465	0	28432	
42466	0	27989	
42467	0	28028	
42468	0	28840	
42469	0	29316	
42470	0	29396	
42471	0	29088	
42472	0	29308	
42473	0	29572	
42474	0	29644	
42475	0	29832	
42476	0	29856	
42477	0	29944	
42478	0	29960	
42479	0	29904	
42480	0	29660	
42481	0	29376	
42482	0	29156	
42483	0	28972	
42484	0	28568	
42485	0	28460	
42486	0	28900	
42487	0	28824	
42488	0	28964	
42489	0	29252	
42490	0	29384	
42491	0	30048	
42492	0	30977	
42493	0	31436	
42494	0	31740	
42495	0	31456	
42496	0	31036	
42497	0	30424	
42498	0	30316	
42499	0	29976	
42500	0	29760	
42501	0	29736	
42502	0	29972	
42503	0	29684	
42504	0	29436	
42505	0	29976	
42506	0	31330	
42507	0	32984	
42508	0	34676	
42509	0	35548	
42510	0	35324	
42511	0	35180	
42512	0	35552	
42513	0	35722	
42514	0	35712	
42515	0	35208	
42516	0	35120	
42517	0	35664	
42518	0	35872	
42519	0	35860	
42520	0	36144	
42521	0	35972	
42522	0	34756	
42523	0	33760	
42524	0	33780	
42525	0	34824	
42526	0	36072	
42527	0	36532	
42528	0	37624	
42529	0	38920	
42530	0	39800	
42531	0	40248	
42532	0	40864	
42533	0	40848	
42534	0	41384	
42535	0	41360	
42536	0	41012	
42537	0	40224	
42538	0	38876	
42539	0	37480	
42540	0	36332	
42541	0	35568	
42542	0	34596	
42543	0	33744	
42544	0	33000	
42545	0	32640	
42546	0	33144	
42547	0	33384	
42548	0	34220	
42549	0	35184	
42550	0	35572	
42551	0	35540	
42552	0	35368	
42553	0	34728	
42554	0	33408	
42555	0	32060	
42556	0	30936	
42557	0	30432	
42558	0	30160	
42559	0	29740	
42560	0	28996	
42561	0	28428	
42562	0	28305	
42563	0	28474	
42564	0	28260	
42565	0	28772	
42566	0	29988	
42567	0	30604	
42568	0	30680	
42569	0	30444	
42570	0	30332	
42571	0	30392	
42572	0	30796	
42573	0	31160	
42574	0	31604	
42575	0	31856	
42576	0	31580	
42577	0	31188	
42578	0	30388	
42579	0	29576	
42580	0	29408	
42581	0	29344	
42582	0	29140	
42583	0	29244	
42584	0	30348	
42585	0	31864	
42586	0	33736	
42587	0	35400	
42588	0	36544	
42589	0	36976	
42590	0	36680	
42591	0	36024	
42592	0	35628	
42593	0	35000	
42594	0	34400	
42595	0	33824	
42596	0	33404	
42597	0	33220	
42598	0	33180	
42599	0	32876	
42600	0	32592	
42601	0	32728	
42602	0	32648	
42603	0	32216	
42604	0	32340	
42605	0	33596	
42606	0	35448	
42607	0	36812	
42608	0	37376	
42609	0	37252	
42610	0	37184	
42611	0	37120	
42612	0	37760	
42613	0	37896	
42614	0	37120	
42615	0	35772	
42616	0	34160	
42617	0	33840	
42618	0	34696	
42619	0	35420	
42620	0	35428	
42621	0	35528	
42622	0	35680	
42623	0	35928	
42624	0	36344	
42625	0	36912	
42626	0	37500	
42627	0	37568	
42628	0	37052	
42629	0	36564	
42630	0	36144	
42631	0	35800	
42632	0	35688	
42633	0	35668	
42634	0	35940	
42635	0	35872	
42636	0	35424	
42637	0	34784	
42638	0	34420	
42639	0	33680	
42640	0	32824	
42641	0	31770	
42642	0	31924	
42643	0	33232	
42644	0	33844	
42645	0	33740	
42646	0	33992	
42647	0	34380	
42648	0	34840	
42649	0	35040	
42650	0	35032	
42651	0	34864	
42652	0	34900	
42653	0	35016	
42654	0	35280	
42655	0	35664	
42656	0	35388	
42657	0	34632	
42658	0	34252	
42659	0	34236	
42660	0	34612	
42661	0	35504	
42662	0	36268	
42663	0	36668	
42664	0	36862	
42665	0	37080	
42666	0	37404	
42667	0	37888	
42668	0	38200	
42669	0	38264	
42670	0	38056	
42671	0	37804	
42672	0	37636	
42673	0	37072	
42674	0	36068	
42675	0	34956	
42676	0	34216	
42677	0	33340	
42678	0	32876	
42679	0	32864	
42680	0	33184	
42681	0	33672	
42682	0	33848	
42683	0	33772	
42684	0	33748	
42685	0	33856	
42686	0	34016	
42687	0	34584	
42688	0	35516	
42689	0	36104	
42690	0	36584	
42691	0	37020	
42692	0	37396	
42693	0	37384	
42694	0	37228	
42695	0	37320	
42696	0	37044	
42697	0	36236	
42698	0	35672	
42699	0	36004	
42700	0	36112	
42701	0	35840	
42702	0	35360	
42703	0	35084	
42704	0	35440	
42705	0	36044	
42706	0	36528	
42707	0	37248	
42708	0	37520	
42709	0	37136	
42710	0	36784	
42711	0	36620	
42712	0	36664	
42713	0	36588	
42714	0	36592	
42715	0	36932	
42716	0	37512	
42717	0	37844	
42718	0	37680	
42719	0	37692	
42720	0	37720	
42721	0	37724	
42722	0	37528	
42723	0	37448	
42724	0	37324	
42725	0	37264	
42726	0	36932	
42727	0	36764	
42728	0	36500	
42729	0	36412	
42730	0	35904	
42731	0	35652	
42732	0	36176	
42733	0	36560	
42734	0	36644	
42735	0	36560	
42736	0	36540	
42737	0	36536	
42738	0	36576	
42739	0	36524	
42740	0	36248	
42741	0	36176	
42742	0	36288	
42743	0	36192	
42744	0	35796	
42745	0	36324	
42746	0	37196	
42747	0	38000	
42748	0	38752	
42749	0	39328	
42750	0	39624	
42751	0	39420	
42752	0	38952	
42753	0	38136	
42754	0	37636	
42755	0	37096	
42756	0	36052	
42757	0	35352	
42758	0	35048	
42759	0	35064	
42760	0	35244	
42761	0	34592	
42762	0	34096	
42763	0	33896	
42764	0	33812	
42765	0	34436	
42766	0	34874	
42767	0	35168	
42768	0	35784	
42769	0	36076	
42770	0	35856	
42771	0	35488	
42772	0	35436	
42773	0	35096	
42774	0	34544	
42775	0	33824	
42776	0	33328	
42777	0	33156	
42778	0	32816	
42779	0	32932	
42780	0	33120	
42781	0	33336	
42782	0	33328	
42783	0	34032	
42784	0	35108	
42785	0	35860	
42786	0	36328	
42787	0	36608	
42788	0	36580	
42789	0	35832	
42790	0	34864	
42791	0	34732	
42792	0	35304	
42793	0	35224	
42794	0	34904	
42795	0	35228	
42796	0	35816	
42797	0	36352	
42798	0	36540	
42799	0	37120	
42800	0	38220	
42801	0	38840	
42802	0	39208	
42803	0	39748	
42804	0	40596	
42805	0	41276	
42806	0	41868	
42807	0	41556	
42808	0	41048	
42809	0	40272	
42810	0	39056	
42811	0	37784	
42812	0	36912	
42813	0	36076	
42814	0	35284	
42815	0	34640	
42816	0	33888	
42817	0	33264	
42818	0	32592	
42819	0	31896	
42820	0	31712	
42821	0	32252	
42822	0	33032	
42823	0	34212	
42824	0	34636	
42825	0	35176	
42826	0	35780	
42827	0	36112	
42828	0	36404	
42829	0	36468	
42830	0	36116	
42831	0	35452	
42832	0	35148	
42833	0	35200	
42834	0	35420	
42835	0	35392	
42836	0	35740	
42837	0	36280	
42838	0	36672	
42839	0	36676	
42840	0	36532	
42841	0	36388	
42842	0	36112	
42843	0	36220	
42844	0	36604	
42845	0	37016	
42846	0	37368	
42847	0	37432	
42848	0	36856	
42849	0	35884	
42850	0	35016	
42851	0	34848	
42852	0	35288	
42853	0	35512	
42854	0	35508	
42855	0	35864	
42856	0	36364	
42857	0	36684	
42858	0	36584	
42859	0	36180	
42860	0	35188	
42861	0	34768	
42862	0	34808	
42863	0	34616	
42864	0	34724	
42865	0	34528	
42866	0	34388	
42867	0	34764	
42868	0	34664	
42869	0	34584	
42870	0	34228	
42871	0	33588	
42872	0	33788	
42873	0	34544	
42874	0	34856	
42875	0	34492	
42876	0	34116	
42877	0	33856	
42878	0	33692	
42879	0	33836	
42880	0	33592	
42881	0	33544	
42882	0	33264	
42883	0	32808	
42884	0	32460	
42885	0	32436	
42886	0	32020	
42887	0	31724	
42888	0	31644	
42889	0	31432	
42890	0	31216	
42891	0	31680	
42892	0	32132	
42893	0	32124	
42894	0	31636	
42895	0	30492	
42896	0	29908	
42897	0	29680	
42898	0	29706	
42899	0	30592	
42900	0	31426	
42901	0	31404	
42902	0	31112	
42903	0	30764	
42904	0	30164	
42905	0	29800	
42906	0	29288	
42907	0	29100	
42908	0	29240	
42909	0	29424	
42910	0	29268	
42911	0	28448	
42912	0	27496	
42913	0	26994	
42914	0	27100	
42915	0	27580	
42916	0	27616	
42917	0	27562	
42918	0	27296	
42919	0	26844	
42920	0	26840	
42921	0	26761	
42922	0	26504	
42923	0	26140	
42924	0	25900	
42925	0	26098	
42926	0	25944	
42927	0	26140	
42928	0	26888	
42929	0	28272	
42930	0	29408	
42931	0	30808	
42932	0	32300	
42933	0	33204	
42934	0	33464	
42935	0	33204	
42936	0	33156	
42937	0	33108	
42938	0	32920	
42939	0	32488	
42940	0	31708	
42941	0	31228	
42942	0	31256	
42943	0	31820	
42944	0	32084	
42945	0	32032	
42946	0	32116	
42947	0	31696	
42948	0	31064	
42949	0	30240	
42950	0	29220	
42951	0	28296	
42952	0	27688	
42953	0	27312	
42954	0	27012	
42955	0	26908	
42956	0	26824	
42957	0	26856	
42958	0	26516	
42959	0	26278	
42960	0	25744	
42961	0	25024	
42962	0	24544	
42963	0	24680	
42964	0	25224	
42965	0	25708	
42966	0	25936	
42967	0	25808	
42968	0	25984	
42969	0	26192	
42970	0	26560	
42971	0	27188	
42972	0	27516	
42973	0	27456	
42974	0	27140	
42975	0	26784	
42976	0	26312	
42977	0	25900	
42978	0	25372	
42979	0	24926	
42980	0	24349	
42981	0	24140	
42982	0	24112	
42983	0	24468	
42984	0	24724	
42985	0	25476	
42986	0	26068	
42987	0	26057	
42988	0	25920	
42989	0	26580	
42990	0	26820	
42991	0	26560	
42992	0	26546	
42993	0	26880	
42994	0	27168	
42995	0	27472	
42996	0	27340	
42997	0	26504	
42998	0	25768	
42999	0	25580	
43000	0	25858	
43001	0	26592	
43002	0	27068	
43003	0	27508	
43004	0	27984	
43005	0	28720	
43006	0	29068	
43007	0	29616	
43008	0	30984	
43009	0	31964	
43010	0	32324	
43011	0	32264	
43012	0	31776	
43013	0	31200	
43014	0	30996	
43015	0	30536	
43016	0	30368	
43017	0	29984	
43018	0	29344	
43019	0	28948	
43020	0	28728	
43021	0	28852	
43022	0	29400	
43023	0	29888	
43024	0	30124	
43025	0	29768	
43026	0	29868	
43027	0	30304	
43028	0	30344	
43029	0	30196	
43030	0	30468	
43031	0	30772	
43032	0	30680	
43033	0	30412	
43034	0	30144	
43035	0	30040	
43036	0	29824	
43037	0	29564	
43038	0	29312	
43039	0	29316	
43040	0	29200	
43041	0	28632	
43042	0	28216	
43043	0	27832	
43044	0	27692	
43045	0	27992	
43046	0	28328	
43047	0	28908	
43048	0	29568	
43049	0	30056	
43050	0	29968	
43051	0	29456	
43052	0	28988	
43053	0	28324	
43054	0	27948	
43055	0	27532	
43056	0	26864	
43057	0	26512	
43058	0	26808	
43059	0	26984	
43060	0	27240	
43061	0	27540	
43062	0	27488	
43063	0	27612	
43064	0	27664	
43065	0	27656	
43066	0	27776	
43067	0	26684	
43068	0	26120	
43069	0	27044	
43070	0	28292	
43071	0	28924	
43072	0	29112	
43073	0	28420	
43074	0	28034	
43075	0	28188	
43076	0	27932	
43077	0	27528	
43078	0	27580	
43079	0	27876	
43080	0	28376	
43081	0	28776	
43082	0	28300	
43083	0	27680	
43084	0	27948	
43085	0	28528	
43086	0	29296	
43087	0	30368	
43088	0	31032	
43089	0	31172	
43090	0	31204	
43091	0	31488	
43092	0	31792	
43093	0	31848	
43094	0	32072	
43095	0	32100	
43096	0	32504	
43097	0	33396	
43098	0	34036	
43099	0	33664	
43100	0	32800	
43101	0	31848	
43102	0	30740	
43103	0	30184	
43104	0	30096	
43105	0	29888	
43106	0	29960	
43107	0	30324	
43108	0	31660	
43109	0	32804	
43110	0	33256	
43111	0	33428	
43112	0	33736	
43113	0	33668	
43114	0	33452	
43115	0	33368	
43116	0	33296	
43117	0	33260	
43118	0	34248	
43119	0	35368	
43120	0	35208	
43121	0	34296	
43122	0	33460	
43123	0	32676	
43124	0	32650	
43125	0	33144	
43126	0	33560	
43127	0	33912	
43128	0	34424	
43129	0	34560	
43130	0	34660	
43131	0	34804	
43132	0	34668	
43133	0	34752	
43134	0	35056	
43135	0	34872	
43136	0	33908	
43137	0	32944	
43138	0	32320	
43139	0	32098	
43140	0	32036	
43141	0	31900	
43142	0	31300	
43143	0	30888	
43144	0	30896	
43145	0	31012	
43146	0	30840	
43147	0	30760	
43148	0	31010	
43149	0	31136	
43150	0	31184	
43151	0	31230	
43152	0	31284	
43153	0	30904	
43154	0	30040	
43155	0	29684	
43156	0	29388	
43157	0	28976	
43158	0	28388	
43159	0	27340	
43160	0	26944	
43161	0	26836	
43162	0	26216	
43163	0	25896	
43164	0	26204	
43165	0	26948	
43166	0	27462	
43167	0	27660	
43168	0	28212	
43169	0	28898	
43170	0	29208	
43171	0	29180	
43172	0	29160	
43173	0	28986	
43174	0	28868	
43175	0	28716	
43176	0	28680	
43177	0	28636	
43178	0	28616	
43179	0	28500	
43180	0	27980	
43181	0	27684	
43182	0	27428	
43183	0	27500	
43184	0	27888	
43185	0	28304	
43186	0	28348	
43187	0	28888	
43188	0	29784	
43189	0	30616	
43190	0	31136	
43191	0	31612	
43192	0	31720	
43193	0	31140	
43194	0	30752	
43195	0	30914	
43196	0	30944	
43197	0	30616	
43198	0	30300	
43199	0	30024	
43200	0	29992	
43201	0	30504	
43202	0	30736	
43203	0	30708	
43204	0	31056	
43205	0	31740	
43206	0	32104	
43207	0	32300	
43208	0	32592	
43209	0	33112	
43210	0	33448	
43211	0	33132	
43212	0	33284	
43213	0	33440	
43214	0	33232	
43215	0	32944	
43216	0	32380	
43217	0	31804	
43218	0	32040	
43219	0	32548	
43220	0	33552	
43221	0	34144	
43222	0	34368	
43223	0	35172	
43224	0	35828	
43225	0	36644	
43226	0	37464	
43227	0	38668	
43228	0	39612	
43229	0	40600	
43230	0	41264	
43231	0	41552	
43232	0	41912	
43233	0	41988	
43234	0	42136	
43235	0	42048	
43236	0	41376	
43237	0	40368	
43238	0	39468	
43239	0	38540	
43240	0	38732	
43241	0	39120	
43242	0	38680	
43243	0	37796	
43244	0	37488	
43245	0	38016	
43246	0	38552	
43247	0	38584	
43248	0	38812	
43249	0	38772	
43250	0	38536	
43251	0	37800	
43252	0	36636	
43253	0	35124	
43254	0	33872	
43255	0	33328	
43256	0	32764	
43257	0	32220	
43258	0	31572	
43259	0	30800	
43260	0	30856	
43261	0	30546	
43262	0	30680	
43263	0	31004	
43264	0	31400	
43265	0	32088	
43266	0	32812	
43267	0	33376	
43268	0	34108	
43269	0	34356	
43270	0	34748	
43271	0	35572	
43272	0	36376	
43273	0	37408	
43274	0	37928	
43275	0	37488	
43276	0	36260	
43277	0	35640	
43278	0	35712	
43279	0	36192	
43280	0	36092	
43281	0	35712	
43282	0	34832	
43283	0	34420	
43284	0	34408	
43285	0	34492	
43286	0	35312	
43287	0	35944	
43288	0	36344	
43289	0	36304	
43290	0	36108	
43291	0	35936	
43292	0	36216	
43293	0	36632	
43294	0	36776	
43295	0	36616	
43296	0	35952	
43297	0	35000	
43298	0	34064	
43299	0	33752	
43300	0	34080	
43301	0	34384	
43302	0	35356	
43303	0	35996	
43304	0	35680	
43305	0	35952	
43306	0	36392	
43307	0	37040	
43308	0	37928	
43309	0	38688	
43310	0	39396	
43311	0	40172	
43312	0	40804	
43313	0	40804	
43314	0	40464	
43315	0	39820	
43316	0	39768	
43317	0	39348	
43318	0	39048	
43319	0	38832	
43320	0	38256	
43321	0	37792	
43322	0	37136	
43323	0	36856	
43324	0	37388	
43325	0	37764	
43326	0	37784	
43327	0	37512	
43328	0	36872	
43329	0	36960	
43330	0	36744	
43331	0	36360	
43332	0	35936	
43333	0	35600	
43334	0	35440	
43335	0	34988	
43336	0	34940	
43337	0	35052	
43338	0	35172	
43339	0	34784	
43340	0	34632	
43341	0	34584	
43342	0	33952	
43343	0	33424	
43344	0	33088	
43345	0	32504	
43346	0	32152	
43347	0	32084	
43348	0	32208	
43349	0	32248	
43350	0	32168	
43351	0	32328	
43352	0	32400	
43353	0	32184	
43354	0	31560	
43355	0	30736	
43356	0	29480	
43357	0	28720	
43358	0	28308	
43359	0	27716	
43360	0	27252	
43361	0	27364	
43362	0	28060	
43363	0	28808	
43364	0	29136	
43365	0	29576	
43366	0	30208	
43367	0	30520	
43368	0	30712	
43369	0	30528	
43370	0	30272	
43371	0	30148	
43372	0	29370	
43373	0	28788	
43374	0	28340	
43375	0	28008	
43376	0	28184	
43377	0	28360	
43378	0	28608	
43379	0	28780	
43380	0	28934	
43381	0	29204	
43382	0	29220	
43383	0	29220	
43384	0	29472	
43385	0	30208	
43386	0	31072	
43387	0	31780	
43388	0	32512	
43389	0	32604	
43390	0	32200	
43391	0	31780	
43392	0	31656	
43393	0	31848	
43394	0	31746	
43395	0	31800	
43396	0	31844	
43397	0	31880	
43398	0	31996	
43399	0	32432	
43400	0	32072	
43401	0	31656	
43402	0	32084	
43403	0	32392	
43404	0	32100	
43405	0	32088	
43406	0	32152	
43407	0	32208	
43408	0	32504	
43409	0	32068	
43410	0	31276	
43411	0	30964	
43412	0	30944	
43413	0	30644	
43414	0	30984	
43415	0	31192	
43416	0	31376	
43417	0	31380	
43418	0	31084	
43419	0	31284	
43420	0	31660	
43421	0	31488	
43422	0	31340	
43423	0	32096	
43424	0	32788	
43425	0	33472	
43426	0	34140	
43427	0	34536	
43428	0	34760	
43429	0	34656	
43430	0	34228	
43431	0	33860	
43432	0	33408	
43433	0	33144	
43434	0	33068	
43435	0	32860	
43436	0	32016	
43437	0	31044	
43438	0	30128	
43439	0	29538	
43440	0	29136	
43441	0	28872	
43442	0	29004	
43443	0	29084	
43444	0	28964	
43445	0	29096	
43446	0	29464	
43447	0	30432	
43448	0	31596	
43449	0	32592	
43450	0	33308	
43451	0	33020	
43452	0	30764	
43453	0	27154	
43454	0	24945	
43455	0	24242	
43456	0	24196	
43457	0	24660	
43458	0	25032	
43459	0	25036	
43460	0	24668	
43461	0	24312	
43462	0	24012	
43463	0	24224	
43464	0	24756	
43465	0	25004	
43466	0	24614	
43467	0	24948	
43468	0	26094	
43469	0	27000	
43470	0	27584	
43471	0	28220	
43472	0	28796	
43473	0	29000	
43474	0	29068	
43475	0	28836	
43476	0	29176	
43477	0	29800	
43478	0	29848	
43479	0	29988	
43480	0	30428	
43481	0	30596	
43482	0	30572	
43483	0	30408	
43484	0	30628	
43485	0	31340	
43486	0	32448	
43487	0	33212	
43488	0	33428	
43489	0	33276	
43490	0	33632	
43491	0	34244	
43492	0	34920	
43493	0	35012	
43494	0	34432	
43495	0	33668	
43496	0	32892	
43497	0	32640	
43498	0	33072	
43499	0	33344	
43500	0	33440	
43501	0	33524	
43502	0	33288	
43503	0	33184	
43504	0	33518	
43505	0	34352	
43506	0	34776	
43507	0	34920	
43508	0	34936	
43509	0	35332	
43510	0	35360	
43511	0	35572	
43512	0	35000	
43513	0	35112	
43514	0	36048	
43515	0	36772	
43516	0	37056	
43517	0	36536	
43518	0	36264	
43519	0	36260	
43520	0	36192	
43521	0	35976	
43522	0	35392	
43523	0	34612	
43524	0	34024	
43525	0	34200	
43526	0	34552	
43527	0	34880	
43528	0	35040	
43529	0	35000	
43530	0	34728	
43531	0	34672	
43532	0	34804	
43533	0	34584	
43534	0	34972	
43535	0	35476	
43536	0	35528	
43537	0	35524	
43538	0	35564	
43539	0	35834	
43540	0	35792	
43541	0	35128	
43542	0	34528	
43543	0	34200	
43544	0	33842	
43545	0	33216	
43546	0	33100	
43547	0	33176	
43548	0	33196	
43549	0	33120	
43550	0	32940	
43551	0	32824	
43552	0	32460	
43553	0	32320	
43554	0	32180	
43555	0	32260	
43556	0	32216	
43557	0	32184	
43558	0	32096	
43559	0	32056	
43560	0	31760	
43561	0	31236	
43562	0	30752	
43563	0	30528	
43564	0	31164	
43565	0	33052	
43566	0	34920	
43567	0	36106	
43568	0	36848	
43569	0	35386	
43570	0	32872	
43571	0	31010	
43572	0	30056	
43573	0	29780	
43574	0	29744	
43575	0	29704	
43576	0	29944	
43577	0	30480	
43578	0	30840	
43579	0	30728	
43580	0	30832	
43581	0	31116	
43582	0	31060	
43583	0	30944	
43584	0	30764	
43585	0	30864	
43586	0	31416	
43587	0	32004	
43588	0	32780	
43589	0	33456	
43590	0	33754	
43591	0	33956	
43592	0	33906	
43593	0	33776	
43594	0	33660	
43595	0	33548	
43596	0	33512	
43597	0	33776	
43598	0	33924	
43599	0	34072	
43600	0	34380	
43601	0	34324	
43602	0	34120	
43603	0	33936	
43604	0	33924	
43605	0	34264	
43606	0	35304	
43607	0	36544	
43608	0	37700	
43609	0	38312	
43610	0	38368	
43611	0	38392	
43612	0	37960	
43613	0	36988	
43614	0	35768	
43615	0	34952	
43616	0	34720	
43617	0	33992	
43618	0	32780	
43619	0	32952	
43620	0	34180	
43621	0	35180	
43622	0	35624	
43623	0	35876	
43624	0	35492	
43625	0	35032	
43626	0	34028	
43627	0	33376	
43628	0	32988	
43629	0	32964	
43630	0	32900	
43631	0	33276	
43632	0	33798	
43633	0	34076	
43634	0	33728	
43635	0	33076	
43636	0	32656	
43637	0	32640	
43638	0	32394	
43639	0	31972	
43640	0	31292	
43641	0	30956	
43642	0	30568	
43643	0	30004	
43644	0	30076	
43645	0	30536	
43646	0	31026	
43647	0	31528	
43648	0	32304	
43649	0	33168	
43650	0	33728	
43651	0	33964	
43652	0	33764	
43653	0	33048	
43654	0	31812	
43655	0	30696	
43656	0	29900	
43657	0	29660	
43658	0	29232	
43659	0	29112	
43660	0	30000	
43661	0	31024	
43662	0	31516	
43663	0	32000	
43664	0	31928	
43665	0	31856	
43666	0	32064	
43667	0	32452	
43668	0	32856	
43669	0	33456	
43670	0	33716	
43671	0	34032	
43672	0	34504	
43673	0	34684	
43674	0	34368	
43675	0	33720	
43676	0	32976	
43677	0	32356	
43678	0	31880	
43679	0	31624	
43680	0	31370	
43681	0	31120	
43682	0	31032	
43683	0	31056	
43684	0	31380	
43685	0	31704	
43686	0	32216	
43687	0	32972	
43688	0	33408	
43689	0	33776	
43690	0	33992	
43691	0	34304	
43692	0	34336	
43693	0	34084	
43694	0	33416	
43695	0	33076	
43696	0	33204	
43697	0	34420	
43698	0	36504	
43699	0	37796	
43700	0	37324	
43701	0	34496	
43702	0	31360	
43703	0	29652	
43704	0	28996	
43705	0	28520	
43706	0	28900	
43707	0	29176	
43708	0	29684	
43709	0	30116	
43710	0	30728	
43711	0	30952	
43712	0	30316	
43713	0	29780	
43714	0	29024	
43715	0	28112	
43716	0	27580	
43717	0	27664	
43718	0	27908	
43719	0	28472	
43720	0	29122	
43721	0	29972	
43722	0	30618	
43723	0	30424	
43724	0	30064	
43725	0	29912	
43726	0	30024	
43727	0	30524	
43728	0	31264	
43729	0	32040	
43730	0	32416	
43731	0	33228	
43732	0	33536	
43733	0	33632	
43734	0	33480	
43735	0	33260	
43736	0	33640	
43737	0	33600	
43738	0	32556	
43739	0	31560	
43740	0	31148	
43741	0	30720	
43742	0	30348	
43743	0	30356	
43744	0	30816	
43745	0	32024	
43746	0	33232	
43747	0	34096	
43748	0	34928	
43749	0	35180	
43750	0	35104	
43751	0	35492	
43752	0	35292	
43753	0	34632	
43754	0	34104	
43755	0	33208	
43756	0	32788	
43757	0	32936	
43758	0	33316	
43759	0	33776	
43760	0	34316	
43761	0	34860	
43762	0	35376	
43763	0	36016	
43764	0	36932	
43765	0	38372	
43766	0	39756	
43767	0	40720	
43768	0	40864	
43769	0	40848	
43770	0	41168	
43771	0	41336	
43772	0	40844	
43773	0	39956	
43774	0	39008	
43775	0	38328	
43776	0	37608	
43777	0	36756	
43778	0	36484	
43779	0	36456	
43780	0	36288	
43781	0	36412	
43782	0	36568	
43783	0	36456	
43784	0	35760	
43785	0	35952	
43786	0	36728	
43787	0	37348	
43788	0	37952	
43789	0	38144	
43790	0	37600	
43791	0	36476	
43792	0	35648	
43793	0	34716	
43794	0	33696	
43795	0	32944	
43796	0	32188	
43797	0	31808	
43798	0	31584	
43799	0	31724	
43800	0	32480	
43801	0	32860	
43802	0	33100	
43803	0	33624	
43804	0	33748	
43805	0	33536	
43806	0	33444	
43807	0	33868	
43808	0	34748	
43809	0	35388	
43810	0	36084	
43811	0	36936	
43812	0	37136	
43813	0	37152	
43814	0	36968	
43815	0	37000	
43816	0	36772	
43817	0	36600	
43818	0	36280	
43819	0	35480	
43820	0	34792	
43821	0	34176	
43822	0	33512	
43823	0	33256	
43824	0	33716	
43825	0	34136	
43826	0	34076	
43827	0	34252	
43828	0	34648	
43829	0	35164	
43830	0	35664	
43831	0	36104	
43832	0	36084	
43833	0	36136	
43834	0	35536	
43835	0	34572	
43836	0	34216	
43837	0	33812	
43838	0	33460	
43839	0	33584	
43840	0	33980	
43841	0	33796	
43842	0	33864	
43843	0	34024	
43844	0	34344	
43845	0	34520	
43846	0	34748	
43847	0	35384	
43848	0	35752	
43849	0	36236	
43850	0	37100	
43851	0	37132	
43852	0	36696	
43853	0	36552	
43854	0	36116	
43855	0	35408	
43856	0	35680	
43857	0	35820	
43858	0	36168	
43859	0	36364	
43860	0	36656	
43861	0	37016	
43862	0	37344	
43863	0	38480	
43864	0	40304	
43865	0	41948	
43866	0	43424	
43867	0	44108	
43868	0	42904	
43869	0	40764	
43870	0	39144	
43871	0	38784	
43872	0	38296	
43873	0	37640	
43874	0	37336	
43875	0	37392	
43876	0	37364	
43877	0	37216	
43878	0	37328	
43879	0	37528	
43880	0	37760	
43881	0	38160	
43882	0	38196	
43883	0	37952	
43884	0	37576	
43885	0	37284	
43886	0	37620	
43887	0	38504	
43888	0	39252	
43889	0	39552	
43890	0	39708	
43891	0	39676	
43892	0	39194	
43893	0	38520	
43894	0	37848	
43895	0	37064	
43896	0	36056	
43897	0	35160	
43898	0	34576	
43899	0	33920	
43900	0	33236	
43901	0	32564	
43902	0	32626	
43903	0	32944	
43904	0	33060	
43905	0	33472	
43906	0	34366	
43907	0	34848	
43908	0	34808	
43909	0	34820	
43910	0	34196	
43911	0	33476	
43912	0	32724	
43913	0	32304	
43914	0	31872	
43915	0	31820	
43916	0	32116	
43917	0	32124	
43918	0	32128	
43919	0	32196	
43920	0	31984	
43921	0	31920	
43922	0	32144	
43923	0	32724	
43924	0	33160	
43925	0	33992	
43926	0	34496	
43927	0	34732	
43928	0	35380	
43929	0	36512	
43930	0	37164	
43931	0	37272	
43932	0	36200	
43933	0	34916	
43934	0	34288	
43935	0	33824	
43936	0	33416	
43937	0	33528	
43938	0	33812	
43939	0	33804	
43940	0	33880	
43941	0	33336	
43942	0	32648	
43943	0	32236	
43944	0	32200	
43945	0	32596	
43946	0	33472	
43947	0	35112	
43948	0	36520	
43949	0	36304	
43950	0	33924	
43951	0	31476	
43952	0	29576	
43953	0	28058	
43954	0	27237	
43955	0	27060	
43956	0	27012	
43957	0	27496	
43958	0	27576	
43959	0	27596	
43960	0	26924	
43961	0	25624	
43962	0	25012	
43963	0	25086	
43964	0	25960	
43965	0	26764	
43966	0	27382	
43967	0	28112	
43968	0	28664	
43969	0	29300	
43970	0	29752	
43971	0	30512	
43972	0	30856	
43973	0	30936	
43974	0	30972	
43975	0	31036	
43976	0	31704	
43977	0	32168	
43978	0	32136	
43979	0	32016	
43980	0	31696	
43981	0	31464	
43982	0	31244	
43983	0	31136	
43984	0	31724	
43985	0	32712	
43986	0	33728	
43987	0	34896	
43988	0	35848	
43989	0	36512	
43990	0	36580	
43991	0	36540	
43992	0	36736	
43993	0	37008	
43994	0	36896	
43995	0	35952	
43996	0	34488	
43997	0	33804	
43998	0	32984	
43999	0	32008	
44000	0	30896	
44001	0	30352	
44002	0	30752	
44003	0	31464	
44004	0	32044	
44005	0	32600	
44006	0	32828	
44007	0	32772	
44008	0	32692	
44009	0	32076	
44010	0	31912	
44011	0	32052	
44012	0	31740	
44013	0	31224	
44014	0	30926	
44015	0	30720	
44016	0	30568	
44017	0	30744	
44018	0	30780	
44019	0	30364	
44020	0	30164	
44021	0	30232	
44022	0	30280	
44023	0	30324	
44024	0	30380	
44025	0	30452	
44026	0	30304	
44027	0	30168	
44028	0	30552	
44029	0	31356	
44030	0	31716	
44031	0	31764	
44032	0	31340	
44033	0	31228	
44034	0	30892	
44035	0	30188	
44036	0	29164	
44037	0	28692	
44038	0	28796	
44039	0	28996	
44040	0	29580	
44041	0	29624	
44042	0	29572	
44043	0	29696	
44044	0	29972	
44045	0	29812	
44046	0	30000	
44047	0	31692	
44048	0	33936	
44049	0	35980	
44050	0	37452	
44051	0	36488	
44052	0	33092	
44053	0	29884	
44054	0	28064	
44055	0	27704	
44056	0	27776	
44057	0	28172	
44058	0	28668	
44059	0	29040	
44060	0	28968	
44061	0	28970	
44062	0	29012	
44063	0	29312	
44064	0	30172	
44065	0	30504	
44066	0	31088	
44067	0	31732	
44068	0	31824	
44069	0	31872	
44070	0	32056	
44071	0	32124	
44072	0	32060	
44073	0	32200	
44074	0	32320	
44075	0	32426	
44076	0	31940	
44077	0	31308	
44078	0	30524	
44079	0	30284	
44080	0	30164	
44081	0	29628	
44082	0	28640	
44083	0	28316	
44084	0	29268	
44085	0	30176	
44086	0	30960	
44087	0	31876	
44088	0	32276	
44089	0	32208	
44090	0	31820	
44091	0	31792	
44092	0	31676	
44093	0	31828	
44094	0	31648	
44095	0	31404	
44096	0	30988	
44097	0	30824	
44098	0	30616	
44099	0	30304	
44100	0	30756	
44101	0	31156	
44102	0	31560	
44103	0	31608	
44104	0	31984	
44105	0	32346	
44106	0	32748	
44107	0	33384	
44108	0	33988	
44109	0	34432	
44110	0	34576	
44111	0	34874	
44112	0	34824	
44113	0	34852	
44114	0	35292	
44115	0	35408	
44116	0	35272	
44117	0	34560	
44118	0	33620	
44119	0	32960	
44120	0	32700	
44121	0	33088	
44122	0	33540	
44123	0	34024	
44124	0	34644	
44125	0	35232	
44126	0	35276	
44127	0	34876	
44128	0	34338	
44129	0	33250	
44130	0	32120	
44131	0	31316	
44132	0	30908	
44133	0	30984	
44134	0	31104	
44135	0	31297	
44136	0	31316	
44137	0	30740	
44138	0	30424	
44139	0	30772	
44140	0	31126	
44141	0	31036	
44142	0	30852	
44143	0	30696	
44144	0	30956	
44145	0	31428	
44146	0	31912	
44147	0	31808	
44148	0	31788	
44149	0	32256	
44150	0	32528	
44151	0	32804	
44152	0	32960	
44153	0	33060	
44154	0	33352	
44155	0	33276	
44156	0	32452	
44157	0	31948	
44158	0	31572	
44159	0	31224	
44160	0	31756	
44161	0	32108	
44162	0	32088	
44163	0	31592	
44164	0	31768	
44165	0	32464	
44166	0	33316	
44167	0	34300	
44168	0	35320	
44169	0	35868	
44170	0	36352	
44171	0	36960	
44172	0	37232	
44173	0	37188	
44174	0	37804	
44175	0	38820	
44176	0	39468	
44177	0	39072	
44178	0	37112	
44179	0	34876	
44180	0	33360	
44181	0	32232	
44182	0	31352	
44183	0	30864	
44184	0	30488	
44185	0	30508	
44186	0	31364	
44187	0	32244	
44188	0	33224	
44189	0	34228	
44190	0	35184	
44191	0	35800	
44192	0	35968	
44193	0	35548	
44194	0	34872	
44195	0	34210	
44196	0	33864	
44197	0	33860	
44198	0	33944	
44199	0	34260	
44200	0	34504	
44201	0	34856	
44202	0	34900	
44203	0	34760	
44204	0	35112	
44205	0	35552	
44206	0	35744	
44207	0	36184	
44208	0	36576	
44209	0	37028	
44210	0	37112	
44211	0	36952	
44212	0	36584	
44213	0	35728	
44214	0	34700	
44215	0	34596	
44216	0	34624	
44217	0	34696	
44218	0	34688	
44219	0	34896	
44220	0	35240	
44221	0	35332	
44222	0	35008	
44223	0	34060	
44224	0	33652	
44225	0	33800	
44226	0	34042	
44227	0	34040	
44228	0	33424	
44229	0	32352	
44230	0	31556	
44231	0	31136	
44232	0	31344	
44233	0	31620	
44234	0	31776	
44235	0	30904	
44236	0	29908	
44237	0	29280	
44238	0	29205	
44239	0	29636	
44240	0	30480	
44241	0	30908	
44242	0	31068	
44243	0	31428	
44244	0	31568	
44245	0	32020	
44246	0	32948	
44247	0	33396	
44248	0	33344	
44249	0	33048	
44250	0	32660	
44251	0	32608	
44252	0	32572	
44253	0	32700	
44254	0	32772	
44255	0	32424	
44256	0	31936	
44257	0	31700	
44258	0	32012	
44259	0	32000	
44260	0	31664	
44261	0	30776	
44262	0	29944	
44263	0	29716	
44264	0	30552	
44265	0	31356	
44266	0	31892	
44267	0	31724	
44268	0	31388	
44269	0	31520	
44270	0	31906	
44271	0	32200	
44272	0	32252	
44273	0	32670	
44274	0	33128	
44275	0	33116	
44276	0	33028	
44277	0	32624	
44278	0	32224	
44279	0	32416	
44280	0	32652	
44281	0	32708	
44282	0	32912	
44283	0	33348	
44284	0	33572	
44285	0	33976	
44286	0	33992	
44287	0	34148	
44288	0	34020	
44289	0	33632	
44290	0	33824	
44291	0	33916	
44292	0	33556	
44293	0	33128	
44294	0	33012	
44295	0	32772	
44296	0	32680	
44297	0	32296	
44298	0	32244	
44299	0	33076	
44300	0	34048	
44301	0	34000	
44302	0	33840	
44303	0	33792	
44304	0	34324	
44305	0	34676	
44306	0	34924	
44307	0	34972	
44308	0	35036	
44309	0	35060	
44310	0	34980	
44311	0	34724	
44312	0	34204	
44313	0	33680	
44314	0	33224	
44315	0	33018	
44316	0	32936	
44317	0	33032	
44318	0	33020	
44319	0	33328	
44320	0	33688	
44321	0	33788	
44322	0	33820	
44323	0	34324	
44324	0	34956	
44325	0	35436	
44326	0	35260	
44327	0	34856	
44328	0	35036	
44329	0	34988	
44330	0	34824	
44331	0	34908	
44332	0	35248	
44333	0	35408	
44334	0	35160	
44335	0	35004	
44336	0	34792	
44337	0	35268	
44338	0	35684	
44339	0	36016	
44340	0	36048	
44341	0	36652	
44342	0	37084	
44343	0	37416	
44344	0	37476	
44345	0	37856	
44346	0	38136	
44347	0	37696	
44348	0	36884	
44349	0	36484	
44350	0	36212	
44351	0	36116	
44352	0	36128	
44353	0	35996	
44354	0	35556	
44355	0	35084	
44356	0	34020	
44357	0	33024	
44358	0	32470	
44359	0	31962	
44360	0	31280	
44361	0	30428	
44362	0	30040	
44363	0	29760	
44364	0	29908	
44365	0	30472	
44366	0	30868	
44367	0	31304	
44368	0	31604	
44369	0	31984	
44370	0	32048	
44371	0	32176	
44372	0	32392	
44373	0	33080	
44374	0	33768	
44375	0	34376	
44376	0	34708	
44377	0	32932	
44378	0	29736	
44379	0	27400	
44380	0	25848	
44381	0	25312	
44382	0	25140	
44383	0	25540	
44384	0	26232	
44385	0	27408	
44386	0	28528	
44387	0	29324	
44388	0	29672	
44389	0	29980	
44390	0	30452	
44391	0	30916	
44392	0	31364	
44393	0	31596	
44394	0	31640	
44395	0	31388	
44396	0	31668	
44397	0	31648	
44398	0	31672	
44399	0	31448	
44400	0	31080	
44401	0	30964	
44402	0	31508	
44403	0	32668	
44404	0	34108	
44405	0	35056	
44406	0	35596	
44407	0	36216	
44408	0	36632	
44409	0	36532	
44410	0	36448	
44411	0	36764	
44412	0	36792	
44413	0	36228	
44414	0	35836	
44415	0	35540	
44416	0	35240	
44417	0	35680	
44418	0	36008	
44419	0	35940	
44420	0	35932	
44421	0	35956	
44422	0	36416	
44423	0	36588	
44424	0	36656	
44425	0	36884	
44426	0	36736	
44427	0	36324	
44428	0	35796	
44429	0	35296	
44430	0	34456	
44431	0	33948	
44432	0	33728	
44433	0	33552	
44434	0	33572	
44435	0	33744	
44436	0	33880	
44437	0	34216	
44438	0	34454	
44439	0	34616	
44440	0	34152	
44441	0	33392	
44442	0	33124	
44443	0	33228	
44444	0	34228	
44445	0	35324	
44446	0	36424	
44447	0	37060	
44448	0	37320	
44449	0	37232	
44450	0	36700	
44451	0	36384	
44452	0	36124	
44453	0	35360	
44454	0	34808	
44455	0	34568	
44456	0	34068	
44457	0	33528	
44458	0	33580	
44459	0	33780	
44460	0	34060	
44461	0	34388	
44462	0	34664	
44463	0	34652	
44464	0	34892	
44465	0	35228	
44466	0	35760	
44467	0	36292	
44468	0	36508	
44469	0	36080	
44470	0	35488	
44471	0	35180	
44472	0	34752	
44473	0	34324	
44474	0	33576	
44475	0	32920	
44476	0	32524	
44477	0	32044	
44478	0	31852	
44479	0	31528	
44480	0	31720	
44481	0	31604	
44482	0	31536	
44483	0	31608	
44484	0	32232	
44485	0	33230	
44486	0	34360	
44487	0	35512	
44488	0	35940	
44489	0	35816	
44490	0	35564	
44491	0	35064	
44492	0	34648	
44493	0	34252	
44494	0	34092	
44495	0	34348	
44496	0	35112	
44497	0	36024	
44498	0	36196	
44499	0	36392	
44500	0	36584	
44501	0	36720	
44502	0	36376	
44503	0	35800	
44504	0	35408	
44505	0	35036	
44506	0	35044	
44507	0	35428	
44508	0	36832	
44509	0	38392	
44510	0	40248	
44511	0	41872	
44512	0	40988	
44513	0	37668	
44514	0	34698	
44515	0	32616	
44516	0	31452	
44517	0	31132	
44518	0	31348	
44519	0	31424	
44520	0	31652	
44521	0	31580	
44522	0	31484	
44523	0	31536	
44524	0	31526	
44525	0	31324	
44526	0	31244	
44527	0	31736	
44528	0	32496	
44529	0	33232	
44530	0	33720	
44531	0	33352	
44532	0	33036	
44533	0	32856	
44534	0	32864	
44535	0	33596	
44536	0	33644	
44537	0	33656	
44538	0	33512	
44539	0	33668	
44540	0	33784	
44541	0	33688	
44542	0	33760	
44543	0	34476	
44544	0	35432	
44545	0	35914	
44546	0	36560	
44547	0	37140	
44548	0	36992	
44549	0	36404	
44550	0	35920	
44551	0	35620	
44552	0	35796	
44553	0	35636	
44554	0	34936	
44555	0	34160	
44556	0	34080	
44557	0	33916	
44558	0	33684	
44559	0	33784	
44560	0	34060	
44561	0	33912	
44562	0	33792	
44563	0	33732	
44564	0	33820	
44565	0	34152	
44566	0	34576	
44567	0	35272	
44568	0	35944	
44569	0	36124	
44570	0	36044	
44571	0	36284	
44572	0	36052	
44573	0	35932	
44574	0	35832	
44575	0	35344	
44576	0	34992	
44577	0	34704	
44578	0	34336	
44579	0	34008	
44580	0	33784	
44581	0	33424	
44582	0	33076	
44583	0	32868	
44584	0	32972	
44585	0	33752	
44586	0	34528	
44587	0	35468	
44588	0	36176	
44589	0	36324	
44590	0	35944	
44591	0	35452	
44592	0	34640	
44593	0	33368	
44594	0	31812	
44595	0	30940	
44596	0	31028	
44597	0	31188	
44598	0	31360	
44599	0	31116	
44600	0	31208	
44601	0	31580	
44602	0	32432	
44603	0	33116	
44604	0	33088	
44605	0	33340	
44606	0	33960	
44607	0	34376	
44608	0	34436	
44609	0	34200	
44610	0	33800	
44611	0	33408	
44612	0	32692	
44613	0	31984	
44614	0	31176	
44615	0	31320	
44616	0	32176	
44617	0	33116	
44618	0	33656	
44619	0	34152	
44620	0	34592	
44621	0	35036	
44622	0	35992	
44623	0	37076	
44624	0	37852	
44625	0	38184	
44626	0	37960	
44627	0	38448	
44628	0	39464	
44629	0	39896	
44630	0	39136	
44631	0	37998	
44632	0	36836	
44633	0	35752	
44634	0	35232	
44635	0	34896	
44636	0	35120	
44637	0	35304	
44638	0	34576	
44639	0	33888	
44640	0	33092	
44641	0	32220	
44642	0	31660	
44643	0	31242	
44644	0	31520	
44645	0	31748	
44646	0	32416	
44647	0	34296	
44648	0	35648	
44649	0	36472	
44650	0	36992	
44651	0	35176	
44652	0	32252	
44653	0	30272	
44654	0	28456	
44655	0	27104	
44656	0	26620	
44657	0	26538	
44658	0	26612	
44659	0	27116	
44660	0	27320	
44661	0	27164	
44662	0	26976	
44663	0	27516	
44664	0	28686	
44665	0	29489	
44666	0	30168	
44667	0	30776	
44668	0	31044	
44669	0	31040	
44670	0	30976	
44671	0	31352	
44672	0	31524	
44673	0	31628	
44674	0	31536	
44675	0	31492	
44676	0	31472	
44677	0	31140	
44678	0	30616	
44679	0	30296	
44680	0	30376	
44681	0	30632	
44682	0	30792	
44683	0	31024	
44684	0	31688	
44685	0	32184	
44686	0	32088	
44687	0	32144	
44688	0	32392	
44689	0	33014	
44690	0	33336	
44691	0	33460	
44692	0	33252	
44693	0	32916	
44694	0	32964	
44695	0	32856	
44696	0	32928	
44697	0	32952	
44698	0	33052	
44699	0	32852	
44700	0	32476	
44701	0	31784	
44702	0	31208	
44703	0	31128	
44704	0	31352	
44705	0	31752	
44706	0	31952	
44707	0	32412	
44708	0	32845	
44709	0	33040	
44710	0	32804	
44711	0	32144	
44712	0	31524	
44713	0	31352	
44714	0	31222	
44715	0	30712	
44716	0	29988	
44717	0	29504	
44718	0	29300	
44719	0	29336	
44720	0	28996	
44721	0	27972	
44722	0	27524	
44723	0	27472	
44724	0	28412	
44725	0	29632	
44726	0	30368	
44727	0	30572	
44728	0	30812	
44729	0	30712	
44730	0	29960	
44731	0	29032	
44732	0	28320	
44733	0	28174	
44734	0	28488	
44735	0	28800	
44736	0	28948	
44737	0	29458	
44738	0	30748	
44739	0	32064	
44740	0	32880	
44741	0	32818	
44742	0	31136	
44743	0	28612	
44744	0	26832	
44745	0	26698	
44746	0	27332	
44747	0	28072	
44748	0	28692	
44749	0	29108	
44750	0	29424	
44751	0	29668	
44752	0	29960	
44753	0	30508	
44754	0	30920	
44755	0	30592	
44756	0	30424	
44757	0	31028	
44758	0	32064	
44759	0	32984	
44760	0	33056	
44761	0	32828	
44762	0	32236	
44763	0	31900	
44764	0	32544	
44765	0	33756	
44766	0	35596	
44767	0	37400	
44768	0	38724	
44769	0	38800	
44770	0	38076	
44771	0	37208	
44772	0	36384	
44773	0	35740	
44774	0	35496	
44775	0	35032	
44776	0	34404	
44777	0	34316	
44778	0	34424	
44779	0	34332	
44780	0	33720	
44781	0	33236	
44782	0	33376	
44783	0	34116	
44784	0	34956	
44785	0	35204	
44786	0	35156	
44787	0	34928	
44788	0	34908	
44789	0	35260	
44790	0	35208	
44791	0	34316	
44792	0	33152	
44793	0	32344	
44794	0	31812	
44795	0	31486	
44796	0	31024	
44797	0	30540	
44798	0	30648	
44799	0	30796	
44800	0	30984	
44801	0	30584	
44802	0	29912	
44803	0	29880	
44804	0	30148	
44805	0	30536	
44806	0	30588	
44807	0	31120	
44808	0	31748	
44809	0	32328	
44810	0	32840	
44811	0	32636	
44812	0	32468	
44813	0	32300	
44814	0	31860	
44815	0	31032	
44816	0	30228	
44817	0	29372	
44818	0	28588	
44819	0	28396	
44820	0	28692	
44821	0	29416	
44822	0	30272	
44823	0	31364	
44824	0	31972	
44825	0	32280	
44826	0	32712	
44827	0	33908	
44828	0	35280	
44829	0	36832	
44830	0	38456	
44831	0	37976	
44832	0	35136	
44833	0	32132	
44834	0	29620	
44835	0	27400	
44836	0	26065	
44837	0	25164	
44838	0	24304	
44839	0	24612	
44840	0	25084	
44841	0	25348	
44842	0	25346	
44843	0	25832	
44844	0	27296	
44845	0	28780	
44846	0	30160	
44847	0	31372	
44848	0	31852	
44849	0	32188	
44850	0	32589	
44851	0	33080	
44852	0	33424	
44853	0	33360	
44854	0	33576	
44855	0	32920	
44856	0	31736	
44857	0	30444	
44858	0	29584	
44859	0	29264	
44860	0	29104	
44861	0	28744	
44862	0	29072	
44863	0	29766	
44864	0	30404	
44865	0	31784	
44866	0	33200	
44867	0	34200	
44868	0	34384	
44869	0	34296	
44870	0	34348	
44871	0	34508	
44872	0	34840	
44873	0	34960	
44874	0	34448	
44875	0	33784	
44876	0	32812	
44877	0	31928	
44878	0	31440	
44879	0	30752	
44880	0	30393	
44881	0	29716	
44882	0	29356	
44883	0	29696	
44884	0	30592	
44885	0	31192	
44886	0	31612	
44887	0	31920	
44888	0	32000	
44889	0	32600	
44890	0	33872	
44891	0	34624	
44892	0	34632	
44893	0	34692	
44894	0	33240	
44895	0	30748	
44896	0	29120	
44897	0	28500	
44898	0	28932	
44899	0	29596	
44900	0	30400	
44901	0	31464	
44902	0	31828	
44903	0	31968	
44904	0	32472	
44905	0	33392	
44906	0	34380	
44907	0	34988	
44908	0	35400	
44909	0	34660	
44910	0	33776	
44911	0	34428	
44912	0	35748	
44913	0	36840	
44914	0	37004	
44915	0	36868	
44916	0	36760	
44917	0	36532	
44918	0	36176	
44919	0	36108	
44920	0	36088	
44921	0	35872	
44922	0	35500	
44923	0	35084	
44924	0	34996	
44925	0	35000	
44926	0	35432	
44927	0	36248	
44928	0	36584	
44929	0	36688	
44930	0	36552	
44931	0	35852	
44932	0	35132	
44933	0	34716	
44934	0	34512	
44935	0	34336	
44936	0	33456	
44937	0	32624	
44938	0	31948	
44939	0	31540	
44940	0	31136	
44941	0	30472	
44942	0	30232	
44943	0	30560	
44944	0	31172	
44945	0	31764	
44946	0	32728	
44947	0	33776	
44948	0	35012	
44949	0	36952	
44950	0	38708	
44951	0	39188	
44952	0	38552	
44953	0	34852	
44954	0	31128	
44955	0	29848	
44956	0	29642	
44957	0	29440	
44958	0	29420	
44959	0	29372	
44960	0	29512	
44961	0	29884	
44962	0	29944	
44963	0	30268	
44964	0	30864	
44965	0	31580	
44966	0	32300	
44967	0	33044	
44968	0	33480	
44969	0	33992	
44970	0	34464	
44971	0	34768	
44972	0	34432	
44973	0	33932	
44974	0	33356	
44975	0	32820	
44976	0	32172	
44977	0	31692	
44978	0	31708	
44979	0	31764	
44980	0	32052	
44981	0	32620	
44982	0	32800	
44983	0	33708	
44984	0	34724	
44985	0	35388	
44986	0	35604	
44987	0	35504	
44988	0	35206	
44989	0	34352	
44990	0	33440	
44991	0	33056	
44992	0	33112	
44993	0	33260	
44994	0	33800	
44995	0	34740	
44996	0	35220	
44997	0	35220	
44998	0	34748	
44999	0	33404	
45000	0	32042	
45001	0	31380	
45002	0	31504	
45003	0	32356	
45004	0	33352	
45005	0	34384	
45006	0	35268	
45007	0	36172	
45008	0	36344	
45009	0	36008	
45010	0	35836	
45011	0	35156	
45012	0	34488	
45013	0	34128	
45014	0	33836	
45015	0	33304	
45016	0	32980	
45017	0	33108	
45018	0	33240	
45019	0	33660	
45020	0	33388	
45021	0	32488	
45022	0	31272	
45023	0	30860	
45024	0	30744	
45025	0	31028	
45026	0	31668	
45027	0	32716	
45028	0	33036	
45029	0	33128	
45030	0	33460	
45031	0	33612	
45032	0	33248	
45033	0	33112	
45034	0	33456	
45035	0	33796	
45036	0	33520	
45037	0	32602	
45038	0	31920	
45039	0	32376	
45040	0	33068	
45041	0	33524	
45042	0	33720	
45043	0	34092	
45044	0	35192	
45045	0	35888	
45046	0	35712	
45047	0	36136	
45048	0	36828	
45049	0	36824	
45050	0	36844	
45051	0	36528	
45052	0	35688	
45053	0	35252	
45054	0	34858	
45055	0	34256	
45056	0	33692	
45057	0	33384	
45058	0	33372	
45059	0	33226	
45060	0	33012	
45061	0	32320	
45062	0	31776	
45063	0	31520	
45064	0	31808	
45065	0	32548	
45066	0	33076	
45067	0	33852	
45068	0	34624	
45069	0	35072	
45070	0	35304	
45071	0	35252	
45072	0	34544	
45073	0	33788	
45074	0	33192	
45075	0	32730	
45076	0	32216	
45077	0	31784	
45078	0	31248	
45079	0	30780	
45080	0	30460	
45081	0	30184	
45082	0	30184	
45083	0	30457	
45084	0	30648	
45085	0	30900	
45086	0	31480	
45087	0	31912	
45088	0	32432	
45089	0	32596	
45090	0	32780	
45091	0	32484	
45092	0	31924	
45093	0	30976	
45094	0	30352	
45095	0	30168	
45096	0	30364	
45097	0	30600	
45098	0	30860	
45099	0	30952	
45100	0	31124	
45101	0	31420	
45102	0	31532	
45103	0	31964	
45104	0	32876	
45105	0	33676	
45106	0	34064	
45107	0	34368	
45108	0	34368	
45109	0	33720	
45110	0	33300	
45111	0	33088	
45112	0	32104	
45113	0	31204	
45114	0	31360	
45115	0	31696	
45116	0	32024	
45117	0	32624	
45118	0	33504	
45119	0	34432	
45120	0	34908	
45121	0	34852	
45122	0	34072	
45123	0	33132	
45124	0	32180	
45125	0	31592	
45126	0	31524	
45127	0	31360	
45128	0	31040	
45129	0	30548	
45130	0	30240	
45131	0	30156	
45132	0	30004	
45133	0	29836	
45134	0	29482	
45135	0	28858	
45136	0	28232	
45137	0	27456	
45138	0	26992	
45139	0	27288	
45140	0	27890	
45141	0	28254	
45142	0	28416	
45143	0	28752	
45144	0	29472	
45145	0	29960	
45146	0	30734	
45147	0	32364	
45148	0	33996	
45149	0	35056	
45150	0	35696	
45151	0	35578	
45152	0	35316	
45153	0	35092	
45154	0	34664	
45155	0	33848	
45156	0	32748	
45157	0	32092	
45158	0	31940	
45159	0	31740	
45160	0	31684	
45161	0	31752	
45162	0	32364	
45163	0	33336	
45164	0	33544	
45165	0	33108	
45166	0	32664	
45167	0	31916	
45168	0	30960	
45169	0	30376	
45170	0	29976	
45171	0	29828	
45172	0	29868	
45173	0	29936	
45174	0	29880	
45175	0	29816	
45176	0	30048	
45177	0	30944	
45178	0	31480	
45179	0	31296	
45180	0	30812	
45181	0	30392	
45182	0	30084	
45183	0	30096	
45184	0	30140	
45185	0	30160	
45186	0	30308	
45187	0	30588	
45188	0	30744	
45189	0	30640	
45190	0	30784	
45191	0	30656	
45192	0	30880	
45193	0	31288	
45194	0	31440	
45195	0	31576	
45196	0	31884	
45197	0	31916	
45198	0	32200	
45199	0	32248	
45200	0	31608	
45201	0	31468	
45202	0	32030	
45203	0	32932	
45204	0	33804	
45205	0	34628	
45206	0	35552	
45207	0	36832	
45208	0	38144	
45209	0	39560	
45210	0	41112	
45211	0	42056	
45212	0	42204	
45213	0	41724	
45214	0	39896	
45215	0	37240	
45216	0	34880	
45217	0	32592	
45218	0	30900	
45219	0	29348	
45220	0	28304	
45221	0	27856	
45222	0	27628	
45223	0	27784	
45224	0	28808	
45225	0	29956	
45226	0	30824	
45227	0	30960	
45228	0	30604	
45229	0	30480	
45230	0	30332	
45231	0	30208	
45232	0	30456	
45233	0	31052	
45234	0	32060	
45235	0	33160	
45236	0	34012	
45237	0	34288	
45238	0	34912	
45239	0	35508	
45240	0	35952	
45241	0	36088	
45242	0	36272	
45243	0	36984	
45244	0	37548	
45245	0	37552	
45246	0	36944	
45247	0	35944	
45248	0	34604	
45249	0	33496	
45250	0	32844	
45251	0	32372	
45252	0	32108	
45253	0	31888	
45254	0	32448	
45255	0	33848	
45256	0	35288	
45257	0	36368	
45258	0	36684	
45259	0	37132	
45260	0	37520	
45261	0	38320	
45262	0	38508	
45263	0	37720	
45264	0	37104	
45265	0	37028	
45266	0	37448	
45267	0	38144	
45268	0	38832	
45269	0	38488	
45270	0	37444	
45271	0	35992	
45272	0	33872	
45273	0	31576	
45274	0	29080	
45275	0	27080	
45276	0	25792	
45277	0	25396	
45278	0	25528	
45279	0	25648	
45280	0	25752	
45281	0	26444	
45282	0	27340	
45283	0	28712	
45284	0	30560	
45285	0	32144	
45286	0	32700	
45287	0	32556	
45288	0	32040	
45289	0	31392	
45290	0	30376	
45291	0	29072	
45292	0	28440	
45293	0	28394	
45294	0	29336	
45295	0	30748	
45296	0	31436	
45297	0	31728	
45298	0	31960	
45299	0	31824	
45300	0	31016	
45301	0	30744	
45302	0	31200	
45303	0	32004	
45304	0	33836	
45305	0	35392	
45306	0	37216	
45307	0	39600	
45308	0	41392	
45309	0	41820	
45310	0	40768	
45311	0	38676	
45312	0	35556	
45313	0	32532	
45314	0	29848	
45315	0	27532	
45316	0	26456	
45317	0	26208	
45318	0	26936	
45319	0	27772	
45320	0	27892	
45321	0	28808	
45322	0	29656	
45323	0	30324	
45324	0	31724	
45325	0	33416	
45326	0	34500	
45327	0	35484	
45328	0	36080	
45329	0	36552	
45330	0	37512	
45331	0	38052	
45332	0	37936	
45333	0	37864	
45334	0	38216	
45335	0	38420	
45336	0	38412	
45337	0	37532	
45338	0	35896	
45339	0	34248	
45340	0	32864	
45341	0	31764	
45342	0	31052	
45343	0	31144	
45344	0	31668	
45345	0	32484	
45346	0	34052	
45347	0	35396	
45348	0	35288	
45349	0	34468	
45350	0	33840	
45351	0	33468	
45352	0	33068	
45353	0	33240	
45354	0	33832	
45355	0	34560	
45356	0	35332	
45357	0	36088	
45358	0	36860	
45359	0	37684	
45360	0	38244	
45361	0	38404	
45362	0	38616	
45363	0	38572	
45364	0	38384	
45365	0	38192	
45366	0	37896	
45367	0	36960	
45368	0	35440	
45369	0	33600	
45370	0	32120	
45371	0	30688	
45372	0	29216	
45373	0	28380	
45374	0	28996	
45375	0	30832	
45376	0	32408	
45377	0	32952	
45378	0	32800	
45379	0	32626	
45380	0	33416	
45381	0	34176	
45382	0	35064	
45383	0	35784	
45384	0	36204	
45385	0	36304	
45386	0	35888	
45387	0	35212	
45388	0	34028	
45389	0	32704	
45390	0	31668	
45391	0	30356	
45392	0	29516	
45393	0	29080	
45394	0	29060	
45395	0	29748	
45396	0	30480	
45397	0	31372	
45398	0	32316	
45399	0	33096	
45400	0	33112	
45401	0	32956	
45402	0	32688	
45403	0	33026	
45404	0	34016	
45405	0	34640	
45406	0	34652	
45407	0	34576	
45408	0	34712	
45409	0	34816	
45410	0	34188	
45411	0	33242	
45412	0	31992	
45413	0	30768	
45414	0	29368	
45415	0	28024	
45416	0	27860	
45417	0	28612	
45418	0	29048	
45419	0	29216	
45420	0	28716	
45421	0	28168	
45422	0	28496	
45423	0	28920	
45424	0	29208	
45425	0	29028	
45426	0	29380	
45427	0	29760	
45428	0	30000	
45429	0	30108	
45430	0	30264	
45431	0	30152	
45432	0	29844	
45433	0	29800	
45434	0	29292	
45435	0	29280	
45436	0	29132	
45437	0	29092	
45438	0	28912	
45439	0	29020	
45440	0	29152	
45441	0	29368	
45442	0	29316	
45443	0	29738	
45444	0	29660	
45445	0	29744	
45446	0	30696	
45447	0	31468	
45448	0	31964	
45449	0	31904	
45450	0	32398	
45451	0	32644	
45452	0	32764	
45453	0	32112	
45454	0	31172	
45455	0	30640	
45456	0	30904	
45457	0	31370	
45458	0	31728	
45459	0	31584	
45460	0	31212	
45461	0	31144	
45462	0	31028	
45463	0	31048	
45464	0	31440	
45465	0	32226	
45466	0	33064	
45467	0	33732	
45468	0	34444	
45469	0	35232	
45470	0	35736	
45471	0	35528	
45472	0	35184	
45473	0	34880	
45474	0	34264	
45475	0	33604	
45476	0	33068	
45477	0	32136	
45478	0	31312	
45479	0	31238	
45480	0	31356	
45481	0	31296	
45482	0	31674	
45483	0	32556	
45484	0	33180	
45485	0	33252	
45486	0	33732	
45487	0	33964	
45488	0	34088	
45489	0	34040	
45490	0	33548	
45491	0	32660	
45492	0	31992	
45493	0	32160	
45494	0	32556	
45495	0	32460	
45496	0	31648	
45497	0	30728	
45498	0	30020	
45499	0	29498	
45500	0	29344	
45501	0	29936	
45502	0	30736	
45503	0	31194	
45504	0	31578	
45505	0	31848	
45506	0	32624	
45507	0	33336	
45508	0	33832	
45509	0	33344	
45510	0	32608	
45511	0	31604	
45512	0	30900	
45513	0	30760	
45514	0	30804	
45515	0	31448	
45516	0	32116	
45517	0	32708	
45518	0	32936	
45519	0	32788	
45520	0	32752	
45521	0	32904	
45522	0	33164	
45523	0	33990	
45524	0	35112	
45525	0	35848	
45526	0	35832	
45527	0	35624	
45528	0	34924	
45529	0	34260	
45530	0	33528	
45531	0	32608	
45532	0	32136	
45533	0	32184	
45534	0	32336	
45535	0	32780	
45536	0	33052	
45537	0	32972	
45538	0	32968	
45539	0	32304	
45540	0	31596	
45541	0	31080	
45542	0	30540	
45543	0	30384	
45544	0	30540	
45545	0	30420	
45546	0	30712	
45547	0	31040	
45548	0	30652	
45549	0	30200	
45550	0	29744	
45551	0	29112	
45552	0	28660	
45553	0	29128	
45554	0	29728	
45555	0	29864	
45556	0	29824	
45557	0	29884	
45558	0	29892	
45559	0	29656	
45560	0	29528	
45561	0	29764	
45562	0	30352	
45563	0	30652	
45564	0	30616	
45565	0	30496	
45566	0	31012	
45567	0	32068	
45568	0	33152	
45569	0	33888	
45570	0	34424	
45571	0	34280	
45572	0	34108	
45573	0	33888	
45574	0	33680	
45575	0	33320	
45576	0	33192	
45577	0	33180	
45578	0	33132	
45579	0	32816	
45580	0	32492	
45581	0	32332	
45582	0	32488	
45583	0	32968	
45584	0	33360	
45585	0	33264	
45586	0	33256	
45587	0	33080	
45588	0	32516	
45589	0	32668	
45590	0	33120	
45591	0	33476	
45592	0	32992	
45593	0	32172	
45594	0	31456	
45595	0	30824	
45596	0	30368	
45597	0	29928	
45598	0	29828	
45599	0	30484	
45600	0	30632	
45601	0	30528	
45602	0	30592	
45603	0	30728	
45604	0	31284	
45605	0	31560	
45606	0	31480	
45607	0	31696	
45608	0	32456	
45609	0	32752	
45610	0	32680	
45611	0	31912	
45612	0	31504	
45613	0	31216	
45614	0	30948	
45615	0	30772	
45616	0	30412	
45617	0	30212	
45618	0	30256	
45619	0	30592	
45620	0	30748	
45621	0	31180	
45622	0	31316	
45623	0	31764	
45624	0	31948	
45625	0	32520	
45626	0	33464	
45627	0	34072	
45628	0	33996	
45629	0	33556	
45630	0	33216	
45631	0	32560	
45632	0	32040	
45633	0	31516	
45634	0	31012	
45635	0	31000	
45636	0	30676	
45637	0	30000	
45638	0	29840	
45639	0	29976	
45640	0	30272	
45641	0	30696	
45642	0	31016	
45643	0	31732	
45644	0	32528	
45645	0	33016	
45646	0	33400	
45647	0	33296	
45648	0	33028	
45649	0	32664	
45650	0	32528	
45651	0	32380	
45652	0	32168	
45653	0	32108	
45654	0	32056	
45655	0	32020	
45656	0	31420	
45657	0	30940	
45658	0	30536	
45659	0	30456	
45660	0	30500	
45661	0	30708	
45662	0	31460	
45663	0	32156	
45664	0	32476	
45665	0	33112	
45666	0	34272	
45667	0	34888	
45668	0	35184	
45669	0	35432	
45670	0	35656	
45671	0	35620	
45672	0	35328	
45673	0	35024	
45674	0	34820	
45675	0	34484	
45676	0	34152	
45677	0	34376	
45678	0	34756	
45679	0	35024	
45680	0	34740	
45681	0	34292	
45682	0	34236	
45683	0	34480	
45684	0	34520	
45685	0	34768	
45686	0	35128	
45687	0	35908	
45688	0	36336	
45689	0	36248	
45690	0	35508	
45691	0	34896	
45692	0	34084	
45693	0	33392	
45694	0	32868	
45695	0	32216	
45696	0	31628	
45697	0	31072	
45698	0	30476	
45699	0	29760	
45700	0	29532	
45701	0	30056	
45702	0	30880	
45703	0	31992	
45704	0	32852	
45705	0	33300	
45706	0	33920	
45707	0	34616	
45708	0	34916	
45709	0	34732	
45710	0	34512	
45711	0	34064	
45712	0	33816	
45713	0	33964	
45714	0	34324	
45715	0	34584	
45716	0	34456	
45717	0	34560	
45718	0	35040	
45719	0	35860	
45720	0	35560	
45721	0	35084	
45722	0	34844	
45723	0	35008	
45724	0	35048	
45725	0	35580	
45726	0	35980	
45727	0	36292	
45728	0	36336	
45729	0	36560	
45730	0	36666	
45731	0	36092	
45732	0	35568	
45733	0	35060	
45734	0	34240	
45735	0	33508	
45736	0	33408	
45737	0	33632	
45738	0	33536	
45739	0	33524	
45740	0	33484	
45741	0	33464	
45742	0	33252	
45743	0	33580	
45744	0	34256	
45745	0	34712	
45746	0	35044	
45747	0	35832	
45748	0	36232	
45749	0	36204	
45750	0	36076	
45751	0	35940	
45752	0	35592	
45753	0	35184	
45754	0	34505	
45755	0	34132	
45756	0	33576	
45757	0	32876	
45758	0	32036	
45759	0	31352	
45760	0	30928	
45761	0	30836	
45762	0	31092	
45763	0	31257	
45764	0	31968	
45765	0	32044	
45766	0	31968	
45767	0	32308	
45768	0	32704	
45769	0	32788	
45770	0	32122	
45771	0	30940	
45772	0	30000	
45773	0	30188	
45774	0	30800	
45775	0	31020	
45776	0	31292	
45777	0	31812	
45778	0	32168	
45779	0	32168	
45780	0	32276	
45781	0	32280	
45782	0	32488	
45783	0	33393	
45784	0	34136	
45785	0	34452	
45786	0	34444	
45787	0	34588	
45788	0	34216	
45789	0	33500	
45790	0	33132	
45791	0	32736	
45792	0	32812	
45793	0	32392	
45794	0	31456	
45795	0	30584	
45796	0	29764	
45797	0	29548	
45798	0	29892	
45799	0	29872	
45800	0	29396	
45801	0	29236	
45802	0	29720	
45803	0	29780	
45804	0	29768	
45805	0	29620	
45806	0	29824	
45807	0	30780	
45808	0	30944	
45809	0	30924	
45810	0	31422	
45811	0	31960	
45812	0	32268	
45813	0	32024	
45814	0	32196	
45815	0	32512	
45816	0	33420	
45817	0	34736	
45818	0	35736	
45819	0	36044	
45820	0	35464	
45821	0	34476	
45822	0	33948	
45823	0	34272	
45824	0	34620	
45825	0	35120	
45826	0	35356	
45827	0	35384	
45828	0	35264	
45829	0	35396	
45830	0	35832	
45831	0	35860	
45832	0	35704	
45833	0	35560	
45834	0	35104	
45835	0	34004	
45836	0	32812	
45837	0	32432	
45838	0	31702	
45839	0	31096	
45840	0	31124	
45841	0	31640	
45842	0	32568	
45843	0	33652	
45844	0	34440	
45845	0	34936	
45846	0	35040	
45847	0	35008	
45848	0	35104	
45849	0	34872	
45850	0	34444	
45851	0	33756	
45852	0	33124	
45853	0	32268	
45854	0	31696	
45855	0	31324	
45856	0	31080	
45857	0	31404	
45858	0	31796	
45859	0	31916	
45860	0	31786	
45861	0	31656	
45862	0	31716	
45863	0	31908	
45864	0	31924	
45865	0	32110	
45866	0	32848	
45867	0	33176	
45868	0	33004	
45869	0	33420	
45870	0	33840	
45871	0	33692	
45872	0	33732	
45873	0	33504	
45874	0	32880	
45875	0	32256	
45876	0	31608	
45877	0	31016	
45878	0	30536	
45879	0	30220	
45880	0	29784	
45881	0	29804	
45882	0	29840	
45883	0	30080	
45884	0	30016	
45885	0	30052	
45886	0	30400	
45887	0	30292	
45888	0	30664	
45889	0	31452	
45890	0	32112	
45891	0	33020	
45892	0	33356	
45893	0	33056	
45894	0	32976	
45895	0	32864	
45896	0	32608	
45897	0	32040	
45898	0	31620	
45899	0	31408	
45900	0	31856	
45901	0	32452	
45902	0	33252	
45903	0	33708	
45904	0	34036	
45905	0	34472	
45906	0	35276	
45907	0	35764	
45908	0	36176	
45909	0	36356	
45910	0	36300	
45911	0	36424	
45912	0	36332	
45913	0	35712	
45914	0	34961	
45915	0	34312	
45916	0	34136	
45917	0	34500	
45918	0	34724	
45919	0	34692	
45920	0	35172	
45921	0	35824	
45922	0	36410	
45923	0	37280	
45924	0	37888	
45925	0	38432	
45926	0	38888	
45927	0	39176	
45928	0	39792	
45929	0	40076	
45930	0	39728	
45931	0	38968	
45932	0	38312	
45933	0	37800	
45934	0	37360	
45935	0	37516	
45936	0	37552	
45937	0	37408	
45938	0	37312	
45939	0	37044	
45940	0	36592	
45941	0	36108	
45942	0	35872	
45943	0	36028	
45944	0	36308	
45945	0	36652	
45946	0	37220	
45947	0	37900	
45948	0	37684	
45949	0	37344	
45950	0	37192	
45951	0	36640	
45952	0	36044	
45953	0	35280	
45954	0	34592	
45955	0	34048	
45956	0	33804	
45957	0	33768	
45958	0	34228	
45959	0	34512	
45960	0	33904	
45961	0	33704	
45962	0	34252	
45963	0	35188	
45964	0	35896	
45965	0	36168	
45966	0	35824	
45967	0	35700	
45968	0	35784	
45969	0	36256	
45970	0	36592	
45971	0	36428	
45972	0	35700	
45973	0	35248	
45974	0	35404	
45975	0	35436	
45976	0	35092	
45977	0	34700	
45978	0	34168	
45979	0	34168	
45980	0	34372	
45981	0	34728	
45982	0	35324	
45983	0	35528	
45984	0	35296	
45985	0	34732	
45986	0	34156	
45987	0	34084	
45988	0	34148	
45989	0	33992	
45990	0	33808	
45991	0	33176	
45992	0	32668	
45993	0	32880	
45994	0	33168	
45995	0	33400	
45996	0	33216	
45997	0	33004	
45998	0	33040	
45999	0	33392	
46000	0	33652	
46001	0	34240	
46002	0	34436	
46003	0	33948	
46004	0	33804	
46005	0	33408	
46006	0	32680	
46007	0	32604	
46008	0	32992	
46009	0	33440	
46010	0	33496	
46011	0	33340	
46012	0	33160	
46013	0	32512	
46014	0	31316	
46015	0	30552	
46016	0	30024	
46017	0	29828	
46018	0	29204	
46019	0	28636	
46020	0	28320	
46021	0	28416	
46022	0	29244	
46023	0	29808	
46024	0	30520	
46025	0	30768	
46026	0	30932	
46027	0	31092	
46028	0	31432	
46029	0	31964	
46030	0	32032	
46031	0	32020	
46032	0	32372	
46033	0	32668	
46034	0	32760	
46035	0	32656	
46036	0	32288	
46037	0	31688	
46038	0	30948	
46039	0	30280	
46040	0	29960	
46041	0	29594	
46042	0	29296	
46043	0	29968	
46044	0	30704	
46045	0	31372	
46046	0	31984	
46047	0	32532	
46048	0	33136	
46049	0	33664	
46050	0	34064	
46051	0	34592	
46052	0	34676	
46053	0	34400	
46054	0	34056	
46055	0	33284	
46056	0	32916	
46057	0	32684	
46058	0	32528	
46059	0	32248	
46060	0	31980	
46061	0	32164	
46062	0	32740	
46063	0	33768	
46064	0	35260	
46065	0	36928	
46066	0	38000	
46067	0	38132	
46068	0	37336	
46069	0	37200	
46070	0	36892	
46071	0	36168	
46072	0	36048	
46073	0	35660	
46074	0	35556	
46075	0	35496	
46076	0	35356	
46077	0	35280	
46078	0	35032	
46079	0	34952	
46080	0	34976	
46081	0	35104	
46082	0	34936	
46083	0	34920	
46084	0	34892	
46085	0	35252	
46086	0	34976	
46087	0	34712	
46088	0	34196	
46089	0	34092	
46090	0	33896	
46091	0	33440	
46092	0	33248	
46093	0	33036	
46094	0	32752	
46095	0	32704	
46096	0	32472	
46097	0	32668	
46098	0	33492	
46099	0	34056	
46100	0	33736	
46101	0	33224	
46102	0	32968	
46103	0	33348	
46104	0	33736	
46105	0	33808	
46106	0	33712	
46107	0	33392	
46108	0	33128	
46109	0	32476	
46110	0	31632	
46111	0	31200	
46112	0	30660	
46113	0	30096	
46114	0	30112	
46115	0	29708	
46116	0	29138	
46117	0	29036	
46118	0	28688	
46119	0	28536	
46120	0	29002	
46121	0	29496	
46122	0	30248	
46123	0	30968	
46124	0	31144	
46125	0	31034	
46126	0	31204	
46127	0	31544	
46128	0	32000	
46129	0	32680	
46130	0	33000	
46131	0	32732	
46132	0	31816	
46133	0	30400	
46134	0	29624	
46135	0	29068	
46136	0	29116	
46137	0	29352	
46138	0	29564	
46139	0	29856	
46140	0	30116	
46141	0	30316	
46142	0	31060	
46143	0	32376	
46144	0	33376	
46145	0	34100	
46146	0	34256	
46147	0	34040	
46148	0	34496	
46149	0	35036	
46150	0	35396	
46151	0	34880	
46152	0	34216	
46153	0	32976	
46154	0	31788	
46155	0	31256	
46156	0	31276	
46157	0	31188	
46158	0	31052	
46159	0	30940	
46160	0	30868	
46161	0	30908	
46162	0	31360	
46163	0	31870	
46164	0	32512	
46165	0	33344	
46166	0	33856	
46167	0	34632	
46168	0	34756	
46169	0	34868	
46170	0	34708	
46171	0	33922	
46172	0	33204	
46173	0	32936	
46174	0	32640	
46175	0	32352	
46176	0	31868	
46177	0	31432	
46178	0	30988	
46179	0	30700	
46180	0	30584	
46181	0	30468	
46182	0	30244	
46183	0	30016	
46184	0	29984	
46185	0	30492	
46186	0	30960	
46187	0	31096	
46188	0	30800	
46189	0	30032	
46190	0	29908	
46191	0	29940	
46192	0	29888	
46193	0	29584	
46194	0	29314	
46195	0	29168	
46196	0	28988	
46197	0	28544	
46198	0	27992	
46199	0	27624	
46200	0	27396	
46201	0	27148	
46202	0	27316	
46203	0	28142	
46204	0	28916	
46205	0	29788	
46206	0	30420	
46207	0	30736	
46208	0	30480	
46209	0	30380	
46210	0	30640	
46211	0	30532	
46212	0	30248	
46213	0	29532	
46214	0	28848	
46215	0	28864	
46216	0	28908	
46217	0	29320	
46218	0	30032	
46219	0	30776	
46220	0	31144	
46221	0	30812	
46222	0	29576	
46223	0	28720	
46224	0	28684	
46225	0	28748	
46226	0	29184	
46227	0	29968	
46228	0	30704	
46229	0	30996	
46230	0	30930	
46231	0	30896	
46232	0	30864	
46233	0	30748	
46234	0	31052	
46235	0	31304	
46236	0	31080	
46237	0	30784	
46238	0	30540	
46239	0	29984	
46240	0	30032	
46241	0	30224	
46242	0	30634	
46243	0	31152	
46244	0	32048	
46245	0	32284	
46246	0	32192	
46247	0	32472	
46248	0	33316	
46249	0	34112	
46250	0	34240	
46251	0	34084	
46252	0	34276	
46253	0	35052	
46254	0	36320	
46255	0	37440	
46256	0	38120	
46257	0	38380	
46258	0	37952	
46259	0	36352	
46260	0	33932	
46261	0	31420	
46262	0	29080	
46263	0	26740	
46264	0	24996	
46265	0	24452	
46266	0	24612	
46267	0	25448	
46268	0	26860	
46269	0	28912	
46270	0	30724	
46271	0	31760	
46272	0	32392	
46273	0	33044	
46274	0	33392	
46275	0	33312	
46276	0	32424	
46277	0	31424	
46278	0	31296	
46279	0	31112	
46280	0	30984	
46281	0	30124	
46282	0	28972	
46283	0	28360	
46284	0	28576	
46285	0	29344	
46286	0	30384	
46287	0	31200	
46288	0	31788	
46289	0	32336	
46290	0	33000	
46291	0	33116	
46292	0	32484	
46293	0	31628	
46294	0	30832	
46295	0	29536	
46296	0	28060	
46297	0	26560	
46298	0	26212	
46299	0	26674	
46300	0	26040	
46301	0	25420	
46302	0	25692	
46303	0	26528	
46304	0	26864	
46305	0	27600	
46306	0	28288	
46307	0	28720	
46308	0	28676	
46309	0	28248	
46310	0	27268	
46311	0	26716	
46312	0	26024	
46313	0	25160	
46314	0	24868	
46315	0	25136	
46316	0	25944	
46317	0	27236	
46318	0	28416	
46319	0	28848	
46320	0	28884	
46321	0	29252	
46322	0	29852	
46323	0	30252	
46324	0	30224	
46325	0	29142	
46326	0	27580	
46327	0	26552	
46328	0	25688	
46329	0	25844	
46330	0	26320	
46331	0	27932	
46332	0	29728	
46333	0	30556	
46334	0	30640	
46335	0	30548	
46336	0	30676	
46337	0	31560	
46338	0	33104	
46339	0	34604	
46340	0	35908	
46341	0	37008	
46342	0	38688	
46343	0	40104	
46344	0	40908	
46345	0	40776	
46346	0	40368	
46347	0	39484	
46348	0	38440	
46349	0	37480	
46350	0	36832	
46351	0	36552	
46352	0	36016	
46353	0	34912	
46354	0	33160	
46355	0	31200	
46356	0	29184	
46357	0	28194	
46358	0	28680	
46359	0	30200	
46360	0	32076	
46361	0	34120	
46362	0	35840	
46363	0	37408	
46364	0	38524	
46365	0	38968	
46366	0	39436	
46367	0	39040	
46368	0	37576	
46369	0	35608	
46370	0	33776	
46371	0	32752	
46372	0	32168	
46373	0	32924	
46374	0	34400	
46375	0	35336	
46376	0	34840	
46377	0	34028	
46378	0	33804	
46379	0	34056	
46380	0	33944	
46381	0	33544	
46382	0	33612	
46383	0	33800	
46384	0	33872	
46385	0	33988	
46386	0	33732	
46387	0	33378	
46388	0	32692	
46389	0	32408	
46390	0	32500	
46391	0	32532	
46392	0	32796	
46393	0	32664	
46394	0	32908	
46395	0	33132	
46396	0	33536	
46397	0	33328	
46398	0	32232	
46399	0	30760	
46400	0	30024	
46401	0	29952	
46402	0	30452	
46403	0	31988	
46404	0	33736	
46405	0	35008	
46406	0	36400	
46407	0	37232	
46408	0	37424	
46409	0	36608	
46410	0	35604	
46411	0	34440	
46412	0	33224	
46413	0	31944	
46414	0	30800	
46415	0	30564	
46416	0	31364	
46417	0	32348	
46418	0	33264	
46419	0	33840	
46420	0	34072	
46421	0	34180	
46422	0	34336	
46423	0	34584	
46424	0	35436	
46425	0	36684	
46426	0	38264	
46427	0	39864	
46428	0	41664	
46429	0	43368	
46430	0	44192	
46431	0	44240	
46432	0	43124	
46433	0	40908	
46434	0	37888	
46435	0	34656	
46436	0	32200	
46437	0	30136	
46438	0	28780	
46439	0	29156	
46440	0	31256	
46441	0	33912	
46442	0	35480	
46443	0	35288	
46444	0	34220	
46445	0	34512	
46446	0	35768	
46447	0	37144	
46448	0	38472	
46449	0	39392	
46450	0	39620	
46451	0	39540	
46452	0	38476	
46453	0	37024	
46454	0	35964	
46455	0	35276	
46456	0	35488	
46457	0	36808	
46458	0	38492	
46459	0	40752	
46460	0	42924	
46461	0	44228	
46462	0	45964	
46463	0	47072	
46464	0	46420	
46465	0	45348	
46466	0	44536	
46467	0	43460	
46468	0	41756	
46469	0	39940	
46470	0	37824	
46471	0	36432	
46472	0	35632	
46473	0	35040	
46474	0	34716	
46475	0	34544	
46476	0	34424	
46477	0	34748	
46478	0	34992	
46479	0	35276	
46480	0	35412	
46481	0	35156	
46482	0	34104	
46483	0	31994	
46484	0	29464	
46485	0	27972	
46486	0	27472	
46487	0	27832	
46488	0	28960	
46489	0	31232	
46490	0	33680	
46491	0	35232	
46492	0	35940	
46493	0	36328	
46494	0	36704	
46495	0	37140	
46496	0	37020	
46497	0	37412	
46498	0	38384	
46499	0	39328	
46500	0	39756	
46501	0	40322	
46502	0	40528	
46503	0	40064	
46504	0	39172	
46505	0	38328	
46506	0	37248	
46507	0	36336	
46508	0	35152	
46509	0	33536	
46510	0	32000	
46511	0	31904	
46512	0	32556	
46513	0	33816	
46514	0	35040	
46515	0	35760	
46516	0	35360	
46517	0	33972	
46518	0	32608	
46519	0	31800	
46520	0	32688	
46521	0	34416	
46522	0	36876	
46523	0	38792	
46524	0	38980	
46525	0	37848	
46526	0	36452	
46527	0	35436	
46528	0	34996	
46529	0	34760	
46530	0	34568	
46531	0	34532	
46532	0	34348	
46533	0	34212	
46534	0	34168	
46535	0	34296	
46536	0	34596	
46537	0	34728	
46538	0	34620	
46539	0	33664	
46540	0	32460	
46541	0	31216	
46542	0	30256	
46543	0	30474	
46544	0	31924	
46545	0	34148	
46546	0	36652	
46547	0	38944	
46548	0	39924	
46549	0	40056	
46550	0	39540	
46551	0	38284	
46552	0	36440	
46553	0	33856	
46554	0	31876	
46555	0	31200	
46556	0	31196	
46557	0	31352	
46558	0	32136	
46559	0	32900	
46560	0	32924	
46561	0	33270	
46562	0	33888	
46563	0	34472	
46564	0	34936	
46565	0	35052	
46566	0	34756	
46567	0	34392	
46568	0	33800	
46569	0	32988	
46570	0	32020	
46571	0	31408	
46572	0	31020	
46573	0	30666	
46574	0	29908	
46575	0	29232	
46576	0	28872	
46577	0	28916	
46578	0	29080	
46579	0	28788	
46580	0	28428	
46581	0	27960	
46582	0	27724	
46583	0	27676	
46584	0	27976	
46585	0	28592	
46586	0	29812	
46587	0	31080	
46588	0	31728	
46589	0	31668	
46590	0	31004	
46591	0	30236	
46592	0	29952	
46593	0	30360	
46594	0	31156	
46595	0	31292	
46596	0	30856	
46597	0	30320	
46598	0	29424	
46599	0	28056	
46600	0	27408	
46601	0	27044	
46602	0	27508	
46603	0	28908	
46604	0	30616	
46605	0	31692	
46606	0	32712	
46607	0	33292	
46608	0	33128	
46609	0	32392	
46610	0	31284	
46611	0	30108	
46612	0	29312	
46613	0	28896	
46614	0	28884	
46615	0	29212	
46616	0	29116	
46617	0	28648	
46618	0	28500	
46619	0	28200	
46620	0	28218	
46621	0	28336	
46622	0	28712	
46623	0	29004	
46624	0	29108	
46625	0	29012	
46626	0	29428	
46627	0	30124	
46628	0	31488	
46629	0	31956	
46630	0	31800	
46631	0	30772	
46632	0	29564	
46633	0	29004	
46634	0	28280	
46635	0	28090	
46636	0	27516	
46637	0	26320	
46638	0	25066	
46639	0	23900	
46640	0	23752	
46641	0	23840	
46642	0	24632	
46643	0	25236	
46644	0	25600	
46645	0	26196	
46646	0	27552	
46647	0	28844	
46648	0	29664	
46649	0	30276	
46650	0	30884	
46651	0	31474	
46652	0	31704	
46653	0	31268	
46654	0	30332	
46655	0	29840	
46656	0	29164	
46657	0	28344	
46658	0	27348	
46659	0	26628	
46660	0	26812	
46661	0	27300	
46662	0	27964	
46663	0	28696	
46664	0	29620	
46665	0	31032	
46666	0	32140	
46667	0	32556	
46668	0	32896	
46669	0	33536	
46670	0	34164	
46671	0	34092	
46672	0	33652	
46673	0	33960	
46674	0	34520	
46675	0	33992	
46676	0	32576	
46677	0	31072	
46678	0	29712	
46679	0	28136	
46680	0	27176	
46681	0	26892	
46682	0	27428	
46683	0	28456	
46684	0	28728	
46685	0	28580	
46686	0	29084	
46687	0	30460	
46688	0	31892	
46689	0	32088	
46690	0	32488	
46691	0	32736	
46692	0	31760	
46693	0	30604	
46694	0	29266	
46695	0	27216	
46696	0	25908	
46697	0	25876	
46698	0	26820	
46699	0	28108	
46700	0	29308	
46701	0	29244	
46702	0	28728	
46703	0	28608	
46704	0	29492	
46705	0	30864	
46706	0	32224	
46707	0	33108	
46708	0	32916	
46709	0	31032	
46710	0	27500	
46711	0	24392	
46712	0	23148	
46713	0	22568	
46714	0	22760	
46715	0	23752	
46716	0	24376	
46717	0	25456	
46718	0	26392	
46719	0	25996	
46720	0	25272	
46721	0	24736	
46722	0	23946	
46723	0	23440	
46724	0	23588	
46725	0	23068	
46726	0	22400	
46727	0	21856	
46728	0	20936	
46729	0	20092	
46730	0	20068	
46731	0	21256	
46732	0	23040	
46733	0	24692	
46734	0	25272	
46735	0	25002	
46736	0	24360	
46737	0	23224	
46738	0	21992	
46739	0	20320	
46740	0	19340	
46741	0	19552	
46742	0	21112	
46743	0	22080	
46744	0	21860	
46745	0	21013	
46746	0	19980	
46747	0	18756	
46748	0	16960	
46749	0	16864	
46750	0	18025	
46751	0	20252	
46752	0	21552	
46753	0	20392	
46754	0	17656	
46755	0	15552	
46756	0	14722	
46757	0	14392	
46758	0	14152	
46759	0	14136	
46760	0	15044	
46761	0	17308	
46762	0	20104	
46763	0	22020	
46764	0	22647	
46765	0	23228	
46766	0	24168	
46767	0	25100	
46768	0	24624	
46769	0	23172	
46770	0	20894	
46771	0	17908	
46772	0	15160	
46773	0	12980	
46774	0	11280	
46775	0	11144	
46776	0	12836	
46777	0	15274	
46778	0	16136	
46779	0	15914	
46780	0	16228	
46781	0	17400	
46782	0	18368	
46783	0	19152	
46784	0	19816	
46785	0	18704	
46786	0	16832	
46787	0	15544	
46788	0	16278	
46789	0	18584	
46790	0	21480	
46791	0	23840	
46792	0	25832	
46793	0	27048	
46794	0	27516	
46795	0	27816	
46796	0	28772	
46797	0	30348	
46798	0	32656	
46799	0	35124	
46800	0	38004	
46801	0	40432	
46802	0	41920	
46803	0	43380	
46804	0	43616	
46805	0	42372	
46806	0	40568	
46807	0	39636	
46808	0	39532	
46809	0	39264	
46810	0	37680	
46811	0	36228	
46812	0	35012	
46813	0	33876	
46814	0	32604	
46815	0	31260	
46816	0	29372	
46817	0	27788	
46818	0	27600	
46819	0	29132	
46820	0	31252	
46821	0	33592	
46822	0	35776	
46823	0	37240	
46824	0	38968	
46825	0	40384	
46826	0	40880	
46827	0	40776	
46828	0	40272	
46829	0	39832	
46830	0	39496	
46831	0	38968	
46832	0	38556	
46833	0	38128	
46834	0	37988	
46835	0	38216	
46836	0	38308	
46837	0	37840	
46838	0	37708	
46839	0	37764	
46840	0	38120	
46841	0	39136	
46842	0	40924	
46843	0	42200	
46844	0	42696	
46845	0	43292	
46846	0	43244	
46847	0	42384	
46848	0	41336	
46849	0	40524	
46850	0	40248	
46851	0	40716	
46852	0	41936	
46853	0	42708	
46854	0	43568	
46855	0	44824	
46856	0	46208	
46857	0	47960	
46858	0	49320	
46859	0	50432	
46860	0	50856	
46861	0	50388	
46862	0	51144	
46863	0	52664	
46864	0	53856	
46865	0	54764	
46866	0	54948	
46867	0	53784	
46868	0	51904	
46869	0	50204	
46870	0	48504	
46871	0	46460	
46872	0	44772	
46873	0	44008	
46874	0	43808	
46875	0	44752	
46876	0	46808	
46877	0	49080	
46878	0	50880	
46879	0	51816	
46880	0	51368	
46881	0	50980	
46882	0	52812	
46883	0	55656	
46884	0	57992	
46885	0	58556	
46886	0	58368	
46887	0	56896	
46888	0	54232	
46889	0	51656	
46890	0	49528	
46891	0	47680	
46892	0	45568	
46893	0	43844	
46894	0	44148	
46895	0	45656	
46896	0	46436	
46897	0	46772	
46898	0	46592	
46899	0	45560	
46900	0	44144	
46901	0	43340	
46902	0	43508	
46903	0	44048	
46904	0	44784	
46905	0	45048	
46906	0	44552	
46907	0	43712	
46908	0	42952	
46909	0	41988	
46910	0	40784	
46911	0	39720	
46912	0	39332	
46913	0	38984	
46914	0	39280	
46915	0	39848	
46916	0	39684	
46917	0	38824	
46918	0	37696	
46919	0	36812	
46920	0	37816	
46921	0	38536	
46922	0	38500	
46923	0	37992	
46924	0	37296	
46925	0	36280	
46926	0	35272	
46927	0	33952	
46928	0	33004	
46929	0	33232	
46930	0	34234	
46931	0	35080	
46932	0	34872	
46933	0	33996	
46934	0	32688	
46935	0	31896	
46936	0	31204	
46937	0	31064	
46938	0	31016	
46939	0	31364	
46940	0	31584	
46941	0	31656	
46942	0	31716	
46943	0	32164	
46944	0	32784	
46945	0	32672	
46946	0	31872	
46947	0	30648	
46948	0	30572	
46949	0	31090	
46950	0	31696	
46951	0	33044	
46952	0	33896	
46953	0	33892	
46954	0	33956	
46955	0	33572	
46956	0	33012	
46957	0	32616	
46958	0	32448	
46959	0	32100	
46960	0	30988	
46961	0	29732	
46962	0	29676	
46963	0	29912	
46964	0	30584	
46965	0	32142	
46966	0	33584	
46967	0	34284	
46968	0	35004	
46969	0	36096	
46970	0	35860	
46971	0	34844	
46972	0	33008	
46973	0	31072	
46974	0	30032	
46975	0	29524	
46976	0	29300	
46977	0	29274	
46978	0	29620	
46979	0	29952	
46980	0	30176	
46981	0	30168	
46982	0	30056	
46983	0	30156	
46984	0	30696	
46985	0	31092	
46986	0	31260	
46987	0	31552	
46988	0	31612	
46989	0	31844	
46990	0	31528	
46991	0	30688	
46992	0	30320	
46993	0	29960	
46994	0	29712	
46995	0	29620	
46996	0	29784	
46997	0	29736	
46998	0	29184	
46999	0	28792	
47000	0	28830	
47001	0	28792	
47002	0	28800	
47003	0	28648	
47004	0	28952	
47005	0	29716	
47006	0	30448	
47007	0	30840	
47008	0	31104	
47009	0	31578	
47010	0	31652	
47011	0	30852	
47012	0	30288	
47013	0	29492	
47014	0	28428	
47015	0	27712	
47016	0	27228	
47017	0	28008	
47018	0	28968	
47019	0	29696	
47020	0	30008	
47021	0	30196	
47022	0	30404	
47023	0	31344	
47024	0	32524	
47025	0	33460	
47026	0	34060	
47027	0	34420	
47028	0	34700	
47029	0	34548	
47030	0	34076	
47031	0	33452	
47032	0	32432	
47033	0	31776	
47034	0	31404	
47035	0	30604	
47036	0	30164	
47037	0	29548	
47038	0	28784	
47039	0	27924	
47040	0	27352	
47041	0	27352	
47042	0	27304	
47043	0	27216	
47044	0	28468	
47045	0	29504	
47046	0	28828	
47047	0	28512	
47048	0	28489	
47049	0	28084	
47050	0	27468	
47051	0	27020	
47052	0	26692	
47053	0	26400	
47054	0	26170	
47055	0	26116	
47056	0	26104	
47057	0	25852	
47058	0	25748	
47059	0	25748	
47060	0	25968	
47061	0	26888	
47062	0	27992	
47063	0	29018	
47064	0	30044	
47065	0	31480	
47066	0	32328	
47067	0	32696	
47068	0	33272	
47069	0	33656	
47070	0	33684	
47071	0	34460	
47072	0	34280	
47073	0	33288	
47074	0	32778	
47075	0	33164	
47076	0	33592	
47077	0	33952	
47078	0	34356	
47079	0	34688	
47080	0	35080	
47081	0	35556	
47082	0	35096	
47083	0	34892	
47084	0	35252	
47085	0	36244	
47086	0	37152	
47087	0	37800	
47088	0	38052	
47089	0	38080	
47090	0	37060	
47091	0	36154	
47092	0	35592	
47093	0	35128	
47094	0	34568	
47095	0	34148	
47096	0	34020	
47097	0	33680	
47098	0	33296	
47099	0	33538	
47100	0	34032	
47101	0	33976	
47102	0	33920	
47103	0	34296	
47104	0	34460	
47105	0	34836	
47106	0	35212	
47107	0	35796	
47108	0	36332	
47109	0	36444	
47110	0	35508	
47111	0	34048	
47112	0	33060	
47113	0	32196	
47114	0	31640	
47115	0	31616	
47116	0	31376	
47117	0	31104	
47118	0	30960	
47119	0	31084	
47120	0	31048	
47121	0	31408	
47122	0	32192	
47123	0	32980	
47124	0	33100	
47125	0	33464	
47126	0	33832	
47127	0	34140	
47128	0	34572	
47129	0	34728	
47130	0	33884	
47131	0	33732	
47132	0	33236	
47133	0	33176	
47134	0	33252	
47135	0	32872	
47136	0	32196	
47137	0	31796	
47138	0	31424	
47139	0	31136	
47140	0	30928	
47141	0	30628	
47142	0	30392	
47143	0	30276	
47144	0	30052	
47145	0	29852	
47146	0	30008	
47147	0	30740	
47148	0	32384	
47149	0	33332	
47150	0	34184	
47151	0	34968	
47152	0	35140	
47153	0	34496	
47154	0	33168	
47155	0	32444	
47156	0	32176	
47157	0	31984	
47158	0	31840	
47159	0	32472	
47160	0	33088	
47161	0	34116	
47162	0	34916	
47163	0	35200	
47164	0	35124	
47165	0	35664	
47166	0	36196	
47167	0	36056	
47168	0	35666	
47169	0	35312	
47170	0	34544	
47171	0	34048	
47172	0	33696	
47173	0	33152	
47174	0	32988	
47175	0	33272	
47176	0	33024	
47177	0	32944	
47178	0	33076	
47179	0	33176	
47180	0	33128	
47181	0	32948	
47182	0	33136	
47183	0	33896	
47184	0	35244	
47185	0	36528	
47186	0	37252	
47187	0	37720	
47188	0	38060	
47189	0	37760	
47190	0	36420	
47191	0	35004	
47192	0	34060	
47193	0	34160	
47194	0	34610	
47195	0	34588	
47196	0	34660	
47197	0	34712	
47198	0	34836	
47199	0	35146	
47200	0	35072	
47201	0	35104	
47202	0	35124	
47203	0	35412	
47204	0	36468	
47205	0	37708	
47206	0	38616	
47207	0	39352	
47208	0	39112	
47209	0	38360	
47210	0	37856	
47211	0	37080	
47212	0	36436	
47213	0	36440	
47214	0	36716	
47215	0	36376	
47216	0	35016	
47217	0	34124	
47218	0	34128	
47219	0	33664	
47220	0	32776	
47221	0	32264	
47222	0	33868	
47223	0	35544	
47224	0	36516	
47225	0	36928	
47226	0	37164	
47227	0	36792	
47228	0	36296	
47229	0	36124	
47230	0	35888	
47231	0	35636	
47232	0	35616	
47233	0	36040	
47234	0	36112	
47235	0	36144	
47236	0	35932	
47237	0	35645	
47238	0	35544	
47239	0	35900	
47240	0	36132	
47241	0	36248	
47242	0	35796	
47243	0	35880	
47244	0	35712	
47245	0	35280	
47246	0	35348	
47247	0	35360	
47248	0	35392	
47249	0	35620	
47250	0	35856	
47251	0	35560	
47252	0	34324	
47253	0	32672	
47254	0	31520	
47255	0	31076	
47256	0	30984	
47257	0	31280	
47258	0	31036	
47259	0	31536	
47260	0	32496	
47261	0	33204	
47262	0	33520	
47263	0	33276	
47264	0	33352	
47265	0	34316	
47266	0	34820	
47267	0	35052	
47268	0	34984	
47269	0	34244	
47270	0	32916	
47271	0	31516	
47272	0	30932	
47273	0	30824	
47274	0	30084	
47275	0	30304	
47276	0	31620	
47277	0	32228	
47278	0	32728	
47279	0	33108	
47280	0	33172	
47281	0	33452	
47282	0	33636	
47283	0	34052	
47284	0	34876	
47285	0	36432	
47286	0	36780	
47287	0	35864	
47288	0	35484	
47289	0	36156	
47290	0	36320	
47291	0	35968	
47292	0	35896	
47293	0	35840	
47294	0	35624	
47295	0	34904	
47296	0	33616	
47297	0	32524	
47298	0	31532	
47299	0	30100	
47300	0	28656	
47301	0	27180	
47302	0	26342	
47303	0	25652	
47304	0	25520	
47305	0	25704	
47306	0	27000	
47307	0	29076	
47308	0	31468	
47309	0	33812	
47310	0	34784	
47311	0	35112	
47312	0	35124	
47313	0	35260	
47314	0	35076	
47315	0	34664	
47316	0	34504	
47317	0	33604	
47318	0	32132	
47319	0	30864	
47320	0	29848	
47321	0	28640	
47322	0	27352	
47323	0	26276	
47324	0	26240	
47325	0	27072	
47326	0	28244	
47327	0	29216	
47328	0	29482	
47329	0	29668	
47330	0	29112	
47331	0	28920	
47332	0	29640	
47333	0	30844	
47334	0	31280	
47335	0	30368	
47336	0	29892	
47337	0	31360	
47338	0	32368	
47339	0	32768	
47340	0	32572	
47341	0	32968	
47342	0	33148	
47343	0	32356	
47344	0	31564	
47345	0	31272	
47346	0	31552	
47347	0	31576	
47348	0	31852	
47349	0	32408	
47350	0	32164	
47351	0	31760	
47352	0	31973	
47353	0	32212	
47354	0	31904	
47355	0	31688	
47356	0	31448	
47357	0	31624	
47358	0	31720	
47359	0	32202	
47360	0	33028	
47361	0	33284	
47362	0	33440	
47363	0	33944	
47364	0	34776	
47365	0	35528	
47366	0	35752	
47367	0	35720	
47368	0	35400	
47369	0	34580	
47370	0	34544	
47371	0	34872	
47372	0	34772	
47373	0	34368	
47374	0	33848	
47375	0	32924	
47376	0	32952	
47377	0	33740	
47378	0	33776	
47379	0	33232	
47380	0	33244	
47381	0	33164	
47382	0	32652	
47383	0	32844	
47384	0	33032	
47385	0	32692	
47386	0	33164	
47387	0	33170	
47388	0	32920	
47389	0	32380	
47390	0	31026	
47391	0	28948	
47392	0	27808	
47393	0	27860	
47394	0	27848	
47395	0	27348	
47396	0	27112	
47397	0	26876	
47398	0	26384	
47399	0	26592	
47400	0	26772	
47401	0	27516	
47402	0	28640	
47403	0	29616	
47404	0	30236	
47405	0	30604	
47406	0	31476	
47407	0	32428	
47408	0	32988	
47409	0	32784	
47410	0	31616	
47411	0	30624	
47412	0	30012	
47413	0	29976	
47414	0	30344	
47415	0	30928	
47416	0	31460	
47417	0	31712	
47418	0	31364	
47419	0	31840	
47420	0	31852	
47421	0	31388	
47422	0	29880	
47423	0	28840	
47424	0	29432	
47425	0	30332	
47426	0	30164	
47427	0	29132	
47428	0	29008	
47429	0	29720	
47430	0	29824	
47431	0	30428	
47432	0	30880	
47433	0	31284	
47434	0	31016	
47435	0	30732	
47436	0	30616	
47437	0	30176	
47438	0	29208	
47439	0	28856	
47440	0	28529	
47441	0	28520	
47442	0	28845	
47443	0	29008	
47444	0	28428	
47445	0	27792	
47446	0	27176	
47447	0	27012	
47448	0	27328	
47449	0	27584	
47450	0	28080	
47451	0	28720	
47452	0	28612	
47453	0	28516	
47454	0	28392	
47455	0	28460	
47456	0	28840	
47457	0	29368	
47458	0	30148	
47459	0	30256	
47460	0	30140	
47461	0	30376	
47462	0	31244	
47463	0	32264	
47464	0	33226	
47465	0	33176	
47466	0	32960	
47467	0	32820	
47468	0	32908	
47469	0	33008	
47470	0	32884	
47471	0	32844	
47472	0	32888	
47473	0	32996	
47474	0	32592	
47475	0	32152	
47476	0	31984	
47477	0	32544	
47478	0	33036	
47479	0	33328	
47480	0	33368	
47481	0	34104	
47482	0	35000	
47483	0	35428	
47484	0	35820	
47485	0	35864	
47486	0	35920	
47487	0	35212	
47488	0	34804	
47489	0	34764	
47490	0	34348	
47491	0	33852	
47492	0	33456	
47493	0	33440	
47494	0	33228	
47495	0	33120	
47496	0	33816	
47497	0	34296	
47498	0	34256	
47499	0	33800	
47500	0	33312	
47501	0	34112	
47502	0	35536	
47503	0	36518	
47504	0	36296	
47505	0	35344	
47506	0	34828	
47507	0	35864	
47508	0	35904	
47509	0	35472	
47510	0	34984	
47511	0	34652	
47512	0	34944	
47513	0	35216	
47514	0	36164	
47515	0	37956	
47516	0	39568	
47517	0	39916	
47518	0	38736	
47519	0	36480	
47520	0	33960	
47521	0	31224	
47522	0	28476	
47523	0	26674	
47524	0	26356	
47525	0	27008	
47526	0	28044	
47527	0	28980	
47528	0	29592	
47529	0	30212	
47530	0	31048	
47531	0	32324	
47532	0	34340	
47533	0	36808	
47534	0	38980	
47535	0	40666	
47536	0	40932	
47537	0	40780	
47538	0	39304	
47539	0	37444	
47540	0	35772	
47541	0	35360	
47542	0	35908	
47543	0	36412	
47544	0	36672	
47545	0	36920	
47546	0	37092	
47547	0	37344	
47548	0	38008	
47549	0	38376	
47550	0	38056	
47551	0	37204	
47552	0	36316	
47553	0	35656	
47554	0	35136	
47555	0	34232	
47556	0	34172	
47557	0	34032	
47558	0	34404	
47559	0	35420	
47560	0	35824	
47561	0	35724	
47562	0	35396	
47563	0	34804	
47564	0	33908	
47565	0	34388	
47566	0	35288	
47567	0	36130	
47568	0	37508	
47569	0	38656	
47570	0	38832	
47571	0	39004	
47572	0	38828	
47573	0	38040	
47574	0	37104	
47575	0	36600	
47576	0	36912	
47577	0	37404	
47578	0	38036	
47579	0	38820	
47580	0	38918	
47581	0	38888	
47582	0	39116	
47583	0	39488	
47584	0	40160	
47585	0	40940	
47586	0	41924	
47587	0	43084	
47588	0	42896	
47589	0	42192	
47590	0	41704	
47591	0	41392	
47592	0	40828	
47593	0	39652	
47594	0	38932	
47595	0	39068	
47596	0	39216	
47597	0	39388	
47598	0	39324	
47599	0	39040	
47600	0	39328	
47601	0	39912	
47602	0	40640	
47603	0	40988	
47604	0	40920	
47605	0	40496	
47606	0	40412	
47607	0	40500	
47608	0	40244	
47609	0	39824	
47610	0	39828	
47611	0	39412	
47612	0	38564	
47613	0	37468	
47614	0	36348	
47615	0	35692	
47616	0	35788	
47617	0	36284	
47618	0	36480	
47619	0	36304	
47620	0	35948	
47621	0	36012	
47622	0	36080	
47623	0	36424	
47624	0	37006	
47625	0	37556	
47626	0	37644	
47627	0	37676	
47628	0	37796	
47629	0	37556	
47630	0	37132	
47631	0	36796	
47632	0	36524	
47633	0	35960	
47634	0	35648	
47635	0	35936	
47636	0	36524	
47637	0	36472	
47638	0	36140	
47639	0	35632	
47640	0	35476	
47641	0	35832	
47642	0	36584	
47643	0	37040	
47644	0	37260	
47645	0	37720	
47646	0	37728	
47647	0	37640	
47648	0	37504	
47649	0	36548	
47650	0	36880	
47651	0	37712	
47652	0	38120	
47653	0	38656	
47654	0	38436	
47655	0	37940	
47656	0	37468	
47657	0	37184	
47658	0	36984	
47659	0	36532	
47660	0	36344	
47661	0	37120	
47662	0	38336	
47663	0	38936	
47664	0	38896	
47665	0	38944	
47666	0	38396	
47667	0	37424	
47668	0	36588	
47669	0	35720	
47670	0	35136	
47671	0	34952	
47672	0	35108	
47673	0	35276	
47674	0	35528	
47675	0	35864	
47676	0	35520	
47677	0	35000	
47678	0	33944	
47679	0	32448	
47680	0	31616	
47681	0	32148	
47682	0	32956	
47683	0	32684	
47684	0	32868	
47685	0	33512	
47686	0	33760	
47687	0	33380	
47688	0	32704	
47689	0	32257	
47690	0	32120	
47691	0	32204	
47692	0	32444	
47693	0	33188	
47694	0	34172	
47695	0	34756	
47696	0	34736	
47697	0	34452	
47698	0	34192	
47699	0	33876	
47700	0	33176	
47701	0	33120	
47702	0	33580	
47703	0	33748	
47704	0	34196	
47705	0	34516	
47706	0	34896	
47707	0	35056	
47708	0	35300	
47709	0	35472	
47710	0	35176	
47711	0	34184	
47712	0	33020	
47713	0	32408	
47714	0	31816	
47715	0	32026	
47716	0	32844	
47717	0	33848	
47718	0	34632	
47719	0	34700	
47720	0	34344	
47721	0	34200	
47722	0	34556	
47723	0	34952	
47724	0	34960	
47725	0	34900	
47726	0	34972	
47727	0	35360	
47728	0	34980	
47729	0	33732	
47730	0	34020	
47731	0	34440	
47732	0	34476	
47733	0	34204	
47734	0	34016	
47735	0	34196	
47736	0	34000	
47737	0	33616	
47738	0	33008	
47739	0	33188	
47740	0	33116	
47741	0	32780	
47742	0	32764	
47743	0	32724	
47744	0	33284	
47745	0	33748	
47746	0	33400	
47747	0	32568	
47748	0	31980	
47749	0	31680	
47750	0	31194	
47751	0	31032	
47752	0	30604	
47753	0	30072	
47754	0	29572	
47755	0	29276	
47756	0	29048	
47757	0	28720	
47758	0	28316	
47759	0	28780	
47760	0	29692	
47761	0	29944	
47762	0	30568	
47763	0	31500	
47764	0	32352	
47765	0	32672	
47766	0	32952	
47767	0	32608	
47768	0	32740	
47769	0	33136	
47770	0	33704	
47771	0	33556	
47772	0	33132	
47773	0	32556	
47774	0	31460	
47775	0	29620	
47776	0	27760	
47777	0	28212	
47778	0	28832	
47779	0	28860	
47780	0	28960	
47781	0	29668	
47782	0	30600	
47783	0	31180	
47784	0	31832	
47785	0	31704	
47786	0	31340	
47787	0	31372	
47788	0	31636	
47789	0	31400	
47790	0	30832	
47791	0	29836	
47792	0	28768	
47793	0	27706	
47794	0	26884	
47795	0	26452	
47796	0	25628	
47797	0	25204	
47798	0	25600	
47799	0	26396	
47800	0	27140	
47801	0	28384	
47802	0	30472	
47803	0	32876	
47804	0	34444	
47805	0	34104	
47806	0	32704	
47807	0	31192	
47808	0	29952	
47809	0	28856	
47810	0	28736	
47811	0	28612	
47812	0	29088	
47813	0	30360	
47814	0	31586	
47815	0	32528	
47816	0	34174	
47817	0	36304	
47818	0	37356	
47819	0	37824	
47820	0	38396	
47821	0	39744	
47822	0	41152	
47823	0	41924	
47824	0	42736	
47825	0	43824	
47826	0	44232	
47827	0	44084	
47828	0	44672	
47829	0	46132	
47830	0	47196	
47831	0	47328	
47832	0	47288	
47833	0	47452	
47834	0	48024	
47835	0	48144	
47836	0	47688	
47837	0	47032	
47838	0	46256	
47839	0	46240	
47840	0	46908	
47841	0	47596	
47842	0	47480	
47843	0	47504	
47844	0	48992	
47845	0	49456	
47846	0	49724	
47847	0	50324	
47848	0	50348	
47849	0	49744	
47850	0	48812	
47851	0	47604	
47852	0	46996	
47853	0	46816	
47854	0	46672	
47855	0	46056	
47856	0	45680	
47857	0	46168	
47858	0	45428	
47859	0	44924	
47860	0	45696	
47861	0	47064	
47862	0	47180	
47863	0	47120	
47864	0	47720	
47865	0	48624	
47866	0	49560	
47867	0	50012	
47868	0	50628	
47869	0	51248	
47870	0	50632	
47871	0	49712	
47872	0	48392	
47873	0	46496	
47874	0	44976	
47875	0	43660	
47876	0	43112	
47877	0	42848	
47878	0	42908	
47879	0	42964	
47880	0	42760	
47881	0	42748	
47882	0	42484	
47883	0	42300	
47884	0	42232	
47885	0	42096	
47886	0	40736	
47887	0	37728	
47888	0	35824	
47889	0	35436	
47890	0	35536	
47891	0	36284	
47892	0	37068	
47893	0	36980	
47894	0	36200	
47895	0	35856	
47896	0	35920	
47897	0	35312	
47898	0	34968	
47899	0	34940	
47900	0	34860	
47901	0	34764	
47902	0	34872	
47903	0	34492	
47904	0	33448	
47905	0	32736	
47906	0	32560	
47907	0	31424	
47908	0	29348	
47909	0	28512	
47910	0	29040	
47911	0	30028	
47912	0	30436	
47913	0	29368	
47914	0	28240	
47915	0	27604	
47916	0	27274	
47917	0	26896	
47918	0	26592	
47919	0	26504	
47920	0	25972	
47921	0	26156	
47922	0	26064	
47923	0	23888	
47924	0	22244	
47925	0	21513	
47926	0	21192	
47927	0	21782	
47928	0	22864	
47929	0	23628	
47930	0	23116	
47931	0	22764	
47932	0	22724	
47933	0	22352	
47934	0	21748	
47935	0	21164	
47936	0	20552	
47937	0	20528	
47938	0	21212	
47939	0	21210	
47940	0	20760	
47941	0	20800	
47942	0	21316	
47943	0	21304	
47944	0	20484	
47945	0	19517	
47946	0	19316	
47947	0	21476	
47948	0	24000	
47949	0	26196	
47950	0	27938	
47951	0	27968	
47952	0	26792	
47953	0	25348	
47954	0	23680	
47955	0	22720	
47956	0	22060	
47957	0	21066	
47958	0	19928	
47959	0	19008	
47960	0	19282	
47961	0	19792	
47962	0	19796	
47963	0	20456	
47964	0	22458	
47965	0	24534	
47966	0	25332	
47967	0	25552	
47968	0	25888	
47969	0	26620	
47970	0	26976	
47971	0	27316	
47972	0	27112	
47973	0	26080	
47974	0	26840	
47975	0	27820	
47976	0	28402	
47977	0	28708	
47978	0	29032	
47979	0	30136	
47980	0	31312	
47981	0	31980	
47982	0	32812	
47983	0	33644	
47984	0	34648	
47985	0	35704	
47986	0	36920	
47987	0	37648	
47988	0	36932	
47989	0	35376	
47990	0	35233	
47991	0	35368	
47992	0	35416	
47993	0	35320	
47994	0	34988	
47995	0	35632	
47996	0	36804	
47997	0	38300	
47998	0	39424	
47999	0	39820	
48000	0	40020	
48001	0	40536	
48002	0	41248	
48003	0	41768	
48004	0	41336	
48005	0	40588	
48006	0	40520	
48007	0	41432	
48008	0	43464	
48009	0	44840	
48010	0	45236	
48011	0	44760	
48012	0	44344	
48013	0	44716	
48014	0	45232	
48015	0	45664	
48016	0	44888	
48017	0	43880	
48018	0	42880	
48019	0	41716	
48020	0	40348	
48021	0	39724	
48022	0	39720	
48023	0	40392	
48024	0	41440	
48025	0	42048	
48026	0	42428	
48027	0	42868	
48028	0	43332	
48029	0	43640	
48030	0	44056	
48031	0	44304	
48032	0	43800	
48033	0	43064	
48034	0	42012	
48035	0	41364	
48036	0	40944	
48037	0	40600	
48038	0	40120	
48039	0	39840	
48040	0	39416	
48041	0	39860	
48042	0	40152	
48043	0	40448	
48044	0	40440	
48045	0	40520	
48046	0	40220	
48047	0	39576	
48048	0	39120	
48049	0	38760	
48050	0	38316	
48051	0	38376	
48052	0	38304	
48053	0	38416	
48054	0	38736	
48055	0	38276	
48056	0	37176	
48057	0	37528	
48058	0	37624	
48059	0	37384	
48060	0	36876	
48061	0	36520	
48062	0	36488	
48063	0	36708	
48064	0	36820	
48065	0	36848	
48066	0	36752	
48067	0	36708	
48068	0	36588	
48069	0	36320	
48070	0	36032	
48071	0	35112	
48072	0	34304	
48073	0	33588	
48074	0	32992	
48075	0	32716	
48076	0	32468	
48077	0	32036	
48078	0	32628	
48079	0	33404	
48080	0	34368	
48081	0	35400	
48082	0	35948	
48083	0	36144	
48084	0	36244	
48085	0	36592	
48086	0	36524	
48087	0	37116	
48088	0	37880	
48089	0	38232	
48090	0	38452	
48091	0	38532	
48092	0	38336	
48093	0	37632	
48094	0	37408	
48095	0	37560	
48096	0	37584	
48097	0	37208	
48098	0	36908	
48099	0	36844	
48100	0	36580	
48101	0	36036	
48102	0	35704	
48103	0	35368	
48104	0	35436	
48105	0	35768	
48106	0	35852	
48107	0	35940	
48108	0	35804	
48109	0	35532	
48110	0	35508	
48111	0	35488	
48112	0	35096	
48113	0	34824	
48114	0	34352	
48115	0	33184	
48116	0	32804	
48117	0	33100	
48118	0	33212	
48119	0	33128	
48120	0	32774	
48121	0	33000	
48122	0	33508	
48123	0	33988	
48124	0	34876	
48125	0	35568	
48126	0	35560	
48127	0	35080	
48128	0	34516	
48129	0	34214	
48130	0	34136	
48131	0	33932	
48132	0	33464	
48133	0	32720	
48134	0	31856	
48135	0	30648	
48136	0	29344	
48137	0	29060	
48138	0	29148	
48139	0	29016	
48140	0	29012	
48141	0	29540	
48142	0	29640	
48143	0	29640	
48144	0	29608	
48145	0	29912	
48146	0	30296	
48147	0	30980	
48148	0	31204	
48149	0	31108	
48150	0	30984	
48151	0	30824	
48152	0	30144	
48153	0	29416	
48154	0	28529	
48155	0	27896	
48156	0	27500	
48157	0	27756	
48158	0	28436	
48159	0	29408	
48160	0	30176	
48161	0	30600	
48162	0	30784	
48163	0	30928	
48164	0	30964	
48165	0	30504	
48166	0	29740	
48167	0	29288	
48168	0	29020	
48169	0	28960	
48170	0	28544	
48171	0	27901	
48172	0	26924	
48173	0	25964	
48174	0	25872	
48175	0	26452	
48176	0	26536	
48177	0	25884	
48178	0	24160	
48179	0	21596	
48180	0	18996	
48181	0	17282	
48182	0	16980	
48183	0	18436	
48184	0	21512	
48185	0	25552	
48186	0	28876	
48187	0	31444	
48188	0	32872	
48189	0	33224	
48190	0	32424	
48191	0	30864	
48192	0	29336	
48193	0	27976	
48194	0	27256	
48195	0	26108	
48196	0	24876	
48197	0	23104	
48198	0	20908	
48199	0	19248	
48200	0	18840	
48201	0	19596	
48202	0	20324	
48203	0	21028	
48204	0	21168	
48205	0	20760	
48206	0	20132	
48207	0	18708	
48208	0	16860	
48209	0	14832	
48210	0	13772	
48211	0	13888	
48212	0	14628	
48213	0	15594	
48214	0	16396	
48215	0	17204	
48216	0	17484	
48217	0	17336	
48218	0	16620	
48219	0	15698	
48220	0	15388	
48221	0	15956	
48222	0	16480	
48223	0	16874	
48224	0	17276	
48225	0	17320	
48226	0	17124	
48227	0	17292	
48228	0	17664	
48229	0	18028	
48230	0	18485	
48231	0	18500	
48232	0	18218	
48233	0	17836	
48234	0	17772	
48235	0	17964	
48236	0	18316	
48237	0	18532	
48238	0	18148	
48239	0	17496	
48240	0	17072	
48241	0	17568	
48242	0	18286	
48243	0	18772	
48244	0	19596	
48245	0	20549	
48246	0	21268	
48247	0	21936	
48248	0	21808	
48249	0	21440	
48250	0	21032	
48251	0	19572	
48252	0	18776	
48253	0	19244	
48254	0	19532	
48255	0	19210	
48256	0	19336	
48257	0	19028	
48258	0	19352	
48259	0	19618	
48260	0	19646	
48261	0	19832	
48262	0	20104	
48263	0	20044	
48264	0	20276	
48265	0	20658	
48266	0	20776	
48267	0	20624	
48268	0	20180	
48269	0	19772	
48270	0	19472	
48271	0	18988	
48272	0	18108	
48273	0	17373	
48274	0	16668	
48275	0	16104	
48276	0	16134	
48277	0	15984	
48278	0	16245	
48279	0	16802	
48280	0	17748	
48281	0	19318	
48282	0	20748	
48283	0	21576	
48284	0	22084	
48285	0	22060	
48286	0	21424	
48287	0	21278	
48288	0	21564	
48289	0	21898	
48290	0	22032	
48291	0	21884	
48292	0	21822	
48293	0	21748	
48294	0	21792	
48295	0	21844	
48296	0	22188	
48297	0	22408	
48298	0	22528	
48299	0	23085	
48300	0	23948	
48301	0	25000	
48302	0	25800	
48303	0	26040	
48304	0	26308	
48305	0	26596	
48306	0	26600	
48307	0	26496	
48308	0	26452	
48309	0	26256	
48310	0	26210	
48311	0	26004	
48312	0	25800	
48313	0	25628	
48314	0	25436	
48315	0	25312	
48316	0	24452	
48317	0	23880	
48318	0	23144	
48319	0	21986	
48320	0	21546	
48321	0	21440	
48322	0	21764	
48323	0	22576	
48324	0	23192	
48325	0	23660	
48326	0	24008	
48327	0	24204	
48328	0	24512	
48329	0	25036	
48330	0	24936	
48331	0	24304	
48332	0	23976	
48333	0	24384	
48334	0	25132	
48335	0	25864	
48336	0	25920	
48337	0	25624	
48338	0	25124	
48339	0	24280	
48340	0	23392	
48341	0	23172	
48342	0	23724	
48343	0	24472	
48344	0	25648	
48345	0	26144	
48346	0	26020	
48347	0	26352	
48348	0	26504	
48349	0	26360	
48350	0	25780	
48351	0	25252	
48352	0	24748	
48353	0	24580	
48354	0	25256	
48355	0	25716	
48356	0	25892	
48357	0	25564	
48358	0	25068	
48359	0	24430	
48360	0	24072	
48361	0	24412	
48362	0	25040	
48363	0	25856	
48364	0	26460	
48365	0	26840	
48366	0	27216	
48367	0	27632	
48368	0	27756	
48369	0	27720	
48370	0	27704	
48371	0	27445	
48372	0	27260	
48373	0	27384	
48374	0	28064	
48375	0	29012	
48376	0	29808	
48377	0	29908	
48378	0	30140	
48379	0	30824	
48380	0	31796	
48381	0	32524	
48382	0	32824	
48383	0	32788	
48384	0	32872	
48385	0	33080	
48386	0	33276	
48387	0	33738	
48388	0	34120	
48389	0	34452	
48390	0	34824	
48391	0	34842	
48392	0	34172	
48393	0	33345	
48394	0	32828	
48395	0	32312	
48396	0	32024	
48397	0	32132	
48398	0	32816	
48399	0	33296	
48400	0	33772	
48401	0	34400	
48402	0	34740	
48403	0	35544	
48404	0	36712	
48405	0	37308	
48406	0	37004	
48407	0	36608	
48408	0	36320	
48409	0	35872	
48410	0	35348	
48411	0	34588	
48412	0	34244	
48413	0	34216	
48414	0	34296	
48415	0	34560	
48416	0	35012	
48417	0	35196	
48418	0	34988	
48419	0	34842	
48420	0	34832	
48421	0	35036	
48422	0	34968	
48423	0	35160	
48424	0	35312	
48425	0	35320	
48426	0	34916	
48427	0	34472	
48428	0	33828	
48429	0	33032	
48430	0	32650	
48431	0	32532	
48432	0	32540	
48433	0	32728	
48434	0	33088	
48435	0	32704	
48436	0	32120	
48437	0	31648	
48438	0	31260	
48439	0	30940	
48440	0	30828	
48441	0	31160	
48442	0	32084	
48443	0	33466	
48444	0	35028	
48445	0	36168	
48446	0	36912	
48447	0	37144	
48448	0	36816	
48449	0	35852	
48450	0	34404	
48451	0	32984	
48452	0	32076	
48453	0	31332	
48454	0	30724	
48455	0	30592	
48456	0	30325	
48457	0	30364	
48458	0	30652	
48459	0	30572	
48460	0	30296	
48461	0	29968	
48462	0	30448	
48463	0	30708	
48464	0	31092	
48465	0	31504	
48466	0	32224	
48467	0	33092	
48468	0	33732	
48469	0	33688	
48470	0	33192	
48471	0	32984	
48472	0	32724	
48473	0	32072	
48474	0	31752	
48475	0	32588	
48476	0	33368	
48477	0	33616	
48478	0	34348	
48479	0	35096	
48480	0	35556	
48481	0	35752	
48482	0	35956	
48483	0	36340	
48484	0	36800	
48485	0	37000	
48486	0	36720	
48487	0	36560	
48488	0	36936	
48489	0	37536	
48490	0	37524	
48491	0	37152	
48492	0	37008	
48493	0	36964	
48494	0	36796	
48495	0	36652	
48496	0	35984	
48497	0	35160	
48498	0	35136	
48499	0	35180	
48500	0	35272	
48501	0	35524	
48502	0	35840	
48503	0	36384	
48504	0	37020	
48505	0	37256	
48506	0	37880	
48507	0	38696	
48508	0	38668	
48509	0	38468	
48510	0	38132	
48511	0	37536	
48512	0	37212	
48513	0	36372	
48514	0	35848	
48515	0	35200	
48516	0	34704	
48517	0	34334	
48518	0	33912	
48519	0	33384	
48520	0	33216	
48521	0	32456	
48522	0	31824	
48523	0	31880	
48524	0	32448	
48525	0	32768	
48526	0	33196	
48527	0	33772	
48528	0	33476	
48529	0	32772	
48530	0	32037	
48531	0	31416	
48532	0	31056	
48533	0	30776	
48534	0	30408	
48535	0	30788	
48536	0	31616	
48537	0	31744	
48538	0	31252	
48539	0	30532	
48540	0	29688	
48541	0	29116	
48542	0	29168	
48543	0	29960	
48544	0	30636	
48545	0	31300	
48546	0	32304	
48547	0	33332	
48548	0	33492	
48549	0	33024	
48550	0	32676	
48551	0	32360	
48552	0	32160	
48553	0	32000	
48554	0	31984	
48555	0	32328	
48556	0	33036	
48557	0	33768	
48558	0	34488	
48559	0	35380	
48560	0	36324	
48561	0	37296	
48562	0	37452	
48563	0	37400	
48564	0	37756	
48565	0	38060	
48566	0	38372	
48567	0	38968	
48568	0	38984	
48569	0	39388	
48570	0	39296	
48571	0	38936	
48572	0	38440	
48573	0	38048	
48574	0	37616	
48575	0	37472	
48576	0	37818	
48577	0	38460	
48578	0	38924	
48579	0	38948	
48580	0	39368	
48581	0	40336	
48582	0	41256	
48583	0	41692	
48584	0	41988	
48585	0	42272	
48586	0	41990	
48587	0	41504	
48588	0	41152	
48589	0	40504	
48590	0	39784	
48591	0	39172	
48592	0	38596	
48593	0	38708	
48594	0	38876	
48595	0	38624	
48596	0	38752	
48597	0	38746	
48598	0	38392	
48599	0	38116	
48600	0	37808	
48601	0	37496	
48602	0	37220	
48603	0	36840	
48604	0	36496	
48605	0	36336	
48606	0	36052	
48607	0	36624	
48608	0	36476	
48609	0	35632	
48610	0	34536	
48611	0	33748	
48612	0	33176	
48613	0	32864	
48614	0	32984	
48615	0	32980	
48616	0	33112	
48617	0	33064	
48618	0	32368	
48619	0	31868	
48620	0	31636	
48621	0	31456	
48622	0	31500	
48623	0	31984	
48624	0	32180	
48625	0	32672	
48626	0	33736	
48627	0	34584	
48628	0	34432	
48629	0	33916	
48630	0	33272	
48631	0	32744	
48632	0	32460	
48633	0	32208	
48634	0	31720	
48635	0	31222	
48636	0	31232	
48637	0	31016	
48638	0	31068	
48639	0	31816	
48640	0	32868	
48641	0	33816	
48642	0	34856	
48643	0	35896	
48644	0	36560	
48645	0	36892	
48646	0	37112	
48647	0	37104	
48648	0	36540	
48649	0	35672	
48650	0	35272	
48651	0	35480	
48652	0	35536	
48653	0	35152	
48654	0	35012	
48655	0	35188	
48656	0	34804	
48657	0	34256	
48658	0	34408	
48659	0	34928	
48660	0	35508	
48661	0	35580	
48662	0	35392	
48663	0	36000	
48664	0	36844	
48665	0	37464	
48666	0	38288	
48667	0	39060	
48668	0	39080	
48669	0	38744	
48670	0	38344	
48671	0	37628	
48672	0	37296	
48673	0	36452	
48674	0	35476	
48675	0	34836	
48676	0	34268	
48677	0	33628	
48678	0	33124	
48679	0	32584	
48680	0	32788	
48681	0	33452	
48682	0	33504	
48683	0	33440	
48684	0	33758	
48685	0	34616	
48686	0	35644	
48687	0	36104	
48688	0	35720	
48689	0	35416	
48690	0	35416	
48691	0	35176	
48692	0	34648	
48693	0	34008	
48694	0	33184	
48695	0	32288	
48696	0	32164	
48697	0	32408	
48698	0	32900	
48699	0	33484	
48700	0	34432	
48701	0	35072	
48702	0	35304	
48703	0	34832	
48704	0	34444	
48705	0	33984	
48706	0	34248	
48707	0	34804	
48708	0	34832	
48709	0	34876	
48710	0	35280	
48711	0	35120	
48712	0	34632	
48713	0	33796	
48714	0	33472	
48715	0	33228	
48716	0	32968	
48717	0	32372	
48718	0	31980	
48719	0	32216	
48720	0	33216	
48721	0	34096	
48722	0	34860	
48723	0	35132	
48724	0	34976	
48725	0	34840	
48726	0	35136	
48727	0	35396	
48728	0	35468	
48729	0	35096	
48730	0	34208	
48731	0	33680	
48732	0	32800	
48733	0	32028	
48734	0	31512	
48735	0	31444	
48736	0	31480	
48737	0	31360	
48738	0	31404	
48739	0	31236	
48740	0	31356	
48741	0	31640	
48742	0	31632	
48743	0	31988	
48744	0	32880	
48745	0	33888	
48746	0	34640	
48747	0	35488	
48748	0	35708	
48749	0	35068	
48750	0	34200	
48751	0	33704	
48752	0	33744	
48753	0	33676	
48754	0	33460	
48755	0	33708	
48756	0	34240	
48757	0	33796	
48758	0	33212	
48759	0	33108	
48760	0	33286	
48761	0	33696	
48762	0	34076	
48763	0	34142	
48764	0	34116	
48765	0	34232	
48766	0	34080	
48767	0	33996	
48768	0	34432	
48769	0	34532	
48770	0	34768	
48771	0	34788	
48772	0	34740	
48773	0	34516	
48774	0	34124	
48775	0	33788	
48776	0	33604	
48777	0	33404	
48778	0	33572	
48779	0	33788	
48780	0	33912	
48781	0	33884	
48782	0	34344	
48783	0	34972	
48784	0	35536	
48785	0	36072	
48786	0	35728	
48787	0	34364	
48788	0	32564	
48789	0	31092	
48790	0	29628	
48791	0	28288	
48792	0	27700	
48793	0	27608	
48794	0	27772	
48795	0	28160	
48796	0	28384	
48797	0	27712	
48798	0	26834	
48799	0	26316	
48800	0	26720	
48801	0	27412	
48802	0	28112	
48803	0	29308	
48804	0	31088	
48805	0	32752	
48806	0	34192	
48807	0	34536	
48808	0	34328	
48809	0	34472	
48810	0	34840	
48811	0	35092	
48812	0	35380	
48813	0	35840	
48814	0	35724	
48815	0	36136	
48816	0	36358	
48817	0	35824	
48818	0	34760	
48819	0	34160	
48820	0	34728	
48821	0	36072	
48822	0	36980	
48823	0	37344	
48824	0	37800	
48825	0	37908	
48826	0	37452	
48827	0	37004	
48828	0	36496	
48829	0	35600	
48830	0	34628	
48831	0	33884	
48832	0	33452	
48833	0	33488	
48834	0	33428	
48835	0	33288	
48836	0	33308	
48837	0	33404	
48838	0	33096	
48839	0	33432	
48840	0	34162	
48841	0	34760	
48842	0	34920	
48843	0	34736	
48844	0	34776	
48845	0	34828	
48846	0	34820	
48847	0	34852	
48848	0	34836	
48849	0	35176	
48850	0	35160	
48851	0	34520	
48852	0	33500	
48853	0	33116	
48854	0	33372	
48855	0	33352	
48856	0	32420	
48857	0	31196	
48858	0	30336	
48859	0	30288	
48860	0	30842	
48861	0	31892	
48862	0	32676	
48863	0	33104	
48864	0	33464	
48865	0	33964	
48866	0	34276	
48867	0	34200	
48868	0	33728	
48869	0	33208	
48870	0	32532	
48871	0	32380	
48872	0	32548	
48873	0	32776	
48874	0	33056	
48875	0	32876	
48876	0	32928	
48877	0	32572	
48878	0	32688	
48879	0	32792	
48880	0	33178	
48881	0	33640	
48882	0	33696	
48883	0	33922	
48884	0	33932	
48885	0	33672	
48886	0	33472	
48887	0	33516	
48888	0	33636	
48889	0	33648	
48890	0	33640	
48891	0	33568	
48892	0	33004	
48893	0	32596	
48894	0	32220	
48895	0	31896	
48896	0	32204	
48897	0	32788	
48898	0	33224	
48899	0	33536	
48900	0	34232	
48901	0	35224	
48902	0	36472	
48903	0	37376	
48904	0	38032	
48905	0	38184	
48906	0	37744	
48907	0	37180	
48908	0	36592	
48909	0	35896	
48910	0	35712	
48911	0	34700	
48912	0	34084	
48913	0	33680	
48914	0	33500	
48915	0	33772	
48916	0	34068	
48917	0	33908	
48918	0	34280	
48919	0	34832	
48920	0	35208	
48921	0	35048	
48922	0	34728	
48923	0	34864	
48924	0	35112	
48925	0	35168	
48926	0	35016	
48927	0	35104	
48928	0	35168	
48929	0	35692	
48930	0	36368	
48931	0	36596	
48932	0	36432	
48933	0	36032	
48934	0	35424	
48935	0	35128	
48936	0	34820	
48937	0	34372	
48938	0	34040	
48939	0	34000	
48940	0	34108	
48941	0	34392	
48942	0	34508	
48943	0	34776	
48944	0	35380	
48945	0	35472	
48946	0	35360	
48947	0	35552	
48948	0	35300	
48949	0	35008	
48950	0	34488	
48951	0	33856	
48952	0	33160	
48953	0	32996	
48954	0	32816	
48955	0	32652	
48956	0	32364	
48957	0	31636	
48958	0	31284	
48959	0	31392	
48960	0	31656	
48961	0	31800	
48962	0	32548	
48963	0	33776	
48964	0	34192	
48965	0	34156	
48966	0	34332	
48967	0	34684	
48968	0	34376	
48969	0	34028	
48970	0	33656	
48971	0	33856	
48972	0	33892	
48973	0	33928	
48974	0	34204	
48975	0	34340	
48976	0	33684	
48977	0	33068	
48978	0	32432	
48979	0	32634	
48980	0	33872	
48981	0	35352	
48982	0	36432	
48983	0	37472	
48984	0	37848	
48985	0	37488	
48986	0	36804	
48987	0	35768	
48988	0	34500	
48989	0	33920	
48990	0	33950	
48991	0	34448	
48992	0	35136	
48993	0	35508	
48994	0	35896	
48995	0	36556	
48996	0	36232	
48997	0	35072	
48998	0	34380	
48999	0	34200	
49000	0	34816	
49001	0	35860	
49002	0	36368	
49003	0	36956	
49004	0	37532	
49005	0	38072	
49006	0	38464	
49007	0	37968	
49008	0	36940	
49009	0	35968	
49010	0	34984	
49011	0	34244	
49012	0	33880	
49013	0	33280	
49014	0	32578	
49015	0	31588	
49016	0	30488	
49017	0	29424	
49018	0	29008	
49019	0	28868	
49020	0	29168	
49021	0	29920	
49022	0	30572	
49023	0	31152	
49024	0	31608	
49025	0	31808	
49026	0	32276	
49027	0	32592	
49028	0	32404	
49029	0	31936	
49030	0	31284	
49031	0	30712	
49032	0	30140	
49033	0	29216	
49034	0	28684	
49035	0	29252	
49036	0	29834	
49037	0	30112	
49038	0	30008	
49039	0	30560	
49040	0	31064	
49041	0	31672	
49042	0	32448	
49043	0	33504	
49044	0	34672	
49045	0	35260	
49046	0	35392	
49047	0	35116	
49048	0	33940	
49049	0	32660	
49050	0	31932	
49051	0	31352	
49052	0	31084	
49053	0	30864	
49054	0	30656	
49055	0	30856	
49056	0	31296	
49057	0	31504	
49058	0	32028	
49059	0	32220	
49060	0	32756	
49061	0	33700	
49062	0	34324	
49063	0	34624	
49064	0	33882	
49065	0	32568	
49066	0	32080	
49067	0	32132	
49068	0	31984	
49069	0	32352	
49070	0	32760	
49071	0	32592	
49072	0	32516	
49073	0	32432	
49074	0	32276	
49075	0	31916	
49076	0	31232	
49077	0	30656	
49078	0	30424	
49079	0	30936	
49080	0	31668	
49081	0	32520	
49082	0	33168	
49083	0	33652	
49084	0	34012	
49085	0	34396	
49086	0	34304	
49087	0	33760	
49088	0	33272	
49089	0	32826	
49090	0	32772	
49091	0	33040	
49092	0	33368	
49093	0	33572	
49094	0	33648	
49095	0	33596	
49096	0	32976	
49097	0	32160	
49098	0	31500	
49099	0	31068	
49100	0	31432	
49101	0	32156	
49102	0	32500	
49103	0	32956	
49104	0	33256	
49105	0	33396	
49106	0	33628	
49107	0	33592	
49108	0	33016	
49109	0	32544	
49110	0	31952	
49111	0	31800	
49112	0	31988	
49113	0	32040	
49114	0	32076	
49115	0	31492	
49116	0	31208	
49117	0	31660	
49118	0	32684	
49119	0	34108	
49120	0	35408	
49121	0	36956	
49122	0	38128	
49123	0	39044	
49124	0	39324	
49125	0	39060	
49126	0	38612	
49127	0	37552	
49128	0	36176	
49129	0	34864	
49130	0	33928	
49131	0	33868	
49132	0	34016	
49133	0	34308	
49134	0	34732	
49135	0	34776	
49136	0	34548	
49137	0	34504	
49138	0	34692	
49139	0	34784	
49140	0	35204	
49141	0	35464	
49142	0	35680	
49143	0	35780	
49144	0	35680	
49145	0	35260	
49146	0	35316	
49147	0	35768	
49148	0	35728	
49149	0	35696	
49150	0	35164	
49151	0	34144	
49152	0	32904	
49153	0	31520	
49154	0	30600	
49155	0	30532	
49156	0	31024	
49157	0	31016	
49158	0	30460	
49159	0	29792	
49160	0	30016	
49161	0	30460	
49162	0	30812	
49163	0	31348	
49164	0	31744	
49165	0	32236	
49166	0	32908	
49167	0	33248	
49168	0	33405	
49169	0	33620	
49170	0	34014	
49171	0	34060	
49172	0	33248	
49173	0	32720	
49174	0	32728	
49175	0	32464	
49176	0	32140	
49177	0	32048	
49178	0	31584	
49179	0	31404	
49180	0	32048	
49181	0	33104	
49182	0	33824	
49183	0	34112	
49184	0	34300	
49185	0	33988	
49186	0	33608	
49187	0	33000	
49188	0	31764	
49189	0	31116	
49190	0	31264	
49191	0	31728	
49192	0	32308	
49193	0	32148	
49194	0	31844	
49195	0	32248	
49196	0	32540	
49197	0	32828	
49198	0	33152	
49199	0	33124	
49200	0	33192	
49201	0	33236	
49202	0	33352	
49203	0	33992	
49204	0	34658	
49205	0	35040	
49206	0	35612	
49207	0	35808	
49208	0	35268	
49209	0	34172	
49210	0	33090	
49211	0	32340	
49212	0	31780	
49213	0	31352	
49214	0	30772	
49215	0	30084	
49216	0	29440	
49217	0	29548	
49218	0	30392	
49219	0	31348	
49220	0	32028	
49221	0	32872	
49222	0	33432	
49223	0	33880	
49224	0	34424	
49225	0	34236	
49226	0	33912	
49227	0	33196	
49228	0	33184	
49229	0	33780	
49230	0	34312	
49231	0	34696	
49232	0	34604	
49233	0	34336	
49234	0	34412	
49235	0	34744	
49236	0	34788	
49237	0	34960	
49238	0	34728	
49239	0	34240	
49240	0	34452	
49241	0	35028	
49242	0	35796	
49243	0	36448	
49244	0	36900	
49245	0	37164	
49246	0	37012	
49247	0	36528	
49248	0	35976	
49249	0	35412	
49250	0	35314	
49251	0	34816	
49252	0	33824	
49253	0	32696	
49254	0	31400	
49255	0	30508	
49256	0	30080	
49257	0	29556	
49258	0	29328	
49259	0	29192	
49260	0	29380	
49261	0	29648	
49262	0	29924	
49263	0	30156	
49264	0	30624	
49265	0	31012	
49266	0	31552	
49267	0	31760	
49268	0	32152	
49269	0	33092	
49270	0	33268	
49271	0	32800	
49272	0	32252	
49273	0	31428	
49274	0	30580	
49275	0	29776	
49276	0	29308	
49277	0	29248	
49278	0	30140	
49279	0	31344	
49280	0	32752	
49281	0	34360	
49282	0	35872	
49283	0	37688	
49284	0	39996	
49285	0	41684	
49286	0	41768	
49287	0	40704	
49288	0	39176	
49289	0	38164	
49290	0	37444	
49291	0	36704	
49292	0	36224	
49293	0	35480	
49294	0	34860	
49295	0	34404	
49296	0	34568	
49297	0	35636	
49298	0	36664	
49299	0	37824	
49300	0	39008	
49301	0	40124	
49302	0	42120	
49303	0	44400	
49304	0	45576	
49305	0	44680	
49306	0	42920	
49307	0	41060	
49308	0	39488	
49309	0	38508	
49310	0	37864	
49311	0	37744	
49312	0	37740	
49313	0	37104	
49314	0	36688	
49315	0	37184	
49316	0	37520	
49317	0	37752	
49318	0	37936	
49319	0	38440	
49320	0	39332	
49321	0	39112	
49322	0	38256	
49323	0	37992	
49324	0	38800	
49325	0	40468	
49326	0	42068	
49327	0	43040	
49328	0	42928	
49329	0	42848	
49330	0	42300	
49331	0	40880	
49332	0	39408	
49333	0	38280	
49334	0	37544	
49335	0	37560	
49336	0	38316	
49337	0	38964	
49338	0	39452	
49339	0	39960	
49340	0	40252	
49341	0	39752	
49342	0	38980	
49343	0	38176	
49344	0	38388	
49345	0	38520	
49346	0	38664	
49347	0	38312	
49348	0	37260	
49349	0	36476	
49350	0	35640	
49351	0	35136	
49352	0	35048	
49353	0	35456	
49354	0	36080	
49355	0	35958	
49356	0	35000	
49357	0	35224	
49358	0	36036	
49359	0	36720	
49360	0	36668	
49361	0	35888	
49362	0	35692	
49363	0	36504	
49364	0	37380	
49365	0	38316	
49366	0	38920	
49367	0	38936	
49368	0	38220	
49369	0	37210	
49370	0	35912	
49371	0	34500	
49372	0	32688	
49373	0	31628	
49374	0	31808	
49375	0	32912	
49376	0	34044	
49377	0	34840	
49378	0	34856	
49379	0	33912	
49380	0	33128	
49381	0	32624	
49382	0	32600	
49383	0	32998	
49384	0	33672	
49385	0	33452	
49386	0	32740	
49387	0	31692	
49388	0	31460	
49389	0	31612	
49390	0	30828	
49391	0	30146	
49392	0	30208	
49393	0	31392	
49394	0	33204	
49395	0	34400	
49396	0	35344	
49397	0	36848	
49398	0	38236	
49399	0	39608	
49400	0	40104	
49401	0	40672	
49402	0	42068	
49403	0	43320	
49404	0	44144	
49405	0	44184	
49406	0	44344	
49407	0	44140	
49408	0	43204	
49409	0	41880	
49410	0	40512	
49411	0	39544	
49412	0	39200	
49413	0	39108	
49414	0	39188	
49415	0	39208	
49416	0	38036	
49417	0	36472	
49418	0	35208	
49419	0	34096	
49420	0	33676	
49421	0	34912	
49422	0	37468	
49423	0	40660	
49424	0	42244	
49425	0	42716	
49426	0	42668	
49427	0	42316	
49428	0	41612	
49429	0	40324	
49430	0	38960	
49431	0	37952	
49432	0	37872	
49433	0	39084	
49434	0	40416	
49435	0	40964	
49436	0	40048	
49437	0	39016	
49438	0	38864	
49439	0	39624	
49440	0	40656	
49441	0	41076	
49442	0	41884	
49443	0	43208	
49444	0	44016	
49445	0	44504	
49446	0	44688	
49447	0	44544	
49448	0	44216	
49449	0	43828	
49450	0	44240	
49451	0	44536	
49452	0	44952	
49453	0	45060	
49454	0	44852	
49455	0	45020	
49456	0	44724	
49457	0	44008	
49458	0	42956	
49459	0	42640	
49460	0	42456	
49461	0	42096	
49462	0	42280	
49463	0	42940	
49464	0	43300	
49465	0	42892	
49466	0	42632	
49467	0	42628	
49468	0	42984	
49469	0	43112	
49470	0	43052	
49471	0	42224	
49472	0	40560	
49473	0	38952	
49474	0	37936	
49475	0	38376	
49476	0	39152	
49477	0	39988	
49478	0	40592	
49479	0	41352	
49480	0	41672	
49481	0	41284	
49482	0	41200	
49483	0	41816	
49484	0	42064	
49485	0	42104	
49486	0	42448	
49487	0	42544	
49488	0	42144	
49489	0	41464	
49490	0	40648	
49491	0	39560	
49492	0	38404	
49493	0	38332	
49494	0	39160	
49495	0	39572	
49496	0	38964	
49497	0	37760	
49498	0	36608	
49499	0	36144	
49500	0	36312	
49501	0	36842	
49502	0	37488	
49503	0	38020	
49504	0	38700	
49505	0	39308	
49506	0	39716	
49507	0	40120	
49508	0	40528	
49509	0	40768	
49510	0	41176	
49511	0	41404	
49512	0	41208	
49513	0	40460	
49514	0	39480	
49515	0	38380	
49516	0	37264	
49517	0	36276	
49518	0	35188	
49519	0	34452	
49520	0	34340	
49521	0	34788	
49522	0	35552	
49523	0	36168	
49524	0	36552	
49525	0	37020	
49526	0	37376	
49527	0	37164	
49528	0	36144	
49529	0	34836	
49530	0	34264	
49531	0	34560	
49532	0	34628	
49533	0	34288	
49534	0	33896	
49535	0	33936	
49536	0	33400	
49537	0	33096	
49538	0	32772	
49539	0	32472	
49540	0	33600	
49541	0	34536	
49542	0	35476	
49543	0	36124	
49544	0	36424	
49545	0	37148	
49546	0	37796	
49547	0	37148	
49548	0	36456	
49549	0	35928	
49550	0	34956	
49551	0	33536	
49552	0	32824	
49553	0	32328	
49554	0	31876	
49555	0	31336	
49556	0	31204	
49557	0	31590	
49558	0	32616	
49559	0	33484	
49560	0	34176	
49561	0	34636	
49562	0	35168	
49563	0	35402	
49564	0	35108	
49565	0	34822	
49566	0	34424	
49567	0	34040	
49568	0	33488	
49569	0	33280	
49570	0	32944	
49571	0	32076	
49572	0	31132	
49573	0	30516	
49574	0	29968	
49575	0	29716	
49576	0	29632	
49577	0	29284	
49578	0	29096	
49579	0	29276	
49580	0	29680	
49581	0	29964	
49582	0	30156	
49583	0	30416	
49584	0	30020	
49585	0	29648	
49586	0	29832	
49587	0	30052	
49588	0	30004	
49589	0	29268	
49590	0	28300	
49591	0	27944	
49592	0	28112	
49593	0	28168	
49594	0	28260	
49595	0	28513	
49596	0	28078	
49597	0	27784	
49598	0	28144	
49599	0	29468	
49600	0	31032	
49601	0	33264	
49602	0	35360	
49603	0	36956	
49604	0	37784	
49605	0	36496	
49606	0	33984	
49607	0	32456	
49608	0	31584	
49609	0	30664	
49610	0	30500	
49611	0	31736	
49612	0	33048	
49613	0	34048	
49614	0	33492	
49615	0	32016	
49616	0	30160	
49617	0	28608	
49618	0	27436	
49619	0	27240	
49620	0	28026	
49621	0	29648	
49622	0	30864	
49623	0	31420	
49624	0	31844	
49625	0	31956	
49626	0	31706	
49627	0	30344	
49628	0	28592	
49629	0	26804	
49630	0	25804	
49631	0	26568	
49632	0	28716	
49633	0	30048	
49634	0	31076	
49635	0	31840	
49636	0	31176	
49637	0	29752	
49638	0	28662	
49639	0	28520	
49640	0	28961	
49641	0	29740	
49642	0	30048	
49643	0	29944	
49644	0	30020	
49645	0	30472	
49646	0	30944	
49647	0	30636	
49648	0	29424	
49649	0	27720	
49650	0	26300	
49651	0	26088	
49652	0	26576	
49653	0	28064	
49654	0	29028	
49655	0	29700	
49656	0	30200	
49657	0	29296	
49658	0	27192	
49659	0	26064	
49660	0	25752	
49661	0	26018	
49662	0	27064	
49663	0	28328	
49664	0	29384	
49665	0	29580	
49666	0	28952	
49667	0	27820	
49668	0	26208	
49669	0	25072	
49670	0	24612	
49671	0	24472	
49672	0	24628	
49673	0	24936	
49674	0	24832	
49675	0	23792	
49676	0	23128	
49677	0	23148	
49678	0	23416	
49679	0	24008	
49680	0	25060	
49681	0	25940	
49682	0	26516	
49683	0	27044	
49684	0	27680	
49685	0	27584	
49686	0	27592	
49687	0	26936	
49688	0	25924	
49689	0	25048	
49690	0	24224	
49691	0	23264	
49692	0	21732	
49693	0	20972	
49694	0	21072	
49695	0	21412	
49696	0	21396	
49697	0	21428	
49698	0	21680	
49699	0	22808	
49700	0	24468	
49701	0	26020	
49702	0	27588	
49703	0	28852	
49704	0	29196	
49705	0	29020	
49706	0	29100	
49707	0	29348	
49708	0	29720	
49709	0	30416	
49710	0	30876	
49711	0	31180	
49712	0	30972	
49713	0	30712	
49714	0	30536	
49715	0	30644	
49716	0	30548	
49717	0	30156	
49718	0	29184	
49719	0	28356	
49720	0	27716	
49721	0	27448	
49722	0	27932	
49723	0	28688	
49724	0	29520	
49725	0	29784	
49726	0	29748	
49727	0	29280	
49728	0	29140	
49729	0	28852	
49730	0	28556	
49731	0	28268	
49732	0	27600	
49733	0	27024	
49734	0	26464	
49735	0	25584	
49736	0	24368	
49737	0	23852	
49738	0	24246	
49739	0	25130	
49740	0	26300	
49741	0	27668	
49742	0	28796	
49743	0	29288	
49744	0	29440	
49745	0	29288	
49746	0	28932	
49747	0	28200	
49748	0	27208	
49749	0	25928	
49750	0	24972	
49751	0	24244	
49752	0	23836	
49753	0	24620	
49754	0	25592	
49755	0	25688	
49756	0	25468	
49757	0	25288	
49758	0	25984	
49759	0	26992	
49760	0	28048	
49761	0	29660	
49762	0	30832	
49763	0	31072	
49764	0	31092	
49765	0	31464	
49766	0	31536	
49767	0	31584	
49768	0	31690	
49769	0	31872	
49770	0	32212	
49771	0	32100	
49772	0	31308	
49773	0	29800	
49774	0	29032	
49775	0	28720	
49776	0	27796	
49777	0	26064	
49778	0	25330	
49779	0	25788	
49780	0	26768	
49781	0	27828	
49782	0	29372	
49783	0	31292	
49784	0	33060	
49785	0	34464	
49786	0	34936	
49787	0	33916	
49788	0	32572	
49789	0	31160	
49790	0	30240	
49791	0	30144	
49792	0	30664	
49793	0	30492	
49794	0	30228	
49795	0	30148	
49796	0	29612	
49797	0	29136	
49798	0	28972	
49799	0	29248	
49800	0	30110	
49801	0	31060	
49802	0	31836	
49803	0	32924	
49804	0	33328	
49805	0	34108	
49806	0	34760	
49807	0	34512	
49808	0	33760	
49809	0	32696	
49810	0	31872	
49811	0	30716	
49812	0	29764	
49813	0	29364	
49814	0	29200	
49815	0	29216	
49816	0	29100	
49817	0	29200	
49818	0	28728	
49819	0	28896	
49820	0	29796	
49821	0	30576	
49822	0	31460	
49823	0	32448	
49824	0	33252	
49825	0	33904	
49826	0	34212	
49827	0	34024	
49828	0	33604	
49829	0	32692	
49830	0	31436	
49831	0	30080	
49832	0	28544	
49833	0	27228	
49834	0	26004	
49835	0	25000	
49836	0	26040	
49837	0	28136	
49838	0	30632	
49839	0	33592	
49840	0	34868	
49841	0	34188	
49842	0	32688	
49843	0	31816	
49844	0	31472	
49845	0	31176	
49846	0	31088	
49847	0	30480	
49848	0	29296	
49849	0	28146	
49850	0	27712	
49851	0	27912	
49852	0	27964	
49853	0	28264	
49854	0	29276	
49855	0	30252	
49856	0	30724	
49857	0	30728	
49858	0	31012	
49859	0	31704	
49860	0	32408	
49861	0	32576	
49862	0	33080	
49863	0	33620	
49864	0	33808	
49865	0	33864	
49866	0	33520	
49867	0	32288	
49868	0	30600	
49869	0	29668	
49870	0	29228	
49871	0	29192	
49872	0	29736	
49873	0	30268	
49874	0	30580	
49875	0	30604	
49876	0	30108	
49877	0	29712	
49878	0	29644	
49879	0	29868	
49880	0	29728	
49881	0	29400	
49882	0	30004	
49883	0	30640	
49884	0	31072	
49885	0	31152	
49886	0	31552	
49887	0	31596	
49888	0	31896	
49889	0	31884	
49890	0	31304	
49891	0	30384	
49892	0	29848	
49893	0	29100	
49894	0	28756	
49895	0	28240	
49896	0	27556	
49897	0	27464	
49898	0	27928	
49899	0	29012	
49900	0	30364	
49901	0	31336	
49902	0	32248	
49903	0	32068	
49904	0	31124	
49905	0	30568	
49906	0	30136	
49907	0	29808	
49908	0	29628	
49909	0	29428	
49910	0	29676	
49911	0	29728	
49912	0	29196	
49913	0	28292	
49914	0	27880	
49915	0	27784	
49916	0	27412	
49917	0	26860	
49918	0	26832	
49919	0	27376	
49920	0	28554	
49921	0	29896	
49922	0	31304	
49923	0	32500	
49924	0	33386	
49925	0	33904	
49926	0	34284	
49927	0	34212	
49928	0	33912	
49929	0	33600	
49930	0	32736	
49931	0	31916	
49932	0	31054	
49933	0	30272	
49934	0	29972	
49935	0	29652	
49936	0	29048	
49937	0	28992	
49938	0	29544	
49939	0	29904	
49940	0	30364	
49941	0	31082	
49942	0	32080	
49943	0	32908	
49944	0	33728	
49945	0	34232	
49946	0	34448	
49947	0	33828	
49948	0	33200	
49949	0	32920	
49950	0	32392	
49951	0	31452	
49952	0	30556	
49953	0	29520	
49954	0	28948	
49955	0	28944	
49956	0	28656	
49957	0	28320	
49958	0	28520	
49959	0	29528	
49960	0	30916	
49961	0	31912	
49962	0	33200	
49963	0	34700	
49964	0	35944	
49965	0	36984	
49966	0	36764	
49967	0	35532	
49968	0	34696	
49969	0	34496	
49970	0	34032	
49971	0	32768	
49972	0	31360	
49973	0	30476	
49974	0	30192	
49975	0	30396	
49976	0	31070	
49977	0	31916	
49978	0	33152	
49979	0	34216	
49980	0	34440	
49981	0	34916	
49982	0	35940	
49983	0	36720	
49984	0	36924	
49985	0	36796	
49986	0	35976	
49987	0	34492	
49988	0	33272	
49989	0	32824	
49990	0	33324	
49991	0	34260	
49992	0	34456	
49993	0	33292	
49994	0	31696	
49995	0	30484	
49996	0	30168	
49997	0	29896	
49998	0	29740	
49999	0	31460	
50000	0	34116	
50001	0	36304	
50002	0	38120	
50003	0	39168	
50004	0	38980	
50005	0	38232	
50006	0	37016	
50007	0	35208	
50008	0	33512	
50009	0	31592	
50010	0	31616	
50011	0	32672	
50012	0	34292	
50013	0	36448	
50014	0	38568	
50015	0	38324	
50016	0	37104	
50017	0	36528	
50018	0	35956	
50019	0	36324	
50020	0	36276	
50021	0	36248	
50022	0	37388	
50023	0	38664	
50024	0	39464	
50025	0	40128	
50026	0	39780	
50027	0	39188	
50028	0	38760	
50029	0	38568	
50030	0	38344	
50031	0	37808	
50032	0	37072	
50033	0	36760	
50034	0	36872	
50035	0	36920	
50036	0	35908	
50037	0	35244	
50038	0	35492	
50039	0	36580	
50040	0	37720	
50041	0	38324	
50042	0	38768	
50043	0	39080	
50044	0	38864	
50045	0	39112	
50046	0	39332	
50047	0	39524	
50048	0	38932	
50049	0	38116	
50050	0	37312	
50051	0	36740	
50052	0	35928	
50053	0	34836	
50054	0	33952	
50055	0	33456	
50056	0	33600	
50057	0	34020	
50058	0	35072	
50059	0	36440	
50060	0	37528	
50061	0	38516	
50062	0	39416	
50063	0	40236	
50064	0	40928	
50065	0	41272	
50066	0	39908	
50067	0	37920	
50068	0	36344	
50069	0	35152	
50070	0	34240	
50071	0	33840	
50072	0	32828	
50073	0	32440	
50074	0	32352	
50075	0	32192	
50076	0	32520	
50077	0	32496	
50078	0	32756	
50079	0	33804	
50080	0	35056	
50081	0	35952	
50082	0	36980	
50083	0	37120	
50084	0	36752	
50085	0	36168	
50086	0	35384	
50087	0	34212	
50088	0	32600	
50089	0	31312	
50090	0	30684	
50091	0	30220	
50092	0	29716	
50093	0	29688	
50094	0	29868	
50095	0	29160	
50096	0	28250	
50097	0	27870	
50098	0	28172	
50099	0	29168	
50100	0	30120	
50101	0	31300	
50102	0	32092	
50103	0	32572	
50104	0	32748	
50105	0	33480	
50106	0	33960	
50107	0	33996	
50108	0	33752	
50109	0	33488	
50110	0	33040	
50111	0	32432	
50112	0	31776	
50113	0	31068	
50114	0	30884	
50115	0	30748	
50116	0	30636	
50117	0	30376	
50118	0	30604	
50119	0	31228	
50120	0	31320	
50121	0	31804	
50122	0	32900	
50123	0	34356	
50124	0	35144	
50125	0	35568	
50126	0	34928	
50127	0	34768	
50128	0	35040	
50129	0	34588	
50130	0	33840	
50131	0	32520	
50132	0	30404	
50133	0	28946	
50134	0	28192	
50135	0	27672	
50136	0	27254	
50137	0	27104	
50138	0	27620	
50139	0	28656	
50140	0	29904	
50141	0	31720	
50142	0	33700	
50143	0	34876	
50144	0	34956	
50145	0	34532	
50146	0	32548	
50147	0	30480	
50148	0	29106	
50149	0	28528	
50150	0	28704	
50151	0	28756	
50152	0	28272	
50153	0	28712	
50154	0	29512	
50155	0	29840	
50156	0	29876	
50157	0	29920	
50158	0	30232	
50159	0	30760	
50160	0	31364	
50161	0	31380	
50162	0	32320	
50163	0	32888	
50164	0	32392	
50165	0	31960	
50166	0	31032	
50167	0	29784	
50168	0	29016	
50169	0	28264	
50170	0	27708	
50171	0	27756	
50172	0	28312	
50173	0	28756	
50174	0	28810	
50175	0	28352	
50176	0	28308	
50177	0	28796	
50178	0	29612	
50179	0	30528	
50180	0	31540	
50181	0	32716	
50182	0	34436	
50183	0	35636	
50184	0	36644	
50185	0	37764	
50186	0	37568	
50187	0	36348	
50188	0	34412	
50189	0	32708	
50190	0	30920	
50191	0	29364	
50192	0	28700	
50193	0	29072	
50194	0	30420	
50195	0	31344	
50196	0	31864	
50197	0	31792	
50198	0	32324	
50199	0	32952	
50200	0	33424	
50201	0	35008	
50202	0	36708	
50203	0	37360	
50204	0	37692	
50205	0	38580	
50206	0	38036	
50207	0	37008	
50208	0	35628	
50209	0	33848	
50210	0	32168	
50211	0	30728	
50212	0	29588	
50213	0	29036	
50214	0	28488	
50215	0	28124	
50216	0	28280	
50217	0	28708	
50218	0	29888	
50219	0	30988	
50220	0	31704	
50221	0	32560	
50222	0	34072	
50223	0	34628	
50224	0	33988	
50225	0	33172	
50226	0	31884	
50227	0	30772	
50228	0	29834	
50229	0	29384	
50230	0	29060	
50231	0	28496	
50232	0	28180	
50233	0	27988	
50234	0	27960	
50235	0	27536	
50236	0	26986	
50237	0	26748	
50238	0	26832	
50239	0	27432	
50240	0	28226	
50241	0	29304	
50242	0	30966	
50243	0	32000	
50244	0	33160	
50245	0	34428	
50246	0	34204	
50247	0	33232	
50248	0	32100	
50249	0	30750	
50250	0	29388	
50251	0	28112	
50252	0	26904	
50253	0	26384	
50254	0	26692	
50255	0	26280	
50256	0	25640	
50257	0	25008	
50258	0	25208	
50259	0	25952	
50260	0	26616	
50261	0	27524	
50262	0	28584	
50263	0	29324	
50264	0	29460	
50265	0	30336	
50266	0	30464	
50267	0	31276	
50268	0	31748	
50269	0	30448	
50270	0	28044	
50271	0	25112	
50272	0	22100	
50273	0	19500	
50274	0	17232	
50275	0	15210	
50276	0	13842	
50277	0	13416	
50278	0	14862	
50279	0	16894	
50280	0	18312	
50281	0	20200	
50282	0	22528	
50283	0	23412	
50284	0	23328	
50285	0	22709	
50286	0	20868	
50287	0	18932	
50288	0	16444	
50289	0	14357	
50290	0	12218	
50291	0	11192	
50292	0	10858	
50293	0	10392	
50294	0	11200	
50295	0	12112	
50296	0	13238	
50297	0	14784	
50298	0	15954	
50299	0	16509	
50300	0	17232	
50301	0	18504	
50302	0	20241	
50303	0	21048	
50304	0	21520	
50305	0	22050	
50306	0	21420	
50307	0	19416	
50308	0	16850	
50309	0	14729	
50310	0	12566	
50311	0	11141	
50312	0	10497	
50313	0	9990	
50314	0	9524	
50315	0	8416	
50316	0	7416	
50317	0	7414	
50318	0	9388	
50319	0	12117	
50320	0	14698	
50321	0	17872	
50322	0	21388	
50323	0	23944	
50324	0	25248	
50325	0	26204	
50326	0	24872	
50327	0	22728	
50328	0	20640	
50329	0	19693	
50330	0	18836	
50331	0	17830	
50332	0	17232	
50333	0	17570	
50334	0	18476	
50335	0	19030	
50336	0	19392	
50337	0	20120	
50338	0	21500	
50339	0	23070	
50340	0	24804	
50341	0	26288	
50342	0	27392	
50343	0	27480	
50344	0	27328	
50345	0	27322	
50346	0	26632	
50347	0	25844	
50348	0	24276	
50349	0	23810	
50350	0	24312	
50351	0	25368	
50352	0	27036	
50353	0	28372	
50354	0	28156	
50355	0	26628	
50356	0	25620	
50357	0	25068	
50358	0	25416	
50359	0	27132	
50360	0	29688	
50361	0	32376	
50362	0	35232	
50363	0	36900	
50364	0	37880	
50365	0	39112	
50366	0	39864	
50367	0	39940	
50368	0	37880	
50369	0	34600	
50370	0	31764	
50371	0	30896	
50372	0	32020	
50373	0	33604	
50374	0	34976	
50375	0	35262	
50376	0	35768	
50377	0	35440	
50378	0	34204	
50379	0	32680	
50380	0	31960	
50381	0	33188	
50382	0	35636	
50383	0	37400	
50384	0	38068	
50385	0	39000	
50386	0	39340	
50387	0	39524	
50388	0	39880	
50389	0	40136	
50390	0	40660	
50391	0	41452	
50392	0	43384	
50393	0	46132	
50394	0	48216	
50395	0	48676	
50396	0	49012	
50397	0	49704	
50398	0	49120	
50399	0	46584	
50400	0	43356	
50401	0	42532	
50402	0	44840	
50403	0	47696	
50404	0	48348	
50405	0	47936	
50406	0	47184	
50407	0	46108	
50408	0	44088	
50409	0	40960	
50410	0	38780	
50411	0	36068	
50412	0	34040	
50413	0	33144	
50414	0	32632	
50415	0	31640	
50416	0	32304	
50417	0	34596	
50418	0	37536	
50419	0	39928	
50420	0	41576	
50421	0	43384	
50422	0	45644	
50423	0	47536	
50424	0	48704	
50425	0	48828	
50426	0	47432	
50427	0	45848	
50428	0	44532	
50429	0	43536	
50430	0	43096	
50431	0	42372	
50432	0	42172	
50433	0	41156	
50434	0	38576	
50435	0	34528	
50436	0	30884	
50437	0	28836	
50438	0	29912	
50439	0	32928	
50440	0	35668	
50441	0	38036	
50442	0	40136	
50443	0	42540	
50444	0	45588	
50445	0	49108	
50446	0	50460	
50447	0	50348	
50448	0	49420	
50449	0	48280	
50450	0	46696	
50451	0	45308	
50452	0	44208	
50453	0	43256	
50454	0	41956	
50455	0	39976	
50456	0	38796	
50457	0	37160	
50458	0	36048	
50459	0	35896	
50460	0	36984	
50461	0	38792	
50462	0	41016	
50463	0	43144	
50464	0	44792	
50465	0	46092	
50466	0	45760	
50467	0	44520	
50468	0	42376	
50469	0	39864	
50470	0	37628	
50471	0	36504	
50472	0	36794	
50473	0	36680	
50474	0	37690	
50475	0	39300	
50476	0	40528	
50477	0	40632	
50478	0	41100	
50479	0	43176	
50480	0	44672	
50481	0	45600	
50482	0	46788	
50483	0	47616	
50484	0	47748	
50485	0	48040	
50486	0	46636	
50487	0	44432	
50488	0	42840	
50489	0	41752	
50490	0	40956	
50491	0	39924	
50492	0	38720	
50493	0	36932	
50494	0	35020	
50495	0	33272	
50496	0	32532	
50497	0	32772	
50498	0	33956	
50499	0	35260	
50500	0	35904	
50501	0	37480	
50502	0	39736	
50503	0	41240	
50504	0	41032	
50505	0	40264	
50506	0	39084	
50507	0	38736	
50508	0	38728	
50509	0	38504	
50510	0	38320	
50511	0	37616	
50512	0	36876	
50513	0	36600	
50514	0	36868	
50515	0	37240	
50516	0	37912	
50517	0	38500	
50518	0	39436	
50519	0	40596	
50520	0	41024	
50521	0	41488	
50522	0	41964	
50523	0	42296	
50524	0	42344	
50525	0	41428	
50526	0	39000	
50527	0	36908	
50528	0	35176	
50529	0	33952	
50530	0	33628	
50531	0	33628	
50532	0	33692	
50533	0	33164	
50534	0	32760	
50535	0	31976	
50536	0	30408	
50537	0	29996	
50538	0	31600	
50539	0	34564	
50540	0	36540	
50541	0	38284	
50542	0	41012	
50543	0	43616	
50544	0	45220	
50545	0	45444	
50546	0	43460	
50547	0	40940	
50548	0	37968	
50549	0	35560	
50550	0	34528	
50551	0	33656	
50552	0	33098	
50553	0	32552	
50554	0	32696	
50555	0	32844	
50556	0	33012	
50557	0	33264	
50558	0	34060	
50559	0	35748	
50560	0	37380	
50561	0	39220	
50562	0	39728	
50563	0	39028	
50564	0	38232	
50565	0	37912	
50566	0	37108	
50567	0	36400	
50568	0	35288	
50569	0	33888	
50570	0	32952	
50571	0	31712	
50572	0	30626	
50573	0	30008	
50574	0	28892	
50575	0	27464	
50576	0	26480	
50577	0	26324	
50578	0	27452	
50579	0	29432	
50580	0	31776	
50581	0	34568	
50582	0	36892	
50583	0	38248	
50584	0	38988	
50585	0	39580	
50586	0	39120	
50587	0	38632	
50588	0	37892	
50589	0	36824	
50590	0	35196	
50591	0	32864	
50592	0	31088	
50593	0	30152	
50594	0	29336	
50595	0	28056	
50596	0	27300	
50597	0	27164	
50598	0	27978	
50599	0	30032	
50600	0	32128	
50601	0	34232	
50602	0	36160	
50603	0	37104	
50604	0	37504	
50605	0	37928	
50606	0	37092	
50607	0	36428	
50608	0	35744	
50609	0	34704	
50610	0	33744	
50611	0	32540	
50612	0	31104	
50613	0	30144	
50614	0	29800	
50615	0	29464	
50616	0	29328	
50617	0	29836	
50618	0	31501	
50619	0	33168	
50620	0	34200	
50621	0	35780	
50622	0	37304	
50623	0	38088	
50624	0	38252	
50625	0	38316	
50626	0	37484	
50627	0	36320	
50628	0	36088	
50629	0	36032	
50630	0	35828	
50631	0	35468	
50632	0	35572	
50633	0	36224	
50634	0	36736	
50635	0	36492	
50636	0	36500	
50637	0	36880	
50638	0	38116	
50639	0	38992	
50640	0	39248	
50641	0	39416	
50642	0	38960	
50643	0	38168	
50644	0	37832	
50645	0	38184	
50646	0	37792	
50647	0	37128	
50648	0	35900	
50649	0	34696	
50650	0	33828	
50651	0	32620	
50652	0	31476	
50653	0	30368	
50654	0	29464	
50655	0	28332	
50656	0	28108	
50657	0	28624	
50658	0	29532	
50659	0	30840	
50660	0	31956	
50661	0	32908	
50662	0	34304	
50663	0	35320	
50664	0	35956	
50665	0	36332	
50666	0	34952	
50667	0	33096	
50668	0	31392	
50669	0	30106	
50670	0	29160	
50671	0	28284	
50672	0	27816	
50673	0	27376	
50674	0	26760	
50675	0	26408	
50676	0	26352	
50677	0	26592	
50678	0	27952	
50679	0	29980	
50680	0	32284	
50681	0	34708	
50682	0	36256	
50683	0	36268	
50684	0	36260	
50685	0	36346	
50686	0	35496	
50687	0	34028	
50688	0	32172	
50689	0	30536	
50690	0	29464	
50691	0	28376	
50692	0	27404	
50693	0	26808	
50694	0	26248	
50695	0	25492	
50696	0	25488	
50697	0	26128	
50698	0	28000	
50699	0	30064	
50700	0	31738	
50701	0	33576	
50702	0	34816	
50703	0	35260	
50704	0	35616	
50705	0	35884	
50706	0	34732	
50707	0	33056	
50708	0	31624	
50709	0	30548	
50710	0	29704	
50711	0	28844	
50712	0	28300	
50713	0	28356	
50714	0	28836	
50715	0	28882	
50716	0	29220	
50717	0	29328	
50718	0	30072	
50719	0	31372	
50720	0	32456	
50721	0	33692	
50722	0	34592	
50723	0	34968	
50724	0	35272	
50725	0	35432	
50726	0	34264	
50727	0	33344	
50728	0	32356	
50729	0	31882	
50730	0	31552	
50731	0	31048	
50732	0	30396	
50733	0	29968	
50734	0	29692	
50735	0	29272	
50736	0	28608	
50737	0	28292	
50738	0	29380	
50739	0	30536	
50740	0	31780	
50741	0	33684	
50742	0	35576	
50743	0	36288	
50744	0	36216	
50745	0	36128	
50746	0	35080	
50747	0	33876	
50748	0	32408	
50749	0	31084	
50750	0	30088	
50751	0	28912	
50752	0	27672	
50753	0	27124	
50754	0	26820	
50755	0	26624	
50756	0	26776	
50757	0	27372	
50758	0	29300	
50759	0	31316	
50760	0	32880	
50761	0	34400	
50762	0	35112	
50763	0	34854	
50764	0	34892	
50765	0	34724	
50766	0	33700	
50767	0	32680	
50768	0	31484	
50769	0	30220	
50770	0	29152	
50771	0	28176	
50772	0	27564	
50773	0	27086	
50774	0	27008	
50775	0	26748	
50776	0	27188	
50777	0	28976	
50778	0	30828	
50779	0	32400	
50780	0	33700	
50781	0	35876	
50782	0	37900	
50783	0	38988	
50784	0	39736	
50785	0	40080	
50786	0	38752	
50787	0	37032	
50788	0	35440	
50789	0	34172	
50790	0	33036	
50791	0	32452	
50792	0	32680	
50793	0	32840	
50794	0	32560	
50795	0	31484	
50796	0	31208	
50797	0	31416	
50798	0	32076	
50799	0	32876	
50800	0	33928	
50801	0	35000	
50802	0	35772	
50803	0	36168	
50804	0	36168	
50805	0	35948	
50806	0	35136	
50807	0	34394	
50808	0	33352	
50809	0	32376	
50810	0	31760	
50811	0	30532	
50812	0	29444	
50813	0	28312	
50814	0	27848	
50815	0	27508	
50816	0	27676	
50817	0	28128	
50818	0	29816	
50819	0	31624	
50820	0	33232	
50821	0	34960	
50822	0	36180	
50823	0	36376	
50824	0	36148	
50825	0	35492	
50826	0	33772	
50827	0	31912	
50828	0	30064	
50829	0	29208	
50830	0	29228	
50831	0	29028	
50832	0	28872	
50833	0	28996	
50834	0	29368	
50835	0	29128	
50836	0	28856	
50837	0	29400	
50838	0	30656	
50839	0	31708	
50840	0	32628	
50841	0	34048	
50842	0	35056	
50843	0	35652	
50844	0	35484	
50845	0	35036	
50846	0	34104	
50847	0	33108	
50848	0	32344	
50849	0	31992	
50850	0	31512	
50851	0	31336	
50852	0	31116	
50853	0	31304	
50854	0	31024	
50855	0	30424	
50856	0	30576	
50857	0	31320	
50858	0	32408	
50859	0	33320	
50860	0	33772	
50861	0	34616	
50862	0	35376	
50863	0	35520	
50864	0	35928	
50865	0	35976	
50866	0	35180	
50867	0	33900	
50868	0	32224	
50869	0	30798	
50870	0	30120	
50871	0	29740	
50872	0	29588	
50873	0	29228	
50874	0	28440	
50875	0	27480	
50876	0	27564	
50877	0	28244	
50878	0	30112	
50879	0	32460	
50880	0	34452	
50881	0	35820	
50882	0	36864	
50883	0	37376	
50884	0	38088	
50885	0	37976	
50886	0	36260	
50887	0	34332	
50888	0	32680	
50889	0	31496	
50890	0	30644	
50891	0	29884	
50892	0	29840	
50893	0	30492	
50894	0	31336	
50895	0	31528	
50896	0	31832	
50897	0	32396	
50898	0	33508	
50899	0	34816	
50900	0	35920	
50901	0	37384	
50902	0	38476	
50903	0	39168	
50904	0	39496	
50905	0	39660	
50906	0	38424	
50907	0	36648	
50908	0	35224	
50909	0	34012	
50910	0	32428	
50911	0	30068	
50912	0	28640	
50913	0	28056	
50914	0	27336	
50915	0	26916	
50916	0	26840	
50917	0	27648	
50918	0	29368	
50919	0	31640	
50920	0	33748	
50921	0	35940	
50922	0	36792	
50923	0	36548	
50924	0	36272	
50925	0	35960	
50926	0	34516	
50927	0	32872	
50928	0	31100	
50929	0	29932	
50930	0	29340	
50931	0	28832	
50932	0	28836	
50933	0	29296	
50934	0	29676	
50935	0	29764	
50936	0	30400	
50937	0	31548	
50938	0	32980	
50939	0	34300	
50940	0	35432	
50941	0	36500	
50942	0	37376	
50943	0	37752	
50944	0	37904	
50945	0	37400	
50946	0	36388	
50947	0	35420	
50948	0	34552	
50949	0	33748	
50950	0	33528	
50951	0	32904	
50952	0	31948	
50953	0	31248	
50954	0	30784	
50955	0	30428	
50956	0	30452	
50957	0	31032	
50958	0	32336	
50959	0	33868	
50960	0	35504	
50961	0	37328	
50962	0	38572	
50963	0	38468	
50964	0	38040	
50965	0	37444	
50966	0	36284	
50967	0	34952	
50968	0	33264	
50969	0	31884	
50970	0	30912	
50971	0	29564	
50972	0	28956	
50973	0	28940	
50974	0	28692	
50975	0	28060	
50976	0	27804	
50977	0	28200	
50978	0	28876	
50979	0	29168	
50980	0	29264	
50981	0	30292	
50982	0	31772	
50983	0	32712	
50984	0	33216	
50985	0	32900	
50986	0	31664	
50987	0	30356	
50988	0	28652	
50989	0	26988	
50990	0	26216	
50991	0	26056	
50992	0	26316	
50993	0	26656	
50994	0	26204	
50995	0	25136	
50996	0	24890	
50997	0	25868	
50998	0	27528	
50999	0	28968	
51000	0	30334	
51001	0	32044	
51002	0	33204	
51003	0	33564	
51004	0	33521	
51005	0	32904	
51006	0	31564	
51007	0	29701	
51008	0	27852	
51009	0	26912	
51010	0	26472	
51011	0	25872	
51012	0	25472	
51013	0	25248	
51014	0	24690	
51015	0	24192	
51016	0	24372	
51017	0	25544	
51018	0	26952	
51019	0	28452	
51020	0	29340	
51021	0	30016	
51022	0	30208	
51023	0	29594	
51024	0	29248	
51025	0	28832	
51026	0	28296	
51027	0	27696	
51028	0	26592	
51029	0	25716	
51030	0	25408	
51031	0	25624	
51032	0	26336	
51033	0	27198	
51034	0	26848	
51035	0	26000	
51036	0	24820	
51037	0	25292	
51038	0	27616	
51039	0	29928	
51040	0	32308	
51041	0	34712	
51042	0	35972	
51043	0	36088	
51044	0	35796	
51045	0	34612	
51046	0	32776	
51047	0	30664	
51048	0	29000	
51049	0	28364	
51050	0	27984	
51051	0	27836	
51052	0	28152	
51053	0	28408	
51054	0	28296	
51055	0	27208	
51056	0	26416	
51057	0	26320	
51058	0	27112	
51059	0	28360	
51060	0	29468	
51061	0	30936	
51062	0	31308	
51063	0	31440	
51064	0	31900	
51065	0	31792	
51066	0	31020	
51067	0	30288	
51068	0	29028	
51069	0	28000	
51070	0	27216	
51071	0	26672	
51072	0	26420	
51073	0	27000	
51074	0	27216	
51075	0	27052	
51076	0	27120	
51077	0	27820	
51078	0	28872	
51079	0	29728	
51080	0	30340	
51081	0	31688	
51082	0	32556	
51083	0	32468	
51084	0	32300	
51085	0	31880	
51086	0	30896	
51087	0	29220	
51088	0	27468	
51089	0	26124	
51090	0	25292	
51091	0	24400	
51092	0	23764	
51093	0	23740	
51094	0	23716	
51095	0	23260	
51096	0	23396	
51097	0	24628	
51098	0	26104	
51099	0	27416	
51100	0	28552	
51101	0	30176	
51102	0	31232	
51103	0	31740	
51104	0	32132	
51105	0	31288	
51106	0	30184	
51107	0	28972	
51108	0	27872	
51109	0	27128	
51110	0	26424	
51111	0	25476	
51112	0	24892	
51113	0	24480	
51114	0	23424	
51115	0	22492	
51116	0	22664	
51117	0	24104	
51118	0	26484	
51119	0	29032	
51120	0	30896	
51121	0	32628	
51122	0	33296	
51123	0	33240	
51124	0	33192	
51125	0	32564	
51126	0	31412	
51127	0	30148	
51128	0	29240	
51129	0	28484	
51130	0	28104	
51131	0	27636	
51132	0	27148	
51133	0	27056	
51134	0	27004	
51135	0	26662	
51136	0	26544	
51137	0	27616	
51138	0	29192	
51139	0	30800	
51140	0	32156	
51141	0	33404	
51142	0	33764	
51143	0	33736	
51144	0	34276	
51145	0	33856	
51146	0	32396	
51147	0	30784	
51148	0	29436	
51149	0	28812	
51150	0	28506	
51151	0	27816	
51152	0	26960	
51153	0	26800	
51154	0	26304	
51155	0	25872	
51156	0	25777	
51157	0	26476	
51158	0	28333	
51159	0	30516	
51160	0	32644	
51161	0	35216	
51162	0	36688	
51163	0	37352	
51164	0	37776	
51165	0	36660	
51166	0	35240	
51167	0	34152	
51168	0	33456	
51169	0	33012	
51170	0	32472	
51171	0	31872	
51172	0	31408	
51173	0	31060	
51174	0	30544	
51175	0	30432	
51176	0	30104	
51177	0	30144	
51178	0	31008	
51179	0	31824	
51180	0	32864	
51181	0	34072	
51182	0	34376	
51183	0	33820	
51184	0	32988	
51185	0	31304	
51186	0	29292	
51187	0	27480	
51188	0	26252	
51189	0	25520	
51190	0	25104	
51191	0	24844	
51192	0	25040	
51193	0	24752	
51194	0	23916	
51195	0	23928	
51196	0	25240	
51197	0	27012	
51198	0	29024	
51199	0	30580	
51200	0	32400	
51201	0	35224	
51202	0	37060	
51203	0	37820	
51204	0	38592	
51205	0	37840	
51206	0	36216	
51207	0	33940	
51208	0	31992	
51209	0	30604	
51210	0	29900	
51211	0	29836	
51212	0	29788	
51213	0	30016	
51214	0	29728	
51215	0	29084	
51216	0	28552	
51217	0	29068	
51218	0	30560	
51219	0	31864	
51220	0	33072	
51221	0	34440	
51222	0	35692	
51223	0	36400	
51224	0	37280	
51225	0	37096	
51226	0	36464	
51227	0	35680	
51228	0	34576	
51229	0	33384	
51230	0	31956	
51231	0	30508	
51232	0	29584	
51233	0	28842	
51234	0	28120	
51235	0	27888	
51236	0	28160	
51237	0	29388	
51238	0	31156	
51239	0	32548	
51240	0	34024	
51241	0	35684	
51242	0	36400	
51243	0	35816	
51244	0	35220	
51245	0	34400	
51246	0	32908	
51247	0	31132	
51248	0	29628	
51249	0	29056	
51250	0	29044	
51251	0	29204	
51252	0	29768	
51253	0	30568	
51254	0	30762	
51255	0	30294	
51256	0	30268	
51257	0	31176	
51258	0	32500	
51259	0	33860	
51260	0	34940	
51261	0	36152	
51262	0	36644	
51263	0	36212	
51264	0	36516	
51265	0	36164	
51266	0	35148	
51267	0	33524	
51268	0	32008	
51269	0	31236	
51270	0	30712	
51271	0	30512	
51272	0	30736	
51273	0	31752	
51274	0	32208	
51275	0	33072	
51276	0	33988	
51277	0	35592	
51278	0	37244	
51279	0	38556	
51280	0	40172	
51281	0	42192	
51282	0	42904	
51283	0	41928	
51284	0	41240	
51285	0	40100	
51286	0	37956	
51287	0	36036	
51288	0	34778	
51289	0	34256	
51290	0	34216	
51291	0	33900	
51292	0	33640	
51293	0	33408	
51294	0	32576	
51295	0	32016	
51296	0	32204	
51297	0	33068	
51298	0	34352	
51299	0	35620	
51300	0	36668	
51301	0	37780	
51302	0	38288	
51303	0	38380	
51304	0	39064	
51305	0	38264	
51306	0	36092	
51307	0	33824	
51308	0	31924	
51309	0	30780	
51310	0	29928	
51311	0	28960	
51312	0	28406	
51313	0	28056	
51314	0	27180	
51315	0	26896	
51316	0	27460	
51317	0	28620	
51318	0	30524	
51319	0	32420	
51320	0	34304	
51321	0	36524	
51322	0	38080	
51323	0	38696	
51324	0	38936	
51325	0	37824	
51326	0	36200	
51327	0	34400	
51328	0	33384	
51329	0	32992	
51330	0	32928	
51331	0	32888	
51332	0	33256	
51333	0	33688	
51334	0	33180	
51335	0	32700	
51336	0	33100	
51337	0	34596	
51338	0	36736	
51339	0	38752	
51340	0	40856	
51341	0	43480	
51342	0	45024	
51343	0	45468	
51344	0	45484	
51345	0	44132	
51346	0	41824	
51347	0	39392	
51348	0	37104	
51349	0	35222	
51350	0	33796	
51351	0	32620	
51352	0	32088	
51353	0	31812	
51354	0	30920	
51355	0	30092	
51356	0	29724	
51357	0	30148	
51358	0	31808	
51359	0	33692	
51360	0	35032	
51361	0	36488	
51362	0	37248	
51363	0	36628	
51364	0	35804	
51365	0	33788	
51366	0	31616	
51367	0	29988	
51368	0	28288	
51369	0	26508	
51370	0	25344	
51371	0	24532	
51372	0	24456	
51373	0	25652	
51374	0	26664	
51375	0	27860	
51376	0	29320	
51377	0	31264	
51378	0	33264	
51379	0	34992	
51380	0	36820	
51381	0	39000	
51382	0	40212	
51383	0	40648	
51384	0	40980	
51385	0	39880	
51386	0	38852	
51387	0	37720	
51388	0	36328	
51389	0	35404	
51390	0	34736	
51391	0	33988	
51392	0	33452	
51393	0	33224	
51394	0	32860	
51395	0	33116	
51396	0	33640	
51397	0	35352	
51398	0	37576	
51399	0	39436	
51400	0	41064	
51401	0	42736	
51402	0	43584	
51403	0	43268	
51404	0	42656	
51405	0	40640	
51406	0	38712	
51407	0	36848	
51408	0	35580	
51409	0	34572	
51410	0	32628	
51411	0	30660	
51412	0	29088	
51413	0	28400	
51414	0	27380	
51415	0	26760	
51416	0	27004	
51417	0	28412	
51418	0	30856	
51419	0	33072	
51420	0	35112	
51421	0	37100	
51422	0	37536	
51423	0	36812	
51424	0	36512	
51425	0	34916	
51426	0	33484	
51427	0	31600	
51428	0	29984	
51429	0	28500	
51430	0	27308	
51431	0	25880	
51432	0	24712	
51433	0	24154	
51434	0	23376	
51435	0	23606	
51436	0	24212	
51437	0	25712	
51438	0	27816	
51439	0	29592	
51440	0	31484	
51441	0	33482	
51442	0	34328	
51443	0	34664	
51444	0	35904	
51445	0	35464	
51446	0	34488	
51447	0	32908	
51448	0	30832	
51449	0	29377	
51450	0	29120	
51451	0	29722	
51452	0	30224	
51453	0	30780	
51454	0	29972	
51455	0	29444	
51456	0	29660	
51457	0	30856	
51458	0	33240	
51459	0	35880	
51460	0	38624	
51461	0	40960	
51462	0	42316	
51463	0	42520	
51464	0	42892	
51465	0	41440	
51466	0	40052	
51467	0	38616	
51468	0	37144	
51469	0	35976	
51470	0	35036	
51471	0	34288	
51472	0	34120	
51473	0	34604	
51474	0	34108	
51475	0	33784	
51476	0	33768	
51477	0	34728	
51478	0	36596	
51479	0	38156	
51480	0	39256	
51481	0	40168	
51482	0	40192	
51483	0	40008	
51484	0	40736	
51485	0	40128	
51486	0	39212	
51487	0	37984	
51488	0	36428	
51489	0	35028	
51490	0	33968	
51491	0	33000	
51492	0	32541	
51493	0	32872	
51494	0	31856	
51495	0	31192	
51496	0	30944	
51497	0	31788	
51498	0	33124	
51499	0	34100	
51500	0	35792	
51501	0	37456	
51502	0	37832	
51503	0	37292	
51504	0	37468	
51505	0	35712	
51506	0	33260	
51507	0	31048	
51508	0	29696	
51509	0	28844	
51510	0	28124	
51511	0	27320	
51512	0	27108	
51513	0	27268	
51514	0	26840	
51515	0	27420	
51516	0	28784	
51517	0	31152	
51518	0	33596	
51519	0	35560	
51520	0	37338	
51521	0	39288	
51522	0	39668	
51523	0	39552	
51524	0	39816	
51525	0	38604	
51526	0	37520	
51527	0	36300	
51528	0	35444	
51529	0	34248	
51530	0	32248	
51531	0	30424	
51532	0	29728	
51533	0	30140	
51534	0	30220	
51535	0	30360	
51536	0	31448	
51537	0	33016	
51538	0	35404	
51539	0	37732	
51540	0	40540	
51541	0	42852	
51542	0	43760	
51543	0	43552	
51544	0	43480	
51545	0	40928	
51546	0	38280	
51547	0	36236	
51548	0	35444	
51549	0	35212	
51550	0	34412	
51551	0	33220	
51552	0	32216	
51553	0	31356	
51554	0	29808	
51555	0	29092	
51556	0	29140	
51557	0	31100	
51558	0	34236	
51559	0	36576	
51560	0	38688	
51561	0	40320	
51562	0	40420	
51563	0	39512	
51564	0	39492	
51565	0	37416	
51566	0	34960	
51567	0	32220	
51568	0	29768	
51569	0	28164	
51570	0	26952	
51571	0	25884	
51572	0	25672	
51573	0	25716	
51574	0	24576	
51575	0	24100	
51576	0	25156	
51577	0	27152	
51578	0	29364	
51579	0	31124	
51580	0	33278	
51581	0	35252	
51582	0	35932	
51583	0	35792	
51584	0	36476	
51585	0	35108	
51586	0	33560	
51587	0	32144	
51588	0	30892	
51589	0	30188	
51590	0	29876	
51591	0	29432	
51592	0	29132	
51593	0	28864	
51594	0	28228	
51595	0	28496	
51596	0	29160	
51597	0	31544	
51598	0	34832	
51599	0	37224	
51600	0	39720	
51601	0	41972	
51602	0	42468	
51603	0	42028	
51604	0	42132	
51605	0	40548	
51606	0	38420	
51607	0	36172	
51608	0	34624	
51609	0	34132	
51610	0	34012	
51611	0	33660	
51612	0	33352	
51613	0	32344	
51614	0	30564	
51615	0	29800	
51616	0	30296	
51617	0	32236	
51618	0	34928	
51619	0	36672	
51620	0	38820	
51621	0	40816	
51622	0	41384	
51623	0	41372	
51624	0	41620	
51625	0	39628	
51626	0	36684	
51627	0	33996	
51628	0	31296	
51629	0	29136	
51630	0	27260	
51631	0	25744	
51632	0	24968	
51633	0	24658	
51634	0	23720	
51635	0	23356	
51636	0	23916	
51637	0	25656	
51638	0	28484	
51639	0	30948	
51640	0	33620	
51641	0	35224	
51642	0	35156	
51643	0	34736	
51644	0	34568	
51645	0	32688	
51646	0	31024	
51647	0	29152	
51648	0	27592	
51649	0	26520	
51650	0	25112	
51651	0	23808	
51652	0	23132	
51653	0	23056	
51654	0	22980	
51655	0	23792	
51656	0	25048	
51657	0	27218	
51658	0	29628	
51659	0	31444	
51660	0	33762	
51661	0	35860	
51662	0	37188	
51663	0	37664	
51664	0	38556	
51665	0	36866	
51666	0	34472	
51667	0	31768	
51668	0	29708	
51669	0	28608	
51670	0	27608	
51671	0	27040	
51672	0	26844	
51673	0	27324	
51674	0	27572	
51675	0	28216	
51676	0	29184	
51677	0	31228	
51678	0	33816	
51679	0	35656	
51680	0	38040	
51681	0	40188	
51682	0	41120	
51683	0	41812	
51684	0	42648	
51685	0	41020	
51686	0	39060	
51687	0	36520	
51688	0	34580	
51689	0	33324	
51690	0	32488	
51691	0	32212	
51692	0	32016	
51693	0	31840	
51694	0	31128	
51695	0	31196	
51696	0	32260	
51697	0	34076	
51698	0	36664	
51699	0	38716	
51700	0	41164	
51701	0	43424	
51702	0	43968	
51703	0	43228	
51704	0	42524	
51705	0	39504	
51706	0	36492	
51707	0	33512	
51708	0	31224	
51709	0	29776	
51710	0	28652	
51711	0	27460	
51712	0	26940	
51713	0	26920	
51714	0	26312	
51715	0	26241	
51716	0	27160	
51717	0	29488	
51718	0	32428	
51719	0	34432	
51720	0	36724	
51721	0	38688	
51722	0	39096	
51723	0	38800	
51724	0	39136	
51725	0	37564	
51726	0	34812	
51727	0	32272	
51728	0	30240	
51729	0	28544	
51730	0	26896	
51731	0	26096	
51732	0	26088	
51733	0	26138	
51734	0	25536	
51735	0	25760	
51736	0	26476	
51737	0	28836	
51738	0	32288	
51739	0	35636	
51740	0	38800	
51741	0	41032	
51742	0	41804	
51743	0	41680	
51744	0	41596	
51745	0	39248	
51746	0	36292	
51747	0	33056	
51748	0	31120	
51749	0	30536	
51750	0	29856	
51751	0	29480	
51752	0	30000	
51753	0	30392	
51754	0	29516	
51755	0	29688	
51756	0	30364	
51757	0	32000	
51758	0	34788	
51759	0	37280	
51760	0	39744	
51761	0	41944	
51762	0	42768	
51763	0	43240	
51764	0	43260	
51765	0	40736	
51766	0	38632	
51767	0	36900	
51768	0	35344	
51769	0	33664	
51770	0	32108	
51771	0	30948	
51772	0	30464	
51773	0	30002	
51774	0	28960	
51775	0	28744	
51776	0	29024	
51777	0	30420	
51778	0	32824	
51779	0	34516	
51780	0	36456	
51781	0	37180	
51782	0	36728	
51783	0	35844	
51784	0	35196	
51785	0	32520	
51786	0	29832	
51787	0	27932	
51788	0	26808	
51789	0	25748	
51790	0	24508	
51791	0	23924	
51792	0	23944	
51793	0	23998	
51794	0	23248	
51795	0	23560	
51796	0	24812	
51797	0	26996	
51798	0	29488	
51799	0	31940	
51800	0	35024	
51801	0	37196	
51802	0	38200	
51803	0	39032	
51804	0	39672	
51805	0	38624	
51806	0	36704	
51807	0	34640	
51808	0	32732	
51809	0	31420	
51810	0	30196	
51811	0	29256	
51812	0	28024	
51813	0	27328	
51814	0	26680	
51815	0	27028	
51816	0	27932	
51817	0	29880	
51818	0	32584	
51819	0	35680	
51820	0	38484	
51821	0	39348	
51822	0	38452	
51823	0	37616	
51824	0	36900	
51825	0	35168	
51826	0	33592	
51827	0	32192	
51828	0	30952	
51829	0	29752	
51830	0	28272	
51831	0	27204	
51832	0	26592	
51833	0	25864	
51834	0	24952	
51835	0	25272	
51836	0	26016	
51837	0	27604	
51838	0	29252	
51839	0	31264	
51840	0	33880	
51841	0	35972	
51842	0	36916	
51843	0	37348	
51844	0	36980	
51845	0	35096	
51846	0	33000	
51847	0	30564	
51848	0	29032	
51849	0	28216	
51850	0	27752	
51851	0	27808	
51852	0	28084	
51853	0	27884	
51854	0	26684	
51855	0	25940	
51856	0	25992	
51857	0	28120	
51858	0	30684	
51859	0	31876	
51860	0	32868	
51861	0	31660	
51862	0	27956	
51863	0	23604	
51864	0	20108	
51865	0	16206	
51866	0	14014	
51867	0	13248	
51868	0	14456	
51869	0	17760	
51870	0	21716	
51871	0	25104	
51872	0	27016	
51873	0	27120	
51874	0	25460	
51875	0	24100	
51876	0	22380	
51877	0	21308	
51878	0	21364	
51879	0	22120	
51880	0	24154	
51881	0	25792	
51882	0	26672	
51883	0	27074	
51884	0	26600	
51885	0	24884	
51886	0	23022	
51887	0	20752	
51888	0	18960	
51889	0	18138	
51890	0	17937	
51891	0	17836	
51892	0	18060	
51893	0	17402	
51894	0	16268	
51895	0	16316	
51896	0	17308	
51897	0	19006	
51898	0	20252	
51899	0	21110	
51900	0	22548	
51901	0	23552	
51902	0	24256	
51903	0	24484	
51904	0	23688	
51905	0	21878	
51906	0	19820	
51907	0	17592	
51908	0	15010	
51909	0	13320	
51910	0	12417	
51911	0	11660	
51912	0	11188	
51913	0	10144	
51914	0	8826	
51915	0	8500	
51916	0	9457	
51917	0	11384	
51918	0	13584	
51919	0	14892	
51920	0	16220	
51921	0	16666	
51922	0	16420	
51923	0	16252	
51924	0	15742	
51925	0	13472	
51926	0	10274	
51927	0	7720	
51928	0	6853	
51929	0	6708	
51930	0	5924	
51931	0	5038	
51932	0	4550	
51933	0	4306	
51934	0	3829	
51935	0	4549	
51936	0	6332	
51937	0	9132	
51938	0	11312	
51939	0	12936	
51940	0	14612	
51941	0	16204	
51942	0	17852	
51943	0	18768	
51944	0	18588	
51945	0	17544	
51946	0	16124	
51947	0	14372	
51948	0	12822	
51949	0	11808	
51950	0	11210	
51951	0	10888	
51952	0	10762	
51953	0	11144	
51954	0	11416	
51955	0	11992	
51956	0	13200	
51957	0	14992	
51958	0	16764	
51959	0	18500	
51960	0	20268	
51961	0	21440	
51962	0	21789	
51963	0	21764	
51964	0	21352	
51965	0	20288	
51966	0	19700	
51967	0	19250	
51968	0	19164	
51969	0	19980	
51970	0	20744	
51971	0	21296	
51972	0	21810	
51973	0	21844	
51974	0	21468	
51975	0	20644	
51976	0	19816	
51977	0	20364	
51978	0	21736	
51979	0	23880	
51980	0	26192	
51981	0	27844	
51982	0	29120	
51983	0	30024	
51984	0	30520	
51985	0	30164	
51986	0	29392	
51987	0	28200	
51988	0	26504	
51989	0	24912	
51990	0	24248	
51991	0	24616	
51992	0	25280	
51993	0	25328	
51994	0	25316	
51995	0	25644	
51996	0	26284	
51997	0	27032	
51998	0	27456	
51999	0	27972	
52000	0	30032	
52001	0	32016	
52002	0	33176	
52003	0	34016	
52004	0	33784	
52005	0	32320	
52006	0	31193	
52007	0	30428	
52008	0	29672	
52009	0	29064	
52010	0	28600	
52011	0	28608	
52012	0	28752	
52013	0	28736	
52014	0	28252	
52015	0	28552	
52016	0	29444	
52017	0	30556	
52018	0	31220	
52019	0	31076	
52020	0	31304	
52021	0	31948	
52022	0	32296	
52023	0	32160	
52024	0	31900	
52025	0	31836	
52026	0	31384	
52027	0	29940	
52028	0	28544	
52029	0	27832	
52030	0	27448	
52031	0	26892	
52032	0	26928	
52033	0	26440	
52034	0	25332	
52035	0	25116	
52036	0	25528	
52037	0	27032	
52038	0	28700	
52039	0	30440	
52040	0	31896	
52041	0	32784	
52042	0	32956	
52043	0	33564	
52044	0	33358	
52045	0	31796	
52046	0	29872	
52047	0	28524	
52048	0	27944	
52049	0	27464	
52050	0	27680	
52051	0	27914	
52052	0	28040	
52053	0	27616	
52054	0	26948	
52055	0	26100	
52056	0	26296	
52057	0	27246	
52058	0	28144	
52059	0	29012	
52060	0	29837	
52061	0	30292	
52062	0	30948	
52063	0	31836	
52064	0	31864	
52065	0	30896	
52066	0	29560	
52067	0	27748	
52068	0	26188	
52069	0	25948	
52070	0	25912	
52071	0	26188	
52072	0	26112	
52073	0	26176	
52074	0	26676	
52075	0	27548	
52076	0	28912	
52077	0	30848	
52078	0	32424	
52079	0	33452	
52080	0	34232	
52081	0	34856	
52082	0	35244	
52083	0	35124	
52084	0	34808	
52085	0	34104	
52086	0	33464	
52087	0	32360	
52088	0	31268	
52089	0	31006	
52090	0	30828	
52091	0	30800	
52092	0	31196	
52093	0	31176	
52094	0	30380	
52095	0	30192	
52096	0	30476	
52097	0	31490	
52098	0	32464	
52099	0	33456	
52100	0	34440	
52101	0	35080	
52102	0	35228	
52103	0	35136	
52104	0	34876	
52105	0	34412	
52106	0	33684	
52107	0	33056	
52108	0	32548	
52109	0	32144	
52110	0	31688	
52111	0	31152	
52112	0	30540	
52113	0	29992	
52114	0	29868	
52115	0	29784	
52116	0	30464	
52117	0	31396	
52118	0	32148	
52119	0	32956	
52120	0	33940	
52121	0	34504	
52122	0	34260	
52123	0	34116	
52124	0	33132	
52125	0	31652	
52126	0	30480	
52127	0	29496	
52128	0	29152	
52129	0	28916	
52130	0	28612	
52131	0	28268	
52132	0	28496	
52133	0	28584	
52134	0	28396	
52135	0	29176	
52136	0	30216	
52137	0	31656	
52138	0	32360	
52139	0	32856	
52140	0	33384	
52141	0	34032	
52142	0	34602	
52143	0	35096	
52144	0	34916	
52145	0	34048	
52146	0	32820	
52147	0	31816	
52148	0	31108	
52149	0	31016	
52150	0	30912	
52151	0	30792	
52152	0	30916	
52153	0	31212	
52154	0	31316	
52155	0	31864	
52156	0	32624	
52157	0	33444	
52158	0	33808	
52159	0	34420	
52160	0	35300	
52161	0	36384	
52162	0	37112	
52163	0	37536	
52164	0	37544	
52165	0	37604	
52166	0	37416	
52167	0	36836	
52168	0	36644	
52169	0	36220	
52170	0	35032	
52171	0	34200	
52172	0	34040	
52173	0	33584	
52174	0	33328	
52175	0	33508	
52176	0	33660	
52177	0	34256	
52178	0	35508	
52179	0	36704	
52180	0	37604	
52181	0	38336	
52182	0	39156	
52183	0	40124	
52184	0	40376	
52185	0	39724	
52186	0	39400	
52187	0	39792	
52188	0	39844	
52189	0	39400	
52190	0	38536	
52191	0	38232	
52192	0	38232	
52193	0	38260	
52194	0	37880	
52195	0	37640	
52196	0	38008	
52197	0	38608	
52198	0	39384	
52199	0	39976	
52200	0	40564	
52201	0	41016	
52202	0	41220	
52203	0	41676	
52204	0	41656	
52205	0	41208	
52206	0	40540	
52207	0	40304	
52208	0	40420	
52209	0	40952	
52210	0	41256	
52211	0	41760	
52212	0	41596	
52213	0	40768	
52214	0	40256	
52215	0	40224	
52216	0	40644	
52217	0	41116	
52218	0	42016	
52219	0	43212	
52220	0	44264	
52221	0	44728	
52222	0	45196	
52223	0	45624	
52224	0	45120	
52225	0	44744	
52226	0	44132	
52227	0	43008	
52228	0	42168	
52229	0	41896	
52230	0	41800	
52231	0	42360	
52232	0	42388	
52233	0	41944	
52234	0	41644	
52235	0	41692	
52236	0	41936	
52237	0	42512	
52238	0	43072	
52239	0	43276	
52240	0	43644	
52241	0	44004	
52242	0	44588	
52243	0	45060	
52244	0	44832	
52245	0	43896	
52246	0	42452	
52247	0	40664	
52248	0	39344	
52249	0	38552	
52250	0	37800	
52251	0	37916	
52252	0	38584	
52253	0	39380	
52254	0	39784	
52255	0	40096	
52256	0	40620	
52257	0	40964	
52258	0	41456	
52259	0	42256	
52260	0	43192	
52261	0	43492	
52262	0	43392	
52263	0	43580	
52264	0	43452	
52265	0	42996	
52266	0	42268	
52267	0	41344	
52268	0	40208	
52269	0	39264	
52270	0	38344	
52271	0	37776	
52272	0	37592	
52273	0	37208	
52274	0	36932	
52275	0	36920	
52276	0	37352	
52277	0	38024	
52278	0	39040	
52279	0	40084	
52280	0	41240	
52281	0	42332	
52282	0	43240	
52283	0	43936	
52284	0	43896	
52285	0	43544	
52286	0	42780	
52287	0	42056	
52288	0	41432	
52289	0	41012	
52290	0	40684	
52291	0	40440	
52292	0	40552	
52293	0	40928	
52294	0	41092	
52295	0	41256	
52296	0	41552	
52297	0	42252	
52298	0	43080	
52299	0	43768	
52300	0	43884	
52301	0	43808	
52302	0	43592	
52303	0	43528	
52304	0	43320	
52305	0	42768	
52306	0	41992	
52307	0	41424	
52308	0	41220	
52309	0	41344	
52310	0	41432	
52311	0	41512	
52312	0	41416	
52313	0	40820	
52314	0	40020	
52315	0	39224	
52316	0	39080	
52317	0	39828	
52318	0	40616	
52319	0	41260	
52320	0	42112	
52321	0	42540	
52322	0	42856	
52323	0	43176	
52324	0	43024	
52325	0	42608	
52326	0	42012	
52327	0	41064	
52328	0	40008	
52329	0	38696	
52330	0	37536	
52331	0	36724	
52332	0	36560	
52333	0	36476	
52334	0	35916	
52335	0	35368	
52336	0	34500	
52337	0	33240	
52338	0	32000	
52339	0	31072	
52340	0	31320	
52341	0	32788	
52342	0	34944	
52343	0	36740	
52344	0	37440	
52345	0	37728	
52346	0	37728	
52347	0	37732	
52348	0	37512	
52349	0	37140	
52350	0	36156	
52351	0	34184	
52352	0	32260	
52353	0	30776	
52354	0	29544	
52355	0	28528	
52356	0	28344	
52357	0	28632	
52358	0	28648	
52359	0	28928	
52360	0	29064	
52361	0	28808	
52362	0	28416	
52363	0	28296	
52364	0	27816	
52365	0	27160	
52366	0	26568	
52367	0	25744	
52368	0	25808	
52369	0	26832	
52370	0	27796	
52371	0	28392	
52372	0	28560	
52373	0	28216	
52374	0	27864	
52375	0	27930	
52376	0	28564	
52377	0	29624	
52378	0	30480	
52379	0	31560	
52380	0	32156	
52381	0	32776	
52382	0	33376	
52383	0	33984	
52384	0	33884	
52385	0	33640	
52386	0	33320	
52387	0	32544	
52388	0	31972	
52389	0	31460	
52390	0	31492	
52391	0	32056	
52392	0	32496	
52393	0	32608	
52394	0	32868	
52395	0	33050	
52396	0	33100	
52397	0	33336	
52398	0	33568	
52399	0	34044	
52400	0	34772	
52401	0	35724	
52402	0	36376	
52403	0	36336	
52404	0	36304	
52405	0	35944	
52406	0	35368	
52407	0	34244	
52408	0	33636	
52409	0	33104	
52410	0	32292	
52411	0	32140	
52412	0	32676	
52413	0	33322	
52414	0	33896	
52415	0	34668	
52416	0	34952	
52417	0	35196	
52418	0	35188	
52419	0	35280	
52420	0	35348	
52421	0	35432	
52422	0	35412	
52423	0	35784	
52424	0	36288	
52425	0	36464	
52426	0	36208	
52427	0	35272	
52428	0	34616	
52429	0	34052	
52430	0	33620	
52431	0	33624	
52432	0	33920	
52433	0	33744	
52434	0	33668	
52435	0	33304	
52436	0	32768	
52437	0	32328	
52438	0	32536	
52439	0	33136	
52440	0	33924	
52441	0	34132	
52442	0	34496	
52443	0	34768	
52444	0	34764	
52445	0	34164	
52446	0	33180	
52447	0	32452	
52448	0	32320	
52449	0	32800	
52450	0	33808	
52451	0	34728	
52452	0	35492	
52453	0	35652	
52454	0	36012	
52455	0	36228	
52456	0	36140	
52457	0	36244	
52458	0	36724	
52459	0	37392	
52460	0	38288	
52461	0	38620	
52462	0	38868	
52463	0	39496	
52464	0	39528	
52465	0	39008	
52466	0	38296	
52467	0	37216	
52468	0	36176	
52469	0	35260	
52470	0	34480	
52471	0	33564	
52472	0	32748	
52473	0	32072	
52474	0	31712	
52475	0	32128	
52476	0	32824	
52477	0	33464	
52478	0	34196	
52479	0	34822	
52480	0	35032	
52481	0	35024	
52482	0	35168	
52483	0	35344	
52484	0	35348	
52485	0	34932	
52486	0	34268	
52487	0	33214	
52488	0	32184	
52489	0	31468	
52490	0	31040	
52491	0	31052	
52492	0	31048	
52493	0	30612	
52494	0	29960	
52495	0	30116	
52496	0	30896	
52497	0	32416	
52498	0	34018	
52499	0	35944	
52500	0	37380	
52501	0	37936	
52502	0	37808	
52503	0	37324	
52504	0	37140	
52505	0	37000	
52506	0	36320	
52507	0	35404	
52508	0	35008	
52509	0	34916	
52510	0	35028	
52511	0	35376	
52512	0	35008	
52513	0	34552	
52514	0	34652	
52515	0	34984	
52516	0	35492	
52517	0	36064	
52518	0	36828	
52519	0	37508	
52520	0	37736	
52521	0	37252	
52522	0	36676	
52523	0	36160	
52524	0	35612	
52525	0	35428	
52526	0	35352	
52527	0	35328	
52528	0	35624	
52529	0	36064	
52530	0	36080	
52531	0	35696	
52532	0	35196	
52533	0	34640	
52534	0	34332	
52535	0	34632	
52536	0	35808	
52537	0	36816	
52538	0	37660	
52539	0	38064	
52540	0	37708	
52541	0	36740	
52542	0	35944	
52543	0	35728	
52544	0	35520	
52545	0	35372	
52546	0	34972	
52547	0	35020	
52548	0	35072	
52549	0	35048	
52550	0	35256	
52551	0	35744	
52552	0	36092	
52553	0	35640	
52554	0	35128	
52555	0	34736	
52556	0	34844	
52557	0	35120	
52558	0	35304	
52559	0	35864	
52560	0	36276	
52561	0	36364	
52562	0	36424	
52563	0	36408	
52564	0	36400	
52565	0	36664	
52566	0	36120	
52567	0	35072	
52568	0	33676	
52569	0	32484	
52570	0	31648	
52571	0	31408	
52572	0	31948	
52573	0	32472	
52574	0	33216	
52575	0	34088	
52576	0	34768	
52577	0	35120	
52578	0	35048	
52579	0	35596	
52580	0	36168	
52581	0	36960	
52582	0	37612	
52583	0	38352	
52584	0	38592	
52585	0	38260	
52586	0	37576	
52587	0	36780	
52588	0	36472	
52589	0	36208	
52590	0	35508	
52591	0	34940	
52592	0	34968	
52593	0	34912	
52594	0	34736	
52595	0	34656	
52596	0	34732	
52597	0	35104	
52598	0	35784	
52599	0	36892	
52600	0	38092	
52601	0	39028	
52602	0	39524	
52603	0	39024	
52604	0	37856	
52605	0	37032	
52606	0	36788	
52607	0	36548	
52608	0	36368	
52609	0	36248	
52610	0	36240	
52611	0	36812	
52612	0	37324	
52613	0	37128	
52614	0	36752	
52615	0	36372	
52616	0	36616	
52617	0	37320	
52618	0	38096	
52619	0	38700	
52620	0	39244	
52621	0	39216	
52622	0	38664	
52623	0	38736	
52624	0	39276	
52625	0	39540	
52626	0	39304	
52627	0	38952	
52628	0	38916	
52629	0	38932	
52630	0	38476	
52631	0	38224	
52632	0	37948	
52633	0	37188	
52634	0	36760	
52635	0	36356	
52636	0	36348	
52637	0	37132	
52638	0	37820	
52639	0	38316	
52640	0	39016	
52641	0	39152	
52642	0	39224	
52643	0	39172	
52644	0	38692	
52645	0	37504	
52646	0	36376	
52647	0	35368	
52648	0	34456	
52649	0	34292	
52650	0	34428	
52651	0	34620	
52652	0	35112	
52653	0	35256	
52654	0	35188	
52655	0	35152	
52656	0	35296	
52657	0	35924	
52658	0	36764	
52659	0	37800	
52660	0	39104	
52661	0	40204	
52662	0	40912	
52663	0	41240	
52664	0	40896	
52665	0	40496	
52666	0	39900	
52667	0	38912	
52668	0	38468	
52669	0	38452	
52670	0	38068	
52671	0	37508	
52672	0	37016	
52673	0	36432	
52674	0	35780	
52675	0	36092	
52676	0	36536	
52677	0	36664	
52678	0	36820	
52679	0	37804	
52680	0	39044	
52681	0	39640	
52682	0	39724	
52683	0	39548	
52684	0	38924	
52685	0	38800	
52686	0	38524	
52687	0	37584	
52688	0	36904	
52689	0	36536	
52690	0	36500	
52691	0	36848	
52692	0	37220	
52693	0	37860	
52694	0	39276	
52695	0	41620	
52696	0	44160	
52697	0	46468	
52698	0	47556	
52699	0	47488	
52700	0	45952	
52701	0	43152	
52702	0	40480	
52703	0	38760	
52704	0	37668	
52705	0	37184	
52706	0	36728	
52707	0	36764	
52708	0	37464	
52709	0	38708	
52710	0	40548	
52711	0	42212	
52712	0	43728	
52713	0	44540	
52714	0	45284	
52715	0	46576	
52716	0	48448	
52717	0	49836	
52718	0	49984	
52719	0	49784	
52720	0	49348	
52721	0	48344	
52722	0	48284	
52723	0	48852	
52724	0	49312	
52725	0	49432	
52726	0	48864	
52727	0	47896	
52728	0	46560	
52729	0	45096	
52730	0	43904	
52731	0	43204	
52732	0	42488	
52733	0	42104	
52734	0	42332	
52735	0	43164	
52736	0	44664	
52737	0	45520	
52738	0	45932	
52739	0	46264	
52740	0	45760	
52741	0	44864	
52742	0	44300	
52743	0	44116	
52744	0	43624	
52745	0	42972	
52746	0	42120	
52747	0	41280	
52748	0	40620	
52749	0	40164	
52750	0	39760	
52751	0	39432	
52752	0	39132	
52753	0	38716	
52754	0	38260	
52755	0	38104	
52756	0	38012	
52757	0	38276	
52758	0	38496	
52759	0	38912	
52760	0	39952	
52761	0	40516	
52762	0	40392	
52763	0	39928	
52764	0	39304	
52765	0	38652	
52766	0	38312	
52767	0	37792	
52768	0	37760	
52769	0	37872	
52770	0	37712	
52771	0	37500	
52772	0	37520	
52773	0	37288	
52774	0	37100	
52775	0	37352	
52776	0	37764	
52777	0	38276	
52778	0	38264	
52779	0	38392	
52780	0	38100	
52781	0	38032	
52782	0	37788	
52783	0	37532	
52784	0	37440	
52785	0	37500	
52786	0	37288	
52787	0	36800	
52788	0	36432	
52789	0	35864	
52790	0	35048	
52791	0	34700	
52792	0	34432	
52793	0	34224	
52794	0	34188	
52795	0	34364	
52796	0	34564	
52797	0	34353	
52798	0	34036	
52799	0	34140	
52800	0	34276	
52801	0	34524	
52802	0	34716	
52803	0	34876	
52804	0	34818	
52805	0	34620	
52806	0	34376	
52807	0	34308	
52808	0	34060	
52809	0	33712	
52810	0	33196	
52811	0	32732	
52812	0	32768	
52813	0	32636	
52814	0	32700	
52815	0	32976	
52816	0	33328	
52817	0	33996	
52818	0	34896	
52819	0	35692	
52820	0	35908	
52821	0	35504	
52822	0	35360	
52823	0	35380	
52824	0	35172	
52825	0	34444	
52826	0	33608	
52827	0	32644	
52828	0	31752	
52829	0	31280	
52830	0	30608	
52831	0	30224	
52832	0	30348	
52833	0	30100	
52834	0	29836	
52835	0	29824	
52836	0	30208	
52837	0	30332	
52838	0	30020	
52839	0	30484	
52840	0	31152	
52841	0	31776	
52842	0	32148	
52843	0	32096	
52844	0	31488	
52845	0	30876	
52846	0	30192	
52847	0	29292	
52848	0	28514	
52849	0	28084	
52850	0	28216	
52851	0	28728	
52852	0	28920	
52853	0	28848	
52854	0	29156	
52855	0	29516	
52856	0	29916	
52857	0	30132	
52858	0	29786	
52859	0	29604	
52860	0	29832	
52861	0	30124	
52862	0	30808	
52863	0	32004	
52864	0	32444	
52865	0	32096	
52866	0	31980	
52867	0	31936	
52868	0	31848	
52869	0	32044	
52870	0	31948	
52871	0	32108	
52872	0	31876	
52873	0	31380	
52874	0	30896	
52875	0	30700	
52876	0	31088	
52877	0	31956	
52878	0	32860	
52879	0	33488	
52880	0	33684	
52881	0	33780	
52882	0	34016	
52883	0	33924	
52884	0	33512	
52885	0	33368	
52886	0	33136	
52887	0	33060	
52888	0	33488	
52889	0	33844	
52890	0	34384	
52891	0	34976	
52892	0	35112	
52893	0	34928	
52894	0	34968	
52895	0	34408	
52896	0	33444	
52897	0	33004	
52898	0	33088	
52899	0	33200	
52900	0	33276	
52901	0	33476	
52902	0	33744	
52903	0	33540	
52904	0	33312	
52905	0	32904	
52906	0	32404	
52907	0	31524	
52908	0	30692	
52909	0	30540	
52910	0	30252	
52911	0	29604	
52912	0	28604	
52913	0	27894	
52914	0	27708	
52915	0	27860	
52916	0	28536	
52917	0	29280	
52918	0	30476	
52919	0	31792	
52920	0	32248	
52921	0	31776	
52922	0	31436	
52923	0	30516	
52924	0	29664	
52925	0	28728	
52926	0	27712	
52927	0	27408	
52928	0	28016	
52929	0	29036	
52930	0	29956	
52931	0	31764	
52932	0	33896	
52933	0	35312	
52934	0	35832	
52935	0	35768	
52936	0	35040	
52937	0	32932	
52938	0	29960	
52939	0	27938	
52940	0	26858	
52941	0	27076	
52942	0	28586	
52943	0	30800	
52944	0	33172	
52945	0	34980	
52946	0	35476	
52947	0	35440	
52948	0	34788	
52949	0	33992	
52950	0	33716	
52951	0	34116	
52952	0	34276	
52953	0	34156	
52954	0	33876	
52955	0	34092	
52956	0	34862	
52957	0	36068	
52958	0	36956	
52959	0	37228	
52960	0	36900	
52961	0	37000	
52962	0	37068	
52963	0	36776	
52964	0	36416	
52965	0	36396	
52966	0	36500	
52967	0	36568	
52968	0	36388	
52969	0	36092	
52970	0	35992	
52971	0	36016	
52972	0	36308	
52973	0	36280	
52974	0	36076	
52975	0	36152	
52976	0	36538	
52977	0	37248	
52978	0	37736	
52979	0	38432	
52980	0	38636	
52981	0	38556	
52982	0	38568	
52983	0	38412	
52984	0	37872	
52985	0	37044	
52986	0	36328	
52987	0	36016	
52988	0	35532	
52989	0	34912	
52990	0	34236	
52991	0	33756	
52992	0	33616	
52993	0	33616	
52994	0	34080	
52995	0	34524	
52996	0	34500	
52997	0	34832	
52998	0	35228	
52999	0	35812	
53000	0	36260	
53001	0	36080	
53002	0	35776	
53003	0	35440	
53004	0	35540	
53005	0	35492	
53006	0	35660	
53007	0	36052	
53008	0	36112	
53009	0	36504	
53010	0	36656	
53011	0	36264	
53012	0	35392	
53013	0	34828	
53014	0	34428	
53015	0	34652	
53016	0	35064	
53017	0	35712	
53018	0	36656	
53019	0	37200	
53020	0	37672	
53021	0	37756	
53022	0	37384	
53023	0	36684	
53024	0	35776	
53025	0	34984	
53026	0	34480	
53027	0	33944	
53028	0	33640	
53029	0	33408	
53030	0	33492	
53031	0	34228	
53032	0	34472	
53033	0	34112	
53034	0	33780	
53035	0	33284	
53036	0	33056	
53037	0	32828	
53038	0	32848	
53039	0	33640	
53040	0	35120	
53041	0	35960	
53042	0	36340	
53043	0	36168	
53044	0	35752	
53045	0	35072	
53046	0	34608	
53047	0	34616	
53048	0	34320	
53049	0	33736	
53050	0	32832	
53051	0	32600	
53052	0	32292	
53053	0	31648	
53054	0	31456	
53055	0	31748	
53056	0	32072	
53057	0	31816	
53058	0	31056	
53059	0	30872	
53060	0	31116	
53061	0	31132	
53062	0	31168	
53063	0	31156	
53064	0	31096	
53065	0	31016	
53066	0	31196	
53067	0	31440	
53068	0	31552	
53069	0	31840	
53070	0	31804	
53071	0	31856	
53072	0	32276	
53073	0	32080	
53074	0	31896	
53075	0	32108	
53076	0	32688	
53077	0	33140	
53078	0	33732	
53079	0	34316	
53080	0	34620	
53081	0	34776	
53082	0	34916	
53083	0	34744	
53084	0	34540	
53085	0	33600	
53086	0	32552	
53087	0	32280	
53088	0	31812	
53089	0	31784	
53090	0	31464	
53091	0	31120	
53092	0	30972	
53093	0	30900	
53094	0	30680	
53095	0	30104	
53096	0	29588	
53097	0	29392	
53098	0	29344	
53099	0	29824	
53100	0	30516	
53101	0	30936	
53102	0	31448	
53103	0	32208	
53104	0	32488	
53105	0	31596	
53106	0	30504	
53107	0	29632	
53108	0	29316	
53109	0	29204	
53110	0	29080	
53111	0	28580	
53112	0	28632	
53113	0	28864	
53114	0	29052	
53115	0	29248	
53116	0	29864	
53117	0	30504	
53118	0	30553	
53119	0	30932	
53120	0	31492	
53121	0	32424	
53122	0	33532	
53123	0	34032	
53124	0	34304	
53125	0	34108	
53126	0	33616	
53127	0	33284	
53128	0	32964	
53129	0	32408	
53130	0	31488	
53131	0	30724	
53132	0	29264	
53133	0	27604	
53134	0	26112	
53135	0	24696	
53136	0	24640	
53137	0	26194	
53138	0	28324	
53139	0	31338	
53140	0	34060	
53141	0	35680	
53142	0	36320	
53143	0	35584	
53144	0	34208	
53145	0	33242	
53146	0	32048	
53147	0	30744	
53148	0	29660	
53149	0	28708	
53150	0	27564	
53151	0	25968	
53152	0	23944	
53153	0	22256	
53154	0	21928	
53155	0	22756	
53156	0	23540	
53157	0	23896	
53158	0	23400	
53159	0	22720	
53160	0	21812	
53161	0	21448	
53162	0	20272	
53163	0	19584	
53164	0	19260	
53165	0	18816	
53166	0	18016	
53167	0	17484	
53168	0	16848	
53169	0	16078	
53170	0	14824	
53171	0	14326	
53172	0	14346	
53173	0	14762	
53174	0	15109	
53175	0	15780	
53176	0	16728	
53177	0	17484	
53178	0	17364	
53179	0	17080	
53180	0	17288	
53181	0	17604	
53182	0	18056	
53183	0	18052	
53184	0	17744	
53185	0	17036	
53186	0	16584	
53187	0	16556	
53188	0	17416	
53189	0	18688	
53190	0	20416	
53191	0	21576	
53192	0	21900	
53193	0	21656	
53194	0	21312	
53195	0	21288	
53196	0	21960	
53197	0	23092	
53198	0	23756	
53199	0	24406	
53200	0	25024	
53201	0	24904	
53202	0	24784	
53203	0	25152	
53204	0	25380	
53205	0	25480	
53206	0	24920	
53207	0	23812	
53208	0	22600	
53209	0	21946	
53210	0	22298	
53211	0	23058	
53212	0	24036	
53213	0	24376	
53214	0	24652	
53215	0	25390	
53216	0	26352	
53217	0	27140	
53218	0	27640	
53219	0	27948	
53220	0	28072	
53221	0	28144	
53222	0	28516	
53223	0	28788	
53224	0	28272	
53225	0	27960	
53226	0	27508	
53227	0	27304	
53228	0	27088	
53229	0	26492	
53230	0	26036	
53231	0	26096	
53232	0	25818	
53233	0	25900	
53234	0	26188	
53235	0	26476	
53236	0	27040	
53237	0	27768	
53238	0	28352	
53239	0	29104	
53240	0	29576	
53241	0	29904	
53242	0	30112	
53243	0	29940	
53244	0	28714	
53245	0	27536	
53246	0	26564	
53247	0	25996	
53248	0	25740	
53249	0	25484	
53250	0	24832	
53251	0	24452	
53252	0	24548	
53253	0	24852	
53254	0	24956	
53255	0	25136	
53256	0	25384	
53257	0	25768	
53258	0	25932	
53259	0	26152	
53260	0	26412	
53261	0	26824	
53262	0	27416	
53263	0	27628	
53264	0	27696	
53265	0	27660	
53266	0	27322	
53267	0	26980	
53268	0	26884	
53269	0	27048	
53270	0	27272	
53271	0	27501	
53272	0	27812	
53273	0	28056	
53274	0	28276	
53275	0	28112	
53276	0	28264	
53277	0	28652	
53278	0	29252	
53279	0	29856	
53280	0	30096	
53281	0	30180	
53282	0	30388	
53283	0	30776	
53284	0	30984	
53285	0	31212	
53286	0	31132	
53287	0	30948	
53288	0	30392	
53289	0	30324	
53290	0	30116	
53291	0	29634	
53292	0	29240	
53293	0	29396	
53294	0	29864	
53295	0	30520	
53296	0	31416	
53297	0	32288	
53298	0	32960	
53299	0	33608	
53300	0	33772	
53301	0	33536	
53302	0	33168	
53303	0	32560	
53304	0	32208	
53305	0	32076	
53306	0	32016	
53307	0	31492	
53308	0	31068	
53309	0	30928	
53310	0	30652	
53311	0	30576	
53312	0	30512	
53313	0	30456	
53314	0	30588	
53315	0	30860	
53316	0	31296	
53317	0	31960	
53318	0	32792	
53319	0	32660	
53320	0	32528	
53321	0	32792	
53322	0	33640	
53323	0	34104	
53324	0	34624	
53325	0	34720	
53326	0	34368	
53327	0	33628	
53328	0	33432	
53329	0	33528	
53330	0	33400	
53331	0	33408	
53332	0	32976	
53333	0	32660	
53334	0	32312	
53335	0	31764	
53336	0	31384	
53337	0	31684	
53338	0	32176	
53339	0	32780	
53340	0	33184	
53341	0	32916	
53342	0	32328	
53343	0	31808	
53344	0	31580	
53345	0	31238	
53346	0	30572	
53347	0	30520	
53348	0	30536	
53349	0	30188	
53350	0	29784	
53351	0	30160	
53352	0	30552	
53353	0	30904	
53354	0	30722	
53355	0	30064	
53356	0	29904	
53357	0	29940	
53358	0	30256	
53359	0	31004	
53360	0	31788	
53361	0	32488	
53362	0	32792	
53363	0	32784	
53364	0	32848	
53365	0	32756	
53366	0	32400	
53367	0	31594	
53368	0	31600	
53369	0	31912	
53370	0	31772	
53371	0	32000	
53372	0	32676	
53373	0	33336	
53374	0	33692	
53375	0	33952	
53376	0	34344	
53377	0	34412	
53378	0	34696	
53379	0	35400	
53380	0	36112	
53381	0	36836	
53382	0	36952	
53383	0	36280	
53384	0	34964	
53385	0	33512	
53386	0	32752	
53387	0	32420	
53388	0	32436	
53389	0	32720	
53390	0	32840	
53391	0	33104	
53392	0	32692	
53393	0	32160	
53394	0	31852	
53395	0	31824	
53396	0	32408	
53397	0	33044	
53398	0	33332	
53399	0	33844	
53400	0	34280	
53401	0	34264	
53402	0	34040	
53403	0	33626	
53404	0	33252	
53405	0	33034	
53406	0	33036	
53407	0	33072	
53408	0	32908	
53409	0	32280	
53410	0	31688	
53411	0	31492	
53412	0	31928	
53413	0	32300	
53414	0	31956	
53415	0	31716	
53416	0	31316	
53417	0	30744	
53418	0	30660	
53419	0	30744	
53420	0	30952	
53421	0	31264	
53422	0	31644	
53423	0	31416	
53424	0	31348	
53425	0	31160	
53426	0	30616	
53427	0	30200	
53428	0	29884	
53429	0	29592	
53430	0	29232	
53431	0	28700	
53432	0	28564	
53433	0	29132	
53434	0	29780	
53435	0	30464	
53436	0	31504	
53437	0	32504	
53438	0	33468	
53439	0	34688	
53440	0	35604	
53441	0	35868	
53442	0	35632	
53443	0	35112	
53444	0	34584	
53445	0	33882	
53446	0	33008	
53447	0	32260	
53448	0	32016	
53449	0	31460	
53450	0	31144	
53451	0	31276	
53452	0	31636	
53453	0	31776	
53454	0	31584	
53455	0	31448	
53456	0	31265	
53457	0	30852	
53458	0	30442	
53459	0	30548	
53460	0	30768	
53461	0	31416	
53462	0	31984	
53463	0	32540	
53464	0	33044	
53465	0	33168	
53466	0	32756	
53467	0	32300	
53468	0	31900	
53469	0	31612	
53470	0	31772	
53471	0	31620	
53472	0	31632	
53473	0	31538	
53474	0	31952	
53475	0	32552	
53476	0	32944	
53477	0	33464	
53478	0	33852	
53479	0	34096	
53480	0	34572	
53481	0	35060	
53482	0	35296	
53483	0	34968	
53484	0	34616	
53485	0	34048	
53486	0	33684	
53487	0	34340	
53488	0	35084	
53489	0	35736	
53490	0	35800	
53491	0	35864	
53492	0	36076	
53493	0	36260	
53494	0	36252	
53495	0	36160	
53496	0	36412	
53497	0	36668	
53498	0	37040	
53499	0	37584	
53500	0	37832	
53501	0	37968	
53502	0	37968	
53503	0	37624	
53504	0	37480	
53505	0	37540	
53506	0	37216	
53507	0	36596	
53508	0	36408	
53509	0	36184	
53510	0	36064	
53511	0	35992	
53512	0	35632	
53513	0	35372	
53514	0	35484	
53515	0	35784	
53516	0	36132	
53517	0	36340	
53518	0	36684	
53519	0	37008	
53520	0	36872	
53521	0	36664	
53522	0	36740	
53523	0	36860	
53524	0	37032	
53525	0	36656	
53526	0	36472	
53527	0	36472	
53528	0	36460	
53529	0	36284	
53530	0	36208	
53531	0	36312	
53532	0	36732	
53533	0	37204	
53534	0	37512	
53535	0	37828	
53536	0	37824	
53537	0	37736	
53538	0	37812	
53539	0	38072	
53540	0	37840	
53541	0	37516	
53542	0	37148	
53543	0	37056	
53544	0	37056	
53545	0	37064	
53546	0	36848	
53547	0	36744	
53548	0	36532	
53549	0	36272	
53550	0	36400	
53551	0	36496	
53552	0	36376	
53553	0	36216	
53554	0	36456	
53555	0	36520	
53556	0	36264	
53557	0	36436	
53558	0	36816	
53559	0	37120	
53560	0	37600	
53561	0	38632	
53562	0	39772	
53563	0	39872	
53564	0	39120	
53565	0	38036	
53566	0	36856	
53567	0	35888	
53568	0	35156	
53569	0	34444	
53570	0	33932	
53571	0	33864	
53572	0	33888	
53573	0	33548	
53574	0	33104	
53575	0	33072	
53576	0	33432	
53577	0	33700	
53578	0	34068	
53579	0	34360	
53580	0	34440	
53581	0	34452	
53582	0	34796	
53583	0	35080	
53584	0	35480	
53585	0	36532	
53586	0	36992	
53587	0	36708	
53588	0	36300	
53589	0	36068	
53590	0	35868	
53591	0	35472	
53592	0	35468	
53593	0	35596	
53594	0	36204	
53595	0	37064	
53596	0	37920	
53597	0	38124	
53598	0	38088	
53599	0	38072	
53600	0	37604	
53601	0	36724	
53602	0	36192	
53603	0	35664	
53604	0	34764	
53605	0	34168	
53606	0	33384	
53607	0	33052	
53608	0	32440	
53609	0	31712	
53610	0	31024	
53611	0	30849	
53612	0	30608	
53613	0	30612	
53614	0	31276	
53615	0	31660	
53616	0	31816	
53617	0	31880	
53618	0	32168	
53619	0	32412	
53620	0	32164	
53621	0	32000	
53622	0	31984	
53623	0	31560	
53624	0	31036	
53625	0	30884	
53626	0	31000	
53627	0	31332	
53628	0	31772	
53629	0	32584	
53630	0	33312	
53631	0	34048	
53632	0	34340	
53633	0	34316	
53634	0	34496	
53635	0	34484	
53636	0	34728	
53637	0	35584	
53638	0	36588	
53639	0	37128	
53640	0	37664	
53641	0	38112	
53642	0	38508	
53643	0	37888	
53644	0	37140	
53645	0	36440	
53646	0	35628	
53647	0	34956	
53648	0	34336	
53649	0	33944	
53650	0	33932	
53651	0	33884	
53652	0	33532	
53653	0	33064	
53654	0	32884	
53655	0	32932	
53656	0	33100	
53657	0	33248	
53658	0	33920	
53659	0	34324	
53660	0	34484	
53661	0	34356	
53662	0	34092	
53663	0	34012	
53664	0	33668	
53665	0	33212	
53666	0	32876	
53667	0	32536	
53668	0	32104	
53669	0	31308	
53670	0	30700	
53671	0	30956	
53672	0	31616	
53673	0	32056	
53674	0	32528	
53675	0	33050	
53676	0	33956	
53677	0	34476	
53678	0	35040	
53679	0	35672	
53680	0	36200	
53681	0	36496	
53682	0	36944	
53683	0	36900	
53684	0	36984	
53685	0	36936	
53686	0	37004	
53687	0	36360	
53688	0	35512	
53689	0	34292	
53690	0	33944	
53691	0	33816	
53692	0	33508	
53693	0	33888	
53694	0	34240	
53695	0	35102	
53696	0	36100	
53697	0	36568	
53698	0	36172	
53699	0	35688	
53700	0	35540	
53701	0	35568	
53702	0	35620	
53703	0	36076	
53704	0	36276	
53705	0	36028	
53706	0	35580	
53707	0	35240	
53708	0	35016	
53709	0	35032	
53710	0	35264	
53711	0	35508	
53712	0	35576	
53713	0	35664	
53714	0	36184	
53715	0	36412	
53716	0	36496	
53717	0	36980	
53718	0	37516	
53719	0	37944	
53720	0	38208	
53721	0	38560	
53722	0	38388	
53723	0	37818	
53724	0	37500	
53725	0	37288	
53726	0	37032	
53727	0	36424	
53728	0	35844	
53729	0	35572	
53730	0	35700	
53731	0	36016	
53732	0	36364	
53733	0	36832	
53734	0	37520	
53735	0	37736	
53736	0	37632	
53737	0	36952	
53738	0	36436	
53739	0	36296	
53740	0	36064	
53741	0	36064	
53742	0	36696	
53743	0	37196	
53744	0	37664	
53745	0	37920	
53746	0	37724	
53747	0	37156	
53748	0	36972	
53749	0	36560	
53750	0	36192	
53751	0	36092	
53752	0	35856	
53753	0	36024	
53754	0	36116	
53755	0	36492	
53756	0	36764	
53757	0	36872	
53758	0	36964	
53759	0	36936	
53760	0	36488	
53761	0	35956	
53762	0	35676	
53763	0	35044	
53764	0	34608	
53765	0	33912	
53766	0	33792	
53767	0	34028	
53768	0	34332	
53769	0	34492	
53770	0	34624	
53771	0	34604	
53772	0	33812	
53773	0	33000	
53774	0	32416	
53775	0	32172	
53776	0	32016	
53777	0	32124	
53778	0	32996	
53779	0	33680	
53780	0	34544	
53781	0	35396	
53782	0	36176	
53783	0	36240	
53784	0	36056	
53785	0	35560	
53786	0	34640	
53787	0	34024	
53788	0	33868	
53789	0	34212	
53790	0	34176	
53791	0	34308	
53792	0	34708	
53793	0	35028	
53794	0	34948	
53795	0	34932	
53796	0	35256	
53797	0	35884	
53798	0	36412	
53799	0	36720	
53800	0	36696	
53801	0	36144	
53802	0	35824	
53803	0	36016	
53804	0	36216	
53805	0	36108	
53806	0	35888	
53807	0	35640	
53808	0	35188	
53809	0	35008	
53810	0	34812	
53811	0	35128	
53812	0	35136	
53813	0	34710	
53814	0	34272	
53815	0	34008	
53816	0	34048	
53817	0	34296	
53818	0	34564	
53819	0	35016	
53820	0	35488	
53821	0	35580	
53822	0	35620	
53823	0	35456	
53824	0	35020	
53825	0	34536	
53826	0	34344	
53827	0	34396	
53828	0	34640	
53829	0	34740	
53830	0	35156	
53831	0	35472	
53832	0	35768	
53833	0	35672	
53834	0	35208	
53835	0	34796	
53836	0	34604	
53837	0	34308	
53838	0	33956	
53839	0	33492	
53840	0	33380	
53841	0	33336	
53842	0	33420	
53843	0	33340	
53844	0	33624	
53845	0	33876	
53846	0	33896	
53847	0	33844	
53848	0	33736	
53849	0	34088	
53850	0	34721	
53851	0	34692	
53852	0	34412	
53853	0	34272	
53854	0	34140	
53855	0	34312	
53856	0	34716	
53857	0	35240	
53858	0	35964	
53859	0	36348	
53860	0	35992	
53861	0	35948	
53862	0	35672	
53863	0	35088	
53864	0	34156	
53865	0	33420	
53866	0	33140	
53867	0	33216	
53868	0	33620	
53869	0	33972	
53870	0	34324	
53871	0	34164	
53872	0	33844	
53873	0	33620	
53874	0	33236	
53875	0	32940	
53876	0	32876	
53877	0	32944	
53878	0	33214	
53879	0	33464	
53880	0	34068	
53881	0	34452	
53882	0	35072	
53883	0	35368	
53884	0	35240	
53885	0	34892	
53886	0	34232	
53887	0	34040	
53888	0	34072	
53889	0	34088	
53890	0	33504	
53891	0	32840	
53892	0	32442	
53893	0	32172	
53894	0	32076	
53895	0	32446	
53896	0	33152	
53897	0	33348	
53898	0	33184	
53899	0	33100	
53900	0	33276	
53901	0	33488	
53902	0	33732	
53903	0	33724	
53904	0	33568	
53905	0	33328	
53906	0	33064	
53907	0	32504	
53908	0	32124	
53909	0	31584	
53910	0	31300	
53911	0	31418	
53912	0	31440	
53913	0	31500	
53914	0	31744	
53915	0	32256	
53916	0	32660	
53917	0	32696	
53918	0	32824	
53919	0	33240	
53920	0	33500	
53921	0	33780	
53922	0	33752	
53923	0	33604	
53924	0	33652	
53925	0	33624	
53926	0	33604	
53927	0	33460	
53928	0	33360	
53929	0	33056	
53930	0	33056	
53931	0	33244	
53932	0	33684	
53933	0	34316	
53934	0	34782	
53935	0	35324	
53936	0	36020	
53937	0	36044	
53938	0	35676	
53939	0	35440	
53940	0	35048	
53941	0	34900	
53942	0	35064	
53943	0	35104	
53944	0	35256	
53945	0	34700	
53946	0	33944	
53947	0	33008	
53948	0	32080	
53949	0	31340	
53950	0	30872	
53951	0	30824	
53952	0	30664	
53953	0	31088	
53954	0	31432	
53955	0	31364	
53956	0	31252	
53957	0	31400	
53958	0	31916	
53959	0	32540	
53960	0	33188	
53961	0	33768	
53962	0	33768	
53963	0	33140	
53964	0	32496	
53965	0	31676	
53966	0	31212	
53967	0	31116	
53968	0	31320	
53969	0	31580	
53970	0	32036	
53971	0	32536	
53972	0	32320	
53973	0	32260	
53974	0	33040	
53975	0	33964	
53976	0	34516	
53977	0	34688	
53978	0	35092	
53979	0	35296	
53980	0	35092	
53981	0	34452	
53982	0	34124	
53983	0	34252	
53984	0	34048	
53985	0	33228	
53986	0	32200	
53987	0	31700	
53988	0	31256	
53989	0	31476	
53990	0	31768	
53991	0	31492	
53992	0	31408	
53993	0	31660	
53994	0	32304	
53995	0	32840	
53996	0	33160	
53997	0	33260	
53998	0	33624	
53999	0	33820	
54000	0	33936	
54001	0	33920	
54002	0	33420	
54003	0	32504	
54004	0	31728	
54005	0	31128	
54006	0	30824	
54007	0	30616	
54008	0	30476	
54009	0	30460	
54010	0	30528	
54011	0	30356	
54012	0	29956	
54013	0	29880	
54014	0	30056	
54015	0	30188	
54016	0	30488	
54017	0	30532	
54018	0	31032	
54019	0	31632	
54020	0	32192	
54021	0	32740	
54022	0	32896	
54023	0	32680	
54024	0	31648	
54025	0	30816	
54026	0	30432	
54027	0	30232	
54028	0	30056	
54029	0	30068	
54030	0	30536	
54031	0	31032	
54032	0	31464	
54033	0	31206	
54034	0	30980	
54035	0	31496	
54036	0	32016	
54037	0	32548	
54038	0	32816	
54039	0	32544	
54040	0	31544	
54041	0	30968	
54042	0	30848	
54043	0	31188	
54044	0	32160	
54045	0	32748	
54046	0	32904	
54047	0	32876	
54048	0	32904	
54049	0	33216	
54050	0	33416	
54051	0	33352	
54052	0	33320	
54053	0	33608	
54054	0	33936	
54055	0	34936	
54056	0	35872	
54057	0	36652	
54058	0	37324	
54059	0	37676	
54060	0	37904	
54061	0	37536	
54062	0	36988	
54063	0	36628	
54064	0	36040	
54065	0	34960	
54066	0	34304	
54067	0	33994	
54068	0	33976	
54069	0	34232	
54070	0	34724	
54071	0	34116	
54072	0	33056	
54073	0	32600	
54074	0	33084	
54075	0	34152	
54076	0	35048	
54077	0	35780	
54078	0	36664	
54079	0	36896	
54080	0	36704	
54081	0	36288	
54082	0	35328	
54083	0	34268	
54084	0	33724	
54085	0	33236	
54086	0	32496	
54087	0	32028	
54088	0	32212	
54089	0	32760	
54090	0	33800	
54091	0	35208	
54092	0	36048	
54093	0	36716	
54094	0	37316	
54095	0	37328	
54096	0	36108	
54097	0	34776	
54098	0	34384	
54099	0	34768	
54100	0	35432	
54101	0	36524	
54102	0	37984	
54103	0	39808	
54104	0	41524	
54105	0	42464	
54106	0	43944	
54107	0	45016	
54108	0	45024	
54109	0	44156	
54110	0	43296	
54111	0	42644	
54112	0	42228	
54113	0	42344	
54114	0	42808	
54115	0	43700	
54116	0	44904	
54117	0	46096	
54118	0	47104	
54119	0	47272	
54120	0	46928	
54121	0	46560	
54122	0	46188	
54123	0	46396	
54124	0	46716	
54125	0	47420	
54126	0	48076	
54127	0	48012	
54128	0	47704	
54129	0	47276	
54130	0	46316	
54131	0	45552	
54132	0	45068	
54133	0	44964	
54134	0	44504	
54135	0	44140	
54136	0	44496	
54137	0	44540	
54138	0	44520	
54139	0	44696	
54140	0	44352	
54141	0	43840	
54142	0	42644	
54143	0	41332	
54144	0	40248	
54145	0	39600	
54146	0	39016	
54147	0	38116	
54148	0	37056	
54149	0	35804	
54150	0	34788	
54151	0	34280	
54152	0	34724	
54153	0	35820	
54154	0	36572	
54155	0	36608	
54156	0	36356	
54157	0	36012	
54158	0	35776	
54159	0	35740	
54160	0	35568	
54161	0	34788	
54162	0	34160	
54163	0	33336	
54164	0	31928	
54165	0	30252	
54166	0	29044	
54167	0	28234	
54168	0	27728	
54169	0	27224	
54170	0	27316	
54171	0	27700	
54172	0	27880	
54173	0	28432	
54174	0	29024	
54175	0	29268	
54176	0	29128	
54177	0	29236	
54178	0	29456	
54179	0	29052	
54180	0	27948	
54181	0	27028	
54182	0	26424	
54183	0	26344	
54184	0	26212	
54185	0	25840	
54186	0	25484	
54187	0	26288	
54188	0	27448	
54189	0	28692	
54190	0	29260	
54191	0	28684	
54192	0	27524	
54193	0	26504	
54194	0	26376	
54195	0	26540	
54196	0	26384	
54197	0	26104	
54198	0	26018	
54199	0	25976	
54200	0	25096	
54201	0	23820	
54202	0	23696	
54203	0	24412	
54204	0	25188	
54205	0	25524	
54206	0	26596	
54207	0	28068	
54208	0	29624	
54209	0	30124	
54210	0	29468	
54211	0	29052	
54212	0	29324	
54213	0	29440	
54214	0	29628	
54215	0	30476	
54216	0	31940	
54217	0	33436	
54218	0	34488	
54219	0	35184	
54220	0	36092	
54221	0	36872	
54222	0	37856	
54223	0	38032	
54224	0	37912	
54225	0	38108	
54226	0	38544	
54227	0	38676	
54228	0	38628	
54229	0	39076	
54230	0	39892	
54231	0	41032	
54232	0	41940	
54233	0	42928	
54234	0	42952	
54235	0	42712	
54236	0	42564	
54237	0	42568	
54238	0	43232	
54239	0	44132	
54240	0	44760	
54241	0	45816	
54242	0	47028	
54243	0	47624	
54244	0	48392	
54245	0	49136	
54246	0	49736	
54247	0	50232	
54248	0	50340	
54249	0	50052	
54250	0	50480	
54251	0	51080	
54252	0	51556	
54253	0	51900	
54254	0	52752	
54255	0	53600	
54256	0	54432	
54257	0	55112	
54258	0	55428	
54259	0	55216	
54260	0	53976	
54261	0	52152	
54262	0	50308	
54263	0	48392	
54264	0	46480	
54265	0	44764	
54266	0	43452	
54267	0	43052	
54268	0	43144	
54269	0	42888	
54270	0	42672	
54271	0	42044	
54272	0	41210	
54273	0	40444	
54274	0	39672	
54275	0	39552	
54276	0	39940	
54277	0	40552	
54278	0	41264	
54279	0	41372	
54280	0	41608	
54281	0	41820	
54282	0	41620	
54283	0	41060	
54284	0	40380	
54285	0	39936	
54286	0	39868	
54287	0	39476	
54288	0	39060	
54289	0	39216	
54290	0	39244	
54291	0	39034	
54292	0	38796	
54293	0	38616	
54294	0	38540	
54295	0	38832	
54296	0	38752	
54297	0	38992	
54298	0	39184	
54299	0	38788	
