# OpenSignals Text File Format. Version 1
# {"00:07:80:4D:33:A1": {"position": 0, "device": "biosignalsplux", "device name": "00:07:80:4D:33:A1", "device connection": "BTH00:07:80:4D:33:A1", "sampling rate": 1000, "resolution": [16], "firmware version": 775, "comments": "", "keywords": "", "mode": 0, "sync interval": 2, "date": "2026-6-2", "time": "13:4:43.592", "channels": [1], "sensor": ["EEG"], "label": ["CH1"], "column": ["nSeq", "DI", "CH1"], "special": [{"SpO2": [80, 40, 5, 4, 3, 3]}, {"SpO2": [80, 40, 5, 4, 3, 3]}, {"SpO2": [80, 40, 5, 4, 3, 3]}, {"SpO2": [80, 40, 5, 4, 3, 3]}, {"SpO2": [80, 40, 5, 4, 3, 3]}, {"SpO2": [80, 40, 5, 4, 3, 3]}, {"SpO2": [80, 40, 5, 4, 3, 3]}, {"SpO2": [80, 40, 5, 4, 3, 3]}], "digital IO": [0, 1], "sleeve color": ["green"]}}
# EndOfHeader
0	0	34512	
1	0	34540	
2	0	32176	
3	0	29676	
4	0	27858	
5	0	27476	
6	0	28676	
7	0	31112	
8	0	33296	
9	0	33228	
10	0	32120	
11	0	31112	
12	0	30156	
13	0	29624	
14	0	29576	
15	0	29940	
16	0	31226	
17	0	32202	
18	0	32900	
19	0	33120	
20	0	32100	
21	0	29940	
22	0	27448	
23	0	26612	
24	0	26668	
25	0	28232	
26	0	31006	
27	0	33368	
28	0	34792	
29	0	33920	
30	0	32148	
31	0	31184	
32	0	31440	
33	0	32288	
34	0	31936	
35	0	30620	
36	0	28912	
37	0	28792	
38	0	30316	
39	0	32168	
40	0	33140	
41	0	33328	
42	0	32504	
43	0	32032	
44	0	32508	
45	0	33032	
46	0	32780	
47	0	31228	
48	0	29044	
49	0	26820	
50	0	25742	
51	0	26016	
52	0	27560	
53	0	30064	
54	0	31584	
55	0	31328	
56	0	30364	
57	0	30792	
58	0	32632	
59	0	34416	
60	0	35772	
61	0	36424	
62	0	37380	
63	0	38796	
64	0	39952	
65	0	40628	
66	0	41600	
67	0	41328	
68	0	40032	
69	0	38672	
70	0	37500	
71	0	35796	
72	0	34160	
73	0	33560	
74	0	32626	
75	0	31560	
76	0	30288	
77	0	28434	
78	0	27240	
79	0	26908	
80	0	26956	
81	0	27076	
82	0	28380	
83	0	31312	
84	0	33644	
85	0	35276	
86	0	36628	
87	0	36656	
88	0	35108	
89	0	34288	
90	0	34612	
91	0	36020	
92	0	37260	
93	0	37632	
94	0	37692	
95	0	37284	
96	0	36844	
97	0	36456	
98	0	36320	
99	0	34892	
100	0	32160	
101	0	29584	
102	0	27336	
103	0	25824	
104	0	24568	
105	0	23840	
106	0	23952	
107	0	26218	
108	0	29088	
109	0	32684	
110	0	35596	
111	0	37556	
112	0	38364	
113	0	38012	
114	0	38404	
115	0	39876	
116	0	41252	
117	0	41456	
118	0	39680	
119	0	37376	
120	0	35224	
121	0	32892	
122	0	30788	
123	0	30252	
124	0	31216	
125	0	32248	
126	0	32600	
127	0	32308	
128	0	31364	
129	0	29592	
130	0	27628	
131	0	26300	
132	0	25870	
133	0	24052	
134	0	21668	
135	0	19532	
136	0	18076	
137	0	17984	
138	0	19152	
139	0	21208	
140	0	23976	
141	0	27340	
142	0	30568	
143	0	33384	
144	0	35948	
145	0	37400	
146	0	38548	
147	0	39684	
148	0	40184	
149	0	39336	
150	0	39076	
151	0	39632	
152	0	39384	
153	0	38016	
154	0	36804	
155	0	35268	
156	0	34752	
157	0	35532	
158	0	36400	
159	0	36552	
160	0	35780	
161	0	34432	
162	0	32572	
163	0	31208	
164	0	30320	
165	0	29444	
166	0	28296	
167	0	27008	
168	0	26332	
169	0	26120	
170	0	25940	
171	0	26468	
172	0	28024	
173	0	30280	
174	0	31656	
175	0	31700	
176	0	31916	
177	0	31860	
178	0	31864	
179	0	32728	
180	0	36092	
181	0	39312	
182	0	39956	
183	0	38792	
184	0	36392	
185	0	33424	
186	0	30580	
187	0	28756	
188	0	27720	
189	0	27632	
190	0	29154	
191	0	31616	
192	0	33808	
193	0	35160	
194	0	36028	
195	0	35348	
196	0	34112	
197	0	33044	
198	0	31732	
199	0	30628	
200	0	30380	
201	0	31232	
202	0	31868	
203	0	31840	
204	0	31416	
205	0	31136	
206	0	30560	
207	0	30488	
208	0	31260	
209	0	32008	
210	0	32292	
211	0	31332	
212	0	29872	
213	0	29036	
214	0	29380	
215	0	30280	
216	0	30880	
217	0	31376	
218	0	32032	
219	0	32876	
220	0	33984	
221	0	34644	
222	0	33844	
223	0	32676	
224	0	31232	
225	0	29872	
226	0	29016	
227	0	28776	
228	0	28704	
229	0	28744	
230	0	30292	
231	0	33312	
232	0	37440	
233	0	40924	
234	0	42196	
235	0	41536	
236	0	39088	
237	0	35980	
238	0	32704	
239	0	29792	
240	0	28328	
241	0	27464	
242	0	27160	
243	0	26728	
244	0	26372	
245	0	26536	
246	0	27808	
247	0	29004	
248	0	30016	
249	0	29992	
250	0	29116	
251	0	28716	
252	0	29224	
253	0	30454	
254	0	31944	
255	0	33576	
256	0	34816	
257	0	34884	
258	0	34176	
259	0	32760	
260	0	31472	
261	0	31520	
262	0	32404	
263	0	33316	
264	0	33670	
265	0	34132	
266	0	34888	
267	0	35248	
268	0	35340	
269	0	35460	
270	0	36280	
271	0	37752	
272	0	41056	
273	0	44004	
274	0	44928	
275	0	43796	
276	0	41884	
277	0	39228	
278	0	36908	
279	0	35208	
280	0	33824	
281	0	33076	
282	0	32372	
283	0	32112	
284	0	32120	
285	0	31908	
286	0	32588	
287	0	33276	
288	0	33160	
289	0	32496	
290	0	31564	
291	0	31612	
292	0	32904	
293	0	34544	
294	0	35668	
295	0	36204	
296	0	36856	
297	0	36920	
298	0	36120	
299	0	36052	
300	0	37324	
301	0	38368	
302	0	39008	
303	0	39476	
304	0	40152	
305	0	40948	
306	0	41512	
307	0	40916	
308	0	38432	
309	0	35304	
310	0	31856	
311	0	28572	
312	0	26808	
313	0	26536	
314	0	26368	
315	0	25844	
316	0	24792	
317	0	23672	
318	0	24281	
319	0	26098	
320	0	27816	
321	0	29884	
322	0	31834	
323	0	33024	
324	0	34340	
325	0	35700	
326	0	36704	
327	0	37552	
328	0	39124	
329	0	41064	
330	0	42932	
331	0	44040	
332	0	43988	
333	0	43156	
334	0	42240	
335	0	41200	
336	0	39804	
337	0	37832	
338	0	34912	
339	0	31476	
340	0	28300	
341	0	25808	
342	0	24712	
343	0	25188	
344	0	26424	
345	0	27580	
346	0	29120	
347	0	30680	
348	0	32440	
349	0	33920	
350	0	34496	
351	0	34128	
352	0	33500	
353	0	33112	
354	0	33160	
355	0	35036	
356	0	37012	
357	0	38116	
358	0	38720	
359	0	39144	
360	0	38700	
361	0	37256	
362	0	35604	
363	0	34424	
364	0	33184	
365	0	32896	
366	0	33324	
367	0	34376	
368	0	34880	
369	0	34848	
370	0	34528	
371	0	35796	
372	0	36304	
373	0	35264	
374	0	33720	
375	0	32012	
376	0	30516	
377	0	29692	
378	0	29440	
379	0	28796	
380	0	28120	
381	0	28456	
382	0	29056	
383	0	29196	
384	0	29264	
385	0	29412	
386	0	30080	
387	0	29924	
388	0	28178	
389	0	26674	
390	0	26932	
391	0	29012	
392	0	30532	
393	0	30756	
394	0	31384	
395	0	32756	
396	0	34384	
397	0	36020	
398	0	36432	
399	0	35128	
400	0	33992	
401	0	33396	
402	0	32628	
403	0	32608	
404	0	31824	
405	0	31252	
406	0	32108	
407	0	33560	
408	0	34888	
409	0	34398	
410	0	32848	
411	0	31268	
412	0	29832	
413	0	27520	
414	0	25088	
415	0	23544	
416	0	22792	
417	0	23524	
418	0	26104	
419	0	29176	
420	0	31660	
421	0	33564	
422	0	35764	
423	0	38736	
424	0	41234	
425	0	42272	
426	0	41896	
427	0	39928	
428	0	37724	
429	0	35720	
430	0	35212	
431	0	35828	
432	0	36256	
433	0	36680	
434	0	37136	
435	0	37592	
436	0	37452	
437	0	36604	
438	0	34708	
439	0	32868	
440	0	31180	
441	0	28384	
442	0	23968	
443	0	19048	
444	0	15696	
445	0	14216	
446	0	14392	
447	0	16724	
448	0	21184	
449	0	26816	
450	0	32004	
451	0	34924	
452	0	36344	
453	0	36736	
454	0	36512	
455	0	36088	
456	0	36352	
457	0	36024	
458	0	35768	
459	0	35880	
460	0	36148	
461	0	36360	
462	0	36648	
463	0	36748	
464	0	37388	
465	0	37532	
466	0	36020	
467	0	34048	
468	0	32740	
469	0	31092	
470	0	29332	
471	0	27116	
472	0	24777	
473	0	23016	
474	0	22072	
475	0	22642	
476	0	24108	
477	0	26628	
478	0	29460	
479	0	32200	
480	0	33632	
481	0	33388	
482	0	32176	
483	0	31324	
484	0	30400	
485	0	30368	
486	0	30924	
487	0	32456	
488	0	34076	
489	0	35416	
490	0	36422	
491	0	37824	
492	0	38840	
493	0	38796	
494	0	37752	
495	0	35600	
496	0	33624	
497	0	32648	
498	0	32328	
499	0	31180	
500	0	29780	
501	0	29152	
502	0	29108	
503	0	28644	
504	0	27352	
505	0	26136	
506	0	25836	
507	0	25808	
508	0	26768	
509	0	28292	
510	0	29704	
511	0	30504	
512	0	30244	
513	0	29925	
514	0	31032	
515	0	32468	
516	0	32980	
517	0	33812	
518	0	34824	
519	0	36128	
520	0	38680	
521	0	40952	
522	0	41104	
523	0	39324	
524	0	36756	
525	0	34148	
526	0	32864	
527	0	31308	
528	0	29632	
529	0	28268	
530	0	27128	
531	0	26816	
532	0	27392	
533	0	28068	
534	0	27528	
535	0	26076	
536	0	24508	
537	0	22340	
538	0	20192	
539	0	19990	
540	0	20204	
541	0	20588	
542	0	21558	
543	0	22348	
544	0	23026	
545	0	22897	
546	0	23404	
547	0	23650	
548	0	23928	
549	0	24504	
550	0	24576	
551	0	25988	
552	0	27772	
553	0	29488	
554	0	31172	
555	0	32296	
556	0	32316	
557	0	32052	
558	0	32148	
559	0	32552	
560	0	33104	
561	0	34080	
562	0	36360	
563	0	39332	
564	0	42176	
565	0	44404	
566	0	45480	
567	0	45508	
568	0	44104	
569	0	41220	
570	0	37056	
571	0	33448	
572	0	30420	
573	0	27948	
574	0	26332	
575	0	25456	
576	0	23900	
577	0	21644	
578	0	19932	
579	0	19000	
580	0	19369	
581	0	23016	
582	0	27388	
583	0	31112	
584	0	33680	
585	0	35208	
586	0	36160	
587	0	36076	
588	0	35064	
589	0	34400	
590	0	35404	
591	0	37960	
592	0	39912	
593	0	41828	
594	0	43612	
595	0	44300	
596	0	43860	
597	0	42892	
598	0	41188	
599	0	39408	
600	0	37880	
601	0	35956	
602	0	33892	
603	0	32104	
604	0	30228	
605	0	29388	
606	0	29056	
607	0	29432	
608	0	30220	
609	0	31260	
610	0	32476	
611	0	33760	
612	0	34264	
613	0	33324	
614	0	31180	
615	0	28608	
616	0	28184	
617	0	29144	
618	0	31312	
619	0	34628	
620	0	38372	
621	0	41212	
622	0	43060	
623	0	44224	
624	0	45656	
625	0	47216	
626	0	48324	
627	0	47988	
628	0	46120	
629	0	43056	
630	0	38956	
631	0	33628	
632	0	27224	
633	0	20776	
634	0	16100	
635	0	13196	
636	0	10736	
637	0	9873	
638	0	11760	
639	0	16892	
640	0	25064	
641	0	34128	
642	0	41388	
643	0	44672	
644	0	44592	
645	0	43088	
646	0	41984	
647	0	41620	
648	0	42048	
649	0	42260	
650	0	43232	
651	0	44060	
652	0	44332	
653	0	45336	
654	0	46388	
655	0	47328	
656	0	47116	
657	0	45000	
658	0	41952	
659	0	39296	
660	0	37152	
661	0	35516	
662	0	34268	
663	0	34172	
664	0	33952	
665	0	33216	
666	0	34104	
667	0	37058	
668	0	40460	
669	0	41864	
670	0	41048	
671	0	40436	
672	0	40440	
673	0	40360	
674	0	40896	
675	0	41288	
676	0	41156	
677	0	39720	
678	0	37248	
679	0	35576	
680	0	34632	
681	0	33524	
682	0	32628	
683	0	31572	
684	0	29828	
685	0	27072	
686	0	24832	
687	0	23192	
688	0	21368	
689	0	18812	
690	0	16006	
691	0	14376	
692	0	14213	
693	0	15160	
694	0	18512	
695	0	24424	
696	0	30896	
697	0	36824	
698	0	41548	
699	0	44488	
700	0	45320	
701	0	44504	
702	0	44408	
703	0	43308	
704	0	40436	
705	0	36570	
706	0	33368	
707	0	32472	
708	0	33832	
709	0	36600	
710	0	38932	
711	0	39896	
712	0	38756	
713	0	36768	
714	0	34424	
715	0	31256	
716	0	28436	
717	0	26916	
718	0	27784	
719	0	30832	
720	0	34728	
721	0	37600	
722	0	38456	
723	0	38208	
724	0	37448	
725	0	37344	
726	0	37296	
727	0	37012	
728	0	36596	
729	0	35220	
730	0	32772	
731	0	29916	
732	0	27652	
733	0	26578	
734	0	25728	
735	0	24484	
736	0	22156	
737	0	20372	
738	0	19948	
739	0	20772	
740	0	22824	
741	0	24484	
742	0	25290	
743	0	26008	
744	0	27124	
745	0	28424	
746	0	30368	
747	0	31968	
748	0	32828	
749	0	33644	
750	0	35248	
751	0	37172	
752	0	39084	
753	0	40804	
754	0	40912	
755	0	39432	
756	0	36900	
757	0	33868	
758	0	31592	
759	0	30852	
760	0	31330	
761	0	30584	
762	0	29112	
763	0	28684	
764	0	30440	
765	0	32788	
766	0	33708	
767	0	32784	
768	0	31180	
769	0	28960	
770	0	27144	
771	0	26624	
772	0	27036	
773	0	27960	
774	0	29120	
775	0	30340	
776	0	30832	
777	0	31592	
778	0	33224	
779	0	35320	
780	0	36396	
781	0	36324	
782	0	36568	
783	0	37124	
784	0	37436	
785	0	36408	
786	0	35000	
787	0	33340	
788	0	32032	
789	0	32920	
790	0	34352	
791	0	35352	
792	0	35120	
793	0	31056	
794	0	25548	
795	0	21040	
796	0	19820	
797	0	21664	
798	0	24972	
799	0	27596	
800	0	28232	
801	0	27884	
802	0	26904	
803	0	26988	
804	0	28640	
805	0	29532	
806	0	29504	
807	0	29648	
808	0	30768	
809	0	31980	
810	0	32760	
811	0	33860	
812	0	35124	
813	0	36072	
814	0	35432	
815	0	33336	
816	0	30040	
817	0	26676	
818	0	24834	
819	0	24868	
820	0	25800	
821	0	25596	
822	0	25952	
823	0	28020	
824	0	31180	
825	0	33588	
826	0	34908	
827	0	35936	
828	0	36176	
829	0	36080	
830	0	36508	
831	0	35692	
832	0	33604	
833	0	30780	
834	0	26728	
835	0	22832	
836	0	20240	
837	0	19184	
838	0	19352	
839	0	21452	
840	0	24376	
841	0	27128	
842	0	29820	
843	0	33116	
844	0	36092	
845	0	37552	
846	0	39008	
847	0	39988	
848	0	38332	
849	0	34584	
850	0	31504	
851	0	28472	
852	0	26892	
853	0	27744	
854	0	30816	
855	0	34080	
856	0	35756	
857	0	36208	
858	0	35144	
859	0	33976	
860	0	34152	
861	0	35324	
862	0	37880	
863	0	40416	
864	0	41628	
865	0	41048	
866	0	38148	
867	0	34880	
868	0	32104	
869	0	30120	
870	0	29044	
871	0	28978	
872	0	29084	
873	0	28588	
874	0	27920	
875	0	27304	
876	0	27976	
877	0	29548	
878	0	30156	
879	0	28208	
880	0	23864	
881	0	19458	
882	0	18009	
883	0	19349	
884	0	22316	
885	0	25308	
886	0	28512	
887	0	31388	
888	0	33348	
889	0	35348	
890	0	37104	
891	0	37260	
892	0	35648	
893	0	33556	
894	0	32002	
895	0	31216	
896	0	30496	
897	0	29684	
898	0	29141	
899	0	29352	
900	0	30320	
901	0	31120	
902	0	31764	
903	0	32380	
904	0	32784	
905	0	32860	
906	0	33096	
907	0	33324	
908	0	33768	
909	0	34252	
910	0	34784	
911	0	36112	
912	0	36692	
913	0	37064	
914	0	37256	
915	0	35112	
916	0	30944	
917	0	27654	
918	0	25500	
919	0	24680	
920	0	25608	
921	0	28416	
922	0	32064	
923	0	35368	
924	0	37894	
925	0	39800	
926	0	41176	
927	0	42164	
928	0	41808	
929	0	39240	
930	0	35664	
931	0	31996	
932	0	28328	
933	0	24396	
934	0	21170	
935	0	20328	
936	0	21328	
937	0	23000	
938	0	25776	
939	0	29256	
940	0	32316	
941	0	34344	
942	0	33708	
943	0	31156	
944	0	28760	
945	0	26588	
946	0	25282	
947	0	26176	
948	0	30036	
949	0	35908	
950	0	41064	
951	0	42904	
952	0	41004	
953	0	37652	
954	0	34952	
955	0	33980	
956	0	34808	
957	0	37292	
958	0	40968	
959	0	44668	
960	0	47356	
961	0	49408	
962	0	49592	
963	0	47600	
964	0	44208	
965	0	39900	
966	0	35640	
967	0	32592	
968	0	31572	
969	0	30980	
970	0	30296	
971	0	30200	
972	0	29708	
973	0	29192	
974	0	29736	
975	0	29584	
976	0	28692	
977	0	27836	
978	0	27992	
979	0	29464	
980	0	31756	
981	0	34728	
982	0	38020	
983	0	40688	
984	0	41560	
985	0	40744	
986	0	38400	
987	0	34668	
988	0	30780	
989	0	28476	
990	0	28868	
991	0	30952	
992	0	32556	
993	0	32664	
994	0	31844	
995	0	30220	
996	0	28672	
997	0	27652	
998	0	26074	
999	0	24016	
1000	0	23248	
1001	0	24336	
1002	0	26512	
1003	0	29400	
1004	0	31878	
1005	0	31878	
1006	0	29968	
1007	0	27276	
1008	0	24388	
1009	0	22584	
1010	0	22082	
1011	0	22004	
1012	0	22258	
1013	0	24128	
1014	0	28356	
1015	0	32880	
1016	0	35728	
1017	0	37392	
1018	0	37940	
1019	0	36648	
1020	0	34948	
1021	0	33012	
1022	0	31004	
1023	0	29288	
1024	0	28648	
1025	0	29660	
1026	0	31144	
1027	0	31144	
1028	0	30444	
1029	0	27864	
1030	0	24584	
1031	0	22192	
1032	0	21848	
1033	0	23816	
1034	0	26536	
1035	0	28944	
1036	0	29784	
1037	0	30672	
1038	0	32248	
1039	0	34044	
1040	0	36076	
1041	0	37492	
1042	0	37720	
1043	0	36160	
1044	0	33260	
1045	0	30808	
1046	0	29600	
1047	0	29532	
1048	0	28432	
1049	0	26504	
1050	0	25796	
1051	0	27166	
1052	0	29404	
1053	0	31916	
1054	0	34104	
1055	0	35480	
1056	0	34720	
1057	0	33316	
1058	0	32048	
1059	0	32100	
1060	0	33300	
1061	0	35496	
1062	0	37132	
1063	0	37840	
1064	0	37676	
1065	0	37712	
1066	0	37672	
1067	0	37440	
1068	0	36728	
1069	0	35208	
1070	0	32968	
1071	0	31480	
1072	0	30236	
1073	0	29116	
1074	0	27444	
1075	0	26480	
1076	0	26660	
1077	0	28244	
1078	0	30704	
1079	0	33584	
1080	0	36280	
1081	0	37268	
1082	0	35752	
1083	0	30680	
1084	0	25136	
1085	0	21672	
1086	0	20180	
1087	0	20236	
1088	0	21428	
1089	0	23020	
1090	0	25620	
1091	0	28172	
1092	0	29696	
1093	0	30840	
1094	0	32604	
1095	0	34104	
1096	0	35108	
1097	0	35784	
1098	0	35956	
1099	0	35136	
1100	0	34540	
1101	0	33772	
1102	0	32536	
1103	0	31240	
1104	0	30544	
1105	0	30332	
1106	0	30188	
1107	0	29626	
1108	0	29384	
1109	0	29940	
1110	0	31504	
1111	0	32336	
1112	0	33216	
1113	0	33348	
1114	0	32328	
1115	0	31052	
1116	0	29452	
1117	0	28552	
1118	0	28268	
1119	0	28430	
1120	0	29480	
1121	0	31272	
1122	0	33816	
1123	0	34984	
1124	0	35120	
1125	0	35420	
1126	0	35884	
1127	0	36704	
1128	0	37128	
1129	0	37344	
1130	0	37052	
1131	0	35788	
1132	0	33468	
1133	0	30676	
1134	0	28632	
1135	0	27004	
1136	0	25920	
1137	0	25832	
1138	0	26896	
1139	0	28788	
1140	0	30296	
1141	0	31272	
1142	0	32668	
1143	0	33276	
1144	0	33232	
1145	0	33752	
1146	0	34792	
1147	0	35036	
1148	0	33548	
1149	0	31152	
1150	0	28824	
1151	0	28460	
1152	0	29324	
1153	0	30384	
1154	0	30720	
1155	0	30812	
1156	0	30728	
1157	0	30016	
1158	0	28224	
1159	0	26108	
1160	0	25256	
1161	0	26176	
1162	0	28248	
1163	0	30196	
1164	0	32252	
1165	0	32496	
1166	0	31888	
1167	0	30628	
1168	0	28024	
1169	0	25832	
1170	0	25312	
1171	0	25380	
1172	0	26280	
1173	0	27732	
1174	0	29144	
1175	0	29644	
1176	0	28048	
1177	0	24540	
1178	0	21484	
1179	0	19852	
1180	0	20676	
1181	0	23664	
1182	0	28620	
1183	0	33860	
1184	0	37757	
1185	0	39812	
1186	0	39688	
1187	0	39064	
1188	0	38936	
1189	0	38932	
1190	0	39092	
1191	0	38732	
1192	0	37212	
1193	0	35504	
1194	0	34088	
1195	0	32760	
1196	0	30436	
1197	0	28464	
1198	0	26732	
1199	0	25592	
1200	0	24424	
1201	0	23312	
1202	0	23768	
1203	0	25424	
1204	0	27078	
1205	0	27296	
1206	0	27060	
1207	0	27680	
1208	0	28866	
1209	0	29456	
1210	0	29428	
1211	0	29072	
1212	0	29260	
1213	0	30024	
1214	0	31696	
1215	0	34516	
1216	0	36776	
1217	0	38084	
1218	0	38536	
1219	0	36800	
1220	0	34564	
1221	0	32480	
1222	0	30740	
1223	0	29316	
1224	0	28152	
1225	0	27608	
1226	0	27336	
1227	0	26436	
1228	0	25212	
1229	0	24352	
1230	0	24476	
1231	0	25092	
1232	0	26344	
1233	0	27168	
1234	0	28472	
1235	0	29752	
1236	0	30508	
1237	0	30004	
1238	0	28248	
1239	0	25832	
1240	0	25572	
1241	0	26096	
1242	0	26616	
1243	0	28144	
1244	0	30572	
1245	0	33096	
1246	0	34276	
1247	0	34616	
1248	0	35108	
1249	0	36532	
1250	0	38352	
1251	0	38824	
1252	0	37216	
1253	0	34888	
1254	0	32760	
1255	0	30892	
1256	0	28208	
1257	0	25824	
1258	0	24560	
1259	0	24096	
1260	0	25476	
1261	0	28196	
1262	0	32040	
1263	0	34904	
1264	0	35856	
1265	0	34316	
1266	0	32040	
1267	0	29976	
1268	0	29000	
1269	0	29528	
1270	0	31756	
1271	0	34700	
1272	0	36792	
1273	0	37696	
1274	0	37392	
1275	0	36764	
1276	0	36272	
1277	0	35540	
1278	0	34056	
1279	0	31802	
1280	0	29176	
1281	0	27278	
1282	0	27232	
1283	0	28720	
1284	0	31036	
1285	0	33112	
1286	0	34120	
1287	0	33304	
1288	0	31584	
1289	0	29172	
1290	0	26476	
1291	0	25816	
1292	0	26848	
1293	0	28516	
1294	0	30264	
1295	0	31508	
1296	0	32152	
1297	0	31952	
1298	0	30892	
1299	0	30568	
1300	0	30856	
1301	0	32316	
1302	0	34964	
1303	0	38744	
1304	0	43020	
1305	0	44736	
1306	0	42436	
1307	0	38376	
1308	0	34376	
1309	0	31496	
1310	0	30148	
1311	0	30336	
1312	0	32398	
1313	0	34608	
1314	0	36292	
1315	0	36264	
1316	0	35032	
1317	0	33920	
1318	0	33108	
1319	0	31960	
1320	0	31536	
1321	0	30864	
1322	0	30672	
1323	0	30044	
1324	0	29088	
1325	0	27744	
1326	0	25356	
1327	0	22896	
1328	0	20802	
1329	0	19092	
1330	0	17714	
1331	0	17958	
1332	0	20164	
1333	0	23646	
1334	0	27912	
1335	0	32316	
1336	0	36192	
1337	0	38912	
1338	0	40504	
1339	0	41428	
1340	0	41728	
1341	0	42568	
1342	0	42944	
1343	0	42952	
1344	0	42824	
1345	0	42816	
1346	0	42528	
1347	0	41956	
1348	0	40304	
1349	0	37396	
1350	0	34508	
1351	0	33504	
1352	0	34000	
1353	0	34540	
1354	0	35032	
1355	0	34612	
1356	0	33416	
1357	0	30936	
1358	0	27932	
1359	0	25384	
1360	0	23872	
1361	0	23800	
1362	0	25220	
1363	0	26984	
1364	0	28584	
1365	0	30108	
1366	0	31012	
1367	0	32304	
1368	0	33620	
1369	0	35204	
1370	0	35888	
1371	0	36348	
1372	0	35900	
1373	0	34852	
1374	0	33560	
1375	0	31648	
1376	0	30580	
1377	0	30568	
1378	0	30420	
1379	0	30064	
1380	0	29040	
1381	0	28592	
1382	0	28952	
1383	0	30288	
1384	0	33340	
1385	0	35976	
1386	0	37368	
1387	0	38860	
1388	0	40364	
1389	0	41364	
1390	0	41204	
1391	0	40684	
1392	0	39796	
1393	0	39816	
1394	0	40920	
1395	0	41656	
1396	0	41744	
1397	0	40492	
1398	0	39712	
1399	0	39828	
1400	0	38860	
1401	0	35848	
1402	0	31876	
1403	0	29040	
1404	0	28740	
1405	0	30688	
1406	0	33552	
1407	0	35340	
1408	0	35376	
1409	0	34108	
1410	0	32360	
1411	0	31096	
1412	0	30716	
1413	0	30588	
1414	0	30692	
1415	0	31584	
1416	0	32884	
1417	0	34456	
1418	0	36564	
1419	0	37300	
1420	0	36736	
1421	0	34532	
1422	0	31356	
1423	0	28176	
1424	0	27512	
1425	0	28464	
1426	0	30890	
1427	0	34228	
1428	0	36520	
1429	0	37216	
1430	0	37736	
1431	0	38424	
1432	0	38540	
1433	0	38124	
1434	0	37182	
1435	0	35176	
1436	0	32302	
1437	0	29904	
1438	0	29064	
1439	0	29272	
1440	0	29252	
1441	0	29132	
1442	0	28824	
1443	0	28348	
1444	0	28376	
1445	0	29344	
1446	0	30716	
1447	0	31488	
1448	0	32780	
1449	0	33924	
1450	0	34224	
1451	0	33688	
1452	0	32792	
1453	0	32380	
1454	0	32292	
1455	0	33616	
1456	0	36568	
1457	0	39420	
1458	0	42544	
1459	0	44424	
1460	0	44964	
1461	0	44712	
1462	0	43664	
1463	0	41280	
1464	0	36968	
1465	0	32392	
1466	0	28880	
1467	0	25950	
1468	0	24256	
1469	0	24412	
1470	0	25538	
1471	0	27028	
1472	0	28704	
1473	0	30944	
1474	0	32252	
1475	0	31732	
1476	0	30708	
1477	0	30394	
1478	0	30724	
1479	0	32016	
1480	0	34116	
1481	0	36408	
1482	0	38680	
1483	0	38960	
1484	0	37644	
1485	0	34208	
1486	0	30048	
1487	0	26884	
1488	0	25804	
1489	0	27660	
1490	0	31344	
1491	0	33992	
1492	0	35556	
1493	0	36528	
1494	0	37408	
1495	0	38432	
1496	0	39512	
1497	0	40016	
1498	0	39336	
1499	0	37716	
1500	0	34796	
1501	0	30616	
1502	0	25452	
1503	0	20768	
1504	0	18808	
1505	0	19424	
1506	0	22348	
1507	0	26044	
1508	0	29688	
1509	0	33236	
1510	0	36764	
1511	0	40104	
1512	0	42472	
1513	0	44232	
1514	0	44152	
1515	0	43332	
1516	0	43172	
1517	0	42696	
1518	0	41576	
1519	0	39560	
1520	0	36460	
1521	0	33912	
1522	0	32524	
1523	0	31892	
1524	0	30616	
1525	0	28928	
1526	0	27408	
1527	0	26992	
1528	0	27568	
1529	0	28896	
1530	0	31156	
1531	0	33504	
1532	0	35836	
1533	0	38406	
1534	0	40568	
1535	0	42444	
1536	0	44444	
1537	0	45672	
1538	0	45284	
1539	0	43324	
1540	0	40108	
1541	0	36072	
1542	0	32876	
1543	0	31104	
1544	0	31132	
1545	0	33220	
1546	0	36904	
1547	0	39860	
1548	0	40864	
1549	0	39968	
1550	0	38308	
1551	0	36120	
1552	0	33268	
1553	0	29296	
1554	0	26068	
1555	0	23756	
1556	0	22853	
1557	0	23300	
1558	0	24840	
1559	0	26568	
1560	0	29536	
1561	0	33288	
1562	0	36028	
1563	0	38264	
1564	0	39816	
1565	0	42228	
1566	0	43824	
1567	0	42896	
1568	0	40544	
1569	0	39052	
1570	0	38996	
1571	0	40700	
1572	0	42720	
1573	0	44384	
1574	0	45492	
1575	0	45936	
1576	0	45304	
1577	0	43120	
1578	0	40184	
1579	0	37348	
1580	0	34888	
1581	0	31940	
1582	0	30036	
1583	0	29760	
1584	0	31112	
1585	0	32172	
1586	0	31100	
1587	0	29496	
1588	0	27784	
1589	0	26680	
1590	0	26468	
1591	0	27008	
1592	0	26488	
1593	0	23648	
1594	0	19844	
1595	0	16932	
1596	0	15056	
1597	0	15934	
1598	0	19316	
1599	0	23944	
1600	0	28508	
1601	0	32820	
1602	0	36096	
1603	0	37112	
1604	0	37836	
1605	0	39048	
1606	0	40376	
1607	0	40592	
1608	0	38936	
1609	0	35220	
1610	0	31372	
1611	0	28336	
1612	0	26120	
1613	0	24746	
1614	0	23724	
1615	0	22236	
1616	0	20948	
1617	0	20396	
1618	0	21572	
1619	0	24460	
1620	0	28602	
1621	0	32824	
1622	0	36348	
1623	0	39148	
1624	0	41104	
1625	0	41904	
1626	0	40996	
1627	0	38588	
1628	0	35272	
1629	0	31576	
1630	0	29696	
1631	0	29952	
1632	0	30104	
1633	0	29540	
1634	0	28804	
1635	0	27496	
1636	0	25308	
1637	0	24416	
1638	0	24830	
1639	0	26068	
1640	0	28468	
1641	0	31916	
1642	0	35496	
1643	0	38344	
1644	0	39976	
1645	0	39072	
1646	0	36436	
1647	0	33208	
1648	0	30508	
1649	0	28928	
1650	0	27952	
1651	0	27168	
1652	0	26224	
1653	0	26268	
1654	0	26888	
1655	0	28202	
1656	0	29984	
1657	0	32172	
1658	0	34840	
1659	0	37228	
1660	0	39016	
1661	0	40208	
1662	0	39288	
1663	0	36584	
1664	0	34080	
1665	0	31908	
1666	0	31328	
1667	0	32116	
1668	0	33104	
1669	0	33540	
1670	0	33400	
1671	0	33176	
1672	0	33884	
1673	0	34236	
1674	0	33544	
1675	0	32440	
1676	0	30898	
1677	0	29848	
1678	0	29780	
1679	0	30596	
1680	0	31652	
1681	0	32652	
1682	0	33668	
1683	0	35108	
1684	0	37080	
1685	0	39348	
1686	0	40880	
1687	0	40472	
1688	0	37044	
1689	0	31936	
1690	0	27392	
1691	0	25268	
1692	0	25548	
1693	0	26196	
1694	0	27226	
1695	0	30200	
1696	0	34368	
1697	0	38584	
1698	0	42576	
1699	0	45672	
1700	0	47220	
1701	0	47760	
1702	0	48296	
1703	0	47992	
1704	0	47696	
1705	0	47892	
1706	0	46892	
1707	0	43780	
1708	0	39396	
1709	0	35320	
1710	0	32560	
1711	0	31648	
1712	0	31730	
1713	0	32720	
1714	0	33708	
1715	0	34020	
1716	0	35080	
1717	0	36596	
1718	0	37956	
1719	0	37996	
1720	0	37172	
1721	0	36660	
1722	0	36780	
1723	0	37200	
1724	0	37524	
1725	0	36824	
1726	0	36496	
1727	0	38608	
1728	0	41304	
1729	0	42256	
1730	0	41924	
1731	0	41216	
1732	0	39856	
1733	0	37920	
1734	0	36440	
1735	0	34792	
1736	0	33336	
1737	0	31608	
1738	0	30364	
1739	0	30192	
1740	0	31008	
1741	0	31802	
1742	0	31044	
1743	0	29928	
1744	0	29456	
1745	0	30160	
1746	0	31988	
1747	0	35184	
1748	0	38756	
1749	0	42264	
1750	0	45308	
1751	0	47308	
1752	0	47128	
1753	0	45556	
1754	0	43760	
1755	0	42256	
1756	0	40408	
1757	0	39400	
1758	0	39148	
1759	0	38720	
1760	0	38176	
1761	0	37080	
1762	0	35264	
1763	0	32608	
1764	0	30392	
1765	0	28408	
1766	0	27384	
1767	0	28716	
1768	0	31944	
1769	0	35272	
1770	0	37496	
1771	0	38416	
1772	0	38804	
1773	0	38284	
1774	0	37044	
1775	0	35412	
1776	0	33812	
1777	0	32416	
1778	0	31416	
1779	0	30000	
1780	0	29616	
1781	0	29824	
1782	0	31036	
1783	0	32192	
1784	0	33368	
1785	0	34812	
1786	0	35264	
1787	0	34576	
1788	0	34460	
1789	0	35300	
1790	0	35640	
1791	0	35640	
1792	0	36292	
1793	0	36744	
1794	0	36308	
1795	0	34812	
1796	0	32256	
1797	0	29288	
1798	0	27408	
1799	0	26224	
1800	0	26944	
1801	0	28680	
1802	0	29312	
1803	0	29004	
1804	0	28796	
1805	0	29260	
1806	0	29608	
1807	0	30180	
1808	0	30216	
1809	0	30056	
1810	0	30092	
1811	0	30488	
1812	0	31072	
1813	0	31096	
1814	0	31484	
1815	0	32436	
1816	0	33428	
1817	0	33804	
1818	0	34400	
1819	0	34560	
1820	0	34528	
1821	0	34468	
1822	0	34368	
1823	0	33928	
1824	0	33596	
1825	0	33524	
1826	0	33706	
1827	0	34212	
1828	0	34812	
1829	0	32832	
1830	0	28976	
1831	0	24956	
1832	0	21482	
1833	0	19026	
1834	0	18260	
1835	0	20268	
1836	0	23668	
1837	0	26832	
1838	0	29112	
1839	0	29752	
1840	0	30032	
1841	0	30068	
1842	0	31056	
1843	0	33160	
1844	0	36024	
1845	0	38888	
1846	0	40712	
1847	0	41148	
1848	0	41000	
1849	0	40536	
1850	0	38800	
1851	0	36364	
1852	0	34844	
1853	0	35220	
1854	0	37228	
1855	0	38082	
1856	0	37320	
1857	0	35984	
1858	0	33720	
1859	0	32468	
1860	0	33976	
1861	0	36332	
1862	0	37296	
1863	0	36044	
1864	0	33488	
1865	0	30736	
1866	0	29088	
1867	0	29628	
1868	0	31524	
1869	0	35260	
1870	0	38816	
1871	0	40612	
1872	0	40440	
1873	0	39564	
1874	0	39136	
1875	0	38416	
1876	0	37144	
1877	0	36396	
1878	0	36164	
1879	0	35888	
1880	0	35856	
1881	0	36004	
1882	0	36224	
1883	0	36428	
1884	0	36560	
1885	0	36996	
1886	0	37688	
1887	0	38152	
1888	0	38688	
1889	0	38932	
1890	0	38028	
1891	0	34874	
1892	0	29620	
1893	0	24812	
1894	0	21068	
1895	0	19360	
1896	0	20008	
1897	0	22560	
1898	0	24762	
1899	0	26434	
1900	0	27272	
1901	0	27976	
1902	0	27812	
1903	0	28260	
1904	0	29204	
1905	0	29720	
1906	0	30004	
1907	0	31208	
1908	0	32840	
1909	0	34512	
1910	0	36384	
1911	0	37082	
1912	0	35972	
1913	0	33189	
1914	0	30068	
1915	0	27664	
1916	0	26812	
1917	0	26684	
1918	0	25952	
1919	0	25788	
1920	0	26412	
1921	0	27060	
1922	0	27832	
1923	0	28300	
1924	0	28340	
1925	0	27752	
1926	0	26860	
1927	0	27112	
1928	0	28344	
1929	0	29268	
1930	0	29672	
1931	0	29368	
1932	0	28232	
1933	0	28032	
1934	0	28916	
1935	0	30404	
1936	0	32168	
1937	0	35016	
1938	0	37920	
1939	0	39088	
1940	0	38272	
1941	0	37108	
1942	0	35488	
1943	0	33864	
1944	0	33036	
1945	0	32804	
1946	0	32632	
1947	0	31892	
1948	0	31508	
1949	0	32120	
1950	0	33352	
1951	0	35312	
1952	0	37672	
1953	0	38828	
1954	0	38944	
1955	0	39700	
1956	0	40704	
1957	0	41396	
1958	0	41300	
1959	0	39812	
1960	0	37396	
1961	0	34960	
1962	0	32852	
1963	0	31116	
1964	0	30204	
1965	0	29828	
1966	0	30556	
1967	0	31332	
1968	0	30208	
1969	0	27934	
1970	0	26780	
1971	0	26416	
1972	0	27404	
1973	0	28020	
1974	0	25588	
1975	0	21616	
1976	0	18784	
1977	0	18904	
1978	0	19812	
1979	0	20454	
1980	0	21692	
1981	0	25224	
1982	0	31748	
1983	0	39844	
1984	0	47360	
1985	0	52864	
1986	0	54784	
1987	0	54172	
1988	0	53888	
1989	0	53152	
1990	0	50792	
1991	0	47028	
1992	0	42380	
1993	0	38568	
1994	0	35604	
1995	0	34272	
1996	0	34384	
1997	0	35096	
1998	0	35896	
1999	0	36752	
2000	0	36164	
2001	0	35100	
2002	0	34216	
2003	0	33312	
2004	0	32736	
2005	0	31908	
2006	0	31380	
2007	0	31864	
2008	0	33096	
2009	0	34176	
2010	0	34476	
2011	0	33052	
2012	0	31816	
2013	0	30692	
2014	0	30936	
2015	0	32376	
2016	0	34336	
2017	0	35908	
2018	0	36688	
2019	0	36836	
2020	0	34104	
2021	0	30080	
2022	0	26708	
2023	0	24656	
2024	0	23668	
2025	0	24972	
2026	0	28632	
2027	0	33036	
2028	0	37408	
2029	0	41280	
2030	0	43580	
2031	0	44894	
2032	0	45008	
2033	0	43792	
2034	0	39620	
2035	0	34896	
2036	0	32000	
2037	0	31694	
2038	0	32292	
2039	0	32656	
2040	0	33404	
2041	0	34200	
2042	0	34776	
2043	0	35888	
2044	0	36564	
2045	0	36896	
2046	0	36696	
2047	0	36524	
2048	0	35884	
2049	0	34224	
2050	0	31812	
2051	0	27460	
2052	0	23024	
2053	0	20038	
2054	0	18209	
2055	0	19296	
2056	0	23194	
2057	0	28576	
2058	0	34192	
2059	0	40008	
2060	0	45488	
2061	0	49392	
2062	0	50592	
2063	0	48896	
2064	0	45288	
2065	0	41600	
2066	0	38584	
2067	0	36676	
2068	0	35160	
2069	0	33364	
2070	0	31468	
2071	0	30462	
2072	0	30178	
2073	0	31060	
2074	0	31848	
2075	0	31328	
2076	0	29352	
2077	0	27022	
2078	0	24328	
2079	0	22608	
2080	0	22768	
2081	0	24820	
2082	0	29028	
2083	0	33848	
2084	0	38104	
2085	0	39764	
2086	0	38572	
2087	0	35784	
2088	0	32492	
2089	0	30088	
2090	0	29272	
2091	0	30184	
2092	0	31184	
2093	0	31496	
2094	0	31196	
2095	0	31308	
2096	0	32328	
2097	0	34040	
2098	0	35896	
2099	0	38252	
2100	0	39796	
2101	0	40224	
2102	0	39624	
2103	0	38484	
2104	0	37636	
2105	0	36788	
2106	0	36380	
2107	0	35828	
2108	0	35172	
2109	0	35540	
2110	0	35760	
2111	0	35216	
2112	0	33936	
2113	0	32858	
2114	0	32880	
2115	0	33292	
2116	0	33396	
2117	0	34160	
2118	0	34344	
2119	0	33576	
2120	0	30684	
2121	0	27312	
2122	0	24900	
2123	0	23664	
2124	0	23352	
2125	0	24368	
2126	0	27868	
2127	0	33164	
2128	0	38612	
2129	0	43556	
2130	0	47072	
2131	0	48364	
2132	0	47928	
2133	0	46468	
2134	0	44476	
2135	0	42388	
2136	0	41180	
2137	0	40872	
2138	0	40252	
2139	0	38928	
2140	0	36344	
2141	0	33792	
2142	0	32948	
2143	0	33292	
2144	0	33960	
2145	0	34832	
2146	0	36060	
2147	0	37300	
2148	0	37844	
2149	0	37120	
2150	0	36152	
2151	0	34544	
2152	0	32724	
2153	0	31674	
2154	0	31644	
2155	0	32260	
2156	0	32512	
2157	0	32620	
2158	0	31408	
2159	0	28552	
2160	0	25128	
2161	0	21980	
2162	0	18990	
2163	0	16580	
2164	0	16336	
2165	0	18938	
2166	0	22176	
2167	0	24672	
2168	0	28040	
2169	0	32596	
2170	0	36938	
2171	0	40128	
2172	0	42388	
2173	0	43548	
2174	0	42516	
2175	0	39956	
2176	0	38216	
2177	0	38468	
2178	0	39284	
2179	0	40048	
2180	0	41012	
2181	0	41296	
2182	0	41752	
2183	0	43200	
2184	0	45040	
2185	0	46924	
2186	0	46728	
2187	0	44436	
2188	0	40236	
2189	0	34650	
2190	0	28748	
2191	0	24856	
2192	0	24008	
2193	0	27316	
2194	0	31008	
2195	0	32008	
2196	0	31876	
2197	0	33312	
2198	0	36740	
2199	0	40108	
2200	0	42184	
2201	0	42132	
2202	0	41236	
2203	0	38956	
2204	0	36312	
2205	0	33472	
2206	0	30820	
2207	0	29576	
2208	0	30640	
2209	0	33384	
2210	0	35792	
2211	0	37152	
2212	0	37824	
2213	0	36864	
2214	0	34104	
2215	0	30144	
2216	0	26316	
2217	0	23804	
2218	0	22958	
2219	0	24824	
2220	0	28848	
2221	0	33080	
2222	0	35976	
2223	0	37008	
2224	0	37920	
2225	0	39464	
2226	0	41744	
2227	0	44432	
2228	0	45880	
2229	0	46688	
2230	0	46060	
2231	0	44284	
2232	0	42584	
2233	0	40848	
2234	0	38832	
2235	0	36248	
2236	0	32868	
2237	0	29092	
2238	0	25860	
2239	0	23348	
2240	0	20208	
2241	0	17640	
2242	0	16252	
2243	0	17216	
2244	0	20256	
2245	0	23228	
2246	0	25268	
2247	0	27152	
2248	0	28232	
2249	0	29752	
2250	0	31712	
2251	0	34084	
2252	0	35552	
2253	0	33992	
2254	0	31136	
2255	0	28128	
2256	0	25708	
2257	0	24388	
2258	0	25528	
2259	0	27616	
2260	0	29008	
2261	0	28908	
2262	0	28716	
2263	0	29828	
2264	0	31884	
2265	0	34916	
2266	0	38384	
2267	0	42024	
2268	0	44008	
2269	0	44764	
2270	0	45068	
2271	0	44212	
2272	0	42064	
2273	0	37728	
2274	0	31660	
2275	0	25996	
2276	0	22168	
2277	0	18788	
2278	0	16804	
2279	0	16176	
2280	0	16584	
2281	0	19148	
2282	0	22632	
2283	0	26216	
2284	0	29844	
2285	0	33824	
2286	0	37588	
2287	0	40332	
2288	0	42256	
2289	0	43848	
2290	0	44704	
2291	0	45736	
2292	0	45516	
2293	0	43240	
2294	0	40180	
2295	0	37644	
2296	0	36128	
2297	0	36600	
2298	0	38928	
2299	0	42024	
2300	0	45040	
2301	0	45376	
2302	0	42484	
2303	0	38152	
2304	0	32212	
2305	0	26792	
2306	0	23164	
2307	0	21440	
2308	0	22237	
2309	0	24226	
2310	0	24828	
2311	0	25204	
2312	0	26164	
2313	0	27724	
2314	0	29472	
2315	0	31072	
2316	0	33664	
2317	0	36556	
2318	0	38336	
2319	0	38272	
2320	0	36388	
2321	0	33832	
2322	0	31012	
2323	0	27812	
2324	0	26332	
2325	0	28256	
2326	0	32280	
2327	0	36464	
2328	0	39012	
2329	0	40004	
2330	0	39960	
2331	0	39700	
2332	0	39304	
2333	0	37604	
2334	0	34814	
2335	0	31392	
2336	0	27516	
2337	0	23464	
2338	0	20660	
2339	0	20612	
2340	0	24868	
2341	0	29704	
2342	0	32172	
2343	0	33196	
2344	0	33152	
2345	0	32808	
2346	0	33916	
2347	0	34860	
2348	0	35054	
2349	0	33180	
2350	0	29084	
2351	0	26472	
2352	0	25364	
2353	0	26296	
2354	0	28716	
2355	0	30988	
2356	0	31844	
2357	0	32348	
2358	0	34368	
2359	0	37240	
2360	0	39272	
2361	0	38926	
2362	0	35416	
2363	0	31808	
2364	0	30232	
2365	0	31261	
2366	0	33736	
2367	0	35752	
2368	0	37460	
2369	0	39440	
2370	0	41588	
2371	0	43804	
2372	0	45972	
2373	0	47944	
2374	0	48880	
2375	0	47216	
2376	0	43708	
2377	0	39632	
2378	0	35728	
2379	0	31772	
2380	0	28644	
2381	0	26312	
2382	0	25456	
2383	0	25364	
2384	0	24696	
2385	0	24504	
2386	0	25506	
2387	0	27880	
2388	0	32100	
2389	0	36400	
2390	0	39512	
2391	0	41280	
2392	0	40280	
2393	0	38756	
2394	0	36884	
2395	0	34968	
2396	0	31824	
2397	0	28296	
2398	0	26624	
2399	0	27796	
2400	0	31032	
2401	0	35044	
2402	0	37484	
2403	0	39280	
2404	0	39736	
2405	0	39032	
2406	0	38776	
2407	0	38316	
2408	0	38272	
2409	0	38176	
2410	0	38180	
2411	0	39176	
2412	0	40260	
2413	0	41232	
2414	0	41708	
2415	0	41352	
2416	0	39828	
2417	0	37768	
2418	0	36700	
2419	0	36296	
2420	0	35600	
2421	0	35020	
2422	0	34348	
2423	0	34492	
2424	0	35074	
2425	0	34984	
2426	0	36104	
2427	0	38516	
2428	0	40256	
2429	0	39464	
2430	0	37516	
2431	0	34396	
2432	0	30864	
2433	0	29660	
2434	0	31240	
2435	0	32816	
2436	0	34040	
2437	0	35152	
2438	0	37536	
2439	0	39784	
2440	0	38904	
2441	0	34968	
2442	0	30444	
2443	0	28152	
2444	0	29320	
2445	0	33764	
2446	0	38656	
2447	0	41912	
2448	0	43528	
2449	0	44292	
2450	0	44100	
2451	0	43448	
2452	0	43600	
2453	0	43880	
2454	0	44572	
2455	0	44392	
2456	0	42072	
2457	0	38960	
2458	0	34376	
2459	0	29256	
2460	0	24296	
2461	0	19896	
2462	0	16424	
2463	0	14837	
2464	0	16136	
2465	0	19790	
2466	0	25076	
2467	0	30380	
2468	0	35280	
2469	0	39360	
2470	0	42364	
2471	0	44168	
2472	0	44512	
2473	0	43816	
2474	0	42152	
2475	0	40608	
2476	0	39512	
2477	0	38928	
2478	0	38680	
2479	0	39188	
2480	0	39368	
2481	0	38812	
2482	0	37096	
2483	0	34708	
2484	0	31548	
2485	0	28245	
2486	0	25044	
2487	0	22264	
2488	0	19224	
2489	0	17272	
2490	0	16934	
2491	0	18072	
2492	0	19796	
2493	0	20572	
2494	0	22244	
2495	0	28020	
2496	0	35392	
2497	0	41452	
2498	0	45032	
2499	0	45688	
2500	0	43548	
2501	0	40180	
2502	0	37644	
2503	0	37044	
2504	0	37228	
2505	0	38148	
2506	0	38952	
2507	0	38776	
2508	0	38064	
2509	0	36204	
2510	0	33984	
2511	0	32972	
2512	0	34048	
2513	0	35740	
2514	0	36788	
2515	0	36376	
2516	0	35112	
2517	0	34352	
2518	0	33752	
2519	0	33392	
2520	0	34208	
2521	0	34712	
2522	0	35968	
2523	0	36980	
2524	0	38168	
2525	0	39508	
2526	0	41308	
2527	0	42756	
2528	0	44016	
2529	0	44820	
2530	0	44656	
2531	0	44016	
2532	0	42192	
2533	0	39460	
2534	0	36964	
2535	0	33324	
2536	0	28684	
2537	0	24568	
2538	0	21564	
2539	0	20584	
2540	0	21000	
2541	0	22256	
2542	0	23580	
2543	0	25492	
2544	0	27836	
2545	0	29300	
2546	0	31204	
2547	0	33524	
2548	0	35572	
2549	0	37656	
2550	0	40460	
2551	0	44088	
2552	0	47660	
2553	0	50120	
2554	0	50272	
2555	0	49048	
2556	0	48220	
2557	0	47768	
2558	0	45832	
2559	0	43892	
2560	0	42048	
2561	0	39968	
2562	0	37592	
2563	0	35264	
2564	0	34012	
2565	0	33736	
2566	0	34724	
2567	0	36708	
2568	0	38424	
2569	0	38216	
2570	0	36304	
2571	0	34284	
2572	0	33168	
2573	0	32412	
2574	0	31480	
2575	0	29208	
2576	0	25176	
2577	0	20208	
2578	0	15972	
2579	0	13764	
2580	0	14914	
2581	0	19808	
2582	0	25944	
2583	0	30808	
2584	0	33036	
2585	0	33552	
2586	0	32912	
2587	0	32636	
2588	0	32840	
2589	0	32756	
2590	0	30792	
2591	0	28728	
2592	0	28868	
2593	0	30640	
2594	0	33628	
2595	0	36692	
2596	0	39076	
2597	0	41332	
2598	0	42772	
2599	0	42648	
2600	0	41032	
2601	0	37120	
2602	0	31660	
2603	0	26792	
2604	0	23992	
2605	0	22904	
2606	0	22162	
2607	0	21464	
2608	0	20196	
2609	0	18568	
2610	0	18738	
2611	0	19228	
2612	0	20384	
2613	0	20928	
2614	0	19850	
2615	0	19546	
2616	0	18696	
2617	0	19548	
2618	0	23476	
2619	0	28894	
2620	0	34956	
2621	0	41072	
2622	0	46436	
2623	0	51196	
2624	0	54628	
2625	0	54980	
2626	0	51984	
2627	0	46668	
2628	0	40512	
2629	0	34944	
2630	0	30368	
2631	0	27172	
2632	0	26224	
2633	0	26640	
2634	0	28020	
2635	0	30976	
2636	0	33816	
2637	0	35252	
2638	0	35792	
2639	0	35468	
2640	0	35360	
2641	0	35140	
2642	0	34384	
2643	0	33316	
2644	0	30180	
2645	0	26684	
2646	0	23940	
2647	0	22072	
2648	0	21200	
2649	0	21228	
2650	0	22136	
2651	0	24342	
2652	0	26708	
2653	0	29088	
2654	0	32280	
2655	0	36076	
2656	0	39304	
2657	0	41408	
2658	0	42400	
2659	0	41736	
2660	0	39764	
2661	0	36228	
2662	0	32360	
2663	0	30284	
2664	0	28796	
2665	0	27184	
2666	0	24484	
2667	0	22308	
2668	0	21592	
2669	0	22962	
2670	0	25580	
2671	0	28496	
2672	0	30284	
2673	0	30764	
2674	0	31224	
2675	0	32128	
2676	0	33328	
2677	0	35384	
2678	0	36820	
2679	0	36368	
2680	0	34296	
2681	0	30908	
2682	0	27204	
2683	0	23716	
2684	0	21244	
2685	0	20224	
2686	0	19824	
2687	0	21556	
2688	0	24432	
2689	0	27728	
2690	0	31704	
2691	0	35048	
2692	0	36168	
2693	0	36088	
2694	0	35080	
2695	0	33848	
2696	0	32688	
2697	0	32600	
2698	0	33920	
2699	0	34732	
2700	0	35344	
2701	0	35688	
2702	0	35008	
2703	0	34128	
2704	0	33452	
2705	0	32600	
2706	0	32120	
2707	0	32280	
2708	0	31580	
2709	0	30392	
2710	0	30852	
2711	0	32576	
2712	0	34244	
2713	0	35260	
2714	0	35848	
2715	0	34956	
2716	0	32880	
2717	0	31452	
2718	0	31104	
2719	0	30640	
2720	0	28656	
2721	0	26708	
2722	0	25388	
2723	0	24844	
2724	0	23924	
2725	0	22324	
2726	0	19664	
2727	0	17372	
2728	0	18336	
2729	0	20504	
2730	0	22088	
2731	0	24976	
2732	0	28896	
2733	0	33024	
2734	0	36016	
2735	0	37882	
2736	0	37812	
2737	0	37196	
2738	0	37792	
2739	0	38000	
2740	0	38116	
2741	0	38088	
2742	0	37580	
2743	0	37132	
2744	0	37080	
2745	0	36840	
2746	0	36036	
2747	0	35400	
2748	0	34408	
2749	0	33616	
2750	0	32320	
2751	0	31176	
2752	0	30352	
2753	0	31432	
2754	0	32784	
2755	0	32888	
2756	0	32544	
2757	0	32568	
2758	0	32204	
2759	0	31904	
2760	0	32028	
2761	0	32156	
2762	0	31296	
2763	0	30188	
2764	0	29820	
2765	0	30460	
2766	0	31280	
2767	0	32080	
2768	0	32668	
2769	0	31936	
2770	0	31560	
2771	0	32602	
2772	0	33592	
2773	0	33684	
2774	0	33804	
2775	0	33612	
2776	0	33352	
2777	0	32980	
2778	0	32728	
2779	0	32172	
2780	0	30920	
2781	0	30312	
2782	0	30080	
2783	0	30300	
2784	0	32124	
2785	0	34984	
2786	0	36536	
2787	0	37560	
2788	0	38280	
2789	0	38480	
2790	0	38484	
2791	0	38144	
2792	0	37032	
2793	0	36168	
2794	0	36104	
2795	0	36472	
2796	0	36312	
2797	0	35732	
2798	0	35596	
2799	0	35348	
2800	0	34024	
2801	0	32056	
2802	0	30100	
2803	0	27900	
2804	0	25276	
2805	0	22620	
2806	0	19922	
2807	0	17716	
2808	0	15172	
2809	0	12797	
2810	0	10832	
2811	0	10440	
2812	0	10912	
2813	0	12452	
2814	0	15478	
2815	0	20074	
2816	0	26204	
2817	0	32784	
2818	0	39192	
2819	0	43976	
2820	0	47368	
2821	0	49672	
2822	0	51616	
2823	0	52916	
2824	0	53996	
2825	0	54260	
2826	0	54068	
2827	0	53728	
2828	0	53696	
2829	0	53956	
2830	0	52788	
2831	0	50684	
2832	0	48152	
2833	0	46616	
2834	0	44848	
2835	0	40924	
2836	0	34956	
2837	0	27908	
2838	0	23480	
2839	0	21344	
2840	0	20612	
2841	0	22092	
2842	0	24744	
2843	0	25120	
2844	0	24568	
2845	0	24440	
2846	0	24040	
2847	0	24384	
2848	0	25064	
2849	0	25896	
2850	0	26504	
2851	0	27032	
2852	0	26536	
2853	0	26492	
2854	0	28176	
2855	0	31340	
2856	0	34640	
2857	0	36232	
2858	0	35732	
2859	0	34108	
2860	0	31162	
2861	0	28084	
2862	0	25554	
2863	0	23608	
2864	0	22916	
2865	0	23656	
2866	0	24652	
2867	0	25460	
2868	0	26288	
2869	0	26724	
2870	0	27260	
2871	0	28000	
2872	0	28800	
2873	0	29569	
2874	0	30068	
2875	0	30368	
2876	0	30192	
2877	0	28064	
2878	0	26264	
2879	0	26280	
2880	0	27936	
2881	0	28268	
2882	0	27321	
2883	0	24480	
2884	0	22256	
2885	0	21772	
2886	0	21872	
2887	0	21548	
2888	0	20424	
2889	0	19868	
2890	0	19636	
2891	0	18624	
2892	0	16800	
2893	0	14020	
2894	0	11770	
2895	0	11440	
2896	0	12700	
2897	0	15521	
2898	0	19544	
2899	0	23320	
2900	0	25760	
2901	0	27772	
2902	0	29564	
2903	0	29048	
2904	0	23872	
2905	0	18108	
2906	0	16184	
2907	0	18858	
2908	0	23904	
2909	0	28424	
2910	0	32840	
2911	0	36012	
2912	0	38712	
2913	0	40340	
2914	0	39340	
2915	0	36224	
2916	0	34352	
2917	0	34360	
2918	0	34660	
2919	0	33256	
2920	0	30852	
2921	0	30088	
2922	0	30608	
2923	0	30992	
2924	0	31188	
2925	0	31610	
2926	0	31456	
2927	0	30848	
2928	0	28640	
2929	0	25296	
2930	0	22320	
2931	0	20520	
2932	0	19952	
2933	0	19976	
2934	0	21356	
2935	0	25424	
2936	0	30184	
2937	0	35240	
2938	0	40044	
2939	0	43732	
2940	0	44780	
2941	0	44456	
2942	0	44356	
2943	0	43916	
2944	0	44432	
2945	0	45080	
2946	0	44236	
2947	0	41000	
2948	0	35904	
2949	0	30192	
2950	0	26036	
2951	0	25672	
2952	0	26948	
2953	0	28264	
2954	0	29944	
2955	0	30504	
2956	0	29596	
2957	0	28404	
2958	0	28062	
2959	0	28240	
2960	0	29280	
2961	0	32176	
2962	0	35484	
2963	0	38416	
2964	0	39508	
2965	0	38244	
2966	0	36680	
2967	0	36172	
2968	0	35872	
2969	0	35248	
2970	0	34212	
2971	0	33860	
2972	0	34672	
2973	0	35712	
2974	0	36904	
2975	0	36136	
2976	0	34304	
2977	0	32136	
2978	0	30120	
2979	0	28768	
2980	0	28288	
2981	0	27984	
2982	0	28116	
2983	0	29576	
2984	0	32210	
2985	0	35912	
2986	0	40336	
2987	0	43180	
2988	0	43516	
2989	0	43108	
2990	0	42520	
2991	0	43008	
2992	0	43628	
2993	0	43416	
2994	0	42264	
2995	0	40928	
2996	0	40088	
2997	0	39632	
2998	0	39512	
2999	0	39288	
3000	0	39108	
3001	0	37976	
3002	0	36064	
3003	0	34844	
3004	0	33920	
3005	0	31644	
3006	0	28588	
3007	0	25160	
3008	0	23342	
3009	0	22888	
3010	0	23972	
3011	0	28304	
3012	0	33968	
3013	0	37536	
3014	0	39644	
3015	0	39952	
3016	0	38496	
3017	0	39712	
3018	0	42116	
3019	0	44880	
3020	0	46352	
3021	0	46296	
3022	0	45516	
3023	0	44172	
3024	0	43224	
3025	0	43192	
3026	0	44456	
3027	0	45940	
3028	0	46224	
3029	0	45268	
3030	0	43012	
3031	0	39800	
3032	0	35512	
3033	0	31108	
3034	0	26132	
3035	0	21576	
3036	0	18402	
3037	0	17672	
3038	0	20802	
3039	0	26784	
3040	0	33944	
3041	0	41200	
3042	0	45084	
3043	0	45836	
3044	0	44972	
3045	0	43632	
3046	0	43028	
3047	0	42780	
3048	0	42484	
3049	0	42216	
3050	0	41856	
3051	0	40792	
3052	0	39448	
3053	0	38516	
3054	0	38344	
3055	0	38400	
3056	0	38480	
3057	0	38276	
3058	0	37404	
3059	0	36188	
3060	0	34016	
3061	0	31912	
3062	0	30312	
3063	0	29684	
3064	0	30168	
3065	0	31040	
3066	0	32978	
3067	0	35116	
3068	0	35776	
3069	0	36164	
3070	0	35028	
3071	0	31956	
3072	0	28456	
3073	0	26296	
3074	0	25484	
3075	0	26024	
3076	0	27028	
3077	0	27304	
3078	0	27032	
3079	0	26942	
3080	0	26560	
3081	0	26508	
3082	0	26628	
3083	0	27724	
3084	0	29844	
3085	0	32120	
3086	0	32040	
3087	0	29748	
3088	0	27204	
3089	0	26280	
3090	0	27960	
3091	0	30796	
3092	0	33716	
3093	0	36064	
3094	0	37404	
3095	0	37784	
3096	0	35904	
3097	0	32868	
3098	0	30801	
3099	0	32664	
3100	0	36184	
3101	0	37544	
3102	0	36396	
3103	0	34112	
3104	0	32812	
3105	0	32460	
3106	0	32472	
3107	0	32552	
3108	0	33208	
3109	0	34032	
3110	0	34504	
3111	0	33816	
3112	0	32178	
3113	0	30664	
3114	0	30676	
3115	0	31728	
3116	0	33668	
3117	0	37048	
3118	0	40548	
3119	0	43228	
3120	0	43852	
3121	0	41432	
3122	0	37912	
3123	0	34088	
3124	0	30710	
3125	0	29032	
3126	0	29216	
3127	0	29972	
3128	0	31360	
3129	0	32380	
3130	0	32996	
3131	0	34484	
3132	0	37336	
3133	0	39092	
3134	0	38768	
3135	0	36016	
3136	0	32008	
3137	0	27376	
3138	0	23064	
3139	0	20788	
3140	0	21144	
3141	0	23505	
3142	0	28036	
3143	0	32824	
3144	0	35980	
3145	0	37840	
3146	0	38232	
3147	0	38024	
3148	0	35764	
3149	0	33168	
3150	0	32432	
3151	0	31813	
3152	0	30716	
3153	0	29568	
3154	0	29448	
3155	0	31396	
3156	0	34776	
3157	0	37508	
3158	0	39156	
3159	0	39888	
3160	0	39712	
3161	0	38868	
3162	0	36952	
3163	0	35376	
3164	0	33336	
3165	0	32160	
3166	0	31248	
3167	0	31300	
3168	0	31880	
3169	0	31604	
3170	0	30706	
3171	0	29640	
3172	0	29282	
3173	0	29196	
3174	0	29280	
3175	0	30528	
3176	0	32840	
3177	0	35172	
3178	0	37816	
3179	0	39288	
3180	0	38156	
3181	0	34952	
3182	0	31960	
3183	0	30212	
3184	0	29600	
3185	0	30144	
3186	0	31184	
3187	0	32128	
3188	0	33248	
3189	0	34984	
3190	0	36936	
3191	0	38668	
3192	0	40148	
3193	0	40512	
3194	0	40664	
3195	0	40264	
3196	0	39984	
3197	0	39452	
3198	0	38288	
3199	0	36680	
3200	0	35364	
3201	0	33568	
3202	0	33056	
3203	0	33120	
3204	0	32008	
3205	0	30588	
3206	0	29520	
3207	0	28972	
3208	0	29812	
3209	0	32324	
3210	0	34584	
3211	0	35780	
3212	0	35704	
3213	0	35032	
3214	0	34588	
3215	0	34888	
3216	0	35828	
3217	0	36564	
3218	0	37780	
3219	0	38720	
3220	0	38348	
3221	0	37544	
3222	0	35896	
3223	0	32240	
3224	0	26504	
3225	0	20776	
3226	0	17480	
3227	0	17656	
3228	0	21220	
3229	0	27360	
3230	0	34608	
3231	0	40244	
3232	0	43360	
3233	0	44876	
3234	0	45672	
3235	0	45392	
3236	0	44720	
3237	0	42792	
3238	0	39928	
3239	0	37680	
3240	0	37252	
3241	0	37624	
3242	0	37968	
3243	0	37852	
3244	0	36116	
3245	0	34448	
3246	0	33668	
3247	0	33268	
3248	0	33908	
3249	0	35112	
3250	0	35788	
3251	0	35496	
3252	0	34304	
3253	0	33280	
3254	0	32208	
3255	0	30864	
3256	0	29860	
3257	0	29232	
3258	0	29044	
3259	0	29018	
3260	0	30492	
3261	0	31976	
3262	0	32452	
3263	0	32168	
3264	0	32128	
3265	0	32268	
3266	0	33328	
3267	0	34736	
3268	0	36252	
3269	0	36932	
3270	0	36208	
3271	0	34052	
3272	0	32424	
3273	0	32048	
3274	0	32356	
3275	0	33040	
3276	0	33960	
3277	0	35080	
3278	0	35956	
3279	0	36844	
3280	0	37088	
3281	0	35848	
3282	0	33640	
3283	0	31988	
3284	0	28716	
3285	0	25152	
3286	0	23368	
3287	0	23248	
3288	0	23992	
3289	0	25484	
3290	0	26408	
3291	0	27844	
3292	0	30748	
3293	0	32508	
3294	0	32024	
3295	0	29428	
3296	0	26292	
3297	0	24784	
3298	0	26260	
3299	0	27296	
3300	0	26764	
3301	0	25448	
3302	0	24236	
3303	0	23028	
3304	0	22644	
3305	0	23672	
3306	0	26448	
3307	0	30184	
3308	0	32656	
3309	0	33072	
3310	0	32220	
3311	0	31820	
3312	0	32128	
3313	0	33552	
3314	0	37100	
3315	0	41096	
3316	0	43768	
3317	0	44360	
3318	0	43932	
3319	0	42744	
3320	0	40424	
3321	0	36800	
3322	0	32584	
3323	0	28656	
3324	0	26440	
3325	0	24672	
3326	0	23440	
3327	0	24948	
3328	0	27780	
3329	0	30384	
3330	0	31456	
3331	0	30744	
3332	0	27988	
3333	0	26176	
3334	0	26016	
3335	0	27352	
3336	0	30108	
3337	0	32396	
3338	0	33748	
3339	0	33796	
3340	0	31952	
3341	0	29432	
3342	0	28268	
3343	0	29188	
3344	0	30984	
3345	0	33740	
3346	0	34900	
3347	0	33172	
3348	0	28528	
3349	0	23116	
3350	0	20044	
3351	0	20960	
3352	0	23984	
3353	0	27048	
3354	0	29764	
3355	0	31636	
3356	0	33040	
3357	0	34116	
3358	0	34028	
3359	0	33200	
3360	0	33804	
3361	0	34516	
3362	0	36120	
3363	0	38016	
3364	0	38152	
3365	0	37924	
3366	0	38616	
3367	0	40052	
3368	0	41472	
3369	0	42368	
3370	0	43066	
3371	0	42376	
3372	0	41384	
3373	0	40108	
3374	0	38404	
3375	0	37272	
3376	0	37652	
3377	0	37584	
3378	0	35600	
3379	0	32816	
3380	0	30504	
3381	0	28620	
3382	0	25160	
3383	0	21192	
3384	0	16812	
3385	0	11408	
3386	0	8401	
3387	0	9774	
3388	0	13574	
3389	0	17432	
3390	0	20452	
3391	0	25168	
3392	0	31872	
3393	0	38816	
3394	0	45512	
3395	0	49876	
3396	0	49848	
3397	0	46384	
3398	0	41440	
3399	0	36844	
3400	0	35680	
3401	0	36544	
3402	0	39356	
3403	0	44008	
3404	0	48780	
3405	0	51304	
3406	0	50832	
3407	0	46048	
3408	0	40408	
3409	0	34100	
3410	0	25920	
3411	0	18356	
3412	0	14720	
3413	0	14230	
3414	0	16489	
3415	0	18042	
3416	0	18152	
3417	0	17852	
3418	0	17192	
3419	0	19464	
3420	0	25036	
3421	0	32494	
3422	0	39764	
3423	0	44764	
3424	0	45816	
3425	0	40144	
3426	0	29016	
3427	0	18988	
3428	0	13240	
3429	0	14144	
3430	0	21432	
3431	0	32340	
3432	0	41680	
3433	0	49636	
3434	0	52800	
3435	0	52228	
3436	0	51200	
3437	0	50572	
3438	0	51512	
3439	0	50932	
3440	0	49184	
3441	0	47056	
3442	0	45068	
3443	0	44992	
3444	0	45676	
3445	0	44844	
3446	0	43376	
3447	0	40520	
3448	0	36960	
3449	0	35428	
3450	0	36292	
3451	0	38068	
3452	0	40468	
3453	0	40364	
3454	0	38304	
3455	0	35296	
3456	0	31224	
3457	0	29100	
3458	0	30520	
3459	0	31732	
3460	0	31824	
3461	0	32016	
3462	0	33348	
3463	0	34808	
3464	0	36484	
3465	0	41172	
3466	0	46888	
3467	0	50728	
3468	0	50964	
3469	0	48864	
3470	0	46052	
3471	0	42316	
3472	0	39180	
3473	0	36472	
3474	0	33920	
3475	0	31012	
3476	0	29396	
3477	0	32252	
3478	0	36624	
3479	0	39680	
3480	0	42032	
3481	0	42280	
3482	0	40312	
3483	0	36680	
3484	0	34648	
3485	0	34976	
3486	0	36252	
3487	0	37528	
3488	0	38784	
3489	0	39164	
3490	0	39436	
3491	0	40052	
3492	0	40108	
3493	0	40440	
3494	0	40648	
3495	0	40548	
3496	0	39844	
3497	0	38184	
3498	0	34920	
3499	0	31208	
3500	0	29056	
3501	0	27572	
3502	0	27120	
3503	0	26428	
3504	0	26616	
3505	0	28208	
3506	0	28860	
3507	0	27416	
3508	0	25080	
3509	0	22496	
3510	0	23072	
3511	0	26800	
3512	0	31576	
3513	0	35292	
3514	0	37108	
3515	0	37640	
3516	0	37540	
3517	0	36364	
3518	0	34160	
3519	0	32010	
3520	0	31064	
3521	0	31744	
3522	0	32732	
3523	0	32892	
3524	0	31548	
3525	0	29908	
3526	0	29336	
3527	0	30260	
3528	0	31412	
3529	0	31778	
3530	0	31216	
3531	0	30444	
3532	0	30308	
3533	0	30864	
3534	0	31952	
3535	0	33372	
3536	0	32640	
3537	0	30424	
3538	0	29296	
3539	0	31528	
3540	0	35808	
3541	0	37860	
3542	0	35896	
3543	0	31536	
3544	0	26032	
3545	0	21412	
3546	0	19348	
3547	0	19768	
3548	0	22776	
3549	0	27656	
3550	0	32888	
3551	0	36540	
3552	0	37844	
3553	0	37512	
3554	0	36696	
3555	0	35512	
3556	0	34384	
3557	0	33124	
3558	0	32116	
3559	0	31272	
3560	0	31440	
3561	0	31576	
3562	0	31484	
3563	0	30416	
3564	0	27716	
3565	0	24900	
3566	0	22506	
3567	0	21748	
3568	0	21344	
3569	0	20064	
3570	0	18960	
3571	0	19028	
3572	0	21020	
3573	0	24428	
3574	0	27524	
3575	0	29712	
3576	0	31328	
3577	0	33328	
3578	0	34720	
3579	0	34888	
3580	0	34220	
3581	0	32124	
3582	0	28684	
3583	0	25428	
3584	0	24308	
3585	0	24884	
3586	0	26900	
3587	0	28144	
3588	0	27680	
3589	0	26912	
3590	0	24436	
3591	0	20592	
3592	0	17604	
3593	0	16368	
3594	0	16308	
3595	0	18604	
3596	0	22910	
3597	0	27744	
3598	0	32044	
3599	0	35456	
3600	0	37796	
3601	0	38876	
3602	0	38272	
3603	0	36688	
3604	0	33928	
3605	0	30812	
3606	0	28980	
3607	0	28404	
3608	0	29276	
3609	0	30072	
3610	0	30344	
3611	0	31064	
3612	0	30868	
3613	0	29760	
3614	0	28072	
3615	0	26500	
3616	0	26208	
3617	0	26892	
3618	0	28992	
3619	0	31220	
3620	0	33512	
3621	0	34976	
3622	0	35764	
3623	0	35852	
3624	0	35836	
3625	0	35864	
3626	0	35016	
3627	0	32720	
3628	0	30260	
3629	0	29456	
3630	0	30984	
3631	0	32892	
3632	0	33320	
3633	0	32852	
3634	0	32968	
3635	0	34088	
3636	0	34612	
3637	0	33780	
3638	0	33344	
3639	0	33824	
3640	0	34428	
3641	0	34916	
3642	0	35376	
3643	0	35224	
3644	0	34108	
3645	0	30924	
3646	0	27372	
3647	0	25256	
3648	0	24464	
3649	0	24816	
3650	0	25544	
3651	0	26172	
3652	0	26516	
3653	0	26808	
3654	0	27692	
3655	0	28544	
3656	0	29400	
3657	0	29854	
3658	0	29880	
3659	0	29984	
3660	0	30816	
3661	0	32688	
3662	0	34816	
3663	0	34980	
3664	0	32304	
3665	0	28680	
3666	0	25800	
3667	0	22924	
3668	0	20396	
3669	0	19008	
3670	0	18952	
3671	0	19800	
3672	0	21612	
3673	0	22394	
3674	0	21052	
3675	0	18360	
3676	0	15788	
3677	0	15866	
3678	0	18568	
3679	0	21732	
3680	0	24024	
3681	0	25824	
3682	0	26668	
3683	0	26940	
3684	0	27816	
3685	0	29532	
3686	0	30208	
3687	0	30128	
3688	0	30594	
3689	0	31552	
3690	0	32688	
3691	0	33304	
3692	0	32796	
3693	0	31380	
3694	0	30020	
3695	0	29444	
3696	0	30560	
3697	0	32584	
3698	0	34848	
3699	0	36920	
3700	0	37984	
3701	0	37448	
3702	0	36020	
3703	0	35580	
3704	0	35112	
3705	0	33884	
3706	0	33764	
3707	0	33872	
3708	0	33968	
3709	0	34040	
3710	0	33640	
3711	0	31244	
3712	0	28736	
3713	0	28600	
3714	0	30876	
3715	0	33932	
3716	0	36352	
3717	0	37260	
3718	0	37212	
3719	0	36372	
3720	0	34324	
3721	0	32204	
3722	0	29936	
3723	0	28292	
3724	0	27976	
3725	0	29140	
3726	0	30860	
3727	0	32784	
3728	0	35054	
3729	0	37444	
3730	0	39200	
3731	0	39872	
3732	0	39940	
3733	0	39840	
3734	0	39056	
3735	0	37400	
3736	0	35896	
3737	0	33816	
3738	0	32588	
3739	0	32032	
3740	0	31552	
3741	0	30404	
3742	0	28144	
3743	0	24736	
3744	0	21557	
3745	0	19752	
3746	0	18676	
3747	0	18572	
3748	0	19976	
3749	0	22520	
3750	0	26294	
3751	0	29792	
3752	0	32232	
3753	0	33076	
3754	0	33076	
3755	0	32920	
3756	0	33104	
3757	0	33396	
3758	0	33224	
3759	0	32345	
3760	0	30876	
3761	0	29040	
3762	0	27456	
3763	0	26138	
3764	0	26512	
3765	0	28848	
3766	0	31240	
3767	0	33276	
3768	0	34540	
3769	0	35592	
3770	0	37632	
3771	0	39528	
3772	0	39716	
3773	0	38112	
3774	0	34908	
3775	0	31816	
3776	0	29820	
3777	0	29776	
3778	0	33008	
3779	0	36816	
3780	0	37400	
3781	0	33954	
3782	0	28356	
3783	0	23216	
3784	0	19466	
3785	0	16544	
3786	0	15232	
3787	0	16173	
3788	0	17800	
3789	0	20388	
3790	0	25136	
3791	0	30240	
3792	0	33980	
3793	0	36444	
3794	0	38960	
3795	0	40880	
3796	0	42176	
3797	0	42916	
3798	0	42296	
3799	0	39836	
3800	0	37060	
3801	0	35496	
3802	0	35280	
3803	0	35956	
3804	0	36276	
3805	0	37072	
3806	0	37804	
3807	0	38384	
3808	0	39624	
3809	0	41608	
3810	0	41896	
3811	0	40400	
3812	0	38988	
3813	0	38216	
3814	0	38112	
3815	0	37304	
3816	0	35720	
3817	0	32928	
3818	0	30428	
3819	0	28932	
3820	0	28488	
3821	0	28504	
3822	0	28296	
3823	0	27152	
3824	0	24628	
3825	0	23936	
3826	0	24880	
3827	0	26054	
3828	0	26977	
3829	0	28272	
3830	0	30156	
3831	0	32436	
3832	0	33176	
3833	0	32316	
3834	0	30052	
3835	0	27532	
3836	0	26432	
3837	0	27384	
3838	0	28356	
3839	0	30056	
3840	0	31088	
3841	0	32516	
3842	0	34944	
3843	0	37152	
3844	0	38552	
3845	0	38700	
3846	0	36840	
3847	0	33772	
3848	0	31076	
3849	0	28344	
3850	0	27352	
3851	0	27180	
3852	0	27268	
3853	0	27248	
3854	0	26184	
3855	0	25432	
3856	0	26228	
3857	0	27820	
3858	0	29776	
3859	0	32052	
3860	0	34812	
3861	0	37696	
3862	0	40536	
3863	0	42904	
3864	0	44336	
3865	0	44136	
3866	0	42940	
3867	0	41704	
3868	0	40336	
3869	0	38788	
3870	0	37272	
3871	0	35780	
3872	0	34368	
3873	0	34080	
3874	0	33976	
3875	0	34524	
3876	0	34796	
3877	0	34532	
3878	0	33524	
3879	0	32404	
3880	0	31332	
3881	0	31394	
3882	0	32316	
3883	0	33092	
3884	0	32876	
3885	0	31432	
3886	0	29744	
3887	0	28180	
3888	0	28296	
3889	0	29472	
3890	0	30132	
3891	0	30864	
3892	0	31426	
3893	0	31272	
3894	0	30120	
3895	0	27700	
3896	0	25836	
3897	0	24492	
3898	0	23460	
3899	0	23604	
3900	0	24624	
3901	0	25906	
3902	0	28128	
3903	0	30832	
3904	0	33380	
3905	0	35604	
3906	0	37076	
3907	0	38172	
3908	0	38396	
3909	0	37192	
3910	0	33896	
3911	0	29740	
3912	0	27072	
3913	0	27752	
3914	0	30008	
3915	0	31904	
3916	0	33024	
3917	0	32856	
3918	0	31008	
3919	0	30168	
3920	0	30648	
3921	0	31692	
3922	0	31364	
3923	0	29748	
3924	0	28116	
3925	0	27300	
3926	0	27112	
3927	0	26152	
3928	0	25436	
3929	0	24976	
3930	0	25144	
3931	0	26680	
3932	0	29428	
3933	0	32416	
3934	0	35368	
3935	0	36904	
3936	0	37964	
3937	0	38672	
3938	0	37536	
3939	0	35380	
3940	0	32752	
3941	0	30672	
3942	0	29200	
3943	0	27812	
3944	0	26696	
3945	0	26074	
3946	0	26520	
3947	0	27660	
3948	0	28440	
3949	0	29020	
3950	0	30326	
3951	0	33160	
3952	0	35704	
3953	0	37116	
3954	0	37800	
3955	0	38128	
3956	0	37880	
3957	0	35932	
3958	0	33964	
3959	0	33596	
3960	0	34648	
3961	0	36680	
3962	0	37836	
3963	0	37844	
3964	0	37016	
3965	0	35692	
3966	0	34180	
3967	0	33396	
3968	0	32828	
3969	0	32004	
3970	0	31384	
3971	0	31112	
3972	0	31688	
3973	0	33000	
3974	0	35384	
3975	0	37376	
3976	0	38128	
3977	0	37052	
3978	0	34304	
3979	0	32148	
3980	0	31058	
3981	0	30728	
3982	0	30892	
3983	0	33120	
3984	0	35164	
3985	0	35884	
3986	0	35184	
3987	0	32972	
3988	0	30552	
3989	0	28744	
3990	0	27464	
3991	0	26452	
3992	0	25380	
3993	0	24960	
3994	0	25700	
3995	0	26692	
3996	0	27112	
3997	0	27112	
3998	0	27496	
3999	0	28048	
4000	0	27952	
4001	0	27780	
4002	0	28024	
4003	0	29000	
4004	0	30484	
4005	0	31480	
4006	0	31376	
4007	0	29824	
4008	0	27984	
4009	0	27276	
4010	0	27760	
4011	0	28716	
4012	0	29144	
4013	0	29172	
4014	0	28620	
4015	0	28508	
4016	0	29192	
4017	0	30288	
4018	0	31548	
4019	0	32364	
4020	0	33276	
4021	0	34536	
4022	0	35034	
4023	0	33704	
4024	0	31632	
4025	0	30152	
4026	0	29448	
4027	0	29948	
4028	0	30120	
4029	0	30120	
4030	0	30240	
4031	0	29774	
4032	0	29468	
4033	0	29128	
4034	0	29100	
4035	0	29648	
4036	0	30880	
4037	0	32104	
4038	0	33340	
4039	0	34752	
4040	0	35984	
4041	0	38232	
4042	0	40088	
4043	0	41328	
4044	0	41992	
4045	0	41376	
4046	0	39300	
4047	0	36796	
4048	0	35252	
4049	0	35768	
4050	0	36392	
4051	0	36732	
4052	0	36136	
4053	0	34300	
4054	0	32136	
4055	0	29432	
4056	0	25582	
4057	0	21116	
4058	0	17260	
4059	0	16484	
4060	0	19900	
4061	0	24160	
4062	0	28004	
4063	0	31712	
4064	0	34528	
4065	0	35972	
4066	0	36672	
4067	0	36560	
4068	0	36240	
4069	0	36864	
4070	0	38064	
4071	0	38908	
4072	0	39032	
4073	0	38536	
4074	0	37920	
4075	0	38252	
4076	0	37780	
4077	0	37004	
4078	0	36560	
4079	0	35964	
4080	0	33556	
4081	0	29848	
4082	0	27308	
4083	0	26500	
4084	0	26848	
4085	0	27672	
4086	0	29696	
4087	0	32728	
4088	0	34536	
4089	0	35408	
4090	0	36948	
4091	0	38156	
4092	0	38856	
4093	0	39608	
4094	0	40540	
4095	0	40832	
4096	0	41580	
4097	0	42624	
4098	0	43348	
4099	0	42684	
4100	0	40554	
4101	0	38792	
4102	0	37460	
4103	0	36568	
4104	0	37308	
4105	0	39080	
4106	0	39900	
4107	0	40048	
4108	0	39228	
4109	0	38048	
4110	0	37096	
4111	0	36100	
4112	0	34200	
4113	0	32124	
4114	0	31505	
4115	0	31616	
4116	0	31424	
4117	0	31396	
4118	0	32128	
4119	0	34160	
4120	0	36900	
4121	0	39476	
4122	0	41388	
4123	0	41564	
4124	0	41416	
4125	0	40972	
4126	0	40032	
4127	0	39136	
4128	0	38684	
4129	0	37824	
4130	0	36524	
4131	0	34764	
4132	0	32924	
4133	0	31500	
4134	0	31712	
4135	0	32136	
4136	0	32488	
4137	0	32032	
4138	0	31300	
4139	0	30660	
4140	0	30936	
4141	0	31580	
4142	0	33016	
4143	0	35024	
4144	0	35522	
4145	0	34696	
4146	0	33464	
4147	0	32968	
4148	0	33112	
4149	0	33384	
4150	0	33748	
4151	0	33712	
4152	0	33848	
4153	0	33552	
4154	0	33812	
4155	0	35312	
4156	0	36800	
4157	0	36736	
4158	0	35884	
4159	0	34992	
4160	0	33824	
4161	0	31540	
4162	0	29940	
4163	0	30640	
4164	0	32080	
4165	0	35020	
4166	0	38580	
4167	0	41840	
4168	0	45104	
4169	0	47240	
4170	0	47392	
4171	0	45684	
4172	0	44160	
4173	0	44056	
4174	0	44340	
4175	0	44312	
4176	0	43112	
4177	0	40528	
4178	0	38406	
4179	0	37676	
4180	0	37404	
4181	0	36932	
4182	0	36320	
4183	0	35152	
4184	0	33928	
4185	0	32180	
4186	0	29764	
4187	0	26480	
4188	0	23976	
4189	0	22460	
4190	0	23228	
4191	0	26172	
4192	0	29324	
4193	0	32248	
4194	0	35568	
4195	0	37780	
4196	0	39328	
4197	0	40532	
4198	0	41312	
4199	0	42792	
4200	0	46080	
4201	0	49976	
4202	0	52544	
4203	0	53656	
4204	0	54104	
4205	0	53596	
4206	0	51672	
4207	0	48512	
4208	0	45072	
4209	0	43200	
4210	0	44584	
4211	0	47544	
4212	0	51436	
4213	0	54516	
4214	0	55308	
4215	0	55440	
4216	0	55308	
4217	0	55400	
4218	0	54516	
4219	0	53600	
4220	0	55200	
4221	0	57260	
4222	0	57432	
4223	0	56348	
4224	0	53456	
4225	0	49136	
4226	0	43576	
4227	0	39140	
4228	0	37472	
4229	0	38992	
4230	0	40872	
4231	0	42560	
4232	0	44392	
4233	0	46312	
4234	0	47924	
4235	0	49320	
4236	0	51436	
4237	0	54956	
4238	0	58672	
4239	0	60320	
4240	0	59800	
4241	0	58832	
4242	0	56276	
4243	0	53344	
4244	0	50232	
4245	0	46056	
4246	0	43488	
4247	0	42984	
4248	0	42252	
4249	0	42088	
4250	0	43040	
4251	0	43608	
4252	0	44300	
4253	0	45368	
4254	0	46492	
4255	0	47236	
4256	0	46984	
4257	0	45172	
4258	0	42704	
4259	0	41272	
4260	0	41104	
4261	0	41720	
4262	0	43808	
4263	0	46764	
4264	0	50308	
4265	0	53856	
4266	0	56176	
4267	0	57048	
4268	0	56660	
4269	0	56224	
4270	0	55600	
4271	0	56080	
4272	0	56716	
4273	0	56808	
4274	0	54704	
4275	0	52048	
4276	0	49660	
4277	0	48116	
4278	0	46436	
4279	0	44228	
4280	0	41092	
4281	0	38800	
4282	0	38860	
4283	0	40044	
4284	0	41576	
4285	0	42848	
4286	0	43560	
4287	0	44112	
4288	0	44988	
4289	0	46016	
4290	0	46796	
4291	0	46952	
4292	0	46836	
4293	0	46492	
4294	0	46548	
4295	0	48344	
4296	0	50648	
4297	0	52632	
4298	0	53480	
4299	0	53336	
4300	0	51852	
4301	0	49324	
4302	0	46776	
4303	0	44600	
4304	0	42840	
4305	0	42352	
4306	0	42476	
4307	0	42000	
4308	0	41184	
4309	0	39704	
4310	0	37956	
4311	0	36636	
4312	0	35588	
4313	0	34786	
4314	0	34164	
4315	0	32920	
4316	0	31980	
4317	0	31744	
4318	0	31444	
4319	0	30716	
4320	0	30008	
4321	0	30308	
4322	0	31288	
4323	0	30880	
4324	0	28956	
4325	0	26268	
4326	0	23536	
4327	0	22312	
4328	0	22688	
4329	0	23236	
4330	0	22676	
4331	0	21196	
4332	0	18204	
4333	0	14136	
4334	0	10324	
4335	0	8425	
4336	0	8440	
4337	0	9780	
4338	0	10404	
4339	0	11366	
4340	0	14712	
4341	0	20112	
4342	0	26592	
4343	0	31012	
4344	0	32004	
4345	0	30904	
4346	0	29800	
4347	0	30228	
4348	0	31065	
4349	0	32040	
4350	0	33124	
4351	0	33192	
4352	0	33408	
4353	0	34512	
4354	0	34612	
4355	0	33032	
4356	0	31074	
4357	0	29340	
4358	0	27156	
4359	0	25236	
4360	0	23484	
4361	0	22113	
4362	0	20928	
4363	0	20100	
4364	0	20132	
4365	0	20756	
4366	0	20602	
4367	0	19536	
4368	0	18988	
4369	0	17834	
4370	0	16529	
4371	0	15172	
4372	0	14056	
4373	0	14056	
4374	0	14752	
4375	0	15854	
4376	0	16768	
4377	0	18036	
4378	0	19572	
4379	0	21084	
4380	0	22704	
4381	0	23476	
4382	0	23788	
4383	0	23824	
4384	0	23692	
4385	0	23572	
4386	0	24044	
4387	0	24956	
4388	0	25668	
4389	0	25652	
4390	0	24216	
4391	0	21912	
4392	0	19610	
4393	0	18472	
4394	0	18828	
4395	0	18840	
4396	0	18228	
4397	0	18336	
4398	0	18000	
4399	0	15892	
4400	0	12732	
4401	0	8258	
4402	0	5542	
4403	0	7180	
4404	0	12132	
4405	0	17184	
4406	0	20612	
4407	0	23510	
4408	0	26440	
4409	0	28176	
4410	0	28880	
4411	0	29020	
4412	0	29730	
4413	0	30884	
4414	0	31044	
4415	0	30440	
4416	0	29004	
4417	0	27088	
4418	0	25688	
4419	0	24880	
4420	0	24228	
4421	0	24088	
4422	0	24460	
4423	0	22520	
4424	0	19244	
4425	0	16704	
4426	0	14100	
4427	0	13900	
4428	0	14558	
4429	0	15024	
4430	0	17080	
4431	0	20280	
4432	0	23500	
4433	0	26432	
4434	0	29156	
4435	0	31100	
4436	0	31268	
4437	0	29692	
4438	0	28648	
4439	0	27996	
4440	0	27888	
4441	0	28538	
4442	0	29312	
4443	0	29192	
4444	0	28508	
4445	0	27600	
4446	0	26284	
4447	0	24896	
4448	0	24660	
4449	0	25248	
4450	0	26124	
4451	0	27168	
4452	0	27416	
4453	0	25744	
4454	0	23220	
4455	0	20744	
4456	0	19909	
4457	0	22194	
4458	0	26076	
4459	0	30640	
4460	0	35176	
4461	0	38448	
4462	0	40640	
4463	0	41672	
4464	0	40548	
4465	0	38796	
4466	0	37932	
4467	0	36920	
4468	0	36032	
4469	0	34956	
4470	0	32216	
4471	0	28989	
4472	0	26272	
4473	0	26092	
4474	0	27080	
4475	0	28456	
4476	0	30012	
4477	0	31648	
4478	0	33324	
4479	0	35812	
4480	0	37936	
4481	0	38436	
4482	0	38308	
4483	0	37200	
4484	0	35296	
4485	0	33596	
4486	0	32336	
4487	0	31076	
4488	0	30320	
4489	0	29820	
4490	0	28940	
4491	0	29440	
4492	0	30704	
4493	0	32468	
4494	0	37084	
4495	0	43304	
4496	0	46500	
4497	0	45504	
4498	0	42404	
4499	0	39576	
4500	0	37828	
4501	0	38044	
4502	0	39644	
4503	0	42116	
4504	0	42696	
4505	0	41288	
4506	0	38448	
4507	0	35432	
4508	0	32144	
4509	0	29332	
4510	0	28908	
4511	0	30692	
4512	0	32652	
4513	0	36044	
4514	0	41376	
4515	0	46664	
4516	0	49280	
4517	0	49272	
4518	0	46440	
4519	0	42720	
4520	0	38232	
4521	0	31532	
4522	0	25204	
4523	0	20748	
4524	0	17484	
4525	0	15944	
4526	0	16576	
4527	0	19088	
4528	0	22760	
4529	0	27632	
4530	0	32624	
4531	0	36080	
4532	0	37960	
4533	0	39972	
4534	0	43400	
4535	0	48000	
4536	0	54304	
4537	0	60940	
4538	0	64120	
4539	0	62464	
4540	0	58396	
4541	0	54408	
4542	0	49644	
4543	0	43508	
4544	0	37024	
4545	0	30628	
4546	0	26912	
4547	0	27216	
4548	0	31152	
4549	0	36576	
4550	0	41428	
4551	0	44728	
4552	0	45880	
4553	0	45940	
4554	0	46976	
4555	0	49068	
4556	0	51304	
4557	0	53116	
4558	0	55524	
4559	0	58208	
4560	0	62268	
4561	0	65472	
4562	0	65464	
4563	0	65468	
4564	0	65464	
4565	0	55300	
4566	0	44056	
4567	0	34436	
4568	0	26772	
4569	0	23090	
4570	0	24896	
4571	0	31570	
4572	0	41044	
4573	0	50380	
4574	0	56916	
4575	0	59756	
4576	0	60288	
4577	0	61240	
4578	0	62864	
4579	0	63904	
4580	0	64408	
4581	0	63856	
4582	0	62280	
4583	0	60316	
4584	0	57152	
4585	0	52512	
4586	0	46796	
4587	0	41616	
4588	0	38848	
4589	0	38324	
4590	0	38784	
4591	0	39348	
4592	0	39284	
4593	0	39288	
4594	0	39408	
4595	0	40076	
4596	0	41008	
4597	0	40896	
4598	0	39624	
4599	0	38604	
4600	0	38732	
4601	0	39064	
4602	0	39292	
4603	0	39448	
4604	0	38752	
4605	0	36944	
4606	0	32496	
4607	0	26784	
4608	0	22472	
4609	0	19948	
4610	0	19724	
4611	0	21724	
4612	0	23340	
4613	0	23916	
4614	0	22076	
4615	0	18100	
4616	0	14244	
4617	0	12228	
4618	0	12220	
4619	0	13680	
4620	0	16304	
4621	0	19180	
4622	0	20356	
4623	0	18868	
4624	0	16152	
4625	0	13700	
4626	0	11892	
4627	0	12020	
4628	0	13038	
4629	0	12898	
4630	0	11964	
4631	0	10766	
4632	0	10378	
4633	0	11714	
4634	0	14006	
4635	0	16180	
4636	0	18548	
4637	0	21592	
4638	0	23720	
4639	0	24472	
4640	0	23680	
4641	0	21520	
4642	0	16808	
4643	0	11322	
4644	0	6545	
4645	0	3296	
4646	0	1669	
4647	0	2323	
4648	0	5548	
4649	0	10108	
4650	0	14964	
4651	0	19120	
4652	0	23208	
4653	0	26444	
4654	0	26992	
4655	0	24424	
4656	0	19876	
4657	0	14540	
4658	0	9588	
4659	0	7066	
4660	0	7484	
4661	0	9182	
4662	0	10228	
4663	0	9358	
4664	0	8344	
4665	0	9318	
4666	0	11160	
4667	0	13104	
4668	0	14732	
4669	0	15692	
4670	0	16594	
4671	0	16932	
4672	0	17408	
4673	0	18141	
4674	0	18204	
4675	0	17850	
4676	0	17857	
4677	0	17432	
4678	0	16384	
4679	0	13832	
4680	0	10953	
4681	0	8774	
4682	0	7144	
4683	0	5301	
4684	0	4378	
4685	0	3808	
4686	0	4457	
4687	0	6598	
4688	0	9549	
4689	0	12278	
4690	0	14894	
4691	0	17092	
4692	0	21132	
4693	0	25562	
4694	0	29364	
4695	0	31176	
4696	0	31176	
4697	0	30356	
4698	0	28640	
4699	0	26768	
4700	0	25724	
4701	0	25124	
4702	0	24280	
4703	0	22800	
4704	0	19386	
4705	0	15260	
4706	0	11816	
4707	0	9336	
4708	0	7160	
4709	0	6872	
4710	0	7953	
4711	0	9559	
4712	0	11484	
4713	0	14244	
4714	0	17448	
4715	0	19940	
4716	0	20624	
4717	0	20296	
4718	0	19762	
4719	0	19620	
4720	0	19132	
4721	0	18776	
4722	0	18992	
4723	0	20188	
4724	0	21376	
4725	0	21848	
4726	0	22236	
4727	0	23184	
4728	0	24056	
4729	0	24644	
4730	0	24464	
4731	0	23854	
4732	0	22044	
4733	0	19138	
4734	0	16248	
4735	0	13658	
4736	0	10442	
4737	0	7575	
4738	0	5798	
4739	0	6082	
4740	0	8584	
4741	0	12604	
4742	0	17196	
4743	0	20640	
4744	0	21656	
4745	0	22548	
4746	0	24008	
4747	0	26064	
4748	0	27276	
4749	0	26348	
4750	0	23756	
4751	0	20652	
4752	0	18428	
4753	0	17952	
4754	0	19616	
4755	0	21588	
4756	0	23692	
4757	0	25988	
4758	0	27732	
4759	0	28560	
4760	0	28288	
4761	0	27056	
4762	0	25908	
4763	0	24436	
4764	0	22552	
4765	0	20560	
4766	0	19044	
4767	0	17940	
4768	0	16022	
4769	0	12195	
4770	0	8408	
4771	0	5584	
4772	0	5408	
4773	0	7226	
4774	0	9544	
4775	0	12388	
4776	0	15692	
4777	0	19176	
4778	0	22760	
4779	0	25396	
4780	0	26928	
4781	0	27946	
4782	0	28944	
4783	0	28960	
4784	0	27588	
4785	0	26168	
4786	0	26348	
4787	0	27616	
4788	0	29444	
4789	0	30986	
4790	0	31980	
4791	0	31940	
4792	0	31192	
4793	0	31200	
4794	0	31968	
4795	0	32668	
4796	0	32692	
4797	0	33108	
4798	0	33972	
4799	0	35000	
4800	0	34456	
4801	0	31972	
4802	0	29476	
4803	0	27952	
4804	0	27404	
4805	0	27808	
4806	0	27888	
4807	0	27100	
4808	0	26320	
4809	0	25348	
4810	0	24640	
4811	0	25116	
4812	0	27192	
4813	0	29228	
4814	0	30272	
4815	0	30648	
4816	0	30784	
4817	0	30776	
4818	0	30036	
4819	0	27152	
4820	0	22160	
4821	0	17084	
4822	0	15048	
4823	0	17556	
4824	0	23932	
4825	0	30924	
4826	0	37520	
4827	0	42572	
4828	0	45608	
4829	0	46632	
4830	0	46764	
4831	0	46452	
4832	0	45584	
4833	0	44644	
4834	0	43688	
4835	0	42460	
4836	0	41188	
4837	0	39712	
4838	0	39260	
4839	0	39612	
4840	0	40352	
4841	0	39200	
4842	0	35536	
4843	0	30792	
4844	0	26498	
4845	0	23536	
4846	0	21700	
4847	0	22372	
4848	0	25960	
4849	0	32032	
4850	0	38296	
4851	0	42588	
4852	0	45012	
4853	0	45928	
4854	0	45976	
4855	0	45160	
4856	0	44180	
4857	0	43576	
4858	0	41868	
4859	0	39260	
4860	0	36024	
4861	0	32540	
4862	0	28968	
4863	0	26874	
4864	0	26072	
4865	0	26288	
4866	0	27188	
4867	0	28660	
4868	0	31136	
4869	0	34156	
4870	0	36844	
4871	0	39040	
4872	0	40248	
4873	0	39492	
4874	0	37152	
4875	0	34808	
4876	0	33096	
4877	0	31740	
4878	0	29592	
4879	0	26228	
4880	0	23244	
4881	0	22736	
4882	0	25156	
4883	0	29896	
4884	0	35172	
4885	0	38800	
4886	0	40764	
4887	0	41256	
4888	0	40836	
4889	0	39688	
4890	0	38476	
4891	0	38280	
4892	0	38032	
4893	0	36996	
4894	0	34448	
4895	0	32268	
4896	0	30780	
4897	0	29884	
4898	0	30104	
4899	0	31320	
4900	0	32596	
4901	0	34272	
4902	0	36924	
4903	0	40320	
4904	0	43474	
4905	0	45896	
4906	0	46944	
4907	0	46792	
4908	0	45248	
4909	0	42788	
4910	0	41220	
4911	0	40560	
4912	0	40564	
4913	0	40896	
4914	0	41600	
4915	0	42184	
4916	0	42664	
4917	0	42908	
4918	0	42320	
4919	0	40312	
4920	0	38612	
4921	0	38890	
4922	0	40056	
4923	0	41506	
4924	0	42892	
4925	0	43104	
4926	0	41068	
4927	0	38296	
4928	0	36156	
4929	0	34812	
4930	0	34388	
4931	0	34112	
4932	0	34160	
4933	0	34460	
4934	0	34900	
4935	0	36112	
4936	0	37608	
4937	0	39016	
4938	0	40064	
4939	0	40220	
4940	0	39868	
4941	0	40020	
4942	0	41084	
4943	0	42580	
4944	0	43452	
4945	0	43396	
4946	0	42912	
4947	0	42272	
4948	0	41216	
4949	0	39736	
4950	0	39428	
4951	0	39576	
4952	0	39648	
4953	0	39928	
4954	0	39896	
4955	0	39820	
4956	0	39994	
4957	0	40380	
4958	0	40748	
4959	0	40820	
4960	0	41140	
4961	0	41116	
4962	0	40228	
4963	0	38548	
4964	0	36632	
4965	0	35612	
4966	0	35436	
4967	0	36472	
4968	0	37848	
4969	0	37980	
4970	0	37112	
4971	0	36616	
4972	0	35436	
4973	0	33004	
4974	0	30916	
4975	0	30384	
4976	0	31296	
4977	0	34012	
4978	0	37908	
4979	0	41744	
4980	0	44844	
4981	0	47544	
4982	0	48760	
4983	0	47944	
4984	0	46272	
4985	0	45196	
4986	0	44548	
4987	0	44264	
4988	0	43788	
4989	0	43000	
4990	0	42400	
4991	0	42176	
4992	0	41688	
4993	0	40964	
4994	0	40564	
4995	0	40084	
4996	0	39588	
4997	0	38272	
4998	0	36688	
4999	0	35572	
5000	0	35802	
5001	0	36604	
5002	0	37108	
5003	0	37068	
5004	0	37352	
5005	0	37404	
5006	0	38008	
5007	0	40268	
5008	0	42748	
5009	0	43592	
5010	0	42416	
5011	0	39032	
5012	0	34792	
5013	0	31356	
5014	0	29040	
5015	0	29128	
5016	0	31524	
5017	0	34424	
5018	0	36912	
5019	0	39020	
5020	0	40764	
5021	0	43068	
5022	0	45152	
5023	0	45224	
5024	0	44396	
5025	0	42888	
5026	0	41772	
5027	0	41028	
5028	0	40840	
5029	0	41056	
5030	0	40620	
5031	0	40232	
5032	0	39384	
5033	0	38384	
5034	0	37392	
5035	0	35908	
5036	0	34168	
5037	0	32312	
5038	0	30196	
5039	0	29484	
5040	0	30082	
5041	0	31660	
5042	0	34132	
5043	0	36644	
5044	0	38524	
5045	0	39392	
5046	0	40068	
5047	0	40268	
5048	0	40416	
5049	0	40008	
5050	0	38420	
5051	0	36520	
5052	0	35220	
5053	0	33868	
5054	0	33552	
5055	0	34304	
5056	0	35836	
5057	0	37400	
5058	0	39160	
5059	0	41376	
5060	0	43012	
5061	0	43668	
5062	0	44360	
5063	0	44464	
5064	0	43596	
5065	0	41960	
5066	0	39576	
5067	0	37224	
5068	0	36234	
5069	0	36228	
5070	0	37148	
5071	0	39168	
5072	0	41048	
5073	0	41848	
5074	0	42548	
5075	0	42672	
5076	0	42056	
5077	0	41656	
5078	0	40488	
5079	0	38184	
5080	0	35064	
5081	0	32932	
5082	0	32060	
5083	0	31984	
5084	0	32740	
5085	0	33660	
5086	0	34424	
5087	0	34596	
5088	0	33648	
5089	0	32700	
5090	0	33164	
5091	0	35100	
5092	0	36600	
5093	0	37172	
5094	0	36204	
5095	0	34748	
5096	0	33920	
5097	0	34656	
5098	0	36600	
5099	0	38984	
5100	0	41940	
5101	0	45076	
5102	0	47056	
5103	0	47620	
5104	0	47356	
5105	0	46408	
5106	0	44392	
5107	0	40580	
5108	0	35864	
5109	0	31304	
5110	0	28452	
5111	0	27788	
5112	0	28704	
5113	0	30108	
5114	0	32068	
5115	0	34532	
5116	0	36488	
5117	0	36464	
5118	0	35160	
5119	0	33388	
5120	0	31488	
5121	0	29258	
5122	0	26656	
5123	0	24548	
5124	0	23764	
5125	0	24264	
5126	0	26108	
5127	0	29124	
5128	0	33276	
5129	0	37708	
5130	0	41924	
5131	0	45080	
5132	0	46632	
5133	0	47324	
5134	0	46632	
5135	0	43864	
5136	0	39728	
5137	0	34980	
5138	0	31000	
5139	0	28396	
5140	0	27356	
5141	0	28672	
5142	0	31556	
5143	0	34608	
5144	0	36876	
5145	0	38180	
5146	0	38400	
5147	0	37776	
5148	0	37160	
5149	0	36608	
5150	0	36528	
5151	0	37032	
5152	0	37988	
5153	0	38432	
5154	0	37560	
5155	0	36136	
5156	0	35000	
5157	0	34460	
5158	0	34324	
5159	0	34928	
5160	0	36180	
5161	0	36880	
5162	0	37572	
5163	0	37536	
5164	0	37036	
5165	0	36704	
5166	0	36664	
5167	0	36660	
5168	0	36204	
5169	0	35392	
5170	0	35248	
5171	0	34760	
5172	0	33396	
5173	0	32428	
5174	0	32384	
5175	0	32412	
5176	0	31896	
5177	0	30468	
5178	0	28704	
5179	0	27392	
5180	0	26032	
5181	0	24696	
5182	0	23888	
5183	0	24644	
5184	0	26364	
5185	0	27512	
5186	0	27684	
5187	0	27184	
5188	0	27136	
5189	0	28328	
5190	0	31032	
5191	0	33720	
5192	0	35252	
5193	0	36096	
5194	0	37364	
5195	0	39248	
5196	0	41408	
5197	0	43064	
5198	0	42660	
5199	0	41176	
5200	0	39576	
5201	0	38468	
5202	0	38408	
5203	0	38688	
5204	0	37946	
5205	0	36492	
5206	0	34568	
5207	0	32928	
5208	0	32016	
5209	0	31066	
5210	0	30520	
5211	0	30176	
5212	0	29540	
5213	0	28016	
5214	0	26216	
5215	0	24908	
5216	0	24365	
5217	0	25696	
5218	0	27580	
5219	0	29128	
5220	0	30588	
5221	0	32432	
5222	0	33936	
5223	0	34752	
5224	0	34752	
5225	0	34060	
5226	0	33434	
5227	0	32840	
5228	0	32096	
5229	0	32052	
5230	0	32656	
5231	0	33792	
5232	0	35184	
5233	0	36564	
5234	0	37828	
5235	0	39552	
5236	0	40786	
5237	0	41412	
5238	0	41756	
5239	0	41052	
5240	0	39716	
5241	0	38728	
5242	0	38608	
5243	0	38500	
5244	0	37428	
5245	0	35904	
5246	0	35520	
5247	0	35448	
5248	0	35116	
5249	0	33700	
5250	0	31952	
5251	0	31160	
5252	0	31092	
5253	0	32200	
5254	0	33452	
5255	0	34328	
5256	0	35116	
5257	0	35356	
5258	0	35780	
5259	0	36272	
5260	0	36252	
5261	0	35640	
5262	0	34716	
5263	0	34120	
5264	0	33832	
5265	0	33688	
5266	0	33644	
5267	0	33772	
5268	0	33336	
5269	0	32186	
5270	0	31276	
5271	0	30360	
5272	0	29648	
5273	0	29796	
5274	0	31676	
5275	0	33944	
5276	0	35460	
5277	0	35572	
5278	0	34260	
5279	0	32148	
5280	0	30796	
5281	0	31392	
5282	0	32420	
5283	0	32924	
5284	0	32452	
5285	0	31448	
5286	0	30228	
5287	0	29996	
5288	0	30884	
5289	0	33004	
5290	0	35532	
5291	0	37832	
5292	0	39128	
5293	0	39148	
5294	0	39572	
5295	0	39660	
5296	0	38488	
5297	0	36676	
5298	0	34416	
5299	0	33248	
5300	0	32968	
5301	0	31788	
5302	0	30232	
5303	0	29184	
5304	0	28800	
5305	0	29428	
5306	0	31640	
5307	0	33676	
5308	0	34608	
5309	0	34952	
5310	0	35008	
5311	0	35304	
5312	0	35412	
5313	0	35336	
5314	0	35940	
5315	0	34808	
5316	0	32992	
5317	0	31604	
5318	0	30744	
5319	0	31584	
5320	0	33180	
5321	0	35236	
5322	0	37384	
5323	0	38248	
5324	0	37952	
5325	0	37648	
5326	0	38032	
5327	0	39000	
5328	0	39404	
5329	0	39240	
5330	0	39328	
5331	0	39392	
5332	0	38484	
5333	0	36840	
5334	0	34744	
5335	0	32900	
5336	0	32104	
5337	0	32512	
5338	0	33260	
5339	0	33826	
5340	0	34124	
5341	0	34306	
5342	0	33268	
5343	0	31514	
5344	0	30096	
5345	0	29500	
5346	0	28844	
5347	0	27824	
5348	0	28340	
5349	0	29524	
5350	0	30532	
5351	0	31080	
5352	0	31068	
5353	0	30484	
5354	0	29572	
5355	0	29048	
5356	0	29360	
5357	0	30180	
5358	0	31828	
5359	0	34840	
5360	0	37464	
5361	0	39124	
5362	0	40198	
5363	0	41100	
5364	0	41216	
5365	0	40396	
5366	0	39424	
5367	0	37696	
5368	0	36092	
5369	0	34680	
5370	0	33664	
5371	0	33196	
5372	0	33092	
5373	0	32840	
5374	0	32652	
5375	0	32072	
5376	0	31760	
5377	0	31952	
5378	0	32264	
5379	0	31624	
5380	0	29816	
5381	0	27596	
5382	0	25808	
5383	0	24724	
5384	0	24984	
5385	0	25824	
5386	0	27840	
5387	0	30116	
5388	0	31920	
5389	0	33576	
5390	0	35224	
5391	0	36232	
5392	0	37296	
5393	0	38628	
5394	0	39980	
5395	0	41100	
5396	0	40988	
5397	0	40496	
5398	0	39648	
5399	0	38748	
5400	0	38468	
5401	0	38212	
5402	0	38156	
5403	0	37516	
5404	0	36172	
5405	0	34764	
5406	0	32560	
5407	0	30844	
5408	0	29872	
5409	0	30072	
5410	0	30586	
5411	0	31268	
5412	0	31088	
5413	0	30160	
5414	0	29156	
5415	0	28436	
5416	0	27612	
5417	0	26852	
5418	0	25136	
5419	0	22945	
5420	0	21080	
5421	0	19624	
5422	0	18696	
5423	0	17844	
5424	0	16920	
5425	0	15928	
5426	0	16044	
5427	0	17636	
5428	0	19332	
5429	0	20513	
5430	0	21712	
5431	0	22640	
5432	0	23984	
5433	0	25528	
5434	0	26840	
5435	0	27920	
5436	0	30088	
5437	0	33100	
5438	0	36332	
5439	0	38504	
5440	0	39004	
5441	0	38276	
5442	0	36792	
5443	0	35504	
5444	0	34612	
5445	0	34096	
5446	0	34234	
5447	0	34874	
5448	0	35972	
5449	0	37016	
5450	0	36648	
5451	0	36288	
5452	0	36468	
5453	0	36264	
5454	0	35016	
5455	0	33372	
5456	0	32152	
5457	0	31608	
5458	0	32432	
5459	0	33704	
5460	0	34376	
5461	0	34376	
5462	0	34336	
5463	0	33884	
5464	0	33380	
5465	0	32600	
5466	0	32064	
5467	0	32492	
5468	0	32700	
5469	0	32704	
5470	0	33280	
5471	0	34020	
5472	0	35584	
5473	0	37644	
5474	0	40320	
5475	0	42544	
5476	0	43616	
5477	0	43104	
5478	0	40728	
5479	0	37712	
5480	0	34600	
5481	0	31992	
5482	0	30352	
5483	0	30200	
5484	0	30688	
5485	0	31988	
5486	0	33828	
5487	0	36600	
5488	0	39532	
5489	0	40904	
5490	0	42268	
5491	0	43116	
5492	0	42180	
5493	0	41132	
5494	0	39384	
5495	0	37192	
5496	0	36364	
5497	0	36500	
5498	0	36028	
5499	0	35628	
5500	0	35440	
5501	0	34864	
5502	0	34048	
5503	0	32508	
5504	0	31808	
5505	0	31792	
5506	0	31924	
5507	0	32848	
5508	0	34360	
5509	0	36508	
5510	0	38772	
5511	0	40504	
5512	0	41612	
5513	0	42156	
5514	0	42176	
5515	0	41100	
5516	0	39440	
5517	0	37288	
5518	0	35416	
5519	0	33216	
5520	0	31576	
5521	0	30968	
5522	0	30816	
5523	0	29776	
5524	0	29026	
5525	0	28468	
5526	0	27716	
5527	0	27592	
5528	0	28140	
5529	0	28856	
5530	0	29600	
5531	0	30804	
5532	0	31944	
5533	0	32784	
5534	0	33200	
5535	0	33264	
5536	0	34240	
5537	0	36040	
5538	0	37480	
5539	0	37704	
5540	0	35802	
5541	0	32772	
5542	0	30392	
5543	0	28288	
5544	0	26404	
5545	0	24828	
5546	0	23660	
5547	0	23128	
5548	0	24052	
5549	0	27790	
5550	0	32356	
5551	0	35240	
5552	0	36792	
5553	0	36492	
5554	0	34744	
5555	0	33616	
5556	0	33340	
5557	0	33660	
5558	0	35032	
5559	0	36248	
5560	0	37144	
5561	0	38004	
5562	0	37960	
5563	0	37780	
5564	0	37592	
5565	0	37744	
5566	0	37232	
5567	0	35992	
5568	0	34480	
5569	0	33804	
5570	0	33356	
5571	0	32452	
5572	0	31624	
5573	0	30640	
5574	0	30008	
5575	0	30160	
5576	0	31194	
5577	0	32360	
5578	0	32784	
5579	0	32944	
5580	0	32900	
5581	0	31780	
5582	0	30392	
5583	0	29617	
5584	0	29068	
5585	0	29244	
5586	0	29652	
5587	0	30706	
5588	0	32180	
5589	0	33396	
5590	0	34276	
5591	0	34192	
5592	0	33640	
5593	0	32632	
5594	0	32120	
5595	0	32348	
5596	0	32858	
5597	0	33212	
5598	0	33376	
5599	0	33308	
5600	0	32712	
5601	0	32168	
5602	0	31496	
5603	0	31500	
5604	0	32184	
5605	0	32808	
5606	0	33408	
5607	0	33976	
5608	0	34168	
5609	0	34336	
5610	0	34384	
5611	0	34344	
5612	0	34484	
5613	0	34460	
5614	0	34000	
5615	0	33568	
5616	0	32704	
5617	0	31952	
5618	0	32344	
5619	0	32860	
5620	0	33672	
5621	0	34576	
5622	0	34940	
5623	0	34780	
5624	0	34944	
5625	0	34552	
5626	0	33744	
5627	0	32656	
5628	0	32236	
5629	0	31548	
5630	0	30532	
5631	0	30292	
5632	0	30656	
5633	0	31374	
5634	0	31856	
5635	0	31856	
5636	0	31344	
5637	0	30280	
5638	0	29176	
5639	0	28032	
5640	0	27320	
5641	0	27420	
5642	0	28552	
5643	0	30540	
5644	0	32608	
5645	0	34544	
5646	0	35916	
5647	0	36700	
5648	0	36864	
5649	0	36544	
5650	0	35424	
5651	0	33612	
5652	0	31296	
5653	0	28860	
5654	0	27476	
5655	0	27360	
5656	0	28394	
5657	0	30020	
5658	0	31624	
5659	0	33164	
5660	0	34256	
5661	0	34772	
5662	0	35072	
5663	0	35132	
5664	0	35072	
5665	0	35000	
5666	0	35280	
5667	0	35772	
5668	0	36200	
5669	0	36968	
5670	0	37284	
5671	0	36130	
5672	0	34224	
5673	0	33096	
5674	0	32224	
5675	0	32076	
5676	0	32384	
5677	0	32480	
5678	0	31832	
5679	0	30064	
5680	0	26844	
5681	0	23520	
5682	0	21420	
5683	0	20616	
5684	0	21152	
5685	0	22524	
5686	0	24404	
5687	0	26116	
5688	0	26789	
5689	0	27976	
5690	0	29500	
5691	0	29978	
5692	0	29500	
5693	0	29164	
5694	0	29120	
5695	0	29084	
5696	0	28944	
5697	0	28668	
5698	0	29128	
5699	0	30312	
5700	0	32152	
5701	0	33928	
5702	0	34724	
5703	0	34352	
5704	0	33356	
5705	0	32444	
5706	0	32028	
5707	0	31832	
5708	0	31116	
5709	0	30060	
5710	0	29376	
5711	0	29260	
5712	0	29604	
5713	0	29556	
5714	0	28192	
5715	0	26360	
5716	0	24976	
5717	0	23780	
5718	0	22908	
5719	0	21990	
5720	0	21060	
5721	0	20192	
5722	0	19406	
5723	0	18516	
5724	0	18529	
5725	0	20032	
5726	0	22586	
5727	0	24684	
5728	0	25610	
5729	0	26200	
5730	0	26520	
5731	0	26432	
5732	0	25864	
5733	0	25356	
5734	0	24588	
5735	0	23992	
5736	0	24016	
5737	0	24692	
5738	0	25932	
5739	0	26892	
5740	0	27372	
5741	0	27476	
5742	0	27629	
5743	0	27836	
5744	0	27752	
5745	0	27064	
5746	0	26404	
5747	0	26136	
5748	0	26576	
5749	0	27286	
5750	0	27772	
5751	0	28380	
5752	0	29288	
5753	0	30304	
5754	0	31984	
5755	0	33876	
5756	0	34956	
5757	0	34924	
5758	0	34200	
5759	0	33308	
5760	0	32728	
5761	0	32972	
5762	0	32940	
5763	0	32788	
5764	0	32788	
5765	0	32476	
5766	0	31672	
5767	0	30872	
5768	0	30408	
5769	0	29720	
5770	0	29040	
5771	0	28296	
5772	0	27752	
5773	0	27660	
5774	0	28300	
5775	0	28496	
5776	0	28304	
5777	0	27608	
5778	0	26872	
5779	0	25864	
5780	0	24676	
5781	0	23916	
5782	0	22988	
5783	0	22720	
5784	0	23440	
5785	0	24932	
5786	0	26181	
5787	0	26236	
5788	0	25564	
5789	0	24980	
5790	0	24688	
5791	0	24656	
5792	0	24932	
5793	0	25388	
5794	0	24920	
5795	0	23662	
5796	0	21428	
5797	0	19064	
5798	0	17450	
5799	0	17252	
5800	0	18565	
5801	0	20856	
5802	0	23008	
5803	0	25740	
5804	0	29226	
5805	0	32516	
5806	0	35248	
5807	0	36672	
5808	0	36632	
5809	0	35868	
5810	0	35068	
5811	0	34172	
5812	0	33248	
5813	0	32296	
5814	0	32216	
5815	0	32760	
5816	0	33160	
5817	0	33584	
5818	0	34032	
5819	0	34160	
5820	0	34144	
5821	0	33816	
5822	0	33812	
5823	0	33952	
5824	0	34032	
5825	0	33952	
5826	0	34032	
5827	0	33396	
5828	0	32636	
5829	0	31304	
5830	0	30068	
5831	0	29784	
5832	0	30932	
5833	0	32088	
5834	0	32436	
5835	0	31508	
5836	0	29868	
5837	0	27976	
5838	0	26336	
5839	0	26180	
5840	0	27624	
5841	0	29764	
5842	0	31864	
5843	0	33252	
5844	0	34224	
5845	0	33660	
5846	0	32784	
5847	0	32416	
5848	0	32808	
5849	0	33356	
5850	0	33492	
5851	0	33408	
5852	0	32732	
5853	0	31952	
5854	0	31768	
5855	0	32012	
5856	0	31788	
5857	0	31220	
5858	0	30676	
5859	0	30284	
5860	0	30040	
5861	0	30160	
5862	0	30184	
5863	0	30024	
5864	0	29636	
5865	0	29744	
5866	0	30536	
5867	0	30776	
5868	0	30552	
5869	0	29996	
5870	0	29184	
5871	0	28164	
5872	0	27496	
5873	0	27404	
5874	0	27856	
5875	0	28416	
5876	0	28488	
5877	0	28088	
5878	0	27908	
5879	0	29142	
5880	0	31528	
5881	0	34584	
5882	0	36972	
5883	0	38496	
5884	0	39192	
5885	0	38892	
5886	0	37700	
5887	0	36936	
5888	0	36404	
5889	0	35648	
5890	0	35084	
5891	0	34304	
5892	0	34572	
5893	0	35808	
5894	0	36824	
5895	0	36560	
5896	0	35248	
5897	0	33620	
5898	0	31912	
5899	0	30052	
5900	0	28776	
5901	0	28156	
5902	0	28112	
5903	0	28384	
5904	0	28364	
5905	0	28044	
5906	0	27652	
5907	0	27092	
5908	0	26688	
5909	0	26464	
5910	0	26516	
5911	0	26584	
5912	0	27596	
5913	0	29040	
5914	0	29080	
5915	0	27692	
5916	0	25876	
5917	0	23904	
5918	0	22376	
5919	0	22557	
5920	0	24960	
5921	0	27428	
5922	0	29064	
5923	0	29440	
5924	0	29180	
5925	0	28666	
5926	0	27784	
5927	0	26258	
5928	0	25064	
5929	0	25104	
5930	0	25622	
5931	0	26472	
5932	0	26932	
5933	0	27580	
5934	0	27636	
5935	0	27396	
5936	0	26800	
5937	0	26776	
5938	0	28928	
5939	0	30900	
5940	0	30188	
5941	0	27768	
5942	0	25430	
5943	0	24892	
5944	0	25696	
5945	0	27000	
5946	0	28168	
5947	0	28784	
5948	0	28364	
5949	0	27800	
5950	0	28064	
5951	0	27992	
5952	0	26888	
5953	0	25424	
5954	0	25460	
5955	0	26964	
5956	0	28648	
5957	0	29504	
5958	0	29368	
5959	0	29192	
5960	0	30064	
5961	0	31324	
5962	0	32852	
5963	0	34932	
5964	0	36908	
5965	0	38388	
5966	0	38746	
5967	0	38956	
5968	0	39584	
5969	0	41292	
5970	0	42220	
5971	0	41752	
5972	0	40692	
5973	0	39456	
5974	0	39128	
5975	0	38904	
5976	0	38776	
5977	0	38472	
5978	0	37740	
5979	0	36712	
5980	0	35648	
5981	0	34728	
5982	0	34984	
5983	0	35420	
5984	0	35384	
5985	0	34520	
5986	0	33120	
5987	0	31460	
5988	0	29912	
5989	0	29100	
5990	0	28888	
5991	0	28384	
5992	0	28644	
5993	0	28916	
5994	0	28892	
5995	0	28952	
5996	0	29544	
5997	0	30544	
5998	0	30288	
5999	0	28668	
6000	0	27856	
6001	0	27788	
6002	0	28682	
6003	0	29708	
6004	0	30180	
6005	0	30124	
6006	0	29048	
6007	0	28392	
6008	0	28544	
6009	0	29716	
6010	0	31468	
6011	0	33360	
6012	0	34160	
6013	0	34776	
6014	0	35100	
6015	0	34644	
6016	0	33496	
6017	0	31940	
6018	0	30116	
6019	0	28480	
6020	0	27596	
6021	0	27660	
6022	0	28052	
6023	0	28096	
6024	0	28216	
6025	0	28672	
6026	0	29752	
6027	0	31296	
6028	0	32592	
6029	0	33312	
6030	0	33332	
6031	0	32948	
6032	0	32604	
6033	0	32552	
6034	0	32236	
6035	0	31756	
6036	0	32228	
6037	0	34176	
6038	0	36280	
6039	0	37336	
6040	0	36348	
6041	0	34468	
6042	0	32804	
6043	0	32192	
6044	0	32388	
6045	0	32888	
6046	0	32548	
6047	0	31716	
6048	0	31536	
6049	0	31492	
6050	0	31360	
6051	0	31448	
6052	0	32264	
6053	0	33308	
6054	0	34340	
6055	0	34792	
6056	0	34904	
6057	0	34812	
6058	0	34776	
6059	0	34776	
6060	0	34480	
6061	0	34176	
6062	0	33980	
6063	0	33464	
6064	0	32832	
6065	0	32360	
6066	0	32012	
6067	0	32232	
6068	0	32812	
6069	0	32872	
6070	0	32560	
6071	0	32364	
6072	0	32006	
6073	0	31764	
6074	0	31728	
6075	0	31888	
6076	0	32052	
6077	0	32364	
6078	0	32516	
6079	0	32408	
6080	0	32248	
6081	0	32488	
6082	0	32904	
6083	0	33180	
6084	0	33016	
6085	0	32800	
6086	0	32432	
6087	0	31976	
6088	0	31616	
6089	0	31608	
6090	0	32044	
6091	0	32520	
6092	0	32844	
6093	0	32872	
6094	0	33408	
6095	0	33876	
6096	0	33984	
6097	0	33504	
6098	0	32508	
6099	0	31664	
6100	0	31568	
6101	0	32082	
6102	0	32668	
6103	0	33460	
6104	0	33544	
6105	0	33560	
6106	0	33308	
6107	0	32764	
6108	0	31792	
6109	0	30244	
6110	0	29232	
6111	0	30092	
6112	0	31544	
6113	0	32608	
6114	0	33048	
6115	0	32624	
6116	0	31760	
6117	0	31116	
6118	0	31076	
6119	0	31368	
6120	0	31684	
6121	0	31748	
6122	0	31800	
6123	0	31744	
6124	0	32120	
6125	0	33152	
6126	0	34472	
6127	0	35864	
6128	0	36804	
6129	0	36720	
6130	0	36432	
6131	0	36238	
6132	0	35820	
6133	0	35212	
6134	0	34952	
6135	0	34544	
6136	0	33672	
6137	0	33120	
6138	0	33388	
6139	0	34168	
6140	0	34316	
6141	0	34264	
6142	0	34048	
6143	0	32924	
6144	0	31300	
6145	0	30652	
6146	0	30712	
6147	0	31116	
6148	0	31516	
6149	0	32032	
6150	0	31992	
6151	0	32456	
6152	0	33012	
6153	0	32720	
6154	0	31548	
6155	0	29988	
6156	0	28440	
6157	0	27072	
6158	0	26276	
6159	0	26520	
6160	0	27904	
6161	0	29428	
6162	0	30672	
6163	0	31928	
6164	0	32752	
6165	0	33408	
6166	0	33276	
6167	0	33264	
6168	0	33076	
6169	0	32780	
6170	0	32864	
6171	0	32800	
6172	0	32632	
6173	0	32740	
6174	0	33228	
6175	0	33464	
6176	0	33512	
6177	0	33692	
6178	0	33684	
6179	0	33824	
6180	0	34152	
6181	0	34244	
6182	0	33784	
6183	0	32940	
6184	0	32056	
6185	0	31600	
6186	0	31584	
6187	0	31292	
6188	0	30844	
6189	0	30664	
6190	0	31000	
6191	0	32012	
6192	0	33308	
6193	0	33916	
6194	0	34496	
6195	0	35476	
6196	0	36032	
6197	0	36372	
6198	0	36396	
6199	0	36384	
6200	0	36384	
6201	0	36336	
6202	0	35928	
6203	0	34824	
6204	0	33708	
6205	0	33128	
6206	0	32544	
6207	0	31824	
6208	0	31412	
6209	0	31384	
6210	0	31560	
6211	0	31716	
6212	0	32260	
6213	0	32656	
6214	0	32216	
6215	0	31004	
6216	0	30348	
6217	0	30184	
6218	0	30800	
6219	0	31636	
6220	0	32244	
6221	0	32476	
6222	0	33084	
6223	0	33112	
6224	0	32804	
6225	0	32844	
6226	0	32272	
6227	0	32180	
6228	0	32472	
6229	0	32976	
6230	0	33262	
6231	0	33072	
6232	0	32960	
6233	0	33424	
6234	0	33840	
6235	0	33920	
6236	0	33508	
6237	0	33088	
6238	0	32544	
6239	0	32028	
6240	0	31412	
6241	0	31540	
6242	0	31832	
6243	0	31848	
6244	0	32752	
6245	0	34532	
6246	0	35256	
6247	0	34584	
6248	0	33416	
6249	0	32764	
6250	0	32676	
6251	0	32580	
6252	0	32456	
6253	0	32210	
6254	0	31840	
6255	0	31512	
6256	0	31592	
6257	0	31248	
6258	0	30380	
6259	0	29928	
6260	0	29372	
6261	0	28984	
6262	0	28804	
6263	0	29416	
6264	0	30028	
6265	0	30564	
6266	0	31224	
6267	0	31876	
6268	0	32304	
6269	0	32492	
6270	0	32288	
6271	0	31684	
6272	0	30992	
6273	0	30948	
6274	0	31432	
6275	0	31728	
6276	0	32184	
6277	0	32824	
6278	0	33240	
6279	0	33864	
6280	0	33984	
6281	0	34004	
6282	0	33960	
6283	0	34416	
6284	0	34768	
6285	0	34488	
6286	0	33372	
6287	0	32376	
6288	0	31996	
6289	0	31828	
6290	0	31560	
6291	0	31329	
6292	0	31280	
6293	0	30596	
6294	0	29968	
6295	0	30108	
6296	0	30324	
6297	0	30568	
6298	0	31232	
6299	0	31856	
6300	0	31884	
6301	0	31872	
6302	0	32152	
6303	0	32560	
6304	0	33036	
6305	0	33800	
6306	0	34480	
6307	0	34840	
6308	0	35324	
6309	0	35364	
6310	0	34848	
6311	0	34264	
6312	0	33904	
6313	0	34228	
6314	0	35074	
6315	0	35620	
6316	0	35776	
6317	0	35612	
6318	0	35440	
6319	0	35492	
6320	0	36276	
6321	0	36500	
6322	0	36404	
6323	0	36212	
6324	0	36120	
6325	0	36672	
6326	0	37328	
6327	0	37588	
6328	0	37320	
6329	0	36204	
6330	0	35656	
6331	0	36232	
6332	0	38204	
6333	0	40432	
6334	0	41920	
6335	0	42216	
6336	0	41168	
6337	0	38752	
6338	0	37400	
6339	0	36852	
6340	0	36052	
6341	0	35280	
6342	0	35204	
6343	0	36472	
6344	0	38380	
6345	0	39368	
6346	0	39952	
6347	0	39920	
6348	0	39332	
6349	0	39356	
6350	0	41640	
6351	0	43500	
6352	0	42592	
6353	0	40748	
6354	0	40448	
6355	0	41748	
6356	0	45120	
6357	0	48096	
6358	0	49648	
6359	0	50024	
6360	0	50828	
6361	0	51412	
6362	0	52016	
6363	0	53784	
6364	0	55312	
6365	0	56792	
6366	0	56400	
6367	0	53068	
6368	0	50292	
6369	0	49704	
6370	0	51184	
6371	0	53476	
6372	0	55844	
6373	0	58656	
6374	0	62696	
6375	0	65480	
6376	0	65476	
6377	0	65464	
6378	0	65480	
6379	0	65476	
6380	0	65472	
6381	0	65472	
6382	0	65480	
6383	0	65468	
6384	0	65460	
6385	0	62488	
6386	0	62176	
6387	0	63448	
6388	0	65464	
6389	0	65472	
6390	0	65480	
6391	0	65480	
6392	0	65472	
6393	0	65472	
6394	0	65480	
6395	0	65472	
6396	0	65476	
6397	0	65476	
6398	0	65472	
6399	0	65480	
6400	0	65472	
6401	0	65480	
6402	0	65472	
6403	0	65472	
6404	0	65472	
6405	0	65472	
6406	0	65472	
6407	0	65476	
6408	0	65472	
6409	0	65480	
6410	0	65492	
6411	0	65496	
6412	0	65480	
6413	0	65472	
6414	0	65472	
6415	0	65472	
6416	0	65472	
6417	0	65488	
6418	0	65480	
6419	0	65472	
6420	0	65460	
6421	0	65472	
6422	0	65476	
6423	0	65472	
6424	0	65480	
6425	0	65472	
6426	0	65472	
6427	0	65476	
6428	0	65476	
6429	0	65480	
6430	0	65480	
6431	0	65480	
6432	0	65472	
6433	0	65492	
6434	0	65472	
6435	0	65472	
6436	0	65472	
6437	0	65472	
6438	0	63216	
6439	0	62492	
6440	0	61816	
6441	0	61432	
6442	0	61000	
6443	0	60876	
6444	0	60688	
6445	0	60096	
6446	0	58584	
6447	0	56744	
6448	0	54340	
6449	0	51752	
6450	0	49200	
6451	0	46520	
6452	0	44576	
6453	0	43396	
6454	0	42956	
6455	0	43553	
6456	0	45248	
6457	0	46600	
6458	0	47328	
6459	0	47316	
6460	0	46536	
6461	0	45100	
6462	0	44388	
6463	0	44268	
6464	0	44320	
6465	0	44156	
6466	0	43388	
6467	0	41864	
6468	0	40420	
6469	0	39296	
6470	0	38496	
6471	0	38752	
6472	0	39640	
6473	0	40528	
6474	0	41592	
6475	0	42296	
6476	0	42920	
6477	0	42964	
6478	0	42600	
6479	0	41724	
6480	0	40328	
6481	0	38432	
6482	0	35848	
6483	0	33164	
6484	0	31544	
6485	0	31596	
6486	0	32580	
6487	0	33624	
6488	0	33624	
6489	0	32932	
6490	0	32196	
6491	0	31876	
6492	0	32272	
6493	0	33032	
6494	0	33940	
6495	0	34108	
6496	0	34040	
6497	0	34328	
6498	0	34792	
6499	0	34352	
6500	0	32964	
6501	0	31518	
6502	0	30584	
6503	0	30456	
6504	0	30080	
6505	0	29232	
6506	0	28540	
6507	0	28016	
6508	0	27636	
6509	0	27580	
6510	0	26632	
6511	0	25384	
6512	0	24212	
6513	0	23740	
6514	0	23456	
6515	0	23392	
6516	0	23984	
6517	0	24780	
6518	0	25652	
6519	0	26096	
6520	0	26376	
6521	0	26256	
6522	0	26136	
6523	0	25604	
6524	0	25404	
6525	0	25052	
6526	0	24296	
6527	0	23966	
6528	0	24376	
6529	0	25556	
6530	0	27072	
6531	0	27984	
6532	0	28240	
6533	0	28224	
6534	0	27340	
6535	0	25714	
6536	0	23952	
6537	0	22420	
6538	0	21504	
6539	0	20840	
6540	0	20772	
6541	0	21164	
6542	0	21912	
6543	0	21684	
6544	0	20704	
6545	0	19416	
6546	0	18522	
6547	0	17604	
6548	0	17712	
6549	0	19600	
6550	0	21992	
6551	0	23552	
6552	0	23788	
6553	0	24076	
6554	0	24556	
6555	0	25152	
6556	0	25886	
6557	0	26240	
6558	0	27076	
6559	0	28224	
6560	0	29742	
6561	0	30880	
6562	0	31788	
6563	0	31368	
6564	0	29852	
6565	0	27852	
6566	0	26180	
6567	0	24748	
6568	0	23453	
6569	0	22604	
6570	0	22140	
6571	0	21360	
6572	0	20728	
6573	0	20328	
6574	0	20640	
6575	0	22010	
6576	0	23624	
6577	0	24612	
6578	0	24540	
6579	0	24608	
6580	0	24344	
6581	0	24068	
6582	0	24116	
6583	0	23888	
6584	0	22772	
6585	0	21152	
6586	0	19920	
6587	0	18608	
6588	0	17556	
6589	0	17322	
6590	0	17290	
6591	0	17468	
6592	0	17948	
6593	0	18744	
6594	0	18956	
6595	0	18940	
6596	0	19561	
6597	0	20116	
6598	0	19738	
6599	0	19520	
6600	0	19400	
6601	0	18862	
6602	0	17266	
6603	0	16165	
6604	0	14850	
6605	0	13008	
6606	0	11316	
6607	0	10645	
6608	0	11100	
6609	0	12720	
6610	0	14416	
6611	0	16916	
6612	0	20152	
6613	0	23378	
6614	0	25988	
6615	0	27476	
6616	0	27244	
6617	0	26152	
6618	0	24568	
6619	0	23232	
6620	0	22548	
6621	0	23332	
6622	0	24576	
6623	0	25804	
6624	0	26756	
6625	0	28056	
6626	0	28428	
6627	0	28088	
6628	0	27952	
6629	0	28708	
6630	0	29556	
6631	0	29488	
6632	0	28564	
6633	0	26912	
6634	0	25596	
6635	0	24264	
6636	0	22192	
6637	0	19864	
6638	0	17840	
6639	0	16736	
6640	0	16736	
6641	0	17868	
6642	0	18924	
6643	0	18488	
6644	0	17604	
6645	0	16184	
6646	0	14645	
6647	0	13456	
6648	0	14016	
6649	0	15760	
6650	0	17726	
6651	0	19360	
6652	0	21624	
6653	0	23588	
6654	0	24728	
6655	0	25128	
6656	0	24600	
6657	0	23416	
6658	0	21852	
6659	0	19856	
6660	0	18358	
6661	0	18368	
6662	0	19384	
6663	0	21036	
6664	0	23032	
6665	0	24184	
6666	0	24640	
6667	0	25232	
6668	0	25820	
6669	0	26604	
6670	0	27792	
6671	0	28736	
6672	0	28368	
6673	0	27008	
6674	0	25604	
6675	0	24573	
6676	0	23144	
6677	0	20572	
6678	0	18210	
6679	0	17004	
6680	0	16948	
6681	0	16972	
6682	0	17140	
6683	0	18266	
6684	0	20628	
6685	0	23468	
6686	0	26456	
6687	0	29396	
6688	0	31908	
6689	0	33920	
6690	0	35792	
6691	0	35792	
6692	0	35008	
6693	0	35692	
6694	0	36760	
6695	0	36924	
6696	0	36608	
6697	0	35530	
6698	0	34720	
6699	0	34272	
6700	0	34444	
6701	0	35136	
6702	0	36428	
6703	0	37392	
6704	0	37216	
6705	0	36184	
6706	0	33964	
6707	0	31924	
6708	0	30248	
6709	0	28932	
6710	0	28488	
6711	0	29228	
6712	0	30976	
6713	0	31816	
6714	0	30936	
6715	0	28752	
6716	0	26392	
6717	0	25252	
6718	0	24564	
6719	0	24724	
6720	0	25092	
6721	0	25696	
6722	0	26288	
6723	0	26844	
6724	0	26632	
6725	0	26168	
6726	0	25272	
6727	0	24176	
6728	0	23256	
6729	0	22752	
6730	0	22436	
6731	0	23240	
6732	0	24488	
6733	0	25392	
6734	0	26252	
6735	0	26864	
6736	0	26080	
6737	0	24636	
6738	0	23408	
6739	0	23220	
6740	0	24344	
6741	0	26300	
6742	0	29388	
6743	0	33004	
6744	0	35248	
6745	0	35850	
6746	0	35408	
6747	0	34108	
6748	0	32404	
6749	0	31228	
6750	0	30264	
6751	0	28936	
6752	0	27516	
6753	0	26440	
6754	0	24710	
6755	0	22704	
6756	0	20404	
6757	0	19120	
6758	0	18752	
6759	0	19284	
6760	0	21580	
6761	0	24280	
6762	0	26892	
6763	0	29584	
6764	0	32048	
6765	0	33716	
6766	0	34648	
6767	0	35008	
6768	0	34788	
6769	0	34284	
6770	0	34560	
6771	0	34368	
6772	0	33624	
6773	0	32812	
6774	0	31380	
6775	0	29904	
6776	0	29444	
6777	0	29496	
6778	0	29588	
6779	0	29080	
6780	0	28380	
6781	0	27712	
6782	0	27686	
6783	0	28556	
6784	0	29692	
6785	0	30912	
6786	0	30676	
6787	0	29440	
6788	0	28640	
6789	0	27816	
6790	0	27328	
6791	0	27248	
6792	0	27800	
6793	0	28392	
6794	0	29080	
6795	0	29796	
6796	0	29952	
6797	0	29440	
6798	0	28364	
6799	0	26884	
6800	0	25900	
6801	0	25096	
6802	0	23936	
6803	0	23452	
6804	0	22758	
6805	0	22584	
6806	0	23004	
6807	0	23276	
6808	0	24006	
6809	0	25728	
6810	0	28908	
6811	0	32216	
6812	0	34904	
6813	0	37088	
6814	0	38460	
6815	0	38416	
6816	0	38013	
6817	0	37508	
6818	0	37000	
6819	0	35716	
6820	0	34500	
6821	0	33488	
6822	0	32524	
6823	0	31180	
6824	0	29428	
6825	0	27584	
6826	0	25744	
6827	0	23924	
6828	0	22800	
6829	0	22692	
6830	0	22276	
6831	0	21844	
6832	0	22160	
6833	0	22976	
6834	0	23700	
6835	0	23752	
6836	0	23804	
6837	0	24452	
6838	0	25640	
6839	0	26700	
6840	0	27498	
6841	0	28284	
6842	0	29452	
6843	0	31116	
6844	0	32452	
6845	0	32544	
6846	0	31676	
6847	0	30984	
6848	0	30808	
6849	0	30776	
6850	0	30860	
6851	0	31420	
6852	0	31376	
6853	0	30796	
6854	0	30144	
6855	0	30008	
6856	0	29952	
6857	0	28928	
6858	0	26496	
6859	0	23840	
6860	0	22680	
6861	0	22436	
6862	0	23320	
6863	0	24888	
6864	0	26328	
6865	0	27472	
6866	0	28560	
6867	0	29372	
6868	0	29488	
6869	0	28672	
6870	0	27360	
6871	0	26172	
6872	0	25910	
6873	0	25792	
6874	0	26080	
6875	0	26972	
6876	0	28568	
6877	0	30048	
6878	0	30792	
6879	0	30736	
6880	0	29912	
6881	0	29012	
6882	0	29360	
6883	0	30136	
6884	0	30540	
6885	0	31440	
6886	0	32508	
6887	0	32984	
6888	0	32500	
6889	0	31468	
6890	0	30592	
6891	0	30588	
6892	0	30328	
6893	0	30004	
6894	0	30272	
6895	0	30552	
6896	0	30928	
6897	0	30944	
6898	0	31240	
6899	0	31292	
6900	0	30896	
6901	0	30504	
6902	0	29856	
6903	0	29648	
6904	0	29456	
6905	0	29040	
6906	0	29000	
6907	0	29224	
6908	0	29604	
6909	0	30184	
6910	0	30256	
6911	0	29996	
6912	0	29320	
6913	0	28608	
6914	0	28048	
6915	0	27420	
6916	0	26988	
6917	0	26586	
6918	0	26824	
6919	0	27936	
6920	0	29318	
6921	0	30636	
6922	0	32060	
6923	0	33262	
6924	0	33832	
6925	0	34260	
6926	0	34484	
6927	0	33716	
6928	0	32440	
6929	0	31644	
6930	0	31480	
6931	0	31492	
6932	0	31520	
6933	0	30624	
6934	0	29604	
6935	0	28784	
6936	0	28492	
6937	0	28728	
6938	0	28748	
6939	0	27968	
6940	0	27520	
6941	0	27688	
6942	0	27096	
6943	0	26152	
6944	0	25748	
6945	0	26548	
6946	0	28400	
6947	0	30024	
6948	0	30968	
6949	0	31184	
6950	0	31164	
6951	0	30552	
6952	0	29856	
6953	0	29392	
6954	0	29156	
6955	0	29324	
6956	0	29752	
6957	0	30896	
6958	0	32221	
6959	0	32512	
6960	0	32004	
6961	0	31048	
6962	0	30804	
6963	0	30240	
6964	0	28724	
6965	0	27256	
6966	0	26772	
6967	0	26776	
6968	0	27072	
6969	0	28152	
6970	0	29232	
6971	0	29672	
6972	0	29124	
6973	0	27752	
6974	0	25688	
6975	0	23556	
6976	0	22032	
6977	0	21916	
6978	0	22812	
6979	0	26096	
6980	0	29260	
6981	0	30138	
6982	0	28416	
6983	0	24872	
6984	0	21592	
6985	0	20026	
6986	0	20158	
6987	0	21480	
6988	0	24196	
6989	0	27156	
6990	0	29288	
6991	0	31120	
6992	0	33136	
6993	0	35172	
6994	0	36328	
6995	0	36720	
6996	0	36756	
6997	0	36588	
6998	0	37012	
6999	0	37312	
7000	0	37404	
7001	0	37008	
7002	0	36098	
7003	0	34808	
7004	0	33640	
7005	0	32348	
7006	0	30296	
7007	0	28688	
7008	0	28284	
7009	0	28948	
7010	0	30448	
7011	0	32372	
7012	0	33444	
7013	0	33856	
7014	0	33504	
7015	0	32716	
7016	0	30324	
7017	0	26968	
7018	0	23796	
7019	0	21830	
7020	0	21380	
7021	0	22928	
7022	0	25400	
7023	0	28324	
7024	0	30772	
7025	0	32576	
7026	0	34004	
7027	0	35396	
7028	0	36128	
7029	0	36264	
7030	0	36436	
7031	0	36952	
7032	0	37208	
7033	0	36820	
7034	0	35672	
7035	0	34228	
7036	0	31768	
7037	0	27964	
7038	0	23884	
7039	0	20872	
7040	0	19548	
7041	0	19322	
7042	0	19784	
7043	0	21108	
7044	0	22924	
7045	0	24516	
7046	0	25780	
7047	0	27392	
7048	0	29908	
7049	0	32140	
7050	0	33808	
7051	0	34900	
7052	0	35608	
7053	0	35844	
7054	0	35616	
7055	0	35712	
7056	0	35932	
7057	0	35940	
7058	0	35582	
7059	0	34724	
7060	0	32992	
7061	0	31660	
7062	0	31420	
7063	0	31404	
7064	0	30512	
7065	0	29142	
7066	0	27740	
7067	0	26928	
7068	0	26596	
7069	0	25728	
7070	0	24448	
7071	0	24040	
7072	0	23956	
7073	0	24012	
7074	0	23640	
7075	0	23548	
7076	0	24044	
7077	0	25020	
7078	0	25988	
7079	0	26886	
7080	0	27620	
7081	0	28492	
7082	0	28608	
7083	0	28812	
7084	0	29244	
7085	0	29420	
7086	0	29736	
7087	0	29948	
7088	0	29496	
7089	0	28928	
7090	0	27936	
7091	0	26492	
7092	0	24928	
7093	0	23436	
7094	0	21360	
7095	0	19180	
7096	0	17408	
7097	0	16222	
7098	0	16370	
7099	0	18524	
7100	0	20936	
7101	0	22492	
7102	0	23258	
7103	0	22984	
7104	0	22052	
7105	0	22092	
7106	0	23556	
7107	0	25888	
7108	0	28472	
7109	0	30992	
7110	0	32464	
7111	0	33168	
7112	0	33540	
7113	0	33692	
7114	0	32960	
7115	0	31588	
7116	0	30632	
7117	0	30176	
7118	0	30396	
7119	0	30204	
7120	0	30208	
7121	0	30124	
7122	0	29444	
7123	0	28932	
7124	0	28856	
7125	0	28728	
7126	0	28502	
7127	0	28472	
7128	0	28552	
7129	0	28344	
7130	0	27744	
7131	0	26912	
7132	0	26660	
7133	0	27628	
7134	0	28924	
7135	0	30000	
7136	0	31508	
7137	0	32728	
7138	0	32988	
7139	0	32708	
7140	0	32512	
7141	0	32200	
7142	0	31812	
7143	0	31212	
7144	0	31496	
7145	0	32204	
7146	0	32708	
7147	0	32632	
7148	0	31512	
7149	0	29736	
7150	0	29588	
7151	0	29864	
7152	0	30464	
7153	0	31350	
7154	0	32856	
7155	0	35064	
7156	0	36760	
7157	0	37640	
7158	0	37176	
7159	0	36306	
7160	0	35332	
7161	0	34360	
7162	0	33244	
7163	0	32380	
7164	0	32004	
7165	0	32144	
7166	0	32760	
7167	0	33576	
7168	0	33536	
7169	0	33156	
7170	0	32712	
7171	0	32570	
7172	0	32192	
7173	0	30810	
7174	0	29032	
7175	0	27480	
7176	0	26196	
7177	0	26116	
7178	0	27052	
7179	0	28088	
7180	0	28612	
7181	0	28500	
7182	0	28812	
7183	0	29912	
7184	0	30880	
7185	0	31848	
7186	0	33632	
7187	0	35768	
7188	0	37680	
7189	0	37928	
7190	0	37324	
7191	0	36440	
7192	0	35512	
7193	0	34460	
7194	0	33288	
7195	0	31688	
7196	0	30088	
7197	0	29656	
7198	0	30152	
7199	0	30324	
7200	0	30100	
7201	0	29592	
7202	0	28318	
7203	0	26592	
7204	0	25168	
7205	0	24956	
7206	0	25660	
7207	0	27512	
7208	0	30068	
7209	0	32968	
7210	0	35884	
7211	0	38364	
7212	0	40128	
7213	0	41132	
7214	0	40792	
7215	0	39628	
7216	0	37912	
7217	0	36252	
7218	0	34656	
7219	0	33412	
7220	0	32364	
7221	0	31008	
7222	0	29292	
7223	0	27840	
7224	0	27584	
7225	0	28344	
7226	0	29456	
7227	0	31720	
7228	0	34884	
7229	0	37536	
7230	0	39464	
7231	0	40424	
7232	0	40816	
7233	0	39656	
7234	0	37332	
7235	0	34276	
7236	0	30660	
7237	0	27504	
7238	0	24940	
7239	0	23924	
7240	0	24316	
7241	0	25752	
7242	0	27828	
7243	0	29640	
7244	0	31336	
7245	0	32636	
7246	0	33332	
7247	0	34284	
7248	0	35104	
7249	0	35124	
7250	0	34736	
7251	0	34812	
7252	0	34708	
7253	0	34080	
7254	0	33260	
7255	0	33234	
7256	0	33688	
7257	0	34356	
7258	0	35172	
7259	0	36112	
7260	0	36628	
7261	0	36604	
7262	0	36424	
7263	0	35964	
7264	0	35448	
7265	0	34732	
7266	0	33856	
7267	0	32944	
7268	0	31616	
7269	0	30728	
7270	0	31212	
7271	0	32492	
7272	0	33788	
7273	0	34520	
7274	0	34184	
7275	0	33380	
7276	0	32800	
7277	0	32832	
7278	0	33748	
7279	0	34880	
7280	0	35428	
7281	0	35880	
7282	0	36224	
7283	0	35610	
7284	0	34192	
7285	0	32344	
7286	0	31100	
7287	0	29652	
7288	0	28844	
7289	0	28200	
7290	0	28192	
7291	0	28504	
7292	0	30172	
7293	0	31768	
7294	0	32632	
7295	0	33112	
7296	0	32968	
7297	0	32152	
7298	0	31656	
7299	0	31636	
7300	0	32234	
7301	0	33020	
7302	0	33424	
7303	0	33392	
7304	0	33616	
7305	0	33908	
7306	0	34228	
7307	0	34856	
7308	0	35540	
7309	0	35644	
7310	0	35736	
7311	0	35864	
7312	0	36048	
7313	0	35580	
7314	0	34420	
7315	0	32672	
7316	0	30724	
7317	0	29008	
7318	0	27516	
7319	0	26190	
7320	0	25492	
7321	0	25180	
7322	0	24786	
7323	0	24284	
7324	0	24372	
7325	0	25348	
7326	0	27424	
7327	0	30648	
7328	0	33696	
7329	0	35536	
7330	0	36324	
7331	0	36648	
7332	0	36752	
7333	0	36264	
7334	0	35696	
7335	0	35240	
7336	0	34848	
7337	0	33516	
7338	0	31956	
7339	0	30150	
7340	0	28632	
7341	0	27600	
7342	0	26356	
7343	0	25344	
7344	0	24684	
7345	0	24728	
7346	0	26220	
7347	0	28688	
7348	0	31464	
7349	0	33768	
7350	0	35552	
7351	0	36196	
7352	0	35624	
7353	0	34528	
7354	0	33824	
7355	0	33860	
7356	0	33544	
7357	0	33344	
7358	0	33208	
7359	0	33828	
7360	0	34820	
7361	0	35368	
7362	0	34476	
7363	0	33272	
7364	0	32600	
7365	0	33140	
7366	0	34648	
7367	0	36672	
7368	0	38892	
7369	0	41236	
7370	0	43160	
7371	0	44420	
7372	0	44732	
7373	0	43944	
7374	0	42352	
7375	0	40344	
7376	0	38076	
7377	0	35648	
7378	0	33472	
7379	0	31464	
7380	0	30444	
7381	0	30268	
7382	0	31004	
7383	0	32232	
7384	0	33224	
7385	0	33704	
7386	0	34200	
7387	0	35016	
7388	0	35104	
7389	0	35256	
7390	0	35340	
7391	0	35488	
7392	0	35220	
7393	0	35284	
7394	0	35292	
7395	0	34816	
7396	0	34032	
7397	0	33816	
7398	0	33584	
7399	0	33684	
7400	0	33648	
7401	0	32880	
7402	0	31582	
7403	0	30960	
7404	0	30768	
7405	0	31408	
7406	0	32364	
7407	0	33104	
7408	0	33416	
7409	0	33236	
7410	0	33192	
7411	0	32792	
7412	0	32500	
7413	0	32088	
7414	0	31216	
7415	0	30404	
7416	0	29960	
7417	0	30188	
7418	0	31048	
7419	0	32320	
7420	0	32920	
7421	0	32749	
7422	0	31760	
7423	0	30988	
7424	0	30960	
7425	0	30664	
7426	0	29204	
7427	0	27148	
7428	0	25516	
7429	0	25340	
7430	0	25584	
7431	0	25776	
7432	0	26592	
7433	0	28220	
7434	0	30180	
7435	0	32548	
7436	0	34244	
7437	0	34428	
7438	0	34124	
7439	0	34000	
7440	0	34708	
7441	0	36184	
7442	0	37736	
7443	0	38904	
7444	0	40200	
7445	0	41204	
7446	0	42224	
7447	0	43544	
7448	0	44076	
7449	0	43616	
7450	0	43224	
7451	0	42252	
7452	0	40712	
7453	0	39036	
7454	0	38420	
7455	0	38332	
7456	0	38168	
7457	0	37988	
7458	0	37416	
7459	0	36020	
7460	0	34020	
7461	0	32004	
7462	0	30940	
7463	0	31332	
7464	0	32108	
7465	0	32888	
7466	0	33200	
7467	0	32984	
7468	0	32232	
7469	0	31576	
7470	0	31256	
7471	0	31228	
7472	0	31048	
7473	0	30880	
7474	0	30776	
7475	0	31392	
7476	0	32124	
7477	0	32852	
7478	0	33472	
7479	0	33224	
7480	0	32560	
7481	0	32244	
7482	0	32092	
7483	0	32012	
7484	0	32292	
7485	0	32776	
7486	0	33204	
7487	0	33008	
7488	0	32692	
7489	0	32656	
7490	0	32644	
7491	0	31776	
7492	0	30156	
7493	0	28836	
7494	0	28052	
7495	0	28344	
7496	0	28640	
7497	0	28908	
7498	0	28732	
7499	0	27728	
7500	0	26124	
7501	0	25804	
7502	0	27252	
7503	0	29480	
7504	0	31644	
7505	0	33856	
7506	0	35560	
7507	0	36420	
7508	0	36664	
7509	0	36624	
7510	0	35844	
7511	0	34992	
7512	0	34544	
7513	0	33736	
7514	0	32490	
7515	0	30896	
7516	0	29356	
7517	0	28992	
7518	0	29408	
7519	0	30320	
7520	0	31464	
7521	0	32484	
7522	0	33564	
7523	0	34752	
7524	0	35264	
7525	0	34456	
7526	0	33744	
7527	0	33488	
7528	0	33512	
7529	0	33712	
7530	0	33940	
7531	0	34192	
7532	0	34776	
7533	0	35484	
7534	0	36192	
7535	0	35964	
7536	0	34588	
7537	0	33176	
7538	0	31764	
7539	0	30724	
7540	0	30192	
7541	0	30074	
7542	0	29518	
7543	0	28496	
7544	0	27536	
7545	0	27468	
7546	0	28192	
7547	0	29520	
7548	0	30892	
7549	0	31852	
7550	0	33144	
7551	0	34304	
7552	0	34148	
7553	0	33480	
7554	0	33036	
7555	0	32656	
7556	0	31996	
7557	0	31232	
7558	0	30716	
7559	0	30152	
7560	0	30260	
7561	0	30960	
7562	0	32420	
7563	0	34048	
7564	0	35096	
7565	0	35520	
7566	0	36056	
7567	0	35912	
7568	0	35024	
7569	0	34172	
7570	0	33544	
7571	0	32986	
7572	0	33100	
7573	0	32984	
7574	0	32960	
7575	0	32744	
7576	0	32032	
7577	0	31220	
7578	0	30808	
7579	0	31132	
7580	0	32096	
7581	0	33000	
7582	0	33844	
7583	0	34796	
7584	0	36068	
7585	0	37240	
7586	0	37520	
7587	0	37092	
7588	0	36352	
7589	0	35616	
7590	0	34636	
7591	0	33260	
7592	0	31364	
7593	0	30024	
7594	0	29256	
7595	0	28720	
7596	0	28700	
7597	0	29724	
7598	0	30872	
7599	0	32136	
7600	0	32556	
7601	0	33132	
7602	0	33948	
7603	0	34808	
7604	0	34420	
7605	0	33552	
7606	0	32936	
7607	0	32696	
7608	0	32236	
7609	0	32000	
7610	0	31888	
7611	0	32136	
7612	0	31904	
7613	0	31156	
7614	0	30500	
7615	0	30072	
7616	0	30672	
7617	0	31996	
7618	0	33388	
7619	0	34808	
7620	0	35624	
7621	0	36596	
7622	0	36738	
7623	0	36268	
7624	0	35184	
7625	0	33520	
7626	0	32076	
7627	0	31180	
7628	0	31456	
7629	0	31944	
7630	0	32188	
7631	0	32204	
7632	0	32476	
7633	0	32824	
7634	0	33708	
7635	0	34896	
7636	0	35964	
7637	0	37052	
7638	0	37524	
7639	0	37888	
7640	0	37696	
7641	0	36732	
7642	0	36088	
7643	0	36448	
7644	0	37356	
7645	0	38320	
7646	0	38524	
7647	0	38044	
7648	0	37060	
7649	0	35824	
7650	0	34296	
7651	0	33664	
7652	0	33964	
7653	0	34360	
7654	0	34354	
7655	0	34180	
7656	0	33852	
7657	0	33504	
7658	0	33608	
7659	0	34036	
7660	0	34468	
7661	0	33872	
7662	0	32020	
7663	0	29880	
7664	0	27938	
7665	0	26516	
7666	0	26436	
7667	0	26584	
7668	0	27224	
7669	0	28152	
7670	0	29752	
7671	0	31876	
7672	0	33548	
7673	0	34184	
7674	0	34168	
7675	0	34244	
7676	0	34388	
7677	0	35360	
7678	0	37056	
7679	0	38452	
7680	0	38948	
7681	0	39148	
7682	0	38936	
7683	0	38108	
7684	0	37016	
7685	0	35576	
7686	0	34324	
7687	0	33792	
7688	0	33720	
7689	0	33384	
7690	0	33584	
7691	0	34472	
7692	0	35248	
7693	0	35592	
7694	0	36344	
7695	0	37348	
7696	0	38208	
7697	0	38852	
7698	0	39372	
7699	0	39624	
7700	0	39192	
7701	0	37304	
7702	0	35400	
7703	0	33844	
7704	0	32456	
7705	0	31834	
7706	0	31272	
7707	0	30680	
7708	0	31104	
7709	0	31976	
7710	0	32868	
7711	0	33808	
7712	0	34404	
7713	0	34110	
7714	0	33108	
7715	0	31180	
7716	0	29536	
7717	0	27648	
7718	0	25858	
7719	0	25132	
7720	0	25244	
7721	0	25696	
7722	0	26688	
7723	0	28288	
7724	0	30606	
7725	0	33596	
7726	0	36312	
7727	0	37888	
7728	0	38316	
7729	0	37844	
7730	0	37112	
7731	0	36400	
7732	0	35696	
7733	0	35212	
7734	0	35312	
7735	0	35588	
7736	0	35674	
7737	0	35720	
7738	0	35624	
7739	0	35680	
7740	0	34976	
7741	0	34120	
7742	0	33620	
7743	0	33876	
7744	0	34816	
7745	0	35808	
7746	0	36908	
7747	0	38224	
7748	0	39520	
7749	0	39776	
7750	0	39268	
7751	0	38212	
7752	0	36408	
7753	0	34184	
7754	0	33032	
7755	0	33104	
7756	0	34224	
7757	0	35472	
7758	0	35708	
7759	0	35720	
7760	0	35996	
7761	0	36252	
7762	0	35312	
7763	0	33268	
7764	0	31608	
7765	0	31416	
7766	0	32136	
7767	0	32588	
7768	0	32592	
7769	0	32272	
7770	0	31928	
7771	0	31028	
7772	0	29744	
7773	0	29020	
7774	0	29424	
7775	0	30628	
7776	0	31984	
7777	0	32796	
7778	0	32728	
7779	0	32412	
7780	0	31756	
7781	0	31056	
7782	0	31532	
7783	0	32852	
7784	0	33592	
7785	0	34004	
7786	0	34752	
7787	0	34616	
7788	0	33304	
7789	0	31292	
7790	0	29900	
7791	0	29080	
7792	0	28332	
7793	0	28120	
7794	0	28604	
7795	0	29284	
7796	0	30056	
7797	0	30588	
7798	0	31880	
7799	0	33076	
7800	0	33352	
7801	0	32632	
7802	0	31500	
7803	0	31072	
7804	0	31432	
7805	0	32344	
7806	0	34032	
7807	0	35816	
7808	0	37036	
7809	0	37688	
7810	0	37724	
7811	0	37180	
7812	0	36772	
7813	0	36996	
7814	0	37580	
7815	0	37368	
7816	0	36648	
7817	0	35660	
7818	0	35168	
7819	0	34176	
7820	0	32864	
7821	0	31856	
7822	0	30368	
7823	0	29056	
7824	0	28492	
7825	0	29228	
7826	0	30956	
7827	0	32092	
7828	0	31884	
7829	0	30756	
7830	0	29224	
7831	0	27464	
7832	0	26196	
7833	0	25796	
7834	0	26352	
7835	0	27356	
7836	0	28325	
7837	0	29852	
7838	0	31612	
7839	0	33004	
7840	0	33930	
7841	0	34772	
7842	0	35324	
7843	0	35632	
7844	0	35916	
7845	0	35792	
7846	0	35456	
7847	0	35540	
7848	0	35680	
7849	0	35740	
7850	0	36600	
7851	0	37480	
7852	0	37336	
7853	0	36840	
7854	0	36632	
7855	0	36144	
7856	0	35516	
7857	0	35272	
7858	0	34920	
7859	0	34928	
7860	0	34888	
7861	0	34352	
7862	0	33440	
7863	0	32328	
7864	0	32236	
7865	0	32628	
7866	0	33152	
7867	0	33772	
7868	0	33452	
7869	0	33512	
7870	0	33392	
7871	0	33092	
7872	0	32448	
7873	0	30528	
7874	0	28132	
7875	0	27028	
7876	0	27932	
7877	0	29752	
7878	0	30912	
7879	0	31312	
7880	0	31060	
7881	0	31012	
7882	0	31812	
7883	0	32460	
7884	0	32532	
7885	0	32536	
7886	0	32562	
7887	0	32596	
7888	0	32352	
7889	0	32420	
7890	0	32840	
7891	0	32820	
7892	0	32712	
7893	0	33152	
7894	0	33856	
7895	0	34088	
7896	0	34280	
7897	0	34408	
7898	0	34252	
7899	0	33988	
7900	0	33608	
7901	0	33440	
7902	0	34072	
7903	0	34364	
7904	0	34004	
7905	0	32852	
7906	0	32068	
7907	0	31744	
7908	0	31452	
7909	0	31540	
7910	0	31920	
7911	0	32392	
7912	0	32576	
7913	0	31780	
7914	0	30568	
7915	0	29490	
7916	0	28868	
7917	0	28888	
7918	0	29384	
7919	0	29248	
7920	0	28748	
7921	0	28988	
7922	0	29984	
7923	0	31140	
7924	0	32264	
7925	0	32944	
7926	0	33448	
7927	0	33792	
7928	0	34240	
7929	0	34616	
7930	0	35182	
7931	0	36248	
7932	0	37324	
7933	0	37536	
7934	0	38156	
7935	0	38160	
7936	0	37244	
7937	0	36444	
7938	0	35008	
7939	0	32700	
7940	0	31944	
7941	0	32312	
7942	0	33840	
7943	0	35108	
7944	0	35788	
7945	0	37096	
7946	0	37824	
7947	0	37744	
7948	0	37752	
7949	0	37480	
7950	0	36400	
7951	0	35086	
7952	0	33576	
7953	0	32108	
7954	0	30792	
7955	0	29840	
7956	0	28896	
7957	0	28240	
7958	0	27960	
7959	0	28520	
7960	0	29876	
7961	0	31644	
7962	0	33020	
7963	0	34500	
7964	0	35092	
7965	0	34952	
7966	0	34696	
7967	0	34552	
7968	0	34808	
7969	0	35136	
7970	0	34908	
7971	0	34404	
7972	0	34312	
7973	0	35044	
7974	0	35848	
7975	0	36412	
7976	0	36924	
7977	0	37652	
7978	0	37840	
7979	0	37684	
7980	0	37500	
7981	0	37968	
7982	0	38976	
7983	0	40112	
7984	0	40776	
7985	0	41476	
7986	0	41032	
7987	0	39680	
7988	0	38144	
7989	0	36264	
7990	0	34696	
7991	0	33300	
7992	0	32452	
7993	0	31660	
7994	0	31320	
7995	0	30860	
7996	0	29840	
7997	0	28200	
7998	0	27112	
7999	0	26320	
8000	0	26368	
8001	0	27308	
8002	0	29044	
8003	0	30620	
8004	0	32444	
8005	0	34232	
8006	0	35060	
8007	0	34688	
8008	0	33636	
8009	0	32672	
8010	0	31680	
8011	0	31592	
8012	0	32472	
8013	0	33208	
8014	0	33628	
8015	0	34360	
8016	0	34896	
8017	0	35204	
8018	0	35444	
8019	0	35692	
8020	0	36588	
8021	0	37956	
8022	0	38568	
8023	0	37800	
8024	0	36236	
8025	0	34508	
8026	0	34224	
8027	0	34120	
8028	0	34604	
8029	0	35226	
8030	0	35708	
8031	0	36104	
8032	0	36464	
8033	0	37148	
8034	0	37480	
8035	0	37492	
8036	0	36212	
8037	0	34148	
8038	0	32000	
8039	0	30756	
8040	0	30928	
8041	0	31976	
8042	0	33844	
8043	0	35712	
8044	0	37428	
8045	0	38456	
8046	0	38488	
8047	0	38288	
8048	0	37712	
8049	0	37248	
8050	0	37136	
8051	0	36348	
8052	0	35092	
8053	0	34104	
8054	0	34092	
8055	0	35436	
8056	0	36908	
8057	0	37648	
8058	0	38664	
8059	0	39512	
8060	0	38864	
8061	0	36920	
8062	0	34672	
8063	0	32644	
8064	0	31236	
8065	0	30660	
8066	0	30716	
8067	0	31306	
8068	0	31802	
8069	0	31720	
8070	0	30196	
8071	0	28024	
8072	0	27112	
8073	0	27636	
8074	0	28948	
8075	0	30484	
8076	0	31192	
8077	0	31028	
8078	0	31084	
8079	0	31516	
8080	0	32092	
8081	0	32064	
8082	0	32748	
8083	0	33476	
8084	0	33564	
8085	0	33248	
8086	0	33116	
8087	0	32900	
8088	0	32536	
8089	0	32248	
8090	0	32620	
8091	0	33136	
8092	0	33136	
8093	0	33528	
8094	0	34816	
8095	0	37184	
8096	0	39696	
8097	0	41104	
8098	0	41288	
8099	0	40732	
8100	0	39648	
8101	0	38248	
8102	0	36984	
8103	0	35780	
8104	0	35232	
8105	0	35296	
8106	0	35420	
8107	0	35500	
8108	0	35592	
8109	0	35284	
8110	0	35128	
8111	0	34656	
8112	0	34620	
8113	0	36204	
8114	0	37860	
8115	0	38636	
8116	0	39584	
8117	0	39532	
8118	0	38816	
8119	0	37380	
8120	0	35628	
8121	0	33976	
8122	0	32208	
8123	0	31180	
8124	0	30984	
8125	0	32212	
8126	0	34064	
8127	0	35224	
8128	0	35668	
8129	0	35776	
8130	0	36120	
8131	0	36072	
8132	0	35760	
8133	0	35688	
8134	0	35668	
8135	0	34800	
8136	0	34256	
8137	0	33824	
8138	0	34300	
8139	0	36020	
8140	0	37056	
8141	0	37368	
8142	0	37372	
8143	0	37192	
8144	0	36964	
8145	0	36296	
8146	0	35880	
8147	0	35824	
8148	0	36644	
8149	0	38280	
8150	0	40736	
8151	0	43824	
8152	0	46364	
8153	0	47984	
8154	0	48216	
8155	0	46620	
8156	0	44316	
8157	0	41824	
8158	0	39700	
8159	0	38296	
8160	0	38124	
8161	0	38224	
8162	0	39216	
8163	0	40760	
8164	0	42460	
8165	0	43640	
8166	0	43968	
8167	0	43788	
8168	0	43504	
8169	0	43660	
8170	0	44088	
8171	0	44464	
8172	0	44976	
8173	0	44524	
8174	0	43224	
8175	0	41916	
8176	0	40688	
8177	0	39732	
8178	0	39012	
8179	0	38320	
8180	0	37856	
8181	0	38012	
8182	0	38664	
8183	0	39892	
8184	0	40868	
8185	0	41252	
8186	0	41328	
8187	0	41292	
8188	0	41392	
8189	0	41296	
8190	0	41188	
8191	0	41488	
8192	0	41464	
8193	0	41036	
8194	0	40372	
8195	0	39172	
8196	0	37556	
8197	0	35552	
8198	0	33712	
8199	0	31972	
8200	0	30972	
8201	0	31252	
8202	0	32340	
8203	0	33600	
8204	0	35172	
8205	0	36412	
8206	0	37372	
8207	0	37912	
8208	0	37604	
8209	0	36792	
8210	0	35432	
8211	0	34192	
8212	0	34304	
8213	0	34512	
8214	0	35024	
8215	0	35256	
8216	0	35400	
8217	0	34700	
8218	0	32976	
8219	0	30804	
8220	0	28920	
8221	0	27224	
8222	0	26880	
8223	0	27748	
8224	0	28880	
8225	0	29244	
8226	0	30032	
8227	0	30356	
8228	0	31096	
8229	0	32272	
8230	0	33464	
8231	0	34904	
8232	0	36052	
8233	0	36680	
8234	0	36890	
8235	0	36884	
8236	0	36648	
8237	0	35740	
8238	0	35040	
8239	0	34296	
8240	0	33800	
8241	0	33808	
8242	0	34296	
8243	0	34780	
8244	0	35260	
8245	0	35496	
8246	0	35032	
8247	0	34276	
8248	0	33634	
8249	0	32700	
8250	0	31340	
8251	0	30384	
8252	0	29572	
8253	0	29632	
8254	0	30064	
8255	0	30368	
8256	0	30444	
8257	0	29920	
8258	0	28524	
8259	0	27160	
8260	0	25928	
8261	0	25372	
8262	0	25930	
8263	0	26836	
8264	0	27744	
8265	0	28136	
8266	0	28716	
8267	0	29344	
8268	0	30120	
8269	0	30334	
8270	0	29992	
8271	0	27672	
8272	0	24449	
8273	0	21680	
8274	0	19880	
8275	0	19744	
8276	0	21820	
8277	0	24716	
8278	0	26896	
8279	0	28216	
8280	0	27876	
8281	0	26920	
8282	0	26388	
8283	0	26292	
8284	0	26434	
8285	0	27268	
8286	0	28652	
8287	0	30416	
8288	0	32528	
8289	0	34700	
8290	0	36384	
8291	0	37540	
8292	0	38324	
8293	0	38628	
8294	0	38824	
8295	0	38488	
8296	0	37464	
8297	0	36122	
8298	0	35156	
8299	0	34304	
8300	0	33520	
8301	0	33232	
8302	0	32760	
8303	0	32666	
8304	0	32628	
8305	0	32384	
8306	0	32032	
8307	0	31744	
8308	0	32012	
8309	0	32340	
8310	0	32117	
8311	0	31836	
8312	0	31764	
8313	0	32008	
8314	0	32300	
8315	0	31980	
8316	0	31672	
8317	0	31476	
8318	0	31300	
8319	0	31204	
8320	0	31204	
8321	0	31644	
8322	0	32352	
8323	0	32324	
8324	0	31408	
8325	0	30272	
8326	0	29936	
8327	0	29916	
8328	0	29888	
8329	0	30376	
8330	0	31440	
8331	0	33256	
8332	0	35540	
8333	0	38004	
8334	0	38788	
8335	0	38268	
8336	0	36604	
8337	0	34368	
8338	0	32024	
8339	0	31220	
8340	0	31936	
8341	0	32540	
8342	0	33196	
8343	0	34304	
8344	0	34764	
8345	0	36832	
8346	0	40832	
8347	0	42632	
8348	0	40616	
8349	0	37720	
8350	0	35720	
8351	0	34056	
8352	0	34620	
8353	0	36368	
8354	0	38100	
8355	0	41068	
8356	0	45256	
8357	0	48448	
8358	0	49400	
8359	0	50792	
8360	0	51760	
8361	0	51396	
8362	0	49700	
8363	0	48308	
8364	0	49312	
8365	0	51568	
8366	0	52808	
8367	0	52008	
8368	0	49832	
8369	0	47504	
8370	0	45584	
8371	0	45352	
8372	0	45688	
8373	0	45352	
8374	0	45840	
8375	0	46360	
8376	0	46376	
8377	0	46088	
8378	0	44884	
8379	0	42176	
8380	0	39988	
8381	0	40060	
8382	0	41912	
8383	0	44416	
8384	0	46324	
8385	0	46944	
8386	0	47056	
8387	0	45736	
8388	0	43536	
8389	0	41836	
8390	0	40372	
8391	0	39792	
8392	0	40824	
8393	0	41528	
8394	0	40968	
8395	0	40208	
8396	0	39192	
8397	0	38680	
8398	0	38770	
8399	0	39588	
8400	0	40012	
8401	0	40220	
8402	0	41076	
8403	0	41476	
8404	0	41276	
8405	0	42116	
8406	0	43884	
8407	0	45024	
8408	0	46068	
8409	0	45856	
8410	0	44816	
8411	0	44488	
8412	0	44112	
8413	0	44020	
8414	0	44184	
8415	0	44056	
8416	0	44180	
8417	0	45380	
8418	0	46904	
8419	0	47480	
8420	0	47192	
8421	0	47152	
8422	0	47800	
8423	0	48448	
8424	0	48296	
8425	0	48280	
8426	0	48780	
8427	0	50288	
8428	0	52168	
8429	0	53268	
8430	0	52352	
8431	0	50060	
8432	0	46088	
8433	0	42736	
8434	0	40132	
8435	0	38468	
8436	0	37748	
8437	0	38732	
8438	0	40528	
8439	0	43744	
8440	0	47828	
8441	0	51968	
8442	0	54792	
8443	0	56732	
8444	0	58224	
8445	0	58728	
8446	0	58208	
8447	0	57376	
8448	0	57220	
8449	0	57520	
8450	0	58356	
8451	0	58436	
8452	0	56648	
8453	0	52340	
8454	0	46964	
8455	0	41644	
8456	0	37492	
8457	0	35496	
8458	0	35208	
8459	0	35996	
8460	0	36256	
8461	0	36760	
8462	0	38228	
8463	0	40160	
8464	0	40448	
8465	0	37850	
8466	0	33264	
8467	0	28064	
8468	0	24092	
8469	0	22348	
8470	0	23240	
8471	0	25548	
8472	0	28152	
8473	0	29116	
8474	0	28556	
8475	0	27788	
8476	0	27252	
8477	0	25192	
8478	0	21072	
8479	0	16764	
8480	0	13645	
8481	0	12032	
8482	0	12964	
8483	0	15200	
8484	0	16952	
8485	0	17840	
8486	0	16384	
8487	0	14297	
8488	0	13150	
8489	0	12696	
8490	0	13376	
8491	0	14978	
8492	0	16868	
8493	0	17848	
8494	0	18220	
8495	0	17784	
8496	0	17360	
8497	0	17364	
8498	0	17932	
8499	0	17676	
8500	0	16584	
8501	0	14732	
8502	0	12052	
8503	0	8872	
8504	0	7266	
8505	0	7320	
8506	0	8574	
8507	0	9324	
8508	0	8749	
8509	0	7526	
8510	0	5789	
8511	0	4436	
8512	0	3987	
8513	0	3975	
8514	0	3766	
8515	0	3716	
8516	0	3814	
8517	0	3604	
8518	0	2758	
8519	0	726	
8520	0	59	
8521	0	60	
8522	0	60	
8523	0	60	
8524	0	61	
8525	0	60	
8526	0	61	
8527	0	59	
8528	0	60	
8529	0	60	
8530	0	61	
8531	0	60	
8532	0	60	
8533	0	59	
8534	0	60	
8535	0	60	
8536	0	60	
8537	0	61	
8538	0	59	
8539	0	59	
8540	0	61	
8541	0	59	
8542	0	60	
8543	0	60	
8544	0	60	
8545	0	59	
8546	0	60	
8547	0	59	
8548	0	61	
8549	0	3723	
8550	0	3593	
8551	0	5028	
8552	0	5710	
8553	0	5974	
8554	0	6258	
8555	0	5805	
8556	0	5000	
8557	0	3830	
8558	0	2502	
8559	0	1006	
8560	0	61	
8561	0	60	
8562	0	60	
8563	0	61	
8564	0	61	
8565	0	59	
8566	0	61	
8567	0	60	
8568	0	61	
8569	0	3353	
8570	0	4910	
8571	0	6380	
8572	0	7751	
8573	0	8810	
8574	0	8882	
8575	0	8952	
8576	0	8728	
8577	0	8609	
8578	0	8208	
8579	0	7141	
8580	0	5748	
8581	0	4955	
8582	0	5432	
8583	0	6356	
8584	0	7128	
8585	0	7508	
8586	0	7508	
8587	0	6987	
8588	0	5802	
8589	0	3915	
8590	0	722	
8591	0	60	
8592	0	60	
8593	0	61	
8594	0	60	
8595	0	59	
8596	0	61	
8597	0	59	
8598	0	2519	
8599	0	3980	
8600	0	5305	
8601	0	5483	
8602	0	5668	
8603	0	6666	
8604	0	7980	
8605	0	9736	
8606	0	10868	
8607	0	11124	
8608	0	11280	
8609	0	12394	
8610	0	14172	
8611	0	15952	
8612	0	17412	
8613	0	17712	
8614	0	16812	
8615	0	15680	
8616	0	14584	
8617	0	14170	
8618	0	14068	
8619	0	12728	
8620	0	10044	
8621	0	8048	
8622	0	7610	
8623	0	8438	
8624	0	10448	
8625	0	13136	
8626	0	16041	
8627	0	18294	
8628	0	18206	
8629	0	17298	
8630	0	17612	
8631	0	19880	
8632	0	23016	
8633	0	25516	
8634	0	27392	
8635	0	29104	
8636	0	29860	
8637	0	29736	
8638	0	28416	
8639	0	26296	
8640	0	22920	
8641	0	18708	
8642	0	16256	
8643	0	14752	
8644	0	14526	
8645	0	16332	
8646	0	20444	
8647	0	24756	
8648	0	28688	
8649	0	31624	
8650	0	32900	
8651	0	33140	
8652	0	31512	
8653	0	29476	
8654	0	28644	
8655	0	28928	
8656	0	29424	
8657	0	29380	
8658	0	28452	
8659	0	26920	
8660	0	25680	
8661	0	25644	
8662	0	26160	
8663	0	26708	
8664	0	26776	
8665	0	25384	
8666	0	23052	
8667	0	20828	
8668	0	19636	
8669	0	19604	
8670	0	21344	
8671	0	24784	
8672	0	28100	
8673	0	30456	
8674	0	31688	
8675	0	31922	
8676	0	31872	
8677	0	31560	
8678	0	30988	
8679	0	30340	
8680	0	29992	
8681	0	29616	
8682	0	29028	
8683	0	28088	
8684	0	27136	
8685	0	26400	
8686	0	25632	
8687	0	25184	
8688	0	24280	
8689	0	23900	
8690	0	24248	
8691	0	24552	
8692	0	25052	
8693	0	25572	
8694	0	25548	
8695	0	25344	
8696	0	24856	
8697	0	24288	
8698	0	22272	
8699	0	20244	
8700	0	18552	
8701	0	17430	
8702	0	17498	
8703	0	19844	
8704	0	23932	
8705	0	29448	
8706	0	35224	
8707	0	39832	
8708	0	43652	
8709	0	46520	
8710	0	47688	
8711	0	48324	
8712	0	47976	
8713	0	47192	
8714	0	45816	
8715	0	44624	
8716	0	44092	
8717	0	43312	
8718	0	42328	
8719	0	41472	
8720	0	40592	
8721	0	39640	
8722	0	38560	
8723	0	37116	
8724	0	34912	
8725	0	33172	
8726	0	32452	
8727	0	32820	
8728	0	33320	
8729	0	33724	
8730	0	33840	
8731	0	34064	
8732	0	33652	
8733	0	32984	
8734	0	32496	
8735	0	31668	
8736	0	30808	
8737	0	29764	
8738	0	29016	
8739	0	29076	
8740	0	30516	
8741	0	32192	
8742	0	33364	
8743	0	34416	
8744	0	34848	
8745	0	34316	
8746	0	33724	
8747	0	33288	
8748	0	32800	
8749	0	33610	
8750	0	34984	
8751	0	36280	
8752	0	37352	
8753	0	37916	
8754	0	38160	
8755	0	37768	
8756	0	37008	
8757	0	35464	
8758	0	34332	
8759	0	33420	
8760	0	32860	
8761	0	32652	
8762	0	32896	
8763	0	33176	
8764	0	33364	
8765	0	33562	
8766	0	33984	
8767	0	34248	
8768	0	33928	
8769	0	33328	
8770	0	32716	
8771	0	32300	
8772	0	32468	
8773	0	32588	
8774	0	32560	
8775	0	32272	
8776	0	31200	
8777	0	29808	
8778	0	28960	
8779	0	28624	
8780	0	29916	
8781	0	33124	
8782	0	36792	
8783	0	39552	
8784	0	40512	
8785	0	40684	
8786	0	40512	
8787	0	41180	
8788	0	42240	
8789	0	42420	
8790	0	42252	
8791	0	42584	
8792	0	42864	
8793	0	43344	
8794	0	43240	
8795	0	42192	
8796	0	41440	
8797	0	40904	
8798	0	40368	
8799	0	39484	
8800	0	39320	
8801	0	40032	
8802	0	41100	
8803	0	41224	
8804	0	39812	
8805	0	37928	
8806	0	36392	
8807	0	35236	
8808	0	35424	
8809	0	36488	
8810	0	38052	
8811	0	39624	
8812	0	41036	
8813	0	42600	
8814	0	43008	
8815	0	42832	
8816	0	42252	
8817	0	41800	
8818	0	41832	
8819	0	42064	
8820	0	41108	
8821	0	39640	
8822	0	38048	
8823	0	37004	
8824	0	36440	
8825	0	36092	
8826	0	36912	
8827	0	38296	
8828	0	38828	
8829	0	38056	
8830	0	36856	
8831	0	35924	
8832	0	35280	
8833	0	34328	
8834	0	33240	
8835	0	31880	
8836	0	31690	
8837	0	32936	
8838	0	34892	
8839	0	36956	
8840	0	38644	
8841	0	39928	
8842	0	40216	
8843	0	39696	
8844	0	39028	
8845	0	38600	
8846	0	38524	
8847	0	38508	
8848	0	37776	
8849	0	37368	
8850	0	37320	
8851	0	38216	
8852	0	39632	
8853	0	41732	
8854	0	44040	
8855	0	45636	
8856	0	46004	
8857	0	44992	
8858	0	43324	
8859	0	41496	
8860	0	41436	
8861	0	42880	
8862	0	44252	
8863	0	45632	
8864	0	46772	
8865	0	47760	
8866	0	48316	
8867	0	48356	
8868	0	48488	
8869	0	48124	
8870	0	47832	
8871	0	47356	
8872	0	46384	
8873	0	45248	
8874	0	43712	
8875	0	42904	
8876	0	42980	
8877	0	43312	
8878	0	44136	
8879	0	44640	
8880	0	44588	
8881	0	44044	
8882	0	43168	
8883	0	42972	
8884	0	43304	
8885	0	43624	
8886	0	43812	
8887	0	43712	
8888	0	42632	
8889	0	41548	
8890	0	41192	
8891	0	40776	
8892	0	40536	
8893	0	40400	
8894	0	39940	
8895	0	39124	
8896	0	39060	
8897	0	39256	
8898	0	39516	
8899	0	39276	
8900	0	38548	
8901	0	37200	
8902	0	35280	
8903	0	33264	
8904	0	31972	
8905	0	30840	
8906	0	29928	
8907	0	29340	
8908	0	29242	
8909	0	29112	
8910	0	29212	
8911	0	30076	
8912	0	31852	
8913	0	33488	
8914	0	35544	
8915	0	38012	
8916	0	40720	
8917	0	42628	
8918	0	44192	
8919	0	45132	
8920	0	45248	
8921	0	44664	
8922	0	44468	
8923	0	44300	
8924	0	43676	
8925	0	42832	
8926	0	42160	
8927	0	42108	
8928	0	41844	
8929	0	41860	
8930	0	41888	
8931	0	42060	
8932	0	41852	
8933	0	40760	
8934	0	40208	
8935	0	40332	
8936	0	41380	
8937	0	42040	
8938	0	41776	
8939	0	41096	
8940	0	40808	
8941	0	40696	
8942	0	41100	
8943	0	41356	
8944	0	41396	
8945	0	41280	
8946	0	41208	
8947	0	41196	
8948	0	41728	
8949	0	42624	
8950	0	43272	
8951	0	43788	
8952	0	44232	
8953	0	43508	
8954	0	41776	
8955	0	39440	
8956	0	38340	
8957	0	38456	
8958	0	38888	
8959	0	39568	
8960	0	40536	
8961	0	41284	
8962	0	42004	
8963	0	42248	
8964	0	41944	
8965	0	41116	
8966	0	40316	
8967	0	39488	
8968	0	39060	
8969	0	39312	
8970	0	39360	
8971	0	38856	
8972	0	37836	
8973	0	36684	
8974	0	35184	
8975	0	33700	
8976	0	32480	
8977	0	30272	
8978	0	26573	
8979	0	23556	
8980	0	23224	
8981	0	25520	
8982	0	29548	
8983	0	34292	
8984	0	38452	
8985	0	41428	
8986	0	43224	
8987	0	44664	
8988	0	45312	
8989	0	45384	
8990	0	45484	
8991	0	45160	
8992	0	44712	
8993	0	43764	
8994	0	41980	
8995	0	39956	
8996	0	38016	
8997	0	36400	
8998	0	35182	
8999	0	34124	
9000	0	33852	
9001	0	33648	
9002	0	33024	
9003	0	31400	
9004	0	28228	
9005	0	24568	
9006	0	22192	
9007	0	21740	
9008	0	22880	
9009	0	25228	
9010	0	28788	
9011	0	32592	
9012	0	36152	
9013	0	38864	
9014	0	40300	
9015	0	40512	
9016	0	40096	
9017	0	39720	
9018	0	39768	
9019	0	39592	
9020	0	38680	
9021	0	37260	
9022	0	35836	
9023	0	34296	
9024	0	32832	
9025	0	31684	
9026	0	30704	
9027	0	30296	
9028	0	30944	
9029	0	32124	
9030	0	33068	
9031	0	32928	
9032	0	32780	
9033	0	32624	
9034	0	32020	
9035	0	31520	
9036	0	31100	
9037	0	31204	
9038	0	32280	
9039	0	33740	
9040	0	35724	
9041	0	37244	
9042	0	38012	
9043	0	37472	
9044	0	36692	
9045	0	36596	
9046	0	36228	
9047	0	35692	
9048	0	35360	
9049	0	35536	
9050	0	36320	
9051	0	37656	
9052	0	39152	
9053	0	39268	
9054	0	38488	
9055	0	37240	
9056	0	35828	
9057	0	34704	
9058	0	34008	
9059	0	34380	
9060	0	35068	
9061	0	35504	
9062	0	35892	
9063	0	36330	
9064	0	35960	
9065	0	35964	
9066	0	36332	
9067	0	36748	
9068	0	37520	
9069	0	38444	
9070	0	39596	
9071	0	40208	
9072	0	40600	
9073	0	41216	
9074	0	41144	
9075	0	40512	
9076	0	39140	
9077	0	37868	
9078	0	37140	
9079	0	37456	
9080	0	38124	
9081	0	37736	
9082	0	36960	
9083	0	36432	
9084	0	35808	
9085	0	35492	
9086	0	35124	
9087	0	34212	
9088	0	32984	
9089	0	31212	
9090	0	30220	
9091	0	30080	
9092	0	30220	
9093	0	30456	
9094	0	30948	
9095	0	32468	
9096	0	34240	
9097	0	36016	
9098	0	37604	
9099	0	38700	
9100	0	38392	
9101	0	36772	
9102	0	34160	
9103	0	31908	
9104	0	29996	
9105	0	28021	
9106	0	27372	
9107	0	27988	
9108	0	30136	
9109	0	33084	
9110	0	35464	
9111	0	35400	
9112	0	34696	
9113	0	33832	
9114	0	33272	
9115	0	33504	
9116	0	33452	
9117	0	32768	
9118	0	32052	
9119	0	32412	
9120	0	33748	
9121	0	36048	
9122	0	38028	
9123	0	39652	
9124	0	40576	
9125	0	41980	
9126	0	43620	
9127	0	45592	
9128	0	46572	
9129	0	46788	
9130	0	46016	
9131	0	44408	
9132	0	42392	
9133	0	40652	
9134	0	39256	
9135	0	38696	
9136	0	37768	
9137	0	36408	
9138	0	35464	
9139	0	35572	
9140	0	36508	
9141	0	37324	
9142	0	37944	
9143	0	37780	
9144	0	36328	
9145	0	33164	
9146	0	29676	
9147	0	26328	
9148	0	23940	
9149	0	24660	
9150	0	28040	
9151	0	32192	
9152	0	35332	
9153	0	37480	
9154	0	38960	
9155	0	40176	
9156	0	41456	
9157	0	42440	
9158	0	42132	
9159	0	41272	
9160	0	40386	
9161	0	39708	
9162	0	38800	
9163	0	38416	
9164	0	37952	
9165	0	37344	
9166	0	35952	
9167	0	33412	
9168	0	30876	
9169	0	28828	
9170	0	27328	
9171	0	27352	
9172	0	29528	
9173	0	32480	
9174	0	35968	
9175	0	39396	
9176	0	41860	
9177	0	43984	
9178	0	45656	
9179	0	46288	
9180	0	46496	
9181	0	45376	
9182	0	43872	
9183	0	41888	
9184	0	39912	
9185	0	38700	
9186	0	37576	
9187	0	36552	
9188	0	36004	
9189	0	36124	
9190	0	36996	
9191	0	37728	
9192	0	38040	
9193	0	38200	
9194	0	38504	
9195	0	39148	
9196	0	39028	
9197	0	38368	
9198	0	37592	
9199	0	37308	
9200	0	36924	
9201	0	36796	
9202	0	36520	
9203	0	35736	
9204	0	35308	
9205	0	35072	
9206	0	34364	
9207	0	33948	
9208	0	33812	
9209	0	33684	
9210	0	33788	
9211	0	34120	
9212	0	34884	
9213	0	35728	
9214	0	36792	
9215	0	37328	
9216	0	37304	
9217	0	36624	
9218	0	36332	
9219	0	36536	
9220	0	36560	
9221	0	36364	
9222	0	36084	
9223	0	35656	
9224	0	35012	
9225	0	34352	
9226	0	33692	
9227	0	33696	
9228	0	32700	
9229	0	31832	
9230	0	31428	
9231	0	32344	
9232	0	34586	
9233	0	37288	
9234	0	38860	
9235	0	39416	
9236	0	39148	
9237	0	38932	
9238	0	38344	
9239	0	36944	
9240	0	34988	
9241	0	33304	
9242	0	32728	
9243	0	33452	
9244	0	34668	
9245	0	35872	
9246	0	36872	
9247	0	37272	
9248	0	37508	
9249	0	37656	
9250	0	38700	
9251	0	40564	
9252	0	42780	
9253	0	44224	
9254	0	44584	
9255	0	43904	
9256	0	42752	
9257	0	41516	
9258	0	40260	
9259	0	38872	
9260	0	37416	
9261	0	36124	
9262	0	35780	
9263	0	36240	
9264	0	36896	
9265	0	37736	
9266	0	38416	
9267	0	38620	
9268	0	38820	
9269	0	39164	
9270	0	39112	
9271	0	38540	
9272	0	37764	
9273	0	36864	
9274	0	35552	
9275	0	34612	
9276	0	34204	
9277	0	34328	
9278	0	34180	
9279	0	33376	
9280	0	32920	
9281	0	32524	
9282	0	31964	
9283	0	32396	
9284	0	33024	
9285	0	33264	
9286	0	33904	
9287	0	34892	
9288	0	35664	
9289	0	36420	
9290	0	36752	
9291	0	37020	
9292	0	37504	
9293	0	37928	
9294	0	37448	
9295	0	36168	
9296	0	34804	
9297	0	33768	
9298	0	32684	
9299	0	32004	
9300	0	31884	
9301	0	31412	
9302	0	31052	
9303	0	30542	
9304	0	29188	
9305	0	26000	
9306	0	22508	
9307	0	20564	
9308	0	20001	
9309	0	21288	
9310	0	24192	
9311	0	28424	
9312	0	32790	
9313	0	35988	
9314	0	37808	
9315	0	39048	
9316	0	39952	
9317	0	40880	
9318	0	41648	
9319	0	41984	
9320	0	41780	
9321	0	40940	
9322	0	40004	
9323	0	39768	
9324	0	40000	
9325	0	40008	
9326	0	39568	
9327	0	39136	
9328	0	38540	
9329	0	38060	
9330	0	37580	
9331	0	37136	
9332	0	36592	
9333	0	36096	
9334	0	35920	
9335	0	35712	
9336	0	35252	
9337	0	34752	
9338	0	34864	
9339	0	35480	
9340	0	35324	
9341	0	34776	
9342	0	34528	
9343	0	34400	
9344	0	33412	
9345	0	32928	
9346	0	33024	
9347	0	33384	
9348	0	34228	
9349	0	35228	
9350	0	35540	
9351	0	34632	
9352	0	32988	
9353	0	30812	
9354	0	29240	
9355	0	28270	
9356	0	28324	
9357	0	28992	
9358	0	29600	
9359	0	29636	
9360	0	29468	
9361	0	28896	
9362	0	27940	
9363	0	27196	
9364	0	27048	
9365	0	27444	
9366	0	27528	
9367	0	26602	
9368	0	25168	
9369	0	23172	
9370	0	20920	
9371	0	19420	
9372	0	19716	
9373	0	21836	
9374	0	24456	
9375	0	26564	
9376	0	28704	
9377	0	31024	
9378	0	33160	
9379	0	35856	
9380	0	38304	
9381	0	39520	
9382	0	39952	
9383	0	39424	
9384	0	38852	
9385	0	37856	
9386	0	37080	
9387	0	36916	
9388	0	36600	
9389	0	35360	
9390	0	33612	
9391	0	32804	
9392	0	33160	
9393	0	34520	
9394	0	36392	
9395	0	36648	
9396	0	35340	
9397	0	33704	
9398	0	31768	
9399	0	29896	
9400	0	28612	
9401	0	28032	
9402	0	27720	
9403	0	27072	
9404	0	26184	
9405	0	25528	
9406	0	25856	
9407	0	27420	
9408	0	29036	
9409	0	30224	
9410	0	31000	
9411	0	31580	
9412	0	32004	
9413	0	32464	
9414	0	32836	
9415	0	33004	
9416	0	32692	
9417	0	32584	
9418	0	32592	
9419	0	32400	
9420	0	31936	
9421	0	31516	
9422	0	30816	
9423	0	30392	
9424	0	30554	
9425	0	30760	
9426	0	30436	
9427	0	29168	
9428	0	27756	
9429	0	27048	
9430	0	27140	
9431	0	28456	
9432	0	31136	
9433	0	33152	
9434	0	34044	
9435	0	34828	
9436	0	35408	
9437	0	35954	
9438	0	35752	
9439	0	34532	
9440	0	32432	
9441	0	29688	
9442	0	27544	
9443	0	25948	
9444	0	25952	
9445	0	26850	
9446	0	27660	
9447	0	28048	
9448	0	28812	
9449	0	29160	
9450	0	29156	
9451	0	29060	
9452	0	28972	
9453	0	29624	
9454	0	30692	
9455	0	31420	
9456	0	31812	
9457	0	31436	
9458	0	30800	
9459	0	29820	
9460	0	28524	
9461	0	27592	
9462	0	27524	
9463	0	28308	
9464	0	29512	
9465	0	30480	
9466	0	30580	
9467	0	29664	
9468	0	28564	
9469	0	27885	
9470	0	28820	
9471	0	30688	
9472	0	31792	
9473	0	31776	
9474	0	31104	
9475	0	30080	
9476	0	29156	
9477	0	28260	
9478	0	27632	
9479	0	27576	
9480	0	28928	
9481	0	30080	
9482	0	30244	
9483	0	29412	
9484	0	28048	
9485	0	27276	
9486	0	27224	
9487	0	27752	
9488	0	29173	
9489	0	30944	
9490	0	32812	
9491	0	35312	
9492	0	37704	
9493	0	39520	
9494	0	41160	
9495	0	42148	
9496	0	42292	
9497	0	41632	
9498	0	40572	
9499	0	39804	
9500	0	39784	
9501	0	40520	
9502	0	41476	
9503	0	41980	
9504	0	41572	
9505	0	39616	
9506	0	37820	
9507	0	37212	
9508	0	37728	
9509	0	38356	
9510	0	39036	
9511	0	39256	
9512	0	38816	
9513	0	38192	
9514	0	37560	
9515	0	36936	
9516	0	36144	
9517	0	35044	
9518	0	34024	
9519	0	33544	
9520	0	33032	
9521	0	32300	
9522	0	30064	
9523	0	26732	
9524	0	24104	
9525	0	22552	
9526	0	22632	
9527	0	24076	
9528	0	26798	
9529	0	29388	
9530	0	31244	
9531	0	32392	
9532	0	33092	
9533	0	33588	
9534	0	34004	
9535	0	33308	
9536	0	31968	
9537	0	29996	
9538	0	27544	
9539	0	25713	
9540	0	25488	
9541	0	26820	
9542	0	29156	
9543	0	31700	
9544	0	34294	
9545	0	35008	
9546	0	33552	
9547	0	31828	
9548	0	30468	
9549	0	29360	
9550	0	29588	
9551	0	31284	
9552	0	33700	
9553	0	36220	
9554	0	38370	
9555	0	39684	
9556	0	40592	
9557	0	41280	
9558	0	41680	
9559	0	41816	
9560	0	41672	
9561	0	41236	
9562	0	40720	
9563	0	40308	
9564	0	39508	
9565	0	38612	
9566	0	38028	
9567	0	37660	
9568	0	37700	
9569	0	37448	
9570	0	36872	
9571	0	35928	
9572	0	35332	
9573	0	35268	
9574	0	35408	
9575	0	35468	
9576	0	35060	
9577	0	35056	
9578	0	35508	
9579	0	35276	
9580	0	33784	
9581	0	32608	
9582	0	31348	
9583	0	30308	
9584	0	29340	
9585	0	28660	
9586	0	28764	
9587	0	28764	
9588	0	28480	
9589	0	28564	
9590	0	29112	
9591	0	29652	
9592	0	30058	
9593	0	30528	
9594	0	31192	
9595	0	31858	
9596	0	32188	
9597	0	32668	
9598	0	32464	
9599	0	31692	
9600	0	30444	
9601	0	29416	
9602	0	29424	
9603	0	29968	
9604	0	31072	
9605	0	32312	
9606	0	33400	
9607	0	34776	
9608	0	36664	
9609	0	38876	
9610	0	40616	
9611	0	42512	
9612	0	44048	
9613	0	44564	
9614	0	43644	
9615	0	40920	
9616	0	37416	
9617	0	34508	
9618	0	32392	
9619	0	30844	
9620	0	30204	
9621	0	30772	
9622	0	32732	
9623	0	35325	
9624	0	36340	
9625	0	36452	
9626	0	36612	
9627	0	36808	
9628	0	37288	
9629	0	37484	
9630	0	37296	
9631	0	36996	
9632	0	36676	
9633	0	36812	
9634	0	36224	
9635	0	35384	
9636	0	34936	
9637	0	35052	
9638	0	35936	
9639	0	37148	
9640	0	37856	
9641	0	37524	
9642	0	36256	
9643	0	34848	
9644	0	34356	
9645	0	34444	
9646	0	34832	
9647	0	35156	
9648	0	35300	
9649	0	35324	
9650	0	35148	
9651	0	34936	
9652	0	35336	
9653	0	35608	
9654	0	35364	
9655	0	34530	
9656	0	34120	
9657	0	33244	
9658	0	32936	
9659	0	32556	
9660	0	31864	
9661	0	31172	
9662	0	30632	
9663	0	29690	
9664	0	29112	
9665	0	28624	
9666	0	28668	
9667	0	29652	
9668	0	30820	
9669	0	31917	
9670	0	32984	
9671	0	33668	
9672	0	33868	
9673	0	33864	
9674	0	33304	
9675	0	33000	
9676	0	32796	
9677	0	31940	
9678	0	30788	
9679	0	29766	
9680	0	29224	
9681	0	28772	
9682	0	28752	
9683	0	29524	
9684	0	30656	
9685	0	31364	
9686	0	31236	
9687	0	30424	
9688	0	29344	
9689	0	28188	
9690	0	26476	
9691	0	24760	
9692	0	23412	
9693	0	23468	
9694	0	25284	
9695	0	27136	
9696	0	28484	
9697	0	28424	
9698	0	27792	
9699	0	27664	
9700	0	28512	
9701	0	30136	
9702	0	32244	
9703	0	34668	
9704	0	36212	
9705	0	36306	
9706	0	35704	
9707	0	34736	
9708	0	34264	
9709	0	35208	
9710	0	35952	
9711	0	35796	
9712	0	35276	
9713	0	34744	
9714	0	34568	
9715	0	34224	
9716	0	33164	
9717	0	32872	
9718	0	33596	
9719	0	33856	
9720	0	33692	
9721	0	32848	
9722	0	31600	
9723	0	30160	
9724	0	29336	
9725	0	29060	
9726	0	29604	
9727	0	30932	
9728	0	32696	
9729	0	34088	
9730	0	35244	
9731	0	35888	
9732	0	35124	
9733	0	33880	
9734	0	32996	
9735	0	33040	
9736	0	33564	
9737	0	34124	
9738	0	34896	
9739	0	34836	
9740	0	33284	
9741	0	30916	
9742	0	28512	
9743	0	26244	
9744	0	24960	
9745	0	24672	
9746	0	24556	
9747	0	24472	
9748	0	25264	
9749	0	27124	
9750	0	30016	
9751	0	32308	
9752	0	34616	
9753	0	36400	
9754	0	37920	
9755	0	38960	
9756	0	40040	
9757	0	40344	
9758	0	39688	
9759	0	38716	
9760	0	37072	
9761	0	35424	
9762	0	34224	
9763	0	33492	
9764	0	32704	
9765	0	32216	
9766	0	32364	
9767	0	33114	
9768	0	34408	
9769	0	35956	
9770	0	37664	
9771	0	37684	
9772	0	35528	
9773	0	31968	
9774	0	27984	
9775	0	24668	
9776	0	22848	
9777	0	22164	
9778	0	22468	
9779	0	23548	
9780	0	25160	
9781	0	27100	
9782	0	28964	
9783	0	30680	
9784	0	32472	
9785	0	34412	
9786	0	36688	
9787	0	38236	
9788	0	39068	
9789	0	39032	
9790	0	37956	
9791	0	36264	
9792	0	34776	
9793	0	34028	
9794	0	34552	
9795	0	35588	
9796	0	37020	
9797	0	38196	
9798	0	38456	
9799	0	37960	
9800	0	36900	
9801	0	35736	
9802	0	35320	
9803	0	35396	
9804	0	35864	
9805	0	36688	
9806	0	37436	
9807	0	37444	
9808	0	38256	
9809	0	39136	
9810	0	38440	
9811	0	36714	
9812	0	35140	
9813	0	34876	
9814	0	35260	
9815	0	35584	
9816	0	35648	
9817	0	34488	
9818	0	32624	
9819	0	30908	
9820	0	30004	
9821	0	29720	
9822	0	30468	
9823	0	31692	
9824	0	32660	
9825	0	33256	
9826	0	33456	
9827	0	33892	
9828	0	34360	
9829	0	34564	
9830	0	33920	
9831	0	32476	
9832	0	31280	
9833	0	30400	
9834	0	29582	
9835	0	29064	
9836	0	29020	
9837	0	29404	
9838	0	29860	
9839	0	30656	
9840	0	31432	
9841	0	32668	
9842	0	33440	
9843	0	33600	
9844	0	33354	
9845	0	33220	
9846	0	33460	
9847	0	33460	
9848	0	33096	
9849	0	32740	
9850	0	32204	
9851	0	32092	
9852	0	32684	
9853	0	33708	
9854	0	34804	
9855	0	35672	
9856	0	35404	
9857	0	33444	
9858	0	30844	
9859	0	28212	
9860	0	26356	
9861	0	25668	
9862	0	26036	
9863	0	27124	
9864	0	28672	
9865	0	30932	
9866	0	33332	
9867	0	35216	
9868	0	36516	
9869	0	37528	
9870	0	38024	
9871	0	37776	
9872	0	36516	
9873	0	35072	
9874	0	34600	
9875	0	34548	
9876	0	34336	
9877	0	34256	
9878	0	34308	
9879	0	33860	
9880	0	33576	
9881	0	33236	
9882	0	33904	
9883	0	35228	
9884	0	36264	
9885	0	36056	
9886	0	34976	
9887	0	34500	
9888	0	34680	
9889	0	35412	
9890	0	35812	
9891	0	36280	
9892	0	37024	
9893	0	37288	
9894	0	36952	
9895	0	36432	
9896	0	35924	
9897	0	35736	
9898	0	34920	
9899	0	33936	
9900	0	33060	
9901	0	32124	
9902	0	31184	
9903	0	30168	
9904	0	29736	
9905	0	29728	
9906	0	30232	
9907	0	30844	
9908	0	31210	
9909	0	31324	
9910	0	31352	
9911	0	31908	
9912	0	32288	
9913	0	32436	
9914	0	31688	
9915	0	31034	
9916	0	31416	
9917	0	32912	
9918	0	34088	
9919	0	34520	
9920	0	34560	
9921	0	33880	
9922	0	33056	
9923	0	32564	
9924	0	32440	
9925	0	32848	
9926	0	33000	
9927	0	32376	
9928	0	31664	
9929	0	31740	
9930	0	32212	
9931	0	32952	
9932	0	33480	
9933	0	34100	
9934	0	34552	
9935	0	34608	
9936	0	34128	
9937	0	33148	
9938	0	31740	
9939	0	30276	
9940	0	29296	
9941	0	28836	
9942	0	28812	
9943	0	29552	
9944	0	31092	
9945	0	32196	
9946	0	32108	
9947	0	32200	
9948	0	32776	
9949	0	33252	
9950	0	32840	
9951	0	33040	
9952	0	33212	
9953	0	32752	
9954	0	32312	
9955	0	31992	
9956	0	31952	
9957	0	32128	
9958	0	31940	
9959	0	31696	
9960	0	31288	
9961	0	30804	
9962	0	30268	
9963	0	29812	
9964	0	29384	
9965	0	28168	
9966	0	27320	
9967	0	26944	
9968	0	26680	
9969	0	26488	
9970	0	27420	
9971	0	28564	
9972	0	29484	
9973	0	29804	
9974	0	30132	
9975	0	30432	
9976	0	31248	
9977	0	32552	
9978	0	33788	
9979	0	34260	
9980	0	33580	
9981	0	32336	
9982	0	31652	
9983	0	31088	
9984	0	31448	
9985	0	31820	
9986	0	31676	
9987	0	30432	
9988	0	28908	
9989	0	27888	
9990	0	26788	
9991	0	26948	
9992	0	27376	
9993	0	27456	
9994	0	27332	
9995	0	27992	
9996	0	28652	
9997	0	29232	
9998	0	30456	
9999	0	31568	
10000	0	31384	
10001	0	30836	
10002	0	29964	
10003	0	29868	
10004	0	30964	
10005	0	32884	
10006	0	34476	
10007	0	34840	
10008	0	34856	
10009	0	34360	
10010	0	33360	
10011	0	32588	
10012	0	32536	
10013	0	33136	
10014	0	34848	
10015	0	35620	
10016	0	35944	
10017	0	36164	
10018	0	36096	
10019	0	36552	
10020	0	37224	
10021	0	37384	
10022	0	36588	
10023	0	35544	
10024	0	34248	
10025	0	32880	
10026	0	32090	
10027	0	31396	
10028	0	31108	
10029	0	31040	
10030	0	30916	
10031	0	31288	
10032	0	30992	
10033	0	30280	
10034	0	29136	
10035	0	28096	
10036	0	27512	
10037	0	27592	
10038	0	28516	
10039	0	29228	
10040	0	29594	
10041	0	30056	
10042	0	30756	
10043	0	31928	
10044	0	32724	
10045	0	33348	
10046	0	33248	
10047	0	31984	
10048	0	29664	
10049	0	27456	
10050	0	26508	
10051	0	26252	
10052	0	27106	
10053	0	28360	
10054	0	30548	
10055	0	32308	
10056	0	33064	
10057	0	33136	
10058	0	32652	
10059	0	32056	
10060	0	32160	
10061	0	32392	
10062	0	32868	
10063	0	33084	
10064	0	33296	
10065	0	32496	
10066	0	31296	
10067	0	30756	
10068	0	31084	
10069	0	31632	
10070	0	32348	
10071	0	32876	
10072	0	33532	
10073	0	33496	
10074	0	33144	
10075	0	32780	
10076	0	32468	
10077	0	32040	
10078	0	31244	
10079	0	30052	
10080	0	29120	
10081	0	28760	
10082	0	28220	
10083	0	28016	
10084	0	27516	
10085	0	26704	
10086	0	26448	
10087	0	26492	
10088	0	26876	
10089	0	27872	
10090	0	29636	
10091	0	30860	
10092	0	30896	
10093	0	30816	
10094	0	30952	
10095	0	31044	
10096	0	30892	
10097	0	30984	
10098	0	31300	
10099	0	31660	
10100	0	32056	
10101	0	32536	
10102	0	32808	
10103	0	32858	
10104	0	33000	
10105	0	32988	
10106	0	32664	
10107	0	31788	
10108	0	30568	
10109	0	29056	
10110	0	28108	
10111	0	28560	
10112	0	30256	
10113	0	32184	
10114	0	33172	
10115	0	33608	
10116	0	33880	
10117	0	33960	
10118	0	33724	
10119	0	32584	
10120	0	31564	
10121	0	31696	
10122	0	31968	
10123	0	32022	
10124	0	32376	
10125	0	33424	
10126	0	34928	
10127	0	36512	
10128	0	36632	
10129	0	35532	
10130	0	34096	
10131	0	33024	
10132	0	32924	
10133	0	33840	
10134	0	34560	
10135	0	34368	
10136	0	34274	
10137	0	33952	
10138	0	33296	
10139	0	33028	
10140	0	33072	
10141	0	32744	
10142	0	32328	
10143	0	32444	
10144	0	33388	
10145	0	34588	
10146	0	34916	
10147	0	34540	
10148	0	33852	
10149	0	33528	
10150	0	33076	
10151	0	32544	
10152	0	32156	
10153	0	31544	
10154	0	31804	
10155	0	33016	
10156	0	34688	
10157	0	35700	
10158	0	35432	
10159	0	34696	
10160	0	34516	
10161	0	34296	
10162	0	34048	
10163	0	33536	
10164	0	32692	
10165	0	31256	
10166	0	30092	
10167	0	29712	
10168	0	30224	
10169	0	32548	
10170	0	35432	
10171	0	37628	
10172	0	38148	
10173	0	37452	
10174	0	36352	
10175	0	35056	
10176	0	34344	
10177	0	34372	
10178	0	34868	
10179	0	35672	
10180	0	36096	
10181	0	35576	
10182	0	34252	
10183	0	32032	
10184	0	29752	
10185	0	27156	
10186	0	24760	
10187	0	22816	
10188	0	22264	
10189	0	23312	
10190	0	26064	
10191	0	28900	
10192	0	31028	
10193	0	32524	
10194	0	33140	
10195	0	33200	
10196	0	33228	
10197	0	33076	
10198	0	32596	
10199	0	32936	
10200	0	34168	
10201	0	35220	
10202	0	35452	
10203	0	36948	
10204	0	38804	
10205	0	41264	
10206	0	43728	
10207	0	45528	
10208	0	45720	
10209	0	45044	
10210	0	43964	
10211	0	42960	
10212	0	41476	
10213	0	39664	
10214	0	38240	
10215	0	37572	
10216	0	37272	
10217	0	36900	
10218	0	36584	
10219	0	36094	
10220	0	34996	
10221	0	33324	
10222	0	31944	
10223	0	30472	
10224	0	29236	
10225	0	27748	
10226	0	25416	
10227	0	23606	
10228	0	22816	
10229	0	23192	
10230	0	24744	
10231	0	26652	
10232	0	27720	
10233	0	28360	
10234	0	28672	
10235	0	28600	
10236	0	28888	
10237	0	29388	
10238	0	30288	
10239	0	31200	
10240	0	32204	
10241	0	32648	
10242	0	32912	
10243	0	33272	
10244	0	34328	
10245	0	35856	
10246	0	36864	
10247	0	37252	
10248	0	37188	
10249	0	36536	
10250	0	35824	
10251	0	35496	
10252	0	34924	
10253	0	34716	
10254	0	35320	
10255	0	35420	
10256	0	35296	
10257	0	34560	
10258	0	32824	
10259	0	31028	
10260	0	30216	
10261	0	30020	
10262	0	30384	
10263	0	31216	
10264	0	31684	
10265	0	32848	
10266	0	33728	
10267	0	34664	
10268	0	35752	
10269	0	36488	
10270	0	37136	
10271	0	38016	
10272	0	37948	
10273	0	37956	
10274	0	37972	
10275	0	37992	
10276	0	39032	
10277	0	40100	
10278	0	40552	
10279	0	40192	
10280	0	39476	
10281	0	38148	
10282	0	35964	
10283	0	33416	
10284	0	32088	
10285	0	31120	
10286	0	30472	
10287	0	30088	
10288	0	29372	
10289	0	29144	
10290	0	29344	
10291	0	30040	
10292	0	31116	
10293	0	33240	
10294	0	35312	
10295	0	37364	
10296	0	39268	
10297	0	40360	
10298	0	40924	
10299	0	40880	
10300	0	40628	
10301	0	40296	
10302	0	39744	
10303	0	39548	
10304	0	38592	
10305	0	37048	
10306	0	36036	
10307	0	35704	
10308	0	35360	
10309	0	34584	
10310	0	33504	
10311	0	32616	
10312	0	32368	
10313	0	33632	
10314	0	35696	
10315	0	37576	
10316	0	38824	
10317	0	39336	
10318	0	39436	
10319	0	39184	
10320	0	37840	
10321	0	35400	
10322	0	33392	
10323	0	31992	
10324	0	32688	
10325	0	33716	
10326	0	33568	
10327	0	31708	
10328	0	28712	
10329	0	26452	
10330	0	27038	
10331	0	29696	
10332	0	32636	
10333	0	35080	
10334	0	37496	
10335	0	40008	
10336	0	42084	
10337	0	43872	
10338	0	45928	
10339	0	47676	
10340	0	48976	
10341	0	49300	
10342	0	48756	
10343	0	47612	
10344	0	45856	
10345	0	43644	
10346	0	41904	
10347	0	40952	
10348	0	40560	
10349	0	40888	
10350	0	41180	
10351	0	40420	
10352	0	39164	
10353	0	37672	
10354	0	36624	
10355	0	36120	
10356	0	35616	
10357	0	35068	
10358	0	35064	
10359	0	35152	
10360	0	35112	
10361	0	34812	
10362	0	33976	
10363	0	32693	
10364	0	30980	
10365	0	29064	
10366	0	27552	
10367	0	26448	
10368	0	26024	
10369	0	27076	
10370	0	29432	
10371	0	32096	
10372	0	34196	
10373	0	35076	
10374	0	35292	
10375	0	35592	
10376	0	35592	
10377	0	35460	
10378	0	35480	
10379	0	36048	
10380	0	36544	
10381	0	37016	
10382	0	36440	
10383	0	35684	
10384	0	34880	
10385	0	33876	
10386	0	32524	
10387	0	30592	
10388	0	27516	
10389	0	24910	
10390	0	24096	
10391	0	24952	
10392	0	27184	
10393	0	29992	
10394	0	32656	
10395	0	35224	
10396	0	37272	
10397	0	39032	
10398	0	39776	
10399	0	39608	
10400	0	38504	
10401	0	37756	
10402	0	37448	
10403	0	36816	
10404	0	35856	
10405	0	35056	
10406	0	34064	
10407	0	31824	
10408	0	29696	
10409	0	28604	
10410	0	29272	
10411	0	31444	
10412	0	34744	
10413	0	38680	
10414	0	42676	
10415	0	45628	
10416	0	46752	
10417	0	46296	
10418	0	45220	
10419	0	44636	
10420	0	43872	
10421	0	42312	
10422	0	40636	
10423	0	39044	
10424	0	36796	
10425	0	35048	
10426	0	34132	
10427	0	33332	
10428	0	32128	
10429	0	30884	
10430	0	30560	
10431	0	31224	
10432	0	32752	
10433	0	34700	
10434	0	35816	
10435	0	35956	
10436	0	35952	
10437	0	35840	
10438	0	35352	
10439	0	34600	
10440	0	34268	
10441	0	34388	
10442	0	35236	
10443	0	36380	
10444	0	37480	
10445	0	38848	
10446	0	39516	
10447	0	39112	
10448	0	37700	
10449	0	36048	
10450	0	35148	
10451	0	34808	
10452	0	35048	
10453	0	35480	
10454	0	35824	
10455	0	36312	
10456	0	36556	
10457	0	36744	
10458	0	36968	
10459	0	36568	
10460	0	36688	
10461	0	37576	
10462	0	38628	
10463	0	39496	
10464	0	40396	
10465	0	40684	
10466	0	39888	
10467	0	38832	
10468	0	37936	
10469	0	37432	
10470	0	37520	
10471	0	38104	
10472	0	38500	
10473	0	38864	
10474	0	38640	
10475	0	37828	
10476	0	36416	
10477	0	35188	
10478	0	34672	
10479	0	33928	
10480	0	33228	
10481	0	33328	
10482	0	33580	
10483	0	33880	
10484	0	34356	
10485	0	34260	
10486	0	33420	
10487	0	32072	
10488	0	30188	
10489	0	28290	
10490	0	26824	
10491	0	25684	
10492	0	24548	
10493	0	23356	
10494	0	21842	
10495	0	19680	
10496	0	18010	
10497	0	17856	
10498	0	19532	
10499	0	22880	
10500	0	27684	
10501	0	33040	
10502	0	37324	
10503	0	39892	
10504	0	41708	
10505	0	43360	
10506	0	44576	
10507	0	44940	
10508	0	43880	
10509	0	40712	
10510	0	36732	
10511	0	33464	
10512	0	32720	
10513	0	33512	
10514	0	35164	
10515	0	36696	
10516	0	37952	
10517	0	38424	
10518	0	38464	
10519	0	38432	
10520	0	37716	
10521	0	36144	
10522	0	34564	
10523	0	33128	
10524	0	31944	
10525	0	30392	
10526	0	29752	
10527	0	30756	
10528	0	32332	
10529	0	32872	
10530	0	32912	
10531	0	33160	
10532	0	32944	
10533	0	32224	
10534	0	30948	
10535	0	29594	
10536	0	28996	
10537	0	28968	
10538	0	29112	
10539	0	29604	
10540	0	29584	
10541	0	28708	
10542	0	27536	
10543	0	27024	
10544	0	26704	
10545	0	26644	
10546	0	26648	
10547	0	27124	
10548	0	27736	
10549	0	29364	
10550	0	30428	
10551	0	30380	
10552	0	28936	
10553	0	26556	
10554	0	23892	
10555	0	22136	
10556	0	20696	
10557	0	19932	
10558	0	19756	
10559	0	20212	
10560	0	20988	
10561	0	21524	
10562	0	21368	
10563	0	21460	
10564	0	21904	
10565	0	22592	
10566	0	23380	
10567	0	23568	
10568	0	23580	
10569	0	24084	
10570	0	25544	
10571	0	27172	
10572	0	28608	
10573	0	29344	
10574	0	29648	
10575	0	29176	
10576	0	28460	
10577	0	28588	
10578	0	29352	
10579	0	30040	
10580	0	31060	
10581	0	32604	
10582	0	34344	
10583	0	36152	
10584	0	36936	
10585	0	37336	
10586	0	37644	
10587	0	37552	
10588	0	37204	
10589	0	36344	
10590	0	35408	
10591	0	35028	
10592	0	34508	
10593	0	33840	
10594	0	32980	
10595	0	32448	
10596	0	31956	
10597	0	31008	
10598	0	29024	
10599	0	27120	
10600	0	25696	
10601	0	25392	
10602	0	25872	
10603	0	26364	
10604	0	26778	
10605	0	27052	
10606	0	26700	
10607	0	25848	
10608	0	25344	
10609	0	26052	
10610	0	27330	
10611	0	28120	
10612	0	28744	
10613	0	28917	
10614	0	28684	
10615	0	28120	
10616	0	26304	
10617	0	24048	
10618	0	22888	
10619	0	22480	
10620	0	22676	
10621	0	23012	
10622	0	23556	
10623	0	23448	
10624	0	23644	
10625	0	24612	
10626	0	26280	
10627	0	28520	
10628	0	29684	
10629	0	30848	
10630	0	31836	
10631	0	32408	
10632	0	32484	
10633	0	32616	
10634	0	33056	
10635	0	33872	
10636	0	35080	
10637	0	35652	
10638	0	34560	
10639	0	32032	
10640	0	29540	
10641	0	28072	
10642	0	27504	
10643	0	27576	
10644	0	28172	
10645	0	28316	
10646	0	28400	
10647	0	28788	
10648	0	29868	
10649	0	31220	
10650	0	31848	
10651	0	31856	
10652	0	31180	
10653	0	30004	
10654	0	28768	
10655	0	28172	
10656	0	28288	
10657	0	27956	
10658	0	26676	
10659	0	25084	
10660	0	24640	
10661	0	24752	
10662	0	24952	
10663	0	25156	
10664	0	24592	
10665	0	23060	
10666	0	21262	
10667	0	19576	
10668	0	18704	
10669	0	19169	
10670	0	20680	
10671	0	22428	
10672	0	23340	
10673	0	24006	
10674	0	24748	
10675	0	26048	
10676	0	29016	
10677	0	32704	
10678	0	36180	
10679	0	38176	
10680	0	38120	
10681	0	37004	
10682	0	34672	
10683	0	32312	
10684	0	30560	
10685	0	29508	
10686	0	28436	
10687	0	25928	
10688	0	23324	
10689	0	22444	
10690	0	22644	
10691	0	24332	
10692	0	27456	
10693	0	30064	
10694	0	31548	
10695	0	32224	
10696	0	32824	
10697	0	34264	
10698	0	36092	
10699	0	37716	
10700	0	38928	
10701	0	39572	
10702	0	39476	
10703	0	39392	
10704	0	39248	
10705	0	38724	
10706	0	38296	
10707	0	38352	
10708	0	39124	
10709	0	40524	
10710	0	40940	
10711	0	40048	
10712	0	39076	
10713	0	38040	
10714	0	35984	
10715	0	34588	
10716	0	34036	
10717	0	34016	
10718	0	33636	
10719	0	32264	
10720	0	30196	
10721	0	27584	
10722	0	25888	
10723	0	25372	
10724	0	25624	
10725	0	26184	
10726	0	27152	
10727	0	28600	
10728	0	29992	
10729	0	31672	
10730	0	33564	
10731	0	35080	
10732	0	35620	
10733	0	35680	
10734	0	35552	
10735	0	34480	
10736	0	31884	
10737	0	29032	
10738	0	26880	
10739	0	26236	
10740	0	26556	
10741	0	27824	
10742	0	29896	
10743	0	31800	
10744	0	32284	
10745	0	31008	
10746	0	29520	
10747	0	28988	
10748	0	29080	
10749	0	29332	
10750	0	29812	
10751	0	30276	
10752	0	30200	
10753	0	29020	
10754	0	27744	
10755	0	26678	
10756	0	26568	
10757	0	26896	
10758	0	26456	
10759	0	25744	
10760	0	26104	
10761	0	27028	
10762	0	27700	
10763	0	27016	
10764	0	26314	
10765	0	26540	
10766	0	27656	
10767	0	29348	
10768	0	30688	
10769	0	30986	
10770	0	29912	
10771	0	28268	
10772	0	26788	
10773	0	26224	
10774	0	26964	
10775	0	28716	
10776	0	30116	
10777	0	30624	
10778	0	30434	
10779	0	29516	
10780	0	27800	
10781	0	26064	
10782	0	24532	
10783	0	23604	
10784	0	23752	
10785	0	24720	
10786	0	25860	
10787	0	27496	
10788	0	29208	
10789	0	30764	
10790	0	31208	
10791	0	30928	
10792	0	30848	
10793	0	31472	
10794	0	32492	
10795	0	33978	
10796	0	35040	
10797	0	34620	
10798	0	32164	
10799	0	28868	
10800	0	25992	
10801	0	24976	
10802	0	25520	
10803	0	27168	
10804	0	29316	
10805	0	31092	
10806	0	32644	
10807	0	34308	
10808	0	35228	
10809	0	35344	
10810	0	35784	
10811	0	37288	
10812	0	38676	
10813	0	39972	
10814	0	40648	
10815	0	40420	
10816	0	39336	
10817	0	37972	
10818	0	36688	
10819	0	35600	
10820	0	35192	
10821	0	35352	
10822	0	34972	
10823	0	33260	
10824	0	31468	
10825	0	30392	
10826	0	30196	
10827	0	30268	
10828	0	30460	
10829	0	30712	
10830	0	29948	
10831	0	28632	
10832	0	28272	
10833	0	29586	
10834	0	30972	
10835	0	31276	
10836	0	31316	
10837	0	30956	
10838	0	30516	
10839	0	30092	
10840	0	31552	
10841	0	34496	
10842	0	37456	
10843	0	38576	
10844	0	38644	
10845	0	38480	
10846	0	38682	
10847	0	38632	
10848	0	38216	
10849	0	37028	
10850	0	35188	
10851	0	33124	
10852	0	31316	
10853	0	29920	
10854	0	28972	
10855	0	28524	
10856	0	28564	
10857	0	29224	
10858	0	29940	
10859	0	29916	
10860	0	29304	
10861	0	28324	
10862	0	27312	
10863	0	26512	
10864	0	26600	
10865	0	26224	
10866	0	25242	
10867	0	23578	
10868	0	22196	
10869	0	22170	
10870	0	23724	
10871	0	26300	
10872	0	29156	
10873	0	31184	
10874	0	31884	
10875	0	31868	
10876	0	31636	
10877	0	31120	
10878	0	31354	
10879	0	31992	
10880	0	32528	
10881	0	32712	
10882	0	32876	
10883	0	32832	
10884	0	32540	
10885	0	31648	
10886	0	30776	
10887	0	30268	
10888	0	30072	
10889	0	29808	
10890	0	29936	
10891	0	30816	
10892	0	32704	
10893	0	34736	
10894	0	36424	
10895	0	37552	
10896	0	38360	
10897	0	39060	
10898	0	39096	
10899	0	38788	
10900	0	38280	
10901	0	37564	
10902	0	36880	
10903	0	36648	
10904	0	36952	
10905	0	37956	
10906	0	38936	
10907	0	39580	
10908	0	39904	
10909	0	39624	
10910	0	39096	
10911	0	38392	
10912	0	37804	
10913	0	37536	
10914	0	36888	
10915	0	35724	
10916	0	35144	
10917	0	35040	
10918	0	35456	
10919	0	35416	
10920	0	34880	
10921	0	33868	
10922	0	32460	
10923	0	31568	
10924	0	31700	
10925	0	32960	
10926	0	35320	
10927	0	37808	
10928	0	40200	
10929	0	42184	
10930	0	42648	
10931	0	41424	
10932	0	39648	
10933	0	37668	
10934	0	36040	
10935	0	35000	
10936	0	34248	
10937	0	33412	
10938	0	33032	
10939	0	33114	
10940	0	32960	
10941	0	33252	
10942	0	33920	
10943	0	34492	
10944	0	34956	
10945	0	35560	
10946	0	35808	
10947	0	36066	
10948	0	35888	
10949	0	34568	
10950	0	32216	
10951	0	30056	
10952	0	29076	
10953	0	28928	
10954	0	28588	
10955	0	28448	
10956	0	28504	
10957	0	28640	
10958	0	29266	
10959	0	30736	
10960	0	31736	
10961	0	31320	
10962	0	30484	
10963	0	29128	
10964	0	27916	
10965	0	26560	
10966	0	24692	
10967	0	23484	
10968	0	23268	
10969	0	24064	
10970	0	26048	
10971	0	29076	
10972	0	32008	
10973	0	33960	
10974	0	35304	
10975	0	36524	
10976	0	37412	
10977	0	38068	
10978	0	38880	
10979	0	39372	
10980	0	39516	
10981	0	39584	
10982	0	39648	
10983	0	39020	
10984	0	38316	
10985	0	37456	
10986	0	37196	
10987	0	37632	
10988	0	38612	
10989	0	39696	
10990	0	40276	
10991	0	39488	
10992	0	37736	
10993	0	36088	
10994	0	35116	
10995	0	35088	
10996	0	35576	
10997	0	36380	
10998	0	36744	
10999	0	37092	
11000	0	37196	
11001	0	37592	
11002	0	37840	
11003	0	37560	
11004	0	36728	
11005	0	35556	
11006	0	34420	
11007	0	33532	
11008	0	32716	
11009	0	32640	
11010	0	32992	
11011	0	33764	
11012	0	33996	
11013	0	34024	
11014	0	33712	
11015	0	33688	
11016	0	34020	
11017	0	34384	
11018	0	34836	
11019	0	35552	
11020	0	35864	
11021	0	36396	
11022	0	37144	
11023	0	37588	
11024	0	37744	
11025	0	37004	
11026	0	35028	
11027	0	31144	
11028	0	26744	
11029	0	22992	
11030	0	21604	
11031	0	22960	
11032	0	26524	
11033	0	30520	
11034	0	34364	
11035	0	37434	
11036	0	40168	
11037	0	42144	
11038	0	43208	
11039	0	43360	
11040	0	42588	
11041	0	41692	
11042	0	41224	
11043	0	40504	
11044	0	39760	
11045	0	38604	
11046	0	37248	
11047	0	35828	
11048	0	34696	
11049	0	33880	
11050	0	33324	
11051	0	32936	
11052	0	32480	
11053	0	32036	
11054	0	31104	
11055	0	30080	
11056	0	29560	
11057	0	30436	
11058	0	31278	
11059	0	31856	
11060	0	32184	
11061	0	32228	
11062	0	31564	
11063	0	30908	
11064	0	31236	
11065	0	32868	
11066	0	33928	
11067	0	34244	
11068	0	34568	
11069	0	34976	
11070	0	35464	
11071	0	36664	
11072	0	38204	
11073	0	38840	
11074	0	38904	
11075	0	39208	
11076	0	39872	
11077	0	40248	
11078	0	40756	
11079	0	41664	
11080	0	42124	
11081	0	41884	
11082	0	40832	
11083	0	39496	
11084	0	37932	
11085	0	36500	
11086	0	35608	
11087	0	34796	
11088	0	34072	
11089	0	33120	
11090	0	32012	
11091	0	30336	
11092	0	28506	
11093	0	27048	
11094	0	25964	
11095	0	25544	
11096	0	25812	
11097	0	27220	
11098	0	29432	
11099	0	31176	
11100	0	32196	
11101	0	32560	
11102	0	32952	
11103	0	33884	
11104	0	35208	
11105	0	37012	
11106	0	38832	
11107	0	40104	
11108	0	41200	
11109	0	41864	
11110	0	42000	
11111	0	41616	
11112	0	41128	
11113	0	39968	
11114	0	38616	
11115	0	37596	
11116	0	37076	
11117	0	36132	
11118	0	35040	
11119	0	34276	
11120	0	33924	
11121	0	33672	
11122	0	32884	
11123	0	32508	
11124	0	32752	
11125	0	33324	
11126	0	34020	
11127	0	34704	
11128	0	34484	
11129	0	32824	
11130	0	30196	
11131	0	28212	
11132	0	27356	
11133	0	26970	
11134	0	27392	
11135	0	28700	
11136	0	30684	
11137	0	32740	
11138	0	33828	
11139	0	34016	
11140	0	33528	
11141	0	33704	
11142	0	34032	
11143	0	34188	
11144	0	33936	
11145	0	33684	
11146	0	33968	
11147	0	34904	
11148	0	35564	
11149	0	35232	
11150	0	34426	
11151	0	33832	
11152	0	33404	
11153	0	33504	
11154	0	33960	
11155	0	34300	
11156	0	34081	
11157	0	33956	
11158	0	33294	
11159	0	32800	
11160	0	32912	
11161	0	33100	
11162	0	32872	
11163	0	32940	
11164	0	32664	
11165	0	32912	
11166	0	32496	
11167	0	31656	
11168	0	30660	
11169	0	29656	
11170	0	29252	
11171	0	29476	
11172	0	29504	
11173	0	29010	
11174	0	27924	
11175	0	27904	
11176	0	29372	
11177	0	31392	
11178	0	33880	
11179	0	36552	
11180	0	38760	
11181	0	40260	
11182	0	40988	
11183	0	41332	
11184	0	41556	
11185	0	42104	
11186	0	42160	
11187	0	41924	
11188	0	41436	
11189	0	41088	
11190	0	41248	
11191	0	40624	
11192	0	39420	
11193	0	37512	
11194	0	36244	
11195	0	35436	
11196	0	35160	
11197	0	35204	
11198	0	35244	
11199	0	35352	
11200	0	34944	
11201	0	34520	
11202	0	34042	
11203	0	33820	
11204	0	33396	
11205	0	32220	
11206	0	30784	
11207	0	29172	
11208	0	28228	
11209	0	28840	
11210	0	29864	
11211	0	30144	
11212	0	30180	
11213	0	29676	
11214	0	27886	
11215	0	26540	
11216	0	26444	
11217	0	26508	
11218	0	26920	
11219	0	27164	
11220	0	28040	
11221	0	29744	
11222	0	32196	
11223	0	34664	
11224	0	36752	
11225	0	38824	
11226	0	40268	
11227	0	41488	
11228	0	42348	
11229	0	42516	
11230	0	41796	
11231	0	40680	
11232	0	39480	
11233	0	37784	
11234	0	36712	
11235	0	36548	
11236	0	36672	
11237	0	36488	
11238	0	36528	
11239	0	36792	
11240	0	37232	
11241	0	37112	
11242	0	36532	
11243	0	35756	
11244	0	34120	
11245	0	32160	
11246	0	30452	
11247	0	29448	
11248	0	29804	
11249	0	30900	
11250	0	32452	
11251	0	34530	
11252	0	37108	
11253	0	40052	
11254	0	42580	
11255	0	43420	
11256	0	42500	
11257	0	40386	
11258	0	38364	
11259	0	37112	
11260	0	36724	
11261	0	37088	
11262	0	36937	
11263	0	35512	
11264	0	33628	
11265	0	32724	
11266	0	32952	
11267	0	33488	
11268	0	33908	
11269	0	34472	
11270	0	35196	
11271	0	35868	
11272	0	36268	
11273	0	35836	
11274	0	35144	
11275	0	35200	
11276	0	36120	
11277	0	37664	
11278	0	39472	
11279	0	41148	
11280	0	41976	
11281	0	41632	
11282	0	40812	
11283	0	39704	
11284	0	38728	
11285	0	37904	
11286	0	36200	
11287	0	34008	
11288	0	32308	
11289	0	31252	
11290	0	30944	
11291	0	31668	
11292	0	32104	
11293	0	32368	
11294	0	32148	
11295	0	31120	
11296	0	30252	
11297	0	29792	
11298	0	30204	
11299	0	30552	
11300	0	30084	
11301	0	29402	
11302	0	28448	
11303	0	27600	
11304	0	27408	
11305	0	28220	
11306	0	29248	
11307	0	29744	
11308	0	29320	
11309	0	28804	
11310	0	28328	
11311	0	28276	
11312	0	28746	
11313	0	29528	
11314	0	30620	
11315	0	31332	
11316	0	31332	
11317	0	30926	
11318	0	29836	
11319	0	28428	
11320	0	27032	
11321	0	26184	
11322	0	26056	
11323	0	25644	
11324	0	25328	
11325	0	25128	
11326	0	25176	
11327	0	25328	
11328	0	25465	
11329	0	26272	
11330	0	27588	
11331	0	28628	
11332	0	29720	
11333	0	31020	
11334	0	32700	
11335	0	34316	
11336	0	35828	
11337	0	36362	
11338	0	36616	
11339	0	36984	
11340	0	36704	
11341	0	36184	
11342	0	36552	
11343	0	37128	
11344	0	37124	
11345	0	36076	
11346	0	34072	
11347	0	32232	
11348	0	31412	
11349	0	30648	
11350	0	29216	
11351	0	26116	
11352	0	21968	
11353	0	19024	
11354	0	18612	
11355	0	20384	
11356	0	23584	
11357	0	27564	
11358	0	31092	
11359	0	34484	
11360	0	37648	
11361	0	39816	
11362	0	40764	
11363	0	40104	
11364	0	38352	
11365	0	36724	
11366	0	35532	
11367	0	35112	
11368	0	35368	
11369	0	35900	
11370	0	36480	
11371	0	36784	
11372	0	36552	
11373	0	36084	
11374	0	36376	
11375	0	37336	
11376	0	37656	
11377	0	37096	
11378	0	36744	
11379	0	36352	
11380	0	35884	
11381	0	35516	
11382	0	35240	
11383	0	35092	
11384	0	34832	
11385	0	34744	
11386	0	33036	
11387	0	31194	
11388	0	30680	
11389	0	30800	
11390	0	30704	
11391	0	29624	
11392	0	27728	
11393	0	25824	
11394	0	24440	
11395	0	23520	
11396	0	23308	
11397	0	23280	
11398	0	22492	
11399	0	21596	
11400	0	21144	
11401	0	20632	
11402	0	20672	
11403	0	21148	
11404	0	22188	
11405	0	23424	
11406	0	25364	
11407	0	27524	
11408	0	29376	
11409	0	30718	
11410	0	31482	
11411	0	31600	
11412	0	31300	
11413	0	31224	
11414	0	32388	
11415	0	33976	
11416	0	35288	
11417	0	35720	
11418	0	35316	
11419	0	35400	
11420	0	35884	
11421	0	35780	
11422	0	35672	
11423	0	34924	
11424	0	32936	
11425	0	30824	
11426	0	28864	
11427	0	27900	
11428	0	27668	
11429	0	27540	
11430	0	28296	
11431	0	28712	
11432	0	28912	
11433	0	29240	
11434	0	29768	
11435	0	30692	
11436	0	31476	
11437	0	32176	
11438	0	32400	
11439	0	32424	
11440	0	32124	
11441	0	31680	
11442	0	31980	
11443	0	32240	
11444	0	32056	
11445	0	31516	
11446	0	31232	
11447	0	32008	
11448	0	33520	
11449	0	34912	
11450	0	36184	
11451	0	36792	
11452	0	36044	
11453	0	34752	
11454	0	33720	
11455	0	33064	
11456	0	32116	
11457	0	31028	
11458	0	29884	
11459	0	28160	
11460	0	25948	
11461	0	23848	
11462	0	22660	
11463	0	22428	
11464	0	22860	
11465	0	23840	
11466	0	25576	
11467	0	27796	
11468	0	29796	
11469	0	30976	
11470	0	32188	
11471	0	32828	
11472	0	33492	
11473	0	33876	
11474	0	34148	
11475	0	34532	
11476	0	35236	
11477	0	35628	
11478	0	35660	
11479	0	36148	
11480	0	36612	
11481	0	36652	
11482	0	35488	
11483	0	33532	
11484	0	31684	
11485	0	30012	
11486	0	28962	
11487	0	29212	
11488	0	29916	
11489	0	31088	
11490	0	32844	
11491	0	34464	
11492	0	35840	
11493	0	36856	
11494	0	37156	
11495	0	37524	
11496	0	37640	
11497	0	36568	
11498	0	34724	
11499	0	32912	
11500	0	31628	
11501	0	31264	
11502	0	32384	
11503	0	33908	
11504	0	35236	
11505	0	35860	
11506	0	36400	
11507	0	36024	
11508	0	35488	
11509	0	35884	
11510	0	36032	
11511	0	35648	
11512	0	34440	
11513	0	32828	
11514	0	31372	
11515	0	30504	
11516	0	30412	
11517	0	30124	
11518	0	28944	
11519	0	28252	
11520	0	28328	
11521	0	28616	
11522	0	29720	
11523	0	30816	
11524	0	31548	
11525	0	31724	
11526	0	31820	
11527	0	32404	
11528	0	32832	
11529	0	33176	
11530	0	33280	
11531	0	33180	
11532	0	33012	
11533	0	32120	
11534	0	31900	
11535	0	32108	
11536	0	31584	
11537	0	31052	
11538	0	30572	
11539	0	30144	
11540	0	29792	
11541	0	30028	
11542	0	30596	
11543	0	31264	
11544	0	31752	
11545	0	32106	
11546	0	32184	
11547	0	31856	
11548	0	31252	
11549	0	31024	
11550	0	31428	
11551	0	32212	
11552	0	33404	
11553	0	34424	
11554	0	35292	
11555	0	35816	
11556	0	35980	
11557	0	35944	
11558	0	35300	
11559	0	34208	
11560	0	33768	
11561	0	33604	
11562	0	33312	
11563	0	32220	
11564	0	30700	
11565	0	29516	
11566	0	28704	
11567	0	27784	
11568	0	26292	
11569	0	25216	
11570	0	25200	
11571	0	25664	
11572	0	26256	
11573	0	27260	
11574	0	28256	
11575	0	28712	
11576	0	28524	
11577	0	27800	
11578	0	27500	
11579	0	27560	
11580	0	27522	
11581	0	27524	
11582	0	27788	
11583	0	29272	
11584	0	31328	
11585	0	33700	
11586	0	35960	
11587	0	36636	
11588	0	35784	
11589	0	34328	
11590	0	32628	
11591	0	31664	
11592	0	31252	
11593	0	31364	
11594	0	31626	
11595	0	32084	
11596	0	32296	
11597	0	32968	
11598	0	33432	
11599	0	33384	
11600	0	33128	
11601	0	32808	
11602	0	32764	
11603	0	32368	
11604	0	32116	
11605	0	32282	
11606	0	32276	
11607	0	32012	
11608	0	31700	
11609	0	31876	
11610	0	32488	
11611	0	32608	
11612	0	32264	
11613	0	30368	
11614	0	27508	
11615	0	25160	
11616	0	23772	
11617	0	23932	
11618	0	25414	
11619	0	27280	
11620	0	28524	
11621	0	29146	
11622	0	29944	
11623	0	30916	
11624	0	31844	
11625	0	33088	
11626	0	34228	
11627	0	35128	
11628	0	36032	
11629	0	36332	
11630	0	36076	
11631	0	35656	
11632	0	35760	
11633	0	36652	
11634	0	37332	
11635	0	37256	
11636	0	35844	
11637	0	33944	
11638	0	32742	
11639	0	32544	
11640	0	32760	
11641	0	33428	
11642	0	33428	
11643	0	32880	
11644	0	32152	
11645	0	31312	
11646	0	31308	
11647	0	32120	
11648	0	33408	
11649	0	34528	
11650	0	34848	
11651	0	34332	
11652	0	33424	
11653	0	32348	
11654	0	31928	
11655	0	31744	
11656	0	31876	
11657	0	32132	
11658	0	33152	
11659	0	33992	
11660	0	34520	
11661	0	35168	
11662	0	36396	
11663	0	37792	
11664	0	39044	
11665	0	39548	
11666	0	39644	
11667	0	39220	
11668	0	37272	
11669	0	33064	
11670	0	28360	
11671	0	24736	
11672	0	21704	
11673	0	19108	
11674	0	17526	
11675	0	17404	
11676	0	19938	
11677	0	24192	
11678	0	28276	
11679	0	32602	
11680	0	37228	
11681	0	41440	
11682	0	43952	
11683	0	44968	
11684	0	45016	
11685	0	44048	
11686	0	41352	
11687	0	37924	
11688	0	35140	
11689	0	33724	
11690	0	34176	
11691	0	36808	
11692	0	40384	
11693	0	43148	
11694	0	45040	
11695	0	46108	
11696	0	46464	
11697	0	46396	
11698	0	45952	
11699	0	45604	
11700	0	45484	
11701	0	45288	
11702	0	44144	
11703	0	42544	
11704	0	41180	
11705	0	40592	
11706	0	39632	
11707	0	38480	
11708	0	37176	
11709	0	35872	
11710	0	34928	
11711	0	34440	
11712	0	34652	
11713	0	35968	
11714	0	37188	
11715	0	37928	
11716	0	38184	
11717	0	37956	
11718	0	37444	
11719	0	36752	
11720	0	36076	
11721	0	35136	
11722	0	33628	
11723	0	32920	
11724	0	33068	
11725	0	33436	
11726	0	33600	
11727	0	33380	
11728	0	33448	
11729	0	33604	
11730	0	33440	
11731	0	32496	
11732	0	31732	
11733	0	30972	
11734	0	30136	
11735	0	29408	
11736	0	28536	
11737	0	28888	
11738	0	30420	
11739	0	32568	
11740	0	33946	
11741	0	33800	
11742	0	33000	
11743	0	32136	
11744	0	30978	
11745	0	29660	
11746	0	29537	
11747	0	30932	
11748	0	32204	
11749	0	32592	
11750	0	32560	
11751	0	32500	
11752	0	32424	
11753	0	32768	
11754	0	32136	
11755	0	31768	
11756	0	32384	
11757	0	33424	
11758	0	34936	
11759	0	36096	
11760	0	36268	
11761	0	35840	
11762	0	34818	
11763	0	34176	
11764	0	34140	
11765	0	34596	
11766	0	34684	
11767	0	34316	
11768	0	33076	
11769	0	31408	
11770	0	30264	
11771	0	29932	
11772	0	29949	
11773	0	29722	
11774	0	29448	
11775	0	28796	
11776	0	28140	
11777	0	28096	
11778	0	29444	
11779	0	31416	
11780	0	32884	
11781	0	33668	
11782	0	33948	
11783	0	34124	
11784	0	33864	
11785	0	32920	
11786	0	31888	
11787	0	31108	
11788	0	30828	
11789	0	30972	
11790	0	31056	
11791	0	30496	
11792	0	29856	
11793	0	29380	
11794	0	29328	
11795	0	29472	
11796	0	29348	
11797	0	29040	
11798	0	28304	
11799	0	27972	
11800	0	28008	
11801	0	27672	
11802	0	26956	
11803	0	25648	
11804	0	24552	
11805	0	24936	
11806	0	26024	
11807	0	26900	
11808	0	27524	
11809	0	27936	
11810	0	28096	
11811	0	28416	
11812	0	28968	
11813	0	29280	
11814	0	29128	
11815	0	29338	
11816	0	29716	
11817	0	29276	
11818	0	28936	
11819	0	29476	
11820	0	29668	
11821	0	30012	
11822	0	30624	
11823	0	31132	
11824	0	31528	
11825	0	32168	
11826	0	32840	
11827	0	33340	
11828	0	34240	
11829	0	35352	
11830	0	36168	
11831	0	37008	
11832	0	37212	
11833	0	36744	
11834	0	35920	
11835	0	34852	
11836	0	33868	
11837	0	33432	
11838	0	33488	
11839	0	33404	
11840	0	33504	
11841	0	33388	
11842	0	33764	
11843	0	34244	
11844	0	34948	
11845	0	35820	
11846	0	36416	
11847	0	36384	
11848	0	34400	
11849	0	31428	
11850	0	29200	
11851	0	28336	
11852	0	27972	
11853	0	27980	
11854	0	27756	
11855	0	27708	
11856	0	28144	
11857	0	29124	
11858	0	30676	
11859	0	32492	
11860	0	34352	
11861	0	36288	
11862	0	37976	
11863	0	38532	
11864	0	38060	
11865	0	37256	
11866	0	36284	
11867	0	34912	
11868	0	33632	
11869	0	33122	
11870	0	33028	
11871	0	32596	
11872	0	31630	
11873	0	30804	
11874	0	30700	
11875	0	31100	
11876	0	31380	
11877	0	31856	
11878	0	32180	
11879	0	32516	
11880	0	32456	
11881	0	31980	
11882	0	31700	
11883	0	31132	
11884	0	30188	
11885	0	29112	
11886	0	28072	
11887	0	28364	
11888	0	29541	
11889	0	31624	
11890	0	33472	
11891	0	34092	
11892	0	33420	
11893	0	32120	
11894	0	30032	
11895	0	28024	
11896	0	26416	
11897	0	26196	
11898	0	26916	
11899	0	27724	
11900	0	28076	
11901	0	28264	
11902	0	28592	
11903	0	29140	
11904	0	30192	
11905	0	31508	
11906	0	32260	
11907	0	32720	
11908	0	32916	
11909	0	33456	
11910	0	34240	
11911	0	35792	
11912	0	38084	
11913	0	39748	
11914	0	40068	
11915	0	40140	
11916	0	39556	
11917	0	38456	
11918	0	37536	
11919	0	36552	
11920	0	35240	
11921	0	34396	
11922	0	34708	
11923	0	34464	
11924	0	33888	
11925	0	32816	
11926	0	31656	
11927	0	31240	
11928	0	31092	
11929	0	30760	
11930	0	30584	
11931	0	30576	
11932	0	29940	
11933	0	29504	
11934	0	29424	
11935	0	30376	
11936	0	32208	
11937	0	33564	
11938	0	34412	
11939	0	35248	
11940	0	35520	
11941	0	36088	
11942	0	35996	
11943	0	35292	
11944	0	35032	
11945	0	35976	
11946	0	37324	
11947	0	37996	
11948	0	37560	
11949	0	36516	
11950	0	35524	
11951	0	34668	
11952	0	34102	
11953	0	33676	
11954	0	33220	
11955	0	33246	
11956	0	33836	
11957	0	34108	
11958	0	34364	
11959	0	34040	
11960	0	32946	
11961	0	32464	
11962	0	32392	
11963	0	32512	
11964	0	32760	
11965	0	33416	
11966	0	34260	
11967	0	34784	
11968	0	35612	
11969	0	36359	
11970	0	36568	
11971	0	36228	
11972	0	35604	
11973	0	34308	
11974	0	32064	
11975	0	29672	
11976	0	27400	
11977	0	26488	
11978	0	27336	
11979	0	28992	
11980	0	30944	
11981	0	33328	
11982	0	35332	
11983	0	35888	
11984	0	35704	
11985	0	35628	
11986	0	36124	
11987	0	36512	
11988	0	36768	
11989	0	37544	
11990	0	38344	
11991	0	38888	
11992	0	38816	
11993	0	38036	
11994	0	36372	
11995	0	34760	
11996	0	34008	
11997	0	34136	
11998	0	34136	
11999	0	33240	
12000	0	32124	
12001	0	31028	
12002	0	30288	
12003	0	30080	
12004	0	30280	
12005	0	30702	
12006	0	31280	
12007	0	31644	
12008	0	31980	
12009	0	32256	
12010	0	32876	
12011	0	33584	
12012	0	33788	
12013	0	33612	
12014	0	33488	
12015	0	32408	
12016	0	31296	
12017	0	30364	
12018	0	30500	
12019	0	31660	
12020	0	33092	
12021	0	34040	
12022	0	34028	
12023	0	33576	
12024	0	32864	
12025	0	32416	
12026	0	32504	
12027	0	33084	
12028	0	34188	
12029	0	35920	
12030	0	37284	
12031	0	37944	
12032	0	38184	
12033	0	38080	
12034	0	37352	
12035	0	36276	
12036	0	35156	
12037	0	34260	
12038	0	33892	
12039	0	33200	
12040	0	32964	
12041	0	33336	
12042	0	33556	
12043	0	33244	
12044	0	32140	
12045	0	31692	
12046	0	31936	
12047	0	32292	
12048	0	32780	
12049	0	33292	
12050	0	33600	
12051	0	33824	
12052	0	34048	
12053	0	34168	
12054	0	33624	
12055	0	32080	
12056	0	30920	
12057	0	30560	
12058	0	30584	
12059	0	30668	
12060	0	30672	
12061	0	30600	
12062	0	30560	
12063	0	30394	
12064	0	30444	
12065	0	30444	
12066	0	29876	
12067	0	28412	
12068	0	26880	
12069	0	26288	
12070	0	27000	
12071	0	28500	
12072	0	29680	
12073	0	30396	
12074	0	31848	
12075	0	32512	
12076	0	33024	
12077	0	34088	
12078	0	35736	
12079	0	36888	
12080	0	37308	
12081	0	37092	
12082	0	36520	
12083	0	35354	
12084	0	33992	
12085	0	33012	
12086	0	33384	
12087	0	34856	
12088	0	36460	
12089	0	37424	
12090	0	37756	
12091	0	37736	
12092	0	37636	
12093	0	37240	
12094	0	36820	
12095	0	36308	
12096	0	36180	
12097	0	35928	
12098	0	36312	
12099	0	37276	
12100	0	37640	
12101	0	37236	
12102	0	36808	
12103	0	36380	
12104	0	36336	
12105	0	36272	
12106	0	35872	
12107	0	35712	
12108	0	35468	
12109	0	35280	
12110	0	34784	
12111	0	34516	
12112	0	34204	
12113	0	33424	
12114	0	32324	
12115	0	31164	
12116	0	30196	
12117	0	29196	
12118	0	28504	
12119	0	27696	
12120	0	27784	
12121	0	28348	
12122	0	29168	
12123	0	29808	
12124	0	30416	
12125	0	31220	
12126	0	32456	
12127	0	33692	
12128	0	34360	
12129	0	35084	
12130	0	35576	
12131	0	35608	
12132	0	35504	
12133	0	35260	
12134	0	34492	
12135	0	33088	
12136	0	31392	
12137	0	30088	
12138	0	29372	
12139	0	29180	
12140	0	29708	
12141	0	30040	
12142	0	30548	
12143	0	31552	
12144	0	32592	
12145	0	33146	
12146	0	33444	
12147	0	33036	
12148	0	31864	
12149	0	31632	
12150	0	32136	
12151	0	33608	
12152	0	35732	
12153	0	38332	
12154	0	40436	
12155	0	41164	
12156	0	40956	
12157	0	40300	
12158	0	39136	
12159	0	37684	
12160	0	36580	
12161	0	36028	
12162	0	35984	
12163	0	36240	
12164	0	35424	
12165	0	33292	
12166	0	31256	
12167	0	29440	
12168	0	28280	
12169	0	28324	
12170	0	29184	
12171	0	30044	
12172	0	30764	
12173	0	31636	
12174	0	32444	
12175	0	33128	
12176	0	33536	
12177	0	33136	
12178	0	32252	
12179	0	31496	
12180	0	31728	
12181	0	32488	
12182	0	33676	
12183	0	35436	
12184	0	36552	
12185	0	37192	
12186	0	38112	
12187	0	38576	
12188	0	39440	
12189	0	39636	
12190	0	39412	
12191	0	40316	
12192	0	41652	
12193	0	42168	
12194	0	41124	
12195	0	39592	
12196	0	37528	
12197	0	35312	
12198	0	32980	
12199	0	30936	
12200	0	30040	
12201	0	30108	
12202	0	30456	
12203	0	30228	
12204	0	29812	
12205	0	29816	
12206	0	30398	
12207	0	30664	
12208	0	30628	
12209	0	30432	
12210	0	29572	
12211	0	29284	
12212	0	29784	
12213	0	30816	
12214	0	31700	
12215	0	32328	
12216	0	33272	
12217	0	34472	
12218	0	35340	
12219	0	35744	
12220	0	35792	
12221	0	35508	
12222	0	34320	
12223	0	32552	
12224	0	31528	
12225	0	31404	
12226	0	32028	
12227	0	33048	
12228	0	33524	
12229	0	33432	
12230	0	33072	
12231	0	33284	
12232	0	33520	
12233	0	33904	
12234	0	34544	
12235	0	34616	
12236	0	34504	
12237	0	35880	
12238	0	37524	
12239	0	38384	
12240	0	38512	
12241	0	38332	
12242	0	38572	
12243	0	38828	
12244	0	39412	
12245	0	40200	
12246	0	39004	
12247	0	36536	
12248	0	34264	
12249	0	33054	
12250	0	35064	
12251	0	40608	
12252	0	45688	
12253	0	47476	
12254	0	46400	
12255	0	43084	
12256	0	39936	
12257	0	39200	
12258	0	40856	
12259	0	44712	
12260	0	49592	
12261	0	52320	
12262	0	50524	
12263	0	47476	
12264	0	45920	
12265	0	45544	
12266	0	45296	
12267	0	44888	
12268	0	42880	
12269	0	39532	
12270	0	37900	
12271	0	37672	
12272	0	38400	
12273	0	39736	
12274	0	42184	
12275	0	45436	
12276	0	48068	
12277	0	47328	
12278	0	44164	
12279	0	41096	
12280	0	39756	
12281	0	40412	
12282	0	42684	
12283	0	45352	
12284	0	47880	
12285	0	49772	
12286	0	50744	
12287	0	50540	
12288	0	50264	
12289	0	51576	
12290	0	56128	
12291	0	62112	
12292	0	65464	
12293	0	65476	
12294	0	65464	
12295	0	65472	
12296	0	65472	
12297	0	65472	
12298	0	63496	
12299	0	63032	
12300	0	62508	
12301	0	62448	
12302	0	62228	
12303	0	61896	
12304	0	62820	
12305	0	63856	
12306	0	64244	
12307	0	64056	
12308	0	65348	
12309	0	65464	
12310	0	65480	
12311	0	65472	
12312	0	65472	
12313	0	65472	
12314	0	65472	
12315	0	65472	
12316	0	65480	
12317	0	65476	
12318	0	65472	
12319	0	65464	
12320	0	65472	
12321	0	65480	
12322	0	65472	
12323	0	65464	
12324	0	65480	
12325	0	65472	
12326	0	65464	
12327	0	65480	
12328	0	65464	
12329	0	65472	
12330	0	65464	
12331	0	65480	
12332	0	65472	
12333	0	65480	
12334	0	65472	
12335	0	65476	
12336	0	65472	
12337	0	62960	
12338	0	62792	
12339	0	61984	
12340	0	60576	
12341	0	59848	
12342	0	59432	
12343	0	59180	
12344	0	58144	
12345	0	55356	
12346	0	52244	
12347	0	50292	
12348	0	50264	
12349	0	52372	
12350	0	55000	
12351	0	57264	
12352	0	59324	
12353	0	61296	
12354	0	63404	
12355	0	65376	
12356	0	65472	
12357	0	65472	
12358	0	65472	
12359	0	65468	
12360	0	65472	
12361	0	63012	
12362	0	59992	
12363	0	58304	
12364	0	57280	
12365	0	56324	
12366	0	55568	
12367	0	54860	
12368	0	53704	
12369	0	52444	
12370	0	51312	
12371	0	50380	
12372	0	50464	
12373	0	50680	
12374	0	50400	
12375	0	50256	
12376	0	50208	
12377	0	49936	
12378	0	49808	
12379	0	49944	
12380	0	50208	
12381	0	50192	
12382	0	49832	
12383	0	49064	
12384	0	48352	
12385	0	47962	
12386	0	47392	
12387	0	46936	
12388	0	45580	
12389	0	44384	
12390	0	44868	
12391	0	45360	
12392	0	44976	
12393	0	44096	
12394	0	43808	
12395	0	43356	
12396	0	42484	
12397	0	40976	
12398	0	39600	
12399	0	39024	
12400	0	40136	
12401	0	41928	
12402	0	44536	
12403	0	46224	
12404	0	45952	
12405	0	45072	
12406	0	44604	
12407	0	44316	
12408	0	43836	
12409	0	43140	
12410	0	42480	
12411	0	41460	
12412	0	39938	
12413	0	38276	
12414	0	37032	
12415	0	36316	
12416	0	35472	
12417	0	34952	
12418	0	34596	
12419	0	34364	
12420	0	33872	
12421	0	33580	
12422	0	33224	
12423	0	33016	
12424	0	32964	
12425	0	32900	
12426	0	32220	
12427	0	31184	
12428	0	30248	
12429	0	28824	
12430	0	27636	
12431	0	27576	
12432	0	28358	
12433	0	29544	
12434	0	30160	
12435	0	29516	
12436	0	28032	
12437	0	25690	
12438	0	23480	
12439	0	21272	
12440	0	20000	
12441	0	19564	
12442	0	19856	
12443	0	20672	
12444	0	22416	
12445	0	24264	
12446	0	25004	
12447	0	24728	
12448	0	24388	
12449	0	23976	
12450	0	24604	
12451	0	25584	
12452	0	26620	
12453	0	27200	
12454	0	27648	
12455	0	27664	
12456	0	27484	
12457	0	26928	
12458	0	26128	
12459	0	25544	
12460	0	25440	
12461	0	25352	
12462	0	25736	
12463	0	25792	
12464	0	25212	
12465	0	24448	
12466	0	22732	
12467	0	20462	
12468	0	18798	
12469	0	19084	
12470	0	21096	
12471	0	23512	
12472	0	25108	
12473	0	24684	
12474	0	23184	
12475	0	22024	
12476	0	21496	
12477	0	21388	
12478	0	21084	
12479	0	20498	
12480	0	19938	
12481	0	19452	
12482	0	19828	
12483	0	20274	
12484	0	20900	
12485	0	20516	
12486	0	18832	
12487	0	17388	
12488	0	16361	
12489	0	16416	
12490	0	16698	
12491	0	16894	
12492	0	16980	
12493	0	17000	
12494	0	16640	
12495	0	15748	
12496	0	14646	
12497	0	14056	
12498	0	13645	
12499	0	13428	
12500	0	12837	
12501	0	11992	
12502	0	11619	
12503	0	12493	
12504	0	14600	
12505	0	15676	
12506	0	14673	
12507	0	12654	
12508	0	11024	
12509	0	9756	
12510	0	8330	
12511	0	7196	
12512	0	6636	
12513	0	6497	
12514	0	7072	
12515	0	7820	
12516	0	8781	
12517	0	9900	
12518	0	11300	
12519	0	12597	
12520	0	13988	
12521	0	16136	
12522	0	18688	
12523	0	20892	
12524	0	22316	
12525	0	23156	
12526	0	24500	
12527	0	25972	
12528	0	26160	
12529	0	25860	
12530	0	25116	
12531	0	24244	
12532	0	23416	
12533	0	22824	
12534	0	22196	
12535	0	21544	
12536	0	20732	
12537	0	20012	
12538	0	18664	
12539	0	16724	
12540	0	14748	
12541	0	13596	
12542	0	13624	
12543	0	14138	
12544	0	14928	
12545	0	16109	
12546	0	16832	
12547	0	16784	
12548	0	16780	
12549	0	17236	
12550	0	18696	
12551	0	20148	
12552	0	21548	
12553	0	21520	
12554	0	20622	
12555	0	18844	
12556	0	16532	
12557	0	14584	
12558	0	12809	
12559	0	11930	
12560	0	11908	
12561	0	12112	
12562	0	12178	
12563	0	12188	
12564	0	12208	
12565	0	12752	
12566	0	14376	
12567	0	15780	
12568	0	16128	
12569	0	16420	
12570	0	16492	
12571	0	17232	
12572	0	18161	
12573	0	18728	
12574	0	19128	
12575	0	19506	
12576	0	19708	
12577	0	19976	
12578	0	20200	
12579	0	19844	
12580	0	18520	
12581	0	17486	
12582	0	16672	
12583	0	15520	
12584	0	14210	
12585	0	13400	
12586	0	12986	
12587	0	12836	
12588	0	13028	
12589	0	13916	
12590	0	14582	
12591	0	15164	
12592	0	15952	
12593	0	17048	
12594	0	17536	
12595	0	16948	
12596	0	15364	
12597	0	14117	
12598	0	14154	
12599	0	16060	
12600	0	17620	
12601	0	17632	
12602	0	17050	
12603	0	16638	
12604	0	15712	
12605	0	15164	
12606	0	15568	
12607	0	15965	
12608	0	16642	
12609	0	16965	
12610	0	16248	
12611	0	15352	
12612	0	14912	
12613	0	14432	
12614	0	13625	
12615	0	13396	
12616	0	13604	
12617	0	13780	
12618	0	13904	
12619	0	14488	
12620	0	15212	
12621	0	15616	
12622	0	15480	
12623	0	15204	
12624	0	15028	
12625	0	14796	
12626	0	14402	
12627	0	14260	
12628	0	14976	
12629	0	16296	
12630	0	18196	
12631	0	19900	
12632	0	21408	
12633	0	22792	
12634	0	24356	
12635	0	26568	
12636	0	28448	
12637	0	29604	
12638	0	29520	
12639	0	28680	
12640	0	27716	
12641	0	26788	
12642	0	25434	
12643	0	23536	
12644	0	22360	
12645	0	22404	
12646	0	23034	
12647	0	23976	
12648	0	24272	
12649	0	24172	
12650	0	23232	
12651	0	21276	
12652	0	19592	
12653	0	18948	
12654	0	18944	
12655	0	19260	
12656	0	19173	
12657	0	19804	
12658	0	20966	
12659	0	22470	
12660	0	23968	
12661	0	25712	
12662	0	27628	
12663	0	28112	
12664	0	26876	
12665	0	24536	
12666	0	22157	
12667	0	20704	
12668	0	21660	
12669	0	24396	
12670	0	27577	
12671	0	30364	
12672	0	32064	
12673	0	33146	
12674	0	33136	
12675	0	32808	
12676	0	32088	
12677	0	31852	
12678	0	31452	
12679	0	30816	
12680	0	30524	
12681	0	30112	
12682	0	29556	
12683	0	28824	
12684	0	28868	
12685	0	29628	
12686	0	30456	
12687	0	31316	
12688	0	30932	
12689	0	29260	
12690	0	26692	
12691	0	23858	
12692	0	22024	
12693	0	21576	
12694	0	22508	
12695	0	24320	
12696	0	25968	
12697	0	26472	
12698	0	25648	
12699	0	23292	
12700	0	20668	
12701	0	20128	
12702	0	20632	
12703	0	21476	
12704	0	22936	
12705	0	24452	
12706	0	26400	
12707	0	27544	
12708	0	28052	
12709	0	27820	
12710	0	27316	
12711	0	25948	
12712	0	23180	
12713	0	20912	
12714	0	20408	
12715	0	21604	
12716	0	23912	
12717	0	25956	
12718	0	27956	
12719	0	29992	
12720	0	31288	
12721	0	32212	
12722	0	32260	
12723	0	31404	
12724	0	30060	
12725	0	29440	
12726	0	29220	
12727	0	28868	
12728	0	26988	
12729	0	24440	
12730	0	22616	
12731	0	23264	
12732	0	25760	
12733	0	28832	
12734	0	31936	
12735	0	34316	
12736	0	36244	
12737	0	37796	
12738	0	39576	
12739	0	41200	
12740	0	41504	
12741	0	40208	
12742	0	38194	
12743	0	36152	
12744	0	34180	
12745	0	33024	
12746	0	32908	
12747	0	34500	
12748	0	36448	
12749	0	38000	
12750	0	39456	
12751	0	40216	
12752	0	39604	
12753	0	37336	
12754	0	33364	
12755	0	29016	
12756	0	25952	
12757	0	24460	
12758	0	24512	
12759	0	25440	
12760	0	27488	
12761	0	29916	
12762	0	31788	
12763	0	32592	
12764	0	33134	
12765	0	33536	
12766	0	34408	
12767	0	35312	
12768	0	36108	
12769	0	37016	
12770	0	37626	
12771	0	38184	
12772	0	38400	
12773	0	38116	
12774	0	38112	
12775	0	38916	
12776	0	39804	
12777	0	41208	
12778	0	41580	
12779	0	40552	
12780	0	38376	
12781	0	35332	
12782	0	31508	
12783	0	27936	
12784	0	24824	
12785	0	21972	
12786	0	19992	
12787	0	19792	
12788	0	21200	
12789	0	23234	
12790	0	25244	
12791	0	27416	
12792	0	30396	
12793	0	34388	
12794	0	38104	
12795	0	40176	
12796	0	40808	
12797	0	40512	
12798	0	39896	
12799	0	39260	
12800	0	38748	
12801	0	38156	
12802	0	36960	
12803	0	35928	
12804	0	34992	
12805	0	33340	
12806	0	30668	
12807	0	27464	
12808	0	25480	
12809	0	24304	
12810	0	23664	
12811	0	24400	
12812	0	25888	
12813	0	26952	
12814	0	28084	
12815	0	28580	
12816	0	28360	
12817	0	27720	
12818	0	27510	
12819	0	27654	
12820	0	27436	
12821	0	27188	
12822	0	26100	
12823	0	25752	
12824	0	26452	
12825	0	27352	
12826	0	28428	
12827	0	30368	
12828	0	32136	
12829	0	33604	
12830	0	35336	
12831	0	36896	
12832	0	37744	
12833	0	37844	
12834	0	37672	
12835	0	36616	
12836	0	33428	
12837	0	28592	
12838	0	24456	
12839	0	22048	
12840	0	21608	
12841	0	23184	
12842	0	26224	
12843	0	29600	
12844	0	32564	
12845	0	34388	
12846	0	34800	
12847	0	35156	
12848	0	34760	
12849	0	35092	
12850	0	35992	
12851	0	36724	
12852	0	37296	
12853	0	37256	
12854	0	36792	
12855	0	35912	
12856	0	33516	
12857	0	30172	
12858	0	26972	
12859	0	24952	
12860	0	24180	
12861	0	24680	
12862	0	25580	
12863	0	26368	
12864	0	26164	
12865	0	24548	
12866	0	22640	
12867	0	21476	
12868	0	21264	
12869	0	21597	
12870	0	22980	
12871	0	25696	
12872	0	28560	
12873	0	31324	
12874	0	32480	
12875	0	32672	
12876	0	33692	
12877	0	34860	
12878	0	35420	
12879	0	35656	
12880	0	35044	
12881	0	33932	
12882	0	34252	
12883	0	35208	
12884	0	35912	
12885	0	36068	
12886	0	35748	
12887	0	35156	
12888	0	34248	
12889	0	33552	
12890	0	33932	
12891	0	34492	
12892	0	33856	
12893	0	31418	
12894	0	27624	
12895	0	23784	
12896	0	21180	
12897	0	20560	
12898	0	21344	
12899	0	23136	
12900	0	26816	
12901	0	31248	
12902	0	34616	
12903	0	36244	
12904	0	35804	
12905	0	34452	
12906	0	33720	
12907	0	33648	
12908	0	33840	
12909	0	33344	
12910	0	31552	
12911	0	28872	
12912	0	26188	
12913	0	25472	
12914	0	26892	
12915	0	29173	
12916	0	30844	
12917	0	30992	
12918	0	29652	
12919	0	28824	
12920	0	29596	
12921	0	31008	
12922	0	32672	
12923	0	33996	
12924	0	35216	
12925	0	36200	
12926	0	37268	
12927	0	37768	
12928	0	37716	
12929	0	37996	
12930	0	38464	
12931	0	39412	
12932	0	39968	
12933	0	40332	
12934	0	40704	
12935	0	40504	
12936	0	40856	
12937	0	41528	
12938	0	41316	
12939	0	39488	
12940	0	37432	
12941	0	36382	
12942	0	36732	
12943	0	36588	
12944	0	35004	
12945	0	32652	
12946	0	29872	
12947	0	27104	
12948	0	25484	
12949	0	24524	
12950	0	24100	
12951	0	24290	
12952	0	25296	
12953	0	26532	
12954	0	27180	
12955	0	26468	
12956	0	25780	
12957	0	25500	
12958	0	26892	
12959	0	30292	
12960	0	34816	
12961	0	39012	
12962	0	41664	
12963	0	42836	
12964	0	43744	
12965	0	44448	
12966	0	43872	
12967	0	42124	
12968	0	40608	
12969	0	39792	
12970	0	39896	
12971	0	39784	
12972	0	39384	
12973	0	38796	
12974	0	37716	
12975	0	36912	
12976	0	35640	
12977	0	33804	
12978	0	31824	
12979	0	30748	
12980	0	30448	
12981	0	30888	
12982	0	31984	
12983	0	33248	
12984	0	33760	
12985	0	33132	
12986	0	31820	
12987	0	30872	
12988	0	30660	
12989	0	31236	
12990	0	32788	
12991	0	34644	
12992	0	35488	
12993	0	35836	
12994	0	35880	
12995	0	35232	
12996	0	33540	
12997	0	32068	
12998	0	30704	
12999	0	29464	
13000	0	29660	
13001	0	30512	
13002	0	31770	
13003	0	33050	
13004	0	34552	
13005	0	35736	
13006	0	36232	
13007	0	36564	
13008	0	36820	
13009	0	36748	
13010	0	36392	
13011	0	36200	
13012	0	35960	
13013	0	35960	
13014	0	35904	
13015	0	36336	
13016	0	36148	
13017	0	35012	
13018	0	33396	
13019	0	31692	
13020	0	30280	
13021	0	29276	
13022	0	28618	
13023	0	27724	
13024	0	26888	
13025	0	26092	
13026	0	25736	
13027	0	25784	
13028	0	25340	
13029	0	24690	
13030	0	24156	
13031	0	24028	
13032	0	24412	
13033	0	25232	
13034	0	26506	
13035	0	28736	
13036	0	31232	
13037	0	32688	
13038	0	33796	
13039	0	34104	
13040	0	34212	
13041	0	35556	
13042	0	38040	
13043	0	39896	
13044	0	41048	
13045	0	42344	
13046	0	42780	
13047	0	42612	
13048	0	42168	
13049	0	41224	
13050	0	39892	
13051	0	38560	
13052	0	37656	
13053	0	36268	
13054	0	34452	
13055	0	32964	
13056	0	32072	
13057	0	31092	
13058	0	30778	
13059	0	31032	
13060	0	31698	
13061	0	32176	
13062	0	31952	
13063	0	31196	
13064	0	30972	
13065	0	32144	
13066	0	34442	
13067	0	36396	
13068	0	37404	
13069	0	37092	
13070	0	36236	
13071	0	34928	
13072	0	33664	
13073	0	33024	
13074	0	32644	
13075	0	31864	
13076	0	31816	
13077	0	32480	
13078	0	33472	
13079	0	34720	
13080	0	35800	
13081	0	35452	
13082	0	34684	
13083	0	35040	
13084	0	36240	
13085	0	37468	
13086	0	38168	
13087	0	38824	
13088	0	39404	
13089	0	39320	
13090	0	38904	
13091	0	38520	
13092	0	37956	
13093	0	37000	
13094	0	36272	
13095	0	35600	
13096	0	34812	
13097	0	34268	
13098	0	33592	
13099	0	32775	
13100	0	30644	
13101	0	27780	
13102	0	27092	
13103	0	28600	
13104	0	32184	
13105	0	35552	
13106	0	37864	
13107	0	39412	
13108	0	39500	
13109	0	37936	
13110	0	36528	
13111	0	35460	
13112	0	34616	
13113	0	33768	
13114	0	32716	
13115	0	32100	
13116	0	31920	
13117	0	32588	
13118	0	34560	
13119	0	36320	
13120	0	37264	
13121	0	37916	
13122	0	37096	
13123	0	36396	
13124	0	36120	
13125	0	36564	
13126	0	37172	
13127	0	38248	
13128	0	38632	
13129	0	38092	
13130	0	37400	
13131	0	36560	
13132	0	35624	
13133	0	36044	
13134	0	37860	
13135	0	40304	
13136	0	42832	
13137	0	44804	
13138	0	45808	
13139	0	46120	
13140	0	46244	
13141	0	45704	
13142	0	45240	
13143	0	45224	
13144	0	44936	
13145	0	44824	
13146	0	45068	
13147	0	44636	
13148	0	42728	
13149	0	40212	
13150	0	38700	
13151	0	38508	
13152	0	38700	
13153	0	39016	
13154	0	39154	
13155	0	39252	
13156	0	39024	
13157	0	38348	
13158	0	37932	
13159	0	37984	
13160	0	38664	
13161	0	39572	
13162	0	39460	
13163	0	38272	
13164	0	36784	
13165	0	36496	
13166	0	37080	
13167	0	36968	
13168	0	36984	
13169	0	36772	
13170	0	36216	
13171	0	35380	
13172	0	34440	
13173	0	32656	
13174	0	30404	
13175	0	28984	
13176	0	28524	
13177	0	29372	
13178	0	31396	
13179	0	32976	
13180	0	34144	
13181	0	35548	
13182	0	36640	
13183	0	36356	
13184	0	34856	
13185	0	32968	
13186	0	30528	
13187	0	28244	
13188	0	26980	
13189	0	27072	
13190	0	28280	
13191	0	30348	
13192	0	33644	
13193	0	37408	
13194	0	40800	
13195	0	43280	
13196	0	44644	
13197	0	44680	
13198	0	43852	
13199	0	42300	
13200	0	40384	
13201	0	38520	
13202	0	36504	
13203	0	34980	
13204	0	33688	
13205	0	32653	
13206	0	32592	
13207	0	33716	
13208	0	35000	
13209	0	35920	
13210	0	36704	
13211	0	37420	
13212	0	37932	
13213	0	38216	
13214	0	37804	
13215	0	36256	
13216	0	34580	
13217	0	33120	
13218	0	32048	
13219	0	31564	
13220	0	31532	
13221	0	32060	
13222	0	32480	
13223	0	30280	
13224	0	26984	
13225	0	23360	
13226	0	20596	
13227	0	19024	
13228	0	19084	
13229	0	19972	
13230	0	21872	
13231	0	24804	
13232	0	27568	
13233	0	29060	
13234	0	29880	
13235	0	30844	
13236	0	31578	
13237	0	31780	
13238	0	31636	
13239	0	31630	
13240	0	31820	
13241	0	32560	
13242	0	33616	
13243	0	34336	
13244	0	33624	
13245	0	31984	
13246	0	29825	
13247	0	27880	
13248	0	26496	
13249	0	25980	
13250	0	25768	
13251	0	25448	
13252	0	24844	
13253	0	23512	
13254	0	22304	
13255	0	22272	
13256	0	22516	
13257	0	22820	
13258	0	23368	
13259	0	24734	
13260	0	26294	
13261	0	27832	
13262	0	29144	
13263	0	29304	
13264	0	28128	
13265	0	27040	
13266	0	27016	
13267	0	27116	
13268	0	27788	
13269	0	29452	
13270	0	30804	
13271	0	31352	
13272	0	30712	
13273	0	29272	
13274	0	27784	
13275	0	26896	
13276	0	26692	
13277	0	27304	
13278	0	27992	
13279	0	28912	
13280	0	29508	
13281	0	28568	
13282	0	26436	
13283	0	24536	
13284	0	23720	
13285	0	24452	
13286	0	26320	
13287	0	28740	
13288	0	30792	
13289	0	31374	
13290	0	30372	
13291	0	28754	
13292	0	28164	
13293	0	29192	
13294	0	30932	
13295	0	32456	
13296	0	33168	
13297	0	32564	
13298	0	31004	
13299	0	29928	
13300	0	29812	
13301	0	29492	
13302	0	28856	
13303	0	27896	
13304	0	28000	
13305	0	27736	
13306	0	27380	
13307	0	28925	
13308	0	30716	
13309	0	31612	
13310	0	32536	
13311	0	32968	
13312	0	32048	
13313	0	30956	
13314	0	30012	
13315	0	29504	
13316	0	29296	
13317	0	29324	
13318	0	29742	
13319	0	29944	
13320	0	29736	
13321	0	28993	
13322	0	27888	
13323	0	27016	
13324	0	27024	
13325	0	27468	
13326	0	28860	
13327	0	30056	
13328	0	30862	
13329	0	30864	
13330	0	30812	
13331	0	31196	
13332	0	30728	
13333	0	30200	
13334	0	29584	
13335	0	28624	
13336	0	28584	
13337	0	30040	
13338	0	31800	
13339	0	32352	
13340	0	31672	
13341	0	30848	
13342	0	30920	
13343	0	32164	
13344	0	34028	
13345	0	35844	
13346	0	37156	
13347	0	38048	
13348	0	37800	
13349	0	37532	
13350	0	37184	
13351	0	35744	
13352	0	33472	
13353	0	31132	
13354	0	29596	
13355	0	28882	
13356	0	28512	
13357	0	28744	
13358	0	29464	
13359	0	30196	
13360	0	30116	
13361	0	30260	
13362	0	30424	
13363	0	29780	
13364	0	28564	
13365	0	28064	
13366	0	28856	
13367	0	29568	
13368	0	31156	
13369	0	34400	
13370	0	37024	
13371	0	37432	
13372	0	36080	
13373	0	33380	
13374	0	30960	
13375	0	29750	
13376	0	28452	
13377	0	28360	
13378	0	29396	
13379	0	30660	
13380	0	31792	
13381	0	33544	
13382	0	35476	
13383	0	36180	
13384	0	35780	
13385	0	35192	
13386	0	33992	
13387	0	32336	
13388	0	31256	
13389	0	30385	
13390	0	29684	
13391	0	28384	
13392	0	27592	
13393	0	26784	
13394	0	26628	
13395	0	26780	
13396	0	27608	
13397	0	28824	
13398	0	31668	
13399	0	34972	
13400	0	37976	
13401	0	39976	
13402	0	40892	
13403	0	39652	
13404	0	36256	
13405	0	33368	
13406	0	32448	
13407	0	32984	
13408	0	34892	
13409	0	36204	
13410	0	35744	
13411	0	35792	
13412	0	37012	
13413	0	38088	
13414	0	39012	
13415	0	38872	
13416	0	37632	
13417	0	35312	
13418	0	32716	
13419	0	30520	
13420	0	30428	
13421	0	31632	
13422	0	33368	
13423	0	34408	
13424	0	33928	
13425	0	33056	
13426	0	32353	
13427	0	31644	
13428	0	31674	
13429	0	32796	
13430	0	34488	
13431	0	35784	
13432	0	36184	
13433	0	35432	
13434	0	34796	
13435	0	33408	
13436	0	31744	
13437	0	31344	
13438	0	31944	
13439	0	32276	
13440	0	32008	
13441	0	32252	
13442	0	33268	
13443	0	34576	
13444	0	35688	
13445	0	36980	
13446	0	38268	
13447	0	38644	
13448	0	38384	
13449	0	37100	
13450	0	34592	
13451	0	32300	
13452	0	30620	
13453	0	29924	
13454	0	30684	
13455	0	32292	
13456	0	33992	
13457	0	34956	
13458	0	35936	
13459	0	36728	
13460	0	37512	
13461	0	38444	
13462	0	38016	
13463	0	37388	
13464	0	37076	
13465	0	37232	
13466	0	37568	
13467	0	38144	
13468	0	38712	
13469	0	38744	
13470	0	38236	
13471	0	37696	
13472	0	36484	
13473	0	34828	
13474	0	33328	
13475	0	32396	
13476	0	32220	
13477	0	32672	
13478	0	33904	
13479	0	35256	
13480	0	35624	
13481	0	35652	
13482	0	35968	
13483	0	35512	
13484	0	34252	
13485	0	33780	
13486	0	33936	
13487	0	33548	
13488	0	32520	
13489	0	31120	
13490	0	29632	
13491	0	28592	
13492	0	29096	
13493	0	30748	
13494	0	32108	
13495	0	32940	
13496	0	33620	
13497	0	32944	
13498	0	30754	
13499	0	28448	
13500	0	26744	
13501	0	26337	
13502	0	27160	
13503	0	29328	
13504	0	31376	
13505	0	31892	
13506	0	31572	
13507	0	31740	
13508	0	32616	
13509	0	33520	
13510	0	33188	
13511	0	32084	
13512	0	31040	
13513	0	30808	
13514	0	31604	
13515	0	31896	
13516	0	32276	
13517	0	32648	
13518	0	33192	
13519	0	32760	
13520	0	32088	
13521	0	31468	
13522	0	30480	
13523	0	30000	
13524	0	29672	
13525	0	28328	
13526	0	27292	
13527	0	27240	
13528	0	27820	
13529	0	28704	
13530	0	29848	
13531	0	30416	
13532	0	30968	
13533	0	31956	
13534	0	33204	
13535	0	35320	
13536	0	37376	
13537	0	38720	
13538	0	39124	
13539	0	39192	
13540	0	38528	
13541	0	37708	
13542	0	36632	
13543	0	35708	
13544	0	35852	
13545	0	36272	
13546	0	36204	
13547	0	35232	
13548	0	34196	
13549	0	33512	
13550	0	33124	
13551	0	32940	
13552	0	32972	
13553	0	33616	
13554	0	34584	
13555	0	35072	
13556	0	35468	
13557	0	35464	
13558	0	34832	
13559	0	34020	
13560	0	33084	
13561	0	32844	
13562	0	33500	
13563	0	33300	
13564	0	31146	
13565	0	28144	
13566	0	25536	
13567	0	24460	
13568	0	24525	
13569	0	24876	
13570	0	25360	
13571	0	26456	
13572	0	27020	
13573	0	27228	
13574	0	27060	
13575	0	27868	
13576	0	30384	
13577	0	33668	
13578	0	35696	
13579	0	36600	
13580	0	35936	
13581	0	35048	
13582	0	34844	
13583	0	35124	
13584	0	35808	
13585	0	37104	
13586	0	38118	
13587	0	38500	
13588	0	37892	
13589	0	37560	
13590	0	38300	
13591	0	39576	
13592	0	40784	
13593	0	41792	
13594	0	41708	
13595	0	40240	
13596	0	38300	
13597	0	36568	
13598	0	35856	
13599	0	36228	
13600	0	37324	
13601	0	37616	
13602	0	37036	
13603	0	35944	
13604	0	35196	
13605	0	35356	
13606	0	35780	
13607	0	35616	
13608	0	33756	
13609	0	30700	
13610	0	28032	
13611	0	26708	
13612	0	25840	
13613	0	24624	
13614	0	24001	
13615	0	24244	
13616	0	24800	
13617	0	25776	
13618	0	27604	
13619	0	29564	
13620	0	30316	
13621	0	30504	
13622	0	31393	
13623	0	32120	
13624	0	31940	
13625	0	31044	
13626	0	30508	
13627	0	29308	
13628	0	27956	
13629	0	27524	
13630	0	27256	
13631	0	26612	
13632	0	25872	
13633	0	25268	
13634	0	25196	
13635	0	26344	
13636	0	28632	
13637	0	31196	
13638	0	32840	
13639	0	33076	
13640	0	32996	
13641	0	32592	
13642	0	32008	
13643	0	32084	
13644	0	33404	
13645	0	35312	
13646	0	37124	
13647	0	38832	
13648	0	39824	
13649	0	40468	
13650	0	40876	
13651	0	41248	
13652	0	41416	
13653	0	41628	
13654	0	42212	
13655	0	42728	
13656	0	41816	
13657	0	39976	
13658	0	37748	
13659	0	35888	
13660	0	35276	
13661	0	34640	
13662	0	34336	
13663	0	33792	
13664	0	32720	
13665	0	31796	
13666	0	31884	
13667	0	33168	
13668	0	34296	
13669	0	34144	
13670	0	32668	
13671	0	30608	
13672	0	28792	
13673	0	27600	
13674	0	27100	
13675	0	27652	
13676	0	29812	
13677	0	34244	
13678	0	38244	
13679	0	40748	
13680	0	42516	
13681	0	43636	
13682	0	44216	
13683	0	44568	
13684	0	44276	
13685	0	43600	
13686	0	42008	
13687	0	40712	
13688	0	39376	
13689	0	38304	
13690	0	37088	
13691	0	36236	
13692	0	35576	
13693	0	34384	
13694	0	33056	
13695	0	31256	
13696	0	29724	
13697	0	29256	
13698	0	29260	
13699	0	29356	
13700	0	28960	
13701	0	27962	
13702	0	26964	
13703	0	26340	
13704	0	26104	
13705	0	25892	
13706	0	25520	
13707	0	25604	
13708	0	26176	
13709	0	26296	
13710	0	26216	
13711	0	26012	
13712	0	25924	
13713	0	25084	
13714	0	23624	
13715	0	22388	
13716	0	21052	
13717	0	19396	
13718	0	17818	
13719	0	16468	
13720	0	15480	
13721	0	14924	
13722	0	15056	
13723	0	15872	
13724	0	17072	
13725	0	18480	
13726	0	19396	
13727	0	19248	
13728	0	18896	
13729	0	19136	
13730	0	19736	
13731	0	20184	
13732	0	20388	
13733	0	20536	
13734	0	20564	
13735	0	21394	
13736	0	21692	
13737	0	21772	
13738	0	22136	
13739	0	21664	
13740	0	19732	
13741	0	18774	
13742	0	19488	
13743	0	20536	
13744	0	20749	
13745	0	20796	
13746	0	20754	
13747	0	21256	
13748	0	22328	
13749	0	23212	
13750	0	23632	
13751	0	23700	
13752	0	23464	
13753	0	22820	
13754	0	22148	
13755	0	21776	
13756	0	21712	
13757	0	21756	
13758	0	22444	
13759	0	23368	
13760	0	24588	
13761	0	25205	
13762	0	25448	
13763	0	25196	
13764	0	24684	
13765	0	25104	
13766	0	26204	
13767	0	26648	
13768	0	26184	
13769	0	25912	
13770	0	25694	
13771	0	25588	
13772	0	26132	
13773	0	27312	
13774	0	29100	
13775	0	30524	
13776	0	31404	
13777	0	31952	
13778	0	32016	
13779	0	31716	
13780	0	30824	
13781	0	30176	
13782	0	30412	
13783	0	31556	
13784	0	32424	
13785	0	32868	
13786	0	33536	
13787	0	33950	
13788	0	34472	
13789	0	35136	
13790	0	35712	
13791	0	35224	
13792	0	33600	
13793	0	31544	
13794	0	29820	
13795	0	29548	
13796	0	31164	
13797	0	34424	
13798	0	38160	
13799	0	41268	
13800	0	43052	
13801	0	43532	
13802	0	42876	
13803	0	41592	
13804	0	40312	
13805	0	39140	
13806	0	37768	
13807	0	36536	
13808	0	35908	
13809	0	35332	
13810	0	34528	
13811	0	32484	
13812	0	30116	
13813	0	28832	
13814	0	27912	
13815	0	27240	
13816	0	26880	
13817	0	26696	
13818	0	27072	
13819	0	27757	
13820	0	28776	
13821	0	29888	
13822	0	31254	
13823	0	32840	
13824	0	34032	
13825	0	34584	
13826	0	34488	
13827	0	34368	
13828	0	34288	
13829	0	34496	
13830	0	34736	
13831	0	34820	
13832	0	34944	
13833	0	35472	
13834	0	36412	
13835	0	37384	
13836	0	37988	
13837	0	39060	
13838	0	40460	
13839	0	40832	
13840	0	39528	
13841	0	38172	
13842	0	37404	
13843	0	36504	
13844	0	34472	
13845	0	32212	
13846	0	30308	
13847	0	29600	
13848	0	29844	
13849	0	30324	
13850	0	31560	
13851	0	32872	
13852	0	33724	
13853	0	34796	
13854	0	35480	
13855	0	36196	
13856	0	36952	
13857	0	36984	
13858	0	36376	
13859	0	35360	
13860	0	34500	
13861	0	33818	
13862	0	32868	
13863	0	32604	
13864	0	33556	
13865	0	35056	
13866	0	36468	
13867	0	37412	
13868	0	37288	
13869	0	37088	
13870	0	37144	
13871	0	37384	
13872	0	37960	
13873	0	38136	
13874	0	38156	
13875	0	38088	
13876	0	38392	
13877	0	38378	
13878	0	37560	
13879	0	36404	
13880	0	35416	
13881	0	34112	
13882	0	33364	
13883	0	33150	
13884	0	33172	
13885	0	33676	
13886	0	33832	
13887	0	33672	
13888	0	33652	
13889	0	33520	
13890	0	33232	
13891	0	32892	
13892	0	33166	
13893	0	33360	
13894	0	33480	
13895	0	33892	
13896	0	34132	
13897	0	33968	
13898	0	33532	
13899	0	32624	
13900	0	31432	
13901	0	29836	
13902	0	28520	
13903	0	28140	
13904	0	28228	
13905	0	28604	
13906	0	28936	
13907	0	29312	
13908	0	29872	
13909	0	30312	
13910	0	30740	
13911	0	31324	
13912	0	31124	
13913	0	29860	
13914	0	28384	
13915	0	26896	
13916	0	26176	
13917	0	26756	
13918	0	28632	
13919	0	31012	
13920	0	33480	
13921	0	35064	
13922	0	35540	
13923	0	35856	
13924	0	36116	
13925	0	36396	
13926	0	37356	
13927	0	38176	
13928	0	38552	
13929	0	38848	
13930	0	38280	
13931	0	37048	
13932	0	35308	
13933	0	34388	
13934	0	34448	
13935	0	35336	
13936	0	36708	
13937	0	37064	
13938	0	36820	
13939	0	35696	
13940	0	34012	
13941	0	32998	
13942	0	32512	
13943	0	32360	
13944	0	31876	
13945	0	32004	
13946	0	32528	
13947	0	32676	
13948	0	32840	
13949	0	32676	
13950	0	32960	
13951	0	33520	
13952	0	34016	
13953	0	35312	
13954	0	36764	
13955	0	37208	
13956	0	35864	
13957	0	33668	
13958	0	31484	
13959	0	29776	
13960	0	28992	
13961	0	28920	
13962	0	29064	
13963	0	27888	
13964	0	26632	
13965	0	25430	
13966	0	24850	
13967	0	25520	
13968	0	26772	
13969	0	27952	
13970	0	28260	
13971	0	28884	
13972	0	29536	
13973	0	29888	
13974	0	29188	
13975	0	29200	
13976	0	30040	
13977	0	31400	
13978	0	33224	
13979	0	34440	
13980	0	34778	
13981	0	34884	
13982	0	34176	
13983	0	34052	
13984	0	34288	
13985	0	34712	
13986	0	34932	
13987	0	35128	
13988	0	35520	
13989	0	35916	
13990	0	36164	
13991	0	36976	
13992	0	37488	
13993	0	36896	
13994	0	35300	
13995	0	33816	
13996	0	32444	
13997	0	32012	
13998	0	31972	
13999	0	30944	
14000	0	30256	
14001	0	30044	
14002	0	29764	
14003	0	30048	
14004	0	31520	
14005	0	34304	
14006	0	36812	
14007	0	37456	
14008	0	36600	
14009	0	34344	
14010	0	31660	
14011	0	30172	
14012	0	29752	
14013	0	30656	
14014	0	31520	
14015	0	32176	
14016	0	32476	
14017	0	32748	
14018	0	32584	
14019	0	32408	
14020	0	31288	
14021	0	29232	
14022	0	26704	
14023	0	25610	
14024	0	25868	
14025	0	27042	
14026	0	29040	
14027	0	31364	
14028	0	33768	
14029	0	35820	
14030	0	36996	
14031	0	37240	
14032	0	37432	
14033	0	38568	
14034	0	39688	
14035	0	39904	
14036	0	39476	
14037	0	39092	
14038	0	38368	
14039	0	37932	
14040	0	37480	
14041	0	36952	
14042	0	36456	
14043	0	35544	
14044	0	34368	
14045	0	33562	
14046	0	33680	
14047	0	34572	
14048	0	35120	
14049	0	36500	
14050	0	38180	
14051	0	39608	
14052	0	40096	
14053	0	39756	
14054	0	38964	
14055	0	37696	
14056	0	36280	
14057	0	35144	
14058	0	34644	
14059	0	34480	
14060	0	34488	
14061	0	34956	
14062	0	35632	
14063	0	36300	
14064	0	37040	
14065	0	37568	
14066	0	37536	
14067	0	36656	
14068	0	35276	
14069	0	34304	
14070	0	33192	
14071	0	32160	
14072	0	31960	
14073	0	32708	
14074	0	33440	
14075	0	34196	
14076	0	34712	
14077	0	34800	
14078	0	34108	
14079	0	33396	
14080	0	32641	
14081	0	31844	
14082	0	30796	
14083	0	29332	
14084	0	28248	
14085	0	27264	
14086	0	27126	
14087	0	28400	
14088	0	30488	
14089	0	32692	
14090	0	34972	
14091	0	36642	
14092	0	38209	
14093	0	39488	
14094	0	40600	
14095	0	40952	
14096	0	41036	
14097	0	41264	
14098	0	41248	
14099	0	40552	
14100	0	39536	
14101	0	39024	
14102	0	38132	
14103	0	36236	
14104	0	34020	
14105	0	32432	
14106	0	31096	
14107	0	29992	
14108	0	29072	
14109	0	28048	
14110	0	27704	
14111	0	28714	
14112	0	30796	
14113	0	32224	
14114	0	33360	
14115	0	34092	
14116	0	34068	
14117	0	33600	
14118	0	32672	
14119	0	31556	
14120	0	30880	
14121	0	30512	
14122	0	30412	
14123	0	30402	
14124	0	30928	
14125	0	31152	
14126	0	31072	
14127	0	30884	
14128	0	31124	
14129	0	31720	
14130	0	32184	
14131	0	32148	
14132	0	31320	
14133	0	30160	
14134	0	28656	
14135	0	27000	
14136	0	26772	
14137	0	28212	
14138	0	30700	
14139	0	33660	
14140	0	36580	
14141	0	38696	
14142	0	39152	
14143	0	38316	
14144	0	37484	
14145	0	37232	
14146	0	36976	
14147	0	35956	
14148	0	34248	
14149	0	32036	
14150	0	29940	
14151	0	28338	
14152	0	27128	
14153	0	27166	
14154	0	27824	
14155	0	28632	
14156	0	29692	
14157	0	30656	
14158	0	31484	
14159	0	32352	
14160	0	33164	
14161	0	33996	
14162	0	34532	
14163	0	35336	
14164	0	35420	
14165	0	35340	
14166	0	35200	
14167	0	33388	
14168	0	31076	
14169	0	30180	
14170	0	30356	
14171	0	30704	
14172	0	31076	
14173	0	31880	
14174	0	32880	
14175	0	33972	
14176	0	34360	
14177	0	33896	
14178	0	32908	
14179	0	31316	
14180	0	30036	
14181	0	30008	
14182	0	31268	
14183	0	32680	
14184	0	34228	
14185	0	34280	
14186	0	33280	
14187	0	32456	
14188	0	31284	
14189	0	29888	
14190	0	29300	
14191	0	29524	
14192	0	30216	
14193	0	30828	
14194	0	31560	
14195	0	32692	
14196	0	33816	
14197	0	35048	
14198	0	36472	
14199	0	37384	
14200	0	37108	
14201	0	36248	
14202	0	35956	
14203	0	36164	
14204	0	36640	
14205	0	36856	
14206	0	37120	
14207	0	36916	
14208	0	35836	
14209	0	33744	
14210	0	31508	
14211	0	29480	
14212	0	28588	
14213	0	28120	
14214	0	28468	
14215	0	29620	
14216	0	30908	
14217	0	31900	
14218	0	33272	
14219	0	34664	
14220	0	36044	
14221	0	37796	
14222	0	39064	
14223	0	39512	
14224	0	39668	
14225	0	39676	
14226	0	38736	
14227	0	36580	
14228	0	33808	
14229	0	31508	
14230	0	29856	
14231	0	29248	
14232	0	28724	
14233	0	28248	
14234	0	28076	
14235	0	27664	
14236	0	27200	
14237	0	27008	
14238	0	26748	
14239	0	26360	
14240	0	26224	
14241	0	26676	
14242	0	27860	
14243	0	29388	
14244	0	29864	
14245	0	30604	
14246	0	30880	
14247	0	31076	
14248	0	31008	
14249	0	31112	
14250	0	30924	
14251	0	29624	
14252	0	28012	
14253	0	26564	
14254	0	25980	
14255	0	26644	
14256	0	28824	
14257	0	31648	
14258	0	33560	
14259	0	34492	
14260	0	35248	
14261	0	35520	
14262	0	35612	
14263	0	36024	
14264	0	37268	
14265	0	39308	
14266	0	40480	
14267	0	39952	
14268	0	38972	
14269	0	37504	
14270	0	36484	
14271	0	36576	
14272	0	36784	
14273	0	37284	
14274	0	38352	
14275	0	39092	
14276	0	39680	
14277	0	39204	
14278	0	37532	
14279	0	35896	
14280	0	34772	
14281	0	35144	
14282	0	35828	
14283	0	36348	
14284	0	36952	
14285	0	37672	
14286	0	38028	
14287	0	37464	
14288	0	36232	
14289	0	34392	
14290	0	32196	
14291	0	30368	
14292	0	28642	
14293	0	27840	
14294	0	28336	
14295	0	30384	
14296	0	33180	
14297	0	34384	
14298	0	34210	
14299	0	33552	
14300	0	33248	
14301	0	33828	
14302	0	34400	
14303	0	34216	
14304	0	32368	
14305	0	29728	
14306	0	27640	
14307	0	27120	
14308	0	29426	
14309	0	33352	
14310	0	37584	
14311	0	40464	
14312	0	41548	
14313	0	41252	
14314	0	40432	
14315	0	38676	
14316	0	36316	
14317	0	34906	
14318	0	34308	
14319	0	33940	
14320	0	33884	
14321	0	34072	
14322	0	33804	
14323	0	33316	
14324	0	32468	
14325	0	31688	
14326	0	30460	
14327	0	29968	
14328	0	30332	
14329	0	31324	
14330	0	32864	
14331	0	34124	
14332	0	33660	
14333	0	31424	
14334	0	28496	
14335	0	26840	
14336	0	27380	
14337	0	29796	
14338	0	32696	
14339	0	34368	
14340	0	35104	
14341	0	35572	
14342	0	35456	
14343	0	35348	
14344	0	35624	
14345	0	35784	
14346	0	35528	
14347	0	35128	
14348	0	35136	
14349	0	35908	
14350	0	37100	
14351	0	38460	
14352	0	38824	
14353	0	38600	
14354	0	37416	
14355	0	35692	
14356	0	34192	
14357	0	34048	
14358	0	34364	
14359	0	34116	
14360	0	33540	
14361	0	33148	
14362	0	33204	
14363	0	33552	
14364	0	33364	
14365	0	32984	
14366	0	32976	
14367	0	34004	
14368	0	35152	
14369	0	35240	
14370	0	34248	
14371	0	32452	
14372	0	30356	
14373	0	28800	
14374	0	27888	
14375	0	27784	
14376	0	27720	
14377	0	27525	
14378	0	27492	
14379	0	27624	
14380	0	27820	
14381	0	27192	
14382	0	26016	
14383	0	25568	
14384	0	25416	
14385	0	24832	
14386	0	24676	
14387	0	24836	
14388	0	25724	
14389	0	27281	
14390	0	29016	
14391	0	29930	
14392	0	29636	
14393	0	28440	
14394	0	26816	
14395	0	25924	
14396	0	26068	
14397	0	27444	
14398	0	29508	
14399	0	31322	
14400	0	32064	
14401	0	32864	
14402	0	34104	
14403	0	35436	
14404	0	35972	
14405	0	35320	
14406	0	34504	
14407	0	34068	
14408	0	34216	
14409	0	34156	
14410	0	33976	
14411	0	33824	
14412	0	33512	
14413	0	33664	
14414	0	33460	
14415	0	33024	
14416	0	31876	
14417	0	30392	
14418	0	29632	
14419	0	29304	
14420	0	29376	
14421	0	30512	
14422	0	31888	
14423	0	33036	
14424	0	32892	
14425	0	31680	
14426	0	30908	
14427	0	30024	
14428	0	29116	
14429	0	28560	
14430	0	28168	
14431	0	28892	
14432	0	30036	
14433	0	31116	
14434	0	32280	
14435	0	33620	
14436	0	34300	
14437	0	34868	
14438	0	35136	
14439	0	34332	
14440	0	33408	
14441	0	32768	
14442	0	33180	
14443	0	35268	
14444	0	37968	
14445	0	39220	
14446	0	38784	
14447	0	37328	
14448	0	36040	
14449	0	35664	
14450	0	35772	
14451	0	36116	
14452	0	35456	
14453	0	34016	
14454	0	32620	
14455	0	31748	
14456	0	30672	
14457	0	29898	
14458	0	29828	
14459	0	30264	
14460	0	30668	
14461	0	31324	
14462	0	32240	
14463	0	33408	
14464	0	34040	
14465	0	34216	
14466	0	34156	
14467	0	34340	
14468	0	34228	
14469	0	34104	
14470	0	33948	
14471	0	34044	
14472	0	34132	
14473	0	34304	
14474	0	34184	
14475	0	33544	
14476	0	33108	
14477	0	33818	
14478	0	34740	
14479	0	35600	
14480	0	36080	
14481	0	34888	
14482	0	32496	
14483	0	29992	
14484	0	28004	
14485	0	27716	
14486	0	28712	
14487	0	30332	
14488	0	32224	
14489	0	33816	
14490	0	33920	
14491	0	32788	
14492	0	31424	
14493	0	31240	
14494	0	32184	
14495	0	33904	
14496	0	35984	
14497	0	37896	
14498	0	38968	
14499	0	38312	
14500	0	36676	
14501	0	35268	
14502	0	34208	
14503	0	34128	
14504	0	34356	
14505	0	34768	
14506	0	34836	
14507	0	33648	
14508	0	31088	
14509	0	29232	
14510	0	29072	
14511	0	30024	
14512	0	31704	
14513	0	32612	
14514	0	32628	
14515	0	32260	
14516	0	31578	
14517	0	31372	
14518	0	31212	
14519	0	30732	
14520	0	30260	
14521	0	29140	
14522	0	28068	
14523	0	27964	
14524	0	28048	
14525	0	28124	
14526	0	28682	
14527	0	29496	
14528	0	30184	
14529	0	31204	
14530	0	32500	
14531	0	33964	
14532	0	34992	
14533	0	34952	
14534	0	33816	
14535	0	32208	
14536	0	30848	
14537	0	29704	
14538	0	29324	
14539	0	30440	
14540	0	31980	
14541	0	33808	
14542	0	35764	
14543	0	36804	
14544	0	36908	
14545	0	36376	
14546	0	36424	
14547	0	37172	
14548	0	37916	
14549	0	38260	
14550	0	38320	
14551	0	37876	
14552	0	37308	
14553	0	36780	
14554	0	36208	
14555	0	36212	
14556	0	36128	
14557	0	35996	
14558	0	35644	
14559	0	35416	
14560	0	35140	
14561	0	34472	
14562	0	33804	
14563	0	33368	
14564	0	33304	
14565	0	32948	
14566	0	32400	
14567	0	31680	
14568	0	31720	
14569	0	32388	
14570	0	33008	
14571	0	33912	
14572	0	34756	
14573	0	35648	
14574	0	36032	
14575	0	36252	
14576	0	36800	
14577	0	36972	
14578	0	36916	
14579	0	36812	
14580	0	36740	
14581	0	36920	
14582	0	37676	
14583	0	37904	
14584	0	37916	
14585	0	38044	
14586	0	37012	
14587	0	36196	
14588	0	35944	
14589	0	35668	
14590	0	35080	
14591	0	34232	
14592	0	33032	
14593	0	32352	
14594	0	32104	
14595	0	32260	
14596	0	31780	
14597	0	30676	
14598	0	29220	
14599	0	28032	
14600	0	28104	
14601	0	29584	
14602	0	31800	
14603	0	33448	
14604	0	34888	
14605	0	36940	
14606	0	38684	
14607	0	40032	
14608	0	40496	
14609	0	39952	
14610	0	39500	
14611	0	39312	
14612	0	39112	
14613	0	39084	
14614	0	38904	
14615	0	37988	
14616	0	36352	
14617	0	34904	
14618	0	33664	
14619	0	32960	
14620	0	32512	
14621	0	32800	
14622	0	33744	
14623	0	34188	
14624	0	33100	
14625	0	31440	
14626	0	30536	
14627	0	30628	
14628	0	31280	
14629	0	31764	
14630	0	32256	
14631	0	33080	
14632	0	33952	
14633	0	34236	
14634	0	34128	
14635	0	33576	
14636	0	33388	
14637	0	33368	
14638	0	33612	
14639	0	34196	
14640	0	34420	
14641	0	34064	
14642	0	34052	
14643	0	34196	
14644	0	34672	
14645	0	35452	
14646	0	35960	
14647	0	36952	
14648	0	37856	
14649	0	38336	
14650	0	38500	
14651	0	38464	
14652	0	38232	
14653	0	37316	
14654	0	36232	
14655	0	34516	
14656	0	32068	
14657	0	30012	
14658	0	29000	
14659	0	29296	
14660	0	30116	
14661	0	31232	
14662	0	32152	
14663	0	33400	
14664	0	34488	
14665	0	35084	
14666	0	35320	
14667	0	35028	
14668	0	34648	
14669	0	34404	
14670	0	34100	
14671	0	33800	
14672	0	34352	
14673	0	36448	
14674	0	38932	
14675	0	40824	
14676	0	41872	
14677	0	41408	
14678	0	40416	
14679	0	38980	
14680	0	37272	
14681	0	35740	
14682	0	34456	
14683	0	33648	
14684	0	33720	
14685	0	34296	
14686	0	35552	
14687	0	36708	
14688	0	37504	
14689	0	38204	
14690	0	38012	
14691	0	36804	
14692	0	34776	
14693	0	33044	
14694	0	32408	
14695	0	33016	
14696	0	35248	
14697	0	37212	
14698	0	38624	
14699	0	38636	
14700	0	37804	
14701	0	36944	
14702	0	35968	
14703	0	35240	
14704	0	34048	
14705	0	33712	
14706	0	34526	
14707	0	34996	
14708	0	35584	
14709	0	35400	
14710	0	34584	
14711	0	34320	
14712	0	34292	
14713	0	34728	
14714	0	34676	
14715	0	34072	
14716	0	33604	
14717	0	33096	
14718	0	32172	
14719	0	31316	
14720	0	30804	
14721	0	30624	
14722	0	31124	
14723	0	32048	
14724	0	33096	
14725	0	33020	
14726	0	32548	
14727	0	31444	
14728	0	29782	
14729	0	28776	
14730	0	28616	
14731	0	28944	
14732	0	29636	
14733	0	30096	
14734	0	30292	
14735	0	30644	
14736	0	31304	
14737	0	31440	
14738	0	30760	
14739	0	30136	
14740	0	30152	
14741	0	30365	
14742	0	30860	
14743	0	31340	
14744	0	31276	
14745	0	31710	
14746	0	31580	
14747	0	30956	
14748	0	30360	
14749	0	29436	
14750	0	29056	
14751	0	29152	
14752	0	29616	
14753	0	31416	
14754	0	33364	
14755	0	34344	
14756	0	34460	
14757	0	33992	
14758	0	33284	
14759	0	32132	
14760	0	30904	
14761	0	30652	
14762	0	30768	
14763	0	31172	
14764	0	31672	
14765	0	32560	
14766	0	33560	
14767	0	34540	
14768	0	35136	
14769	0	35260	
14770	0	34400	
14771	0	33272	
14772	0	32048	
14773	0	30748	
14774	0	30136	
14775	0	30416	
14776	0	31072	
14777	0	31128	
14778	0	29628	
14779	0	27236	
14780	0	25816	
14781	0	25776	
14782	0	26688	
14783	0	27464	
14784	0	27944	
14785	0	28288	
14786	0	27524	
14787	0	26096	
14788	0	25248	
14789	0	24464	
14790	0	23540	
14791	0	22768	
14792	0	22916	
14793	0	23288	
14794	0	23560	
14795	0	23424	
14796	0	23664	
14797	0	24496	
14798	0	24612	
14799	0	24170	
14800	0	22940	
14801	0	21073	
14802	0	18200	
14803	0	15212	
14804	0	13188	
14805	0	12444	
14806	0	12458	
14807	0	12796	
14808	0	13476	
14809	0	14120	
14810	0	15428	
14811	0	17100	
14812	0	17896	
14813	0	17808	
14814	0	16828	
14815	0	16632	
14816	0	17056	
14817	0	17214	
14818	0	16848	
14819	0	15892	
14820	0	14468	
14821	0	13184	
14822	0	12676	
14823	0	13196	
14824	0	14910	
14825	0	17652	
14826	0	19904	
14827	0	21084	
14828	0	21384	
14829	0	20940	
14830	0	20824	
14831	0	21012	
14832	0	21232	
14833	0	21000	
14834	0	20756	
14835	0	21520	
14836	0	21760	
14837	0	20460	
14838	0	18460	
14839	0	16112	
14840	0	13968	
14841	0	12460	
14842	0	12444	
14843	0	13360	
14844	0	15208	
14845	0	17832	
14846	0	20372	
14847	0	22864	
14848	0	25196	
14849	0	27068	
14850	0	28290	
14851	0	28864	
14852	0	29304	
14853	0	29356	
14854	0	30080	
14855	0	31898	
14856	0	33156	
14857	0	32984	
14858	0	31208	
14859	0	28616	
14860	0	26328	
14861	0	25204	
14862	0	25012	
14863	0	24816	
14864	0	23864	
14865	0	22730	
14866	0	21916	
14867	0	21732	
14868	0	21772	
14869	0	22336	
14870	0	23116	
14871	0	23792	
14872	0	23704	
14873	0	23644	
14874	0	24072	
14875	0	24344	
14876	0	24846	
14877	0	25126	
14878	0	25648	
14879	0	25876	
14880	0	26126	
14881	0	26324	
14882	0	26352	
14883	0	26248	
14884	0	26248	
14885	0	26424	
14886	0	26576	
14887	0	27544	
14888	0	28944	
14889	0	29688	
14890	0	29684	
14891	0	28976	
14892	0	28320	
14893	0	28060	
14894	0	27180	
14895	0	26776	
14896	0	26388	
14897	0	26548	
14898	0	26788	
14899	0	26844	
14900	0	26828	
14901	0	26832	
14902	0	27456	
14903	0	28332	
14904	0	29596	
14905	0	30716	
14906	0	31336	
14907	0	31624	
14908	0	31216	
14909	0	30108	
14910	0	29408	
14911	0	28692	
14912	0	28488	
14913	0	28292	
14914	0	28426	
14915	0	28272	
14916	0	28112	
14917	0	27396	
14918	0	26812	
14919	0	27072	
14920	0	27836	
14921	0	28860	
14922	0	29536	
14923	0	29728	
14924	0	29220	
14925	0	28488	
14926	0	28072	
14927	0	28084	
14928	0	28116	
14929	0	27904	
14930	0	27952	
14931	0	27984	
14932	0	28612	
14933	0	30096	
14934	0	32208	
14935	0	33376	
14936	0	33132	
14937	0	31368	
14938	0	29464	
14939	0	28448	
14940	0	27564	
14941	0	27252	
14942	0	27700	
14943	0	28200	
14944	0	28756	
14945	0	28704	
14946	0	27852	
14947	0	27008	
14948	0	26892	
14949	0	27192	
14950	0	27888	
14951	0	29092	
14952	0	30924	
14953	0	32368	
14954	0	33036	
14955	0	33592	
14956	0	33872	
14957	0	33812	
14958	0	33104	
14959	0	32696	
14960	0	32720	
14961	0	32824	
14962	0	32784	
14963	0	32382	
14964	0	32280	
14965	0	32453	
14966	0	32824	
14967	0	33560	
14968	0	34388	
14969	0	35176	
14970	0	35140	
14971	0	34320	
14972	0	33100	
14973	0	32040	
14974	0	31816	
14975	0	32332	
14976	0	33888	
14977	0	35584	
14978	0	36720	
14979	0	36836	
14980	0	36052	
14981	0	34268	
14982	0	31988	
14983	0	30024	
14984	0	28992	
14985	0	28636	
14986	0	28732	
14987	0	29384	
14988	0	30272	
14989	0	31816	
14990	0	34000	
14991	0	36216	
14992	0	37256	
14993	0	37916	
14994	0	38848	
14995	0	40200	
14996	0	41624	
14997	0	42348	
14998	0	42016	
14999	0	41416	
15000	0	40624	
15001	0	39504	
15002	0	38616	
15003	0	37980	
15004	0	37756	
15005	0	38260	
15006	0	38408	
15007	0	38220	
15008	0	38428	
15009	0	38696	
15010	0	38316	
15011	0	37320	
15012	0	36212	
15013	0	35108	
15014	0	33704	
15015	0	32140	
15016	0	30640	
15017	0	30076	
15018	0	29784	
15019	0	29352	
15020	0	28792	
15021	0	28052	
15022	0	27264	
15023	0	26964	
15024	0	27468	
15025	0	28496	
15026	0	29768	
15027	0	30948	
15028	0	32288	
15029	0	33052	
15030	0	32568	
15031	0	31960	
15032	0	31176	
15033	0	30700	
15034	0	30588	
15035	0	31024	
15036	0	31904	
15037	0	32116	
15038	0	31808	
15039	0	31232	
15040	0	30440	
15041	0	30224	
15042	0	30672	
15043	0	31760	
15044	0	32960	
15045	0	33904	
15046	0	34940	
15047	0	36404	
15048	0	37960	
15049	0	39312	
15050	0	40136	
15051	0	40144	
15052	0	40080	
15053	0	39736	
15054	0	38276	
15055	0	36588	
15056	0	35448	
15057	0	34940	
15058	0	35236	
15059	0	35420	
15060	0	34876	
15061	0	34404	
15062	0	34524	
15063	0	34664	
15064	0	34996	
15065	0	35416	
15066	0	35452	
15067	0	35276	
15068	0	35268	
15069	0	35384	
15070	0	35552	
15071	0	35500	
15072	0	35360	
15073	0	35184	
15074	0	35136	
15075	0	34550	
15076	0	33360	
15077	0	31968	
15078	0	30376	
15079	0	28664	
15080	0	28768	
15081	0	30312	
15082	0	32212	
15083	0	33784	
15084	0	34804	
15085	0	34736	
15086	0	33792	
15087	0	32970	
15088	0	33440	
15089	0	33536	
15090	0	33008	
15091	0	32416	
15092	0	32240	
15093	0	32372	
15094	0	32700	
15095	0	33384	
15096	0	33656	
15097	0	33736	
15098	0	34148	
15099	0	33936	
15100	0	33256	
15101	0	32048	
15102	0	30208	
15103	0	28608	
15104	0	27666	
15105	0	27380	
15106	0	27432	
15107	0	28056	
15108	0	29084	
15109	0	30584	
15110	0	31568	
15111	0	31764	
15112	0	31936	
15113	0	32248	
15114	0	31800	
15115	0	30700	
15116	0	29616	
15117	0	29232	
15118	0	29464	
15119	0	30716	
15120	0	31680	
15121	0	32932	
15122	0	33972	
15123	0	34460	
15124	0	34760	
15125	0	34716	
15126	0	34684	
15127	0	34856	
15128	0	34840	
15129	0	34208	
15130	0	32668	
15131	0	31640	
15132	0	30832	
15133	0	29968	
15134	0	28992	
15135	0	27840	
15136	0	27348	
15137	0	27264	
15138	0	28026	
15139	0	29096	
15140	0	30144	
15141	0	31164	
15142	0	31744	
15143	0	32242	
15144	0	32224	
15145	0	31504	
15146	0	30800	
15147	0	30632	
15148	0	30724	
15149	0	31292	
15150	0	32588	
15151	0	34340	
15152	0	35704	
15153	0	36412	
15154	0	36672	
15155	0	36472	
15156	0	35928	
15157	0	35188	
15158	0	35088	
15159	0	35764	
15160	0	36296	
15161	0	37184	
15162	0	37736	
15163	0	38260	
15164	0	38744	
15165	0	38580	
15166	0	38492	
15167	0	38512	
15168	0	39144	
15169	0	39956	
15170	0	40192	
15171	0	40328	
15172	0	40096	
15173	0	39208	
15174	0	38356	
15175	0	37912	
15176	0	37728	
15177	0	38008	
15178	0	37808	
15179	0	37280	
15180	0	36896	
15181	0	36640	
15182	0	36260	
15183	0	36168	
15184	0	35692	
15185	0	35372	
15186	0	35352	
15187	0	35616	
15188	0	35860	
15189	0	36556	
15190	0	36960	
15191	0	36932	
15192	0	36820	
15193	0	37008	
15194	0	37544	
15195	0	37680	
15196	0	37400	
15197	0	36896	
15198	0	36756	
15199	0	36876	
15200	0	37072	
15201	0	37192	
15202	0	37104	
15203	0	36328	
15204	0	35500	
15205	0	34920	
15206	0	34852	
15207	0	35880	
15208	0	37688	
15209	0	39440	
15210	0	40460	
15211	0	40504	
15212	0	39960	
15213	0	40002	
15214	0	40220	
15215	0	40816	
15216	0	41636	
15217	0	41928	
15218	0	41948	
15219	0	41356	
15220	0	41088	
15221	0	41248	
15222	0	41452	
15223	0	41792	
15224	0	42012	
15225	0	41880	
15226	0	41148	
15227	0	39468	
15228	0	37544	
15229	0	36100	
15230	0	35120	
15231	0	34244	
15232	0	34332	
15233	0	34320	
15234	0	34032	
15235	0	34248	
15236	0	34980	
15237	0	35000	
15238	0	34514	
15239	0	34524	
15240	0	35296	
15241	0	35272	
15242	0	34756	
15243	0	35520	
15244	0	36500	
15245	0	37220	
15246	0	37096	
15247	0	36612	
15248	0	36692	
15249	0	37936	
15250	0	39964	
15251	0	41544	
15252	0	42260	
15253	0	42268	
15254	0	41716	
15255	0	40408	
15256	0	39052	
15257	0	37864	
15258	0	36824	
15259	0	36328	
15260	0	36224	
15261	0	36436	
15262	0	36108	
15263	0	34884	
15264	0	33520	
15265	0	32064	
15266	0	30452	
15267	0	29264	
15268	0	28908	
15269	0	29080	
15270	0	29632	
15271	0	30544	
15272	0	31704	
15273	0	32756	
15274	0	33480	
15275	0	34532	
15276	0	35596	
15277	0	36536	
15278	0	37504	
15279	0	37996	
15280	0	37992	
15281	0	37324	
15282	0	36684	
15283	0	35940	
15284	0	35304	
15285	0	34592	
15286	0	34092	
15287	0	33664	
15288	0	33228	
15289	0	33264	
15290	0	33652	
15291	0	34324	
15292	0	34736	
15293	0	35004	
15294	0	35092	
15295	0	35424	
15296	0	35756	
15297	0	36064	
15298	0	36252	
15299	0	36232	
15300	0	35600	
15301	0	34688	
15302	0	33184	
15303	0	31480	
15304	0	30384	
15305	0	30138	
15306	0	31056	
15307	0	31664	
15308	0	31208	
15309	0	30236	
15310	0	29816	
15311	0	29408	
15312	0	29444	
15313	0	29956	
15314	0	30600	
15315	0	31616	
15316	0	32788	
15317	0	33792	
15318	0	34732	
15319	0	35568	
15320	0	35700	
15321	0	35300	
15322	0	35304	
15323	0	34760	
15324	0	34116	
15325	0	34860	
15326	0	36620	
15327	0	38184	
15328	0	39716	
15329	0	40740	
15330	0	41144	
15331	0	41036	
15332	0	40416	
15333	0	39776	
15334	0	38884	
15335	0	38028	
15336	0	37648	
15337	0	37880	
15338	0	38500	
15339	0	38904	
15340	0	38656	
15341	0	37540	
15342	0	36160	
15343	0	35068	
15344	0	33524	
15345	0	32108	
15346	0	31380	
15347	0	31316	
15348	0	31800	
15349	0	32744	
15350	0	34112	
15351	0	35264	
15352	0	36276	
15353	0	37304	
15354	0	37984	
15355	0	38584	
15356	0	39128	
15357	0	39352	
15358	0	38756	
15359	0	38092	
15360	0	37376	
15361	0	37032	
15362	0	36440	
15363	0	36340	
15364	0	36472	
15365	0	36964	
15366	0	37064	
15367	0	36732	
15368	0	36672	
15369	0	37269	
15370	0	37764	
15371	0	38088	
15372	0	38056	
15373	0	37576	
15374	0	37074	
15375	0	37292	
15376	0	37756	
15377	0	38256	
15378	0	38144	
15379	0	37968	
15380	0	38356	
15381	0	38964	
15382	0	39388	
15383	0	39568	
15384	0	39272	
15385	0	38600	
15386	0	37740	
15387	0	36908	
15388	0	35792	
15389	0	34884	
15390	0	33632	
15391	0	32072	
15392	0	30548	
15393	0	29048	
15394	0	27896	
15395	0	27268	
15396	0	26856	
15397	0	27272	
15398	0	28585	
15399	0	29572	
15400	0	30260	
15401	0	31496	
15402	0	33140	
15403	0	35336	
15404	0	36752	
15405	0	36948	
15406	0	37136	
15407	0	37648	
15408	0	37792	
15409	0	38104	
15410	0	37384	
15411	0	36216	
15412	0	35936	
15413	0	37168	
15414	0	38496	
15415	0	39144	
15416	0	38776	
15417	0	37944	
15418	0	37668	
15419	0	37084	
15420	0	36520	
15421	0	36132	
15422	0	35780	
15423	0	35888	
15424	0	36396	
15425	0	37220	
15426	0	37652	
15427	0	38104	
15428	0	38496	
15429	0	38824	
15430	0	39240	
15431	0	40120	
15432	0	40484	
15433	0	40484	
15434	0	39968	
15435	0	39616	
15436	0	38910	
15437	0	37768	
15438	0	36836	
15439	0	36108	
15440	0	35872	
15441	0	35136	
15442	0	34468	
15443	0	34768	
15444	0	35628	
15445	0	36368	
15446	0	36472	
15447	0	36200	
15448	0	35860	
15449	0	35856	
15450	0	35840	
15451	0	36076	
15452	0	35956	
15453	0	35808	
15454	0	35732	
15455	0	35744	
15456	0	35848	
15457	0	35668	
15458	0	35328	
15459	0	34752	
15460	0	33272	
15461	0	31612	
15462	0	30898	
15463	0	31864	
15464	0	33132	
15465	0	34632	
15466	0	35584	
15467	0	35844	
15468	0	35676	
15469	0	34844	
15470	0	34264	
15471	0	33964	
15472	0	34144	
15473	0	34214	
15474	0	34552	
15475	0	34444	
15476	0	34544	
15477	0	34912	
15478	0	34496	
15479	0	33876	
15480	0	33144	
15481	0	32132	
15482	0	31500	
15483	0	31500	
15484	0	31644	
15485	0	33196	
15486	0	35048	
15487	0	36424	
15488	0	36936	
15489	0	36544	
15490	0	35760	
15491	0	35308	
15492	0	35184	
15493	0	35264	
15494	0	36104	
15495	0	36360	
15496	0	36612	
15497	0	36864	
15498	0	36592	
15499	0	35886	
15500	0	34824	
15501	0	34132	
15502	0	33352	
15503	0	32376	
15504	0	31956	
15505	0	32040	
15506	0	32620	
15507	0	33276	
15508	0	34456	
15509	0	35700	
15510	0	36704	
15511	0	37308	
15512	0	37248	
15513	0	36800	
15514	0	36180	
15515	0	35776	
15516	0	35604	
15517	0	35668	
15518	0	35992	
15519	0	36356	
15520	0	36708	
15521	0	36772	
15522	0	36840	
15523	0	36844	
15524	0	36888	
15525	0	37128	
15526	0	37224	
15527	0	37064	
15528	0	37308	
15529	0	37644	
15530	0	37392	
15531	0	36968	
15532	0	36604	
15533	0	36228	
15534	0	36032	
15535	0	35916	
15536	0	35996	
15537	0	36072	
15538	0	36328	
15539	0	36336	
15540	0	35912	
15541	0	34400	
15542	0	32692	
15543	0	31656	
15544	0	31108	
15545	0	31092	
15546	0	31096	
15547	0	31456	
15548	0	32172	
15549	0	32928	
15550	0	33348	
15551	0	33480	
15552	0	33064	
15553	0	33532	
15554	0	33500	
15555	0	33116	
15556	0	32968	
15557	0	32608	
15558	0	31864	
15559	0	31480	
15560	0	31484	
15561	0	31272	
15562	0	31464	
15563	0	31352	
15564	0	30728	
15565	0	30352	
15566	0	30292	
15567	0	29964	
15568	0	29396	
15569	0	28900	
15570	0	27972	
15571	0	26976	
15572	0	26472	
15573	0	26248	
15574	0	26448	
15575	0	26392	
15576	0	26288	
15577	0	26844	
15578	0	27568	
15579	0	28500	
15580	0	29100	
15581	0	29416	
15582	0	28672	
15583	0	27836	
15584	0	27320	
15585	0	27240	
15586	0	28120	
15587	0	29480	
15588	0	30620	
15589	0	31432	
15590	0	31588	
15591	0	31360	
15592	0	31424	
15593	0	31580	
15594	0	31268	
15595	0	30922	
15596	0	30848	
15597	0	31328	
15598	0	31832	
15599	0	32248	
15600	0	32432	
15601	0	32188	
15602	0	31928	
15603	0	32004	
15604	0	31996	
15605	0	32152	
15606	0	32376	
15607	0	32692	
15608	0	33188	
15609	0	33200	
15610	0	33112	
15611	0	33056	
15612	0	33336	
15613	0	33780	
15614	0	34220	
15615	0	34488	
15616	0	34220	
15617	0	34296	
15618	0	34724	
15619	0	34616	
15620	0	34616	
15621	0	34608	
15622	0	33876	
15623	0	32284	
15624	0	30156	
15625	0	28712	
15626	0	28372	
15627	0	28992	
15628	0	29548	
15629	0	29904	
15630	0	29708	
15631	0	29508	
15632	0	29524	
15633	0	29940	
15634	0	30820	
15635	0	32720	
15636	0	34234	
15637	0	34692	
15638	0	34080	
15639	0	33132	
15640	0	31500	
15641	0	30036	
15642	0	29244	
15643	0	29172	
15644	0	29816	
15645	0	30072	
15646	0	30296	
15647	0	30748	
15648	0	31450	
15649	0	32656	
15650	0	34048	
15651	0	35692	
15652	0	36528	
15653	0	36812	
15654	0	36312	
15655	0	36008	
15656	0	35172	
15657	0	34628	
15658	0	34400	
15659	0	34364	
15660	0	34400	
15661	0	34632	
15662	0	34488	
15663	0	34496	
15664	0	34476	
15665	0	34388	
15666	0	33680	
15667	0	33636	
15668	0	34116	
15669	0	34488	
15670	0	35024	
15671	0	35664	
15672	0	35892	
15673	0	35384	
15674	0	34992	
15675	0	34984	
15676	0	34840	
15677	0	33720	
15678	0	32376	
15679	0	31712	
15680	0	31480	
15681	0	31392	
15682	0	31896	
15683	0	32828	
15684	0	33544	
15685	0	34016	
15686	0	33632	
15687	0	32632	
15688	0	31952	
15689	0	31320	
15690	0	31548	
15691	0	31848	
15692	0	31496	
15693	0	30700	
15694	0	30180	
15695	0	30052	
15696	0	30436	
15697	0	30752	
15698	0	30632	
15699	0	30512	
15700	0	30276	
15701	0	30184	
15702	0	30072	
15703	0	29804	
15704	0	29572	
15705	0	30024	
15706	0	30684	
15707	0	30440	
15708	0	29228	
15709	0	27980	
15710	0	27136	
15711	0	26762	
15712	0	26796	
15713	0	26708	
15714	0	26572	
15715	0	26464	
15716	0	27456	
15717	0	29696	
15718	0	32474	
15719	0	34232	
15720	0	34044	
15721	0	32556	
15722	0	31276	
15723	0	30228	
15724	0	29228	
15725	0	28380	
15726	0	27432	
15727	0	26876	
15728	0	26564	
15729	0	27104	
15730	0	27892	
15731	0	28692	
15732	0	29538	
15733	0	30060	
15734	0	30700	
15735	0	30804	
15736	0	31124	
15737	0	31252	
15738	0	30500	
15739	0	28780	
15740	0	27280	
15741	0	26644	
15742	0	26700	
15743	0	27068	
15744	0	27204	
15745	0	27812	
15746	0	29316	
15747	0	31672	
15748	0	33800	
15749	0	35176	
15750	0	35972	
15751	0	36644	
15752	0	37248	
15753	0	37592	
15754	0	37800	
15755	0	37688	
15756	0	37496	
15757	0	37372	
15758	0	37900	
15759	0	38120	
15760	0	37516	
15761	0	36708	
15762	0	35920	
15763	0	34632	
15764	0	33948	
15765	0	33644	
15766	0	32684	
15767	0	30824	
15768	0	28872	
15769	0	28176	
15770	0	27776	
15771	0	27544	
15772	0	27856	
15773	0	29100	
15774	0	29912	
15775	0	30416	
15776	0	30928	
15777	0	31960	
15778	0	32668	
15779	0	32980	
15780	0	32648	
15781	0	31900	
15782	0	31624	
15783	0	31560	
15784	0	31448	
15785	0	31524	
15786	0	31832	
15787	0	32188	
15788	0	32600	
15789	0	33800	
15790	0	35276	
15791	0	35400	
15792	0	34636	
15793	0	33952	
15794	0	34036	
15795	0	34008	
15796	0	33204	
15797	0	32644	
15798	0	32200	
15799	0	31860	
15800	0	31844	
15801	0	31720	
15802	0	31288	
15803	0	30572	
15804	0	30744	
15805	0	31332	
15806	0	31836	
15807	0	31772	
15808	0	31340	
15809	0	31388	
15810	0	32156	
15811	0	32992	
15812	0	33044	
15813	0	32620	
15814	0	32584	
15815	0	32424	
15816	0	32140	
15817	0	32152	
15818	0	32766	
15819	0	33792	
15820	0	35064	
15821	0	35848	
15822	0	36532	
15823	0	37376	
15824	0	38272	
15825	0	38740	
15826	0	39104	
15827	0	39204	
15828	0	38496	
15829	0	38628	
15830	0	38628	
15831	0	37936	
15832	0	37312	
15833	0	37064	
15834	0	36804	
15835	0	36264	
15836	0	35216	
15837	0	33512	
15838	0	31576	
15839	0	29798	
15840	0	29012	
15841	0	30152	
15842	0	30600	
15843	0	29492	
15844	0	27700	
15845	0	26410	
15846	0	25456	
15847	0	24914	
15848	0	25068	
15849	0	25844	
15850	0	27448	
15851	0	29288	
15852	0	30768	
15853	0	31476	
15854	0	31412	
15855	0	30720	
15856	0	30140	
15857	0	30564	
15858	0	31948	
15859	0	33244	
15860	0	34404	
15861	0	35228	
15862	0	35672	
15863	0	35884	
15864	0	36328	
15865	0	37008	
15866	0	38268	
15867	0	39864	
15868	0	41440	
15869	0	42584	
15870	0	42308	
15871	0	40116	
15872	0	37992	
15873	0	36616	
15874	0	36352	
15875	0	36064	
15876	0	35292	
15877	0	34536	
15878	0	33892	
15879	0	33296	
15880	0	32376	
15881	0	31408	
15882	0	30784	
15883	0	30576	
15884	0	30876	
15885	0	31160	
15886	0	31100	
15887	0	30908	
15888	0	31344	
15889	0	31712	
15890	0	31856	
15891	0	31498	
15892	0	30900	
15893	0	30032	
15894	0	29292	
15895	0	29152	
15896	0	30132	
15897	0	31796	
15898	0	33432	
15899	0	34084	
15900	0	33773	
15901	0	33692	
15902	0	33560	
15903	0	33624	
15904	0	33456	
15905	0	33432	
15906	0	33556	
15907	0	34072	
15908	0	34388	
15909	0	34636	
15910	0	35564	
15911	0	36356	
15912	0	36564	
15913	0	36180	
15914	0	35044	
15915	0	33632	
15916	0	32668	
15917	0	32240	
15918	0	31880	
15919	0	30792	
15920	0	29752	
15921	0	29504	
15922	0	29752	
15923	0	29740	
15924	0	29644	
15925	0	29696	
15926	0	30060	
15927	0	30524	
15928	0	30632	
15929	0	30872	
15930	0	31072	
15931	0	30980	
15932	0	30468	
15933	0	29720	
15934	0	28240	
15935	0	26528	
15936	0	25364	
15937	0	25148	
15938	0	25770	
15939	0	26972	
15940	0	28420	
15941	0	29328	
15942	0	30184	
15943	0	30284	
15944	0	29648	
15945	0	28560	
15946	0	27064	
15947	0	26096	
15948	0	25648	
15949	0	25594	
15950	0	25552	
15951	0	25416	
15952	0	25492	
15953	0	25808	
15954	0	26504	
15955	0	27909	
15956	0	29184	
15957	0	30364	
15958	0	31680	
15959	0	32408	
15960	0	32068	
15961	0	32160	
15962	0	31826	
15963	0	30868	
15964	0	30124	
15965	0	30336	
15966	0	31256	
15967	0	31688	
15968	0	31868	
15969	0	31880	
15970	0	31576	
15971	0	31096	
15972	0	30840	
15973	0	30580	
15974	0	30580	
15975	0	30600	
15976	0	30652	
15977	0	30288	
15978	0	29872	
15979	0	29760	
15980	0	30020	
15981	0	30000	
15982	0	29880	
15983	0	29988	
15984	0	30048	
15985	0	30060	
15986	0	30884	
15987	0	31314	
15988	0	30800	
15989	0	30828	
15990	0	31456	
15991	0	31668	
15992	0	31264	
15993	0	30348	
15994	0	29524	
15995	0	29266	
15996	0	29788	
15997	0	30596	
15998	0	31328	
15999	0	32192	
16000	0	33012	
16001	0	33552	
16002	0	33560	
16003	0	33712	
16004	0	34624	
16005	0	35532	
16006	0	35884	
16007	0	36240	
16008	0	36772	
16009	0	37452	
16010	0	38648	
16011	0	40204	
16012	0	41736	
16013	0	42632	
16014	0	42468	
16015	0	41636	
16016	0	40492	
16017	0	39384	
16018	0	38288	
16019	0	36736	
16020	0	34648	
16021	0	32636	
16022	0	31260	
16023	0	30592	
16024	0	30554	
16025	0	30744	
16026	0	30756	
16027	0	30796	
16028	0	30929	
16029	0	31276	
16030	0	31744	
16031	0	32060	
16032	0	31356	
16033	0	30720	
16034	0	30588	
16035	0	30656	
16036	0	30864	
16037	0	31800	
16038	0	32504	
16039	0	32544	
16040	0	33208	
16041	0	33928	
16042	0	34256	
16043	0	33984	
16044	0	33392	
16045	0	32936	
16046	0	32884	
16047	0	32960	
16048	0	33512	
16049	0	34384	
16050	0	35212	
16051	0	35368	
16052	0	34976	
16053	0	34264	
16054	0	33528	
16055	0	33240	
16056	0	33496	
16057	0	34144	
16058	0	34648	
16059	0	34833	
16060	0	35048	
16061	0	34782	
16062	0	34336	
16063	0	33492	
16064	0	32564	
16065	0	31396	
16066	0	30400	
16067	0	30012	
16068	0	30728	
16069	0	31676	
16070	0	31836	
16071	0	31342	
16072	0	30308	
16073	0	29208	
16074	0	28584	
16075	0	28800	
16076	0	30208	
16077	0	32920	
16078	0	34788	
16079	0	35930	
16080	0	36276	
16081	0	36228	
16082	0	36360	
16083	0	36624	
16084	0	36848	
16085	0	36864	
16086	0	36900	
16087	0	36916	
16088	0	37224	
16089	0	37404	
16090	0	36820	
16091	0	35928	
16092	0	35144	
16093	0	34984	
16094	0	36180	
16095	0	37252	
16096	0	38592	
16097	0	40352	
16098	0	40944	
16099	0	40864	
16100	0	40536	
16101	0	40472	
16102	0	40752	
16103	0	40784	
16104	0	39996	
16105	0	38696	
16106	0	37220	
16107	0	36116	
16108	0	35472	
16109	0	35476	
16110	0	36360	
16111	0	37610	
16112	0	38776	
16113	0	38984	
16114	0	38540	
16115	0	37060	
16116	0	35792	
16117	0	35220	
16118	0	35116	
16119	0	34736	
16120	0	34164	
16121	0	33896	
16122	0	33760	
16123	0	34076	
16124	0	34496	
16125	0	34904	
16126	0	35476	
16127	0	36584	
16128	0	38236	
16129	0	39628	
16130	0	40712	
16131	0	41716	
16132	0	42752	
16133	0	42616	
16134	0	41936	
16135	0	40716	
16136	0	39856	
16137	0	39376	
16138	0	37952	
16139	0	36408	
16140	0	35056	
16141	0	34056	
16142	0	33260	
16143	0	32564	
16144	0	31852	
16145	0	32104	
16146	0	32952	
16147	0	33684	
16148	0	34408	
16149	0	35424	
16150	0	36288	
16151	0	36428	
16152	0	36112	
16153	0	36080	
16154	0	35856	
16155	0	35124	
16156	0	34548	
16157	0	34660	
16158	0	34496	
16159	0	34628	
16160	0	35704	
16161	0	36096	
16162	0	35944	
16163	0	34968	
16164	0	33672	
16165	0	32384	
16166	0	31616	
16167	0	32160	
16168	0	32824	
16169	0	33324	
16170	0	33492	
16171	0	33984	
16172	0	34328	
16173	0	34528	
16174	0	34688	
16175	0	33964	
16176	0	33092	
16177	0	32296	
16178	0	31656	
16179	0	31664	
16180	0	31976	
16181	0	32320	
16182	0	32712	
16183	0	33180	
16184	0	33648	
16185	0	34012	
16186	0	34192	
16187	0	33936	
16188	0	33684	
16189	0	33504	
16190	0	33456	
16191	0	33700	
16192	0	33592	
16193	0	32912	
16194	0	32580	
16195	0	32276	
16196	0	31344	
16197	0	30812	
16198	0	31016	
16199	0	32648	
16200	0	34488	
16201	0	35884	
16202	0	36472	
16203	0	37072	
16204	0	37732	
16205	0	38400	
16206	0	38488	
16207	0	38696	
16208	0	38748	
16209	0	38056	
16210	0	36916	
16211	0	36008	
16212	0	35336	
16213	0	35204	
16214	0	35804	
16215	0	36608	
16216	0	36668	
16217	0	36100	
16218	0	35160	
16219	0	34024	
16220	0	33256	
16221	0	33332	
16222	0	33664	
16223	0	33152	
16224	0	32784	
16225	0	32264	
16226	0	31500	
16227	0	31228	
16228	0	31744	
16229	0	32732	
16230	0	33912	
16231	0	35688	
16232	0	37764	
16233	0	39656	
16234	0	40868	
16235	0	41036	
16236	0	40180	
16237	0	39160	
16238	0	38176	
16239	0	37480	
16240	0	37636	
16241	0	37684	
16242	0	37388	
16243	0	37866	
16244	0	38632	
16245	0	38516	
16246	0	37928	
16247	0	37296	
16248	0	36996	
16249	0	36284	
16250	0	35268	
16251	0	35264	
16252	0	35928	
16253	0	37248	
16254	0	38744	
16255	0	40292	
16256	0	41092	
16257	0	39964	
16258	0	37902	
16259	0	35368	
16260	0	32100	
16261	0	29424	
16262	0	28408	
16263	0	28496	
16264	0	30156	
16265	0	32964	
16266	0	36360	
16267	0	39552	
16268	0	41720	
16269	0	43348	
16270	0	43828	
16271	0	43800	
16272	0	42976	
16273	0	42176	
16274	0	41592	
16275	0	41492	
16276	0	41328	
16277	0	41224	
16278	0	40964	
16279	0	40520	
16280	0	39908	
16281	0	39404	
16282	0	38740	
16283	0	38124	
16284	0	37496	
16285	0	36964	
16286	0	36936	
16287	0	37816	
16288	0	38560	
16289	0	38284	
16290	0	37448	
16291	0	36236	
16292	0	35184	
16293	0	34450	
16294	0	34280	
16295	0	34576	
16296	0	35612	
16297	0	37040	
16298	0	38308	
16299	0	39700	
16300	0	40980	
16301	0	41384	
16302	0	40668	
16303	0	39328	
16304	0	38276	
16305	0	37164	
16306	0	36180	
16307	0	35776	
16308	0	35976	
16309	0	36540	
16310	0	37928	
16311	0	39296	
16312	0	40368	
16313	0	41084	
16314	0	41220	
16315	0	41728	
16316	0	41640	
16317	0	41552	
16318	0	41640	
16319	0	41624	
16320	0	41600	
16321	0	40224	
16322	0	37980	
16323	0	34976	
16324	0	32964	
16325	0	32660	
16326	0	33312	
16327	0	34084	
16328	0	35072	
16329	0	35360	
16330	0	35044	
16331	0	34288	
16332	0	33956	
16333	0	34480	
16334	0	35176	
16335	0	35516	
16336	0	35160	
16337	0	34392	
16338	0	33640	
16339	0	33324	
16340	0	33728	
16341	0	34400	
16342	0	34700	
16343	0	34344	
16344	0	33624	
16345	0	33328	
16346	0	33344	
16347	0	32704	
16348	0	31664	
16349	0	29712	
16350	0	28456	
16351	0	28052	
16352	0	28256	
16353	0	28840	
16354	0	29812	
16355	0	31748	
16356	0	33540	
16357	0	34360	
16358	0	33936	
16359	0	32896	
16360	0	31296	
16361	0	29828	
16362	0	28448	
16363	0	27102	
16364	0	25952	
16365	0	25656	
16366	0	25568	
16367	0	25716	
16368	0	26348	
16369	0	27332	
16370	0	27656	
16371	0	27372	
16372	0	26976	
16373	0	25508	
16374	0	23372	
16375	0	21352	
16376	0	20312	
16377	0	20108	
16378	0	20352	
16379	0	20692	
16380	0	21088	
16381	0	21704	
16382	0	22096	
16383	0	21900	
16384	0	22340	
16385	0	22600	
16386	0	23052	
16387	0	24164	
16388	0	25096	
16389	0	25752	
16390	0	25448	
16391	0	24964	
16392	0	24336	
16393	0	24588	
16394	0	25540	
16395	0	25720	
16396	0	25548	
16397	0	24984	
16398	0	25296	
16399	0	26536	
16400	0	28296	
16401	0	29780	
16402	0	30080	
16403	0	28772	
16404	0	27504	
16405	0	25836	
16406	0	24270	
16407	0	22846	
16408	0	22508	
16409	0	23556	
16410	0	24272	
16411	0	24504	
16412	0	24272	
16413	0	23612	
16414	0	22848	
16415	0	22328	
16416	0	22344	
16417	0	23152	
16418	0	24504	
16419	0	26250	
16420	0	27960	
16421	0	29296	
16422	0	30800	
16423	0	32208	
16424	0	33236	
16425	0	33636	
16426	0	33016	
16427	0	32448	
16428	0	32284	
16429	0	32748	
16430	0	33760	
16431	0	33980	
16432	0	33364	
16433	0	32236	
16434	0	31020	
16435	0	30096	
16436	0	29428	
16437	0	30200	
16438	0	31904	
16439	0	33928	
16440	0	35788	
16441	0	37236	
16442	0	37312	
16443	0	37016	
16444	0	37156	
16445	0	36872	
16446	0	36168	
16447	0	35596	
16448	0	35396	
16449	0	35816	
16450	0	35900	
16451	0	36192	
16452	0	36588	
16453	0	36952	
16454	0	36700	
16455	0	35792	
16456	0	35332	
16457	0	34336	
16458	0	32768	
16459	0	31640	
16460	0	30476	
16461	0	29536	
16462	0	28692	
16463	0	28552	
16464	0	29212	
16465	0	30348	
16466	0	31932	
16467	0	33628	
16468	0	35160	
16469	0	35752	
16470	0	35464	
16471	0	34316	
16472	0	33364	
16473	0	33316	
16474	0	33936	
16475	0	35256	
16476	0	37064	
16477	0	38488	
16478	0	39468	
16479	0	39444	
16480	0	38752	
16481	0	37824	
16482	0	36952	
16483	0	35956	
16484	0	34816	
16485	0	34204	
16486	0	34592	
16487	0	35292	
16488	0	35488	
16489	0	35520	
16490	0	35040	
16491	0	34916	
16492	0	34664	
16493	0	34944	
16494	0	35852	
16495	0	36440	
16496	0	35984	
16497	0	35252	
16498	0	34384	
16499	0	34284	
16500	0	34528	
16501	0	34452	
16502	0	34008	
16503	0	34072	
16504	0	34316	
16505	0	34760	
16506	0	35192	
16507	0	36516	
16508	0	37524	
16509	0	38248	
16510	0	38836	
16511	0	38904	
16512	0	38016	
16513	0	36992	
16514	0	36692	
16515	0	37132	
16516	0	38060	
16517	0	37820	
16518	0	36552	
16519	0	34892	
16520	0	33512	
16521	0	32360	
16522	0	31988	
16523	0	33176	
16524	0	35044	
16525	0	36896	
16526	0	38388	
16527	0	39516	
16528	0	39728	
16529	0	38960	
16530	0	38908	
16531	0	39196	
16532	0	39472	
16533	0	38296	
16534	0	37776	
16535	0	37400	
16536	0	37848	
16537	0	39044	
16538	0	40008	
16539	0	40188	
16540	0	39032	
16541	0	36452	
16542	0	34680	
16543	0	34220	
16544	0	33744	
16545	0	32980	
16546	0	32632	
16547	0	32800	
16548	0	33536	
16549	0	34400	
16550	0	34636	
16551	0	35076	
16552	0	35540	
16553	0	35832	
16554	0	35688	
16555	0	35792	
16556	0	35376	
16557	0	34324	
16558	0	33220	
16559	0	32416	
16560	0	31232	
16561	0	30522	
16562	0	31624	
16563	0	33104	
16564	0	33912	
16565	0	33616	
16566	0	31984	
16567	0	29860	
16568	0	28460	
16569	0	28018	
16570	0	28272	
16571	0	29200	
16572	0	30202	
16573	0	31508	
16574	0	33100	
16575	0	34384	
16576	0	34524	
16577	0	33656	
16578	0	32880	
16579	0	32568	
16580	0	32812	
16581	0	33308	
16582	0	34072	
16583	0	35040	
16584	0	36372	
16585	0	37896	
16586	0	38688	
16587	0	38332	
16588	0	36664	
16589	0	34152	
16590	0	32008	
16591	0	30120	
16592	0	29600	
16593	0	29788	
16594	0	30256	
16595	0	30844	
16596	0	31356	
16597	0	31828	
16598	0	31844	
16599	0	31960	
16600	0	32488	
16601	0	32896	
16602	0	33496	
16603	0	33608	
16604	0	33688	
16605	0	34116	
16606	0	33920	
16607	0	33308	
16608	0	32896	
16609	0	32492	
16610	0	32500	
16611	0	32680	
16612	0	32944	
16613	0	33656	
16614	0	34840	
16615	0	36844	
16616	0	38656	
16617	0	38912	
16618	0	37832	
16619	0	36056	
16620	0	33864	
16621	0	31576	
16622	0	29808	
16623	0	29280	
16624	0	29116	
16625	0	28816	
16626	0	28304	
16627	0	27780	
16628	0	27748	
16629	0	28578	
16630	0	30248	
16631	0	31872	
16632	0	33612	
16633	0	35052	
16634	0	35572	
16635	0	35016	
16636	0	34256	
16637	0	33776	
16638	0	33196	
16639	0	32848	
16640	0	32204	
16641	0	31512	
16642	0	30888	
16643	0	30640	
16644	0	30564	
16645	0	30728	
16646	0	30384	
16647	0	29896	
16648	0	29114	
16649	0	28824	
16650	0	28940	
16651	0	29632	
16652	0	29620	
16653	0	29296	
16654	0	28840	
16655	0	29112	
16656	0	30480	
16657	0	31134	
16658	0	30500	
16659	0	29824	
16660	0	30032	
16661	0	30720	
16662	0	31392	
16663	0	31836	
16664	0	32152	
16665	0	32508	
16666	0	32804	
16667	0	32724	
16668	0	31776	
16669	0	30889	
16670	0	31244	
16671	0	32340	
16672	0	33594	
16673	0	35220	
16674	0	37152	
16675	0	38268	
16676	0	39168	
16677	0	39280	
16678	0	38448	
16679	0	36352	
16680	0	33808	
16681	0	31856	
16682	0	30196	
16683	0	29204	
16684	0	28564	
16685	0	27724	
16686	0	27324	
16687	0	27320	
16688	0	27520	
16689	0	27520	
16690	0	26624	
16691	0	25944	
16692	0	26376	
16693	0	27558	
16694	0	29120	
16695	0	30216	
16696	0	30744	
16697	0	30612	
16698	0	29192	
16699	0	27340	
16700	0	26208	
16701	0	25872	
16702	0	26708	
16703	0	27744	
16704	0	28168	
16705	0	27860	
16706	0	27232	
16707	0	27512	
16708	0	28668	
16709	0	30076	
16710	0	31636	
16711	0	32640	
16712	0	33784	
16713	0	34176	
16714	0	33848	
16715	0	32104	
16716	0	29928	
16717	0	28192	
16718	0	27788	
16719	0	27856	
16720	0	27340	
16721	0	26532	
16722	0	26008	
16723	0	25648	
16724	0	25042	
16725	0	24716	
16726	0	23968	
16727	0	23184	
16728	0	22600	
16729	0	22480	
16730	0	22612	
16731	0	23488	
16732	0	25334	
16733	0	27928	
16734	0	30596	
16735	0	32816	
16736	0	33944	
16737	0	34144	
16738	0	33904	
16739	0	33192	
16740	0	32644	
16741	0	32404	
16742	0	33124	
16743	0	33780	
16744	0	33816	
16745	0	32896	
16746	0	31140	
16747	0	29536	
16748	0	29016	
16749	0	29336	
16750	0	30296	
16751	0	31384	
16752	0	32712	
16753	0	33304	
16754	0	33272	
16755	0	32832	
16756	0	31592	
16757	0	30156	
16758	0	28384	
16759	0	27336	
16760	0	26696	
16761	0	26644	
16762	0	26620	
16763	0	25932	
16764	0	24564	
16765	0	22924	
16766	0	21440	
16767	0	20708	
16768	0	20928	
16769	0	21912	
16770	0	23832	
16771	0	26252	
16772	0	28384	
16773	0	30008	
16774	0	31644	
16775	0	32952	
16776	0	34168	
16777	0	35140	
16778	0	35268	
16779	0	34344	
16780	0	33328	
16781	0	32604	
16782	0	31516	
16783	0	30208	
16784	0	28986	
16785	0	28948	
16786	0	29652	
16787	0	30392	
16788	0	30400	
16789	0	29488	
16790	0	28136	
16791	0	27044	
16792	0	26576	
16793	0	26724	
16794	0	27272	
16795	0	28036	
16796	0	28796	
16797	0	29464	
16798	0	30248	
16799	0	30260	
16800	0	29672	
16801	0	29688	
16802	0	30256	
16803	0	31060	
16804	0	31812	
16805	0	32032	
16806	0	31368	
16807	0	29936	
16808	0	28564	
16809	0	27856	
16810	0	28076	
16811	0	27816	
16812	0	26944	
16813	0	26708	
16814	0	27112	
16815	0	27272	
16816	0	27858	
16817	0	29234	
16818	0	30352	
16819	0	31280	
16820	0	32508	
16821	0	34112	
16822	0	35288	
16823	0	35816	
16824	0	35980	
16825	0	35872	
16826	0	35148	
16827	0	34128	
16828	0	33616	
16829	0	32852	
16830	0	32408	
16831	0	31664	
16832	0	31936	
16833	0	34696	
16834	0	36448	
16835	0	36400	
16836	0	37280	
16837	0	39408	
16838	0	42748	
16839	0	44192	
16840	0	42404	
16841	0	40132	
16842	0	39740	
16843	0	41860	
16844	0	44568	
16845	0	46680	
16846	0	46656	
16847	0	45056	
16848	0	43380	
16849	0	40004	
16850	0	35548	
16851	0	32660	
16852	0	30804	
16853	0	30956	
16854	0	34760	
16855	0	41064	
16856	0	45076	
16857	0	45432	
16858	0	43412	
16859	0	40932	
16860	0	39188	
16861	0	38696	
16862	0	40432	
16863	0	42908	
16864	0	44292	
16865	0	44348	
16866	0	45152	
16867	0	46940	
16868	0	48812	
16869	0	51108	
16870	0	53536	
16871	0	56360	
16872	0	59724	
16873	0	62696	
16874	0	63360	
16875	0	62688	
16876	0	62884	
16877	0	63800	
16878	0	64792	
16879	0	65456	
16880	0	65472	
16881	0	65480	
16882	0	65472	
16883	0	65480	
16884	0	65480	
16885	0	65484	
16886	0	65472	
16887	0	65472	
16888	0	65472	
16889	0	65472	
16890	0	65480	
16891	0	65468	
16892	0	65472	
16893	0	65472	
16894	0	65476	
16895	0	65480	
16896	0	65472	
16897	0	65480	
16898	0	65484	
16899	0	65472	
16900	0	65472	
16901	0	65464	
16902	0	65464	
16903	0	65472	
16904	0	65476	
16905	0	65464	
16906	0	65480	
16907	0	65472	
16908	0	65472	
16909	0	65476	
16910	0	60760	
16911	0	58016	
16912	0	55324	
16913	0	52952	
16914	0	50516	
16915	0	47220	
16916	0	43968	
16917	0	41496	
16918	0	39516	
16919	0	38076	
16920	0	36876	
16921	0	36316	
16922	0	36140	
16923	0	35856	
16924	0	35204	
16925	0	33688	
16926	0	31596	
16927	0	29268	
16928	0	27256	
16929	0	25424	
16930	0	23696	
16931	0	22452	
16932	0	21468	
16933	0	20320	
16934	0	19704	
16935	0	19012	
16936	0	18448	
16937	0	17776	
16938	0	17036	
16939	0	16488	
16940	0	15664	
16941	0	14930	
16942	0	13812	
16943	0	13092	
16944	0	12744	
16945	0	12984	
16946	0	13458	
16947	0	14342	
16948	0	14122	
16949	0	13214	
16950	0	11916	
16951	0	10706	
16952	0	9732	
16953	0	9324	
16954	0	8204	
16955	0	6434	
16956	0	5010	
16957	0	3339	
16958	0	2436	
16959	0	2101	
16960	0	2477	
16961	0	2902	
16962	0	3149	
16963	0	3122	
16964	0	3226	
16965	0	3376	
16966	0	2989	
16967	0	2706	
16968	0	2619	
16969	0	2632	
16970	0	2216	
16971	0	1414	
16972	0	62	
16973	0	61	
16974	0	60	
16975	0	61	
16976	0	60	
16977	0	61	
16978	0	60	
16979	0	60	
16980	0	60	
16981	0	68	
16982	0	3254	
16983	0	3749	
16984	0	4048	
16985	0	4673	
16986	0	5620	
16987	0	6774	
16988	0	7406	
16989	0	7508	
16990	0	7243	
16991	0	6416	
16992	0	5250	
16993	0	4542	
16994	0	4584	
16995	0	4523	
16996	0	4520	
16997	0	4804	
16998	0	4183	
16999	0	3311	
17000	0	2851	
17001	0	2929	
17002	0	3724	
17003	0	5130	
17004	0	6810	
17005	0	8784	
17006	0	10676	
17007	0	11956	
17008	0	12256	
17009	0	12192	
17010	0	12062	
17011	0	11274	
17012	0	10106	
17013	0	7963	
17014	0	6450	
17015	0	5572	
17016	0	4917	
17017	0	4398	
17018	0	4204	
17019	0	4899	
17020	0	6248	
17021	0	7813	
17022	0	9041	
17023	0	9790	
17024	0	9912	
17025	0	9977	
17026	0	10706	
17027	0	12052	
17028	0	13268	
17029	0	13852	
17030	0	12978	
17031	0	10626	
17032	0	8388	
17033	0	8048	
17034	0	8609	
17035	0	9644	
17036	0	10586	
17037	0	11342	
17038	0	12788	
17039	0	13620	
17040	0	14504	
17041	0	15212	
17042	0	16136	
17043	0	17112	
17044	0	18004	
17045	0	19176	
17046	0	20056	
17047	0	20722	
17048	0	20984	
17049	0	20544	
17050	0	20008	
17051	0	19704	
17052	0	19880	
17053	0	20256	
17054	0	20200	
17055	0	20420	
17056	0	20656	
17057	0	21150	
17058	0	22012	
17059	0	22276	
17060	0	21392	
17061	0	19664	
17062	0	17600	
17063	0	16272	
17064	0	15940	
17065	0	16798	
17066	0	18388	
17067	0	20481	
17068	0	22960	
17069	0	24528	
17070	0	25216	
17071	0	25372	
17072	0	25434	
17073	0	25296	
17074	0	24872	
17075	0	24704	
17076	0	23556	
17077	0	21680	
17078	0	19776	
17079	0	17932	
17080	0	16372	
17081	0	15396	
17082	0	15988	
17083	0	17664	
17084	0	19584	
17085	0	21636	
17086	0	23036	
17087	0	23456	
17088	0	23278	
17089	0	22916	
17090	0	22658	
17091	0	23004	
17092	0	23412	
17093	0	23692	
17094	0	23764	
17095	0	24280	
17096	0	25016	
17097	0	26188	
17098	0	26784	
17099	0	26888	
17100	0	26704	
17101	0	26336	
17102	0	26124	
17103	0	26508	
17104	0	27416	
17105	0	28780	
17106	0	30116	
17107	0	30272	
17108	0	28888	
17109	0	26896	
17110	0	25400	
17111	0	24640	
17112	0	24708	
17113	0	25282	
17114	0	25652	
17115	0	25396	
17116	0	25204	
17117	0	25528	
17118	0	25424	
17119	0	24304	
17120	0	22564	
17121	0	21170	
17122	0	20504	
17123	0	20269	
17124	0	20426	
17125	0	21744	
17126	0	23936	
17127	0	26652	
17128	0	28936	
17129	0	30380	
17130	0	31100	
17131	0	31608	
17132	0	31728	
17133	0	31676	
17134	0	31768	
17135	0	32568	
17136	0	32828	
17137	0	32376	
17138	0	31656	
17139	0	31016	
17140	0	30488	
17141	0	29632	
17142	0	27828	
17143	0	26276	
17144	0	25596	
17145	0	26416	
17146	0	27294	
17147	0	28734	
17148	0	29468	
17149	0	29732	
17150	0	29684	
17151	0	29216	
17152	0	28228	
17153	0	27202	
17154	0	26788	
17155	0	26584	
17156	0	26828	
17157	0	26820	
17158	0	25852	
17159	0	25248	
17160	0	24908	
17161	0	25596	
17162	0	27052	
17163	0	28664	
17164	0	29676	
17165	0	30060	
17166	0	29824	
17167	0	29620	
17168	0	29212	
17169	0	28872	
17170	0	28652	
17171	0	28092	
17172	0	27224	
17173	0	27188	
17174	0	27848	
17175	0	28700	
17176	0	29904	
17177	0	31328	
17178	0	32716	
17179	0	33480	
17180	0	33848	
17181	0	33336	
17182	0	32584	
17183	0	32088	
17184	0	31988	
17185	0	32648	
17186	0	33880	
17187	0	35492	
17188	0	36760	
17189	0	37836	
17190	0	38048	
17191	0	37988	
17192	0	37452	
17193	0	36696	
17194	0	34852	
17195	0	32424	
17196	0	30044	
17197	0	28616	
17198	0	27448	
17199	0	26828	
17200	0	26384	
17201	0	26056	
17202	0	25816	
17203	0	25528	
17204	0	25568	
17205	0	25940	
17206	0	26526	
17207	0	27264	
17208	0	28068	
17209	0	29584	
17210	0	30560	
17211	0	31344	
17212	0	31744	
17213	0	32260	
17214	0	33212	
17215	0	34432	
17216	0	35000	
17217	0	35120	
17218	0	34888	
17219	0	33784	
17220	0	31720	
17221	0	29584	
17222	0	27884	
17223	0	26788	
17224	0	26412	
17225	0	26772	
17226	0	27640	
17227	0	28672	
17228	0	29802	
17229	0	30828	
17230	0	30956	
17231	0	30648	
17232	0	30272	
17233	0	29680	
17234	0	29292	
17235	0	28740	
17236	0	28132	
17237	0	27452	
17238	0	26672	
17239	0	27160	
17240	0	29064	
17241	0	31068	
17242	0	32900	
17243	0	33808	
17244	0	34280	
17245	0	34488	
17246	0	34228	
17247	0	33332	
17248	0	32668	
17249	0	32012	
17250	0	31780	
17251	0	31304	
17252	0	31088	
17253	0	30864	
17254	0	31048	
17255	0	31332	
17256	0	31476	
17257	0	31640	
17258	0	32192	
17259	0	32920	
17260	0	33372	
17261	0	33944	
17262	0	34672	
17263	0	35400	
17264	0	36228	
17265	0	37440	
17266	0	38600	
17267	0	38812	
17268	0	37644	
17269	0	36372	
17270	0	34756	
17271	0	33404	
17272	0	32776	
17273	0	33508	
17274	0	35132	
17275	0	36196	
17276	0	36422	
17277	0	36336	
17278	0	36632	
17279	0	36372	
17280	0	35848	
17281	0	35361	
17282	0	34800	
17283	0	34868	
17284	0	35352	
17285	0	35256	
17286	0	34560	
17287	0	33364	
17288	0	32418	
17289	0	32320	
17290	0	32264	
17291	0	31456	
17292	0	29968	
17293	0	28740	
17294	0	28212	
17295	0	27928	
17296	0	27560	
17297	0	27136	
17298	0	27360	
17299	0	28740	
17300	0	30572	
17301	0	31672	
17302	0	32752	
17303	0	33592	
17304	0	34312	
17305	0	34856	
17306	0	35072	
17307	0	34920	
17308	0	35328	
17309	0	35620	
17310	0	35832	
17311	0	36456	
17312	0	37368	
17313	0	38360	
17314	0	38552	
17315	0	38336	
17316	0	37512	
17317	0	36696	
17318	0	35736	
17319	0	34736	
17320	0	33996	
17321	0	33352	
17322	0	33484	
17323	0	34364	
17324	0	34972	
17325	0	35472	
17326	0	35704	
17327	0	35756	
17328	0	35604	
17329	0	35128	
17330	0	34888	
17331	0	34956	
17332	0	34874	
17333	0	34208	
17334	0	33472	
17335	0	32784	
17336	0	31772	
17337	0	30256	
17338	0	28224	
17339	0	25624	
17340	0	23440	
17341	0	22092	
17342	0	21680	
17343	0	22396	
17344	0	23420	
17345	0	25012	
17346	0	27296	
17347	0	29504	
17348	0	31320	
17349	0	33288	
17350	0	35532	
17351	0	37088	
17352	0	37892	
17353	0	37768	
17354	0	36800	
17355	0	35684	
17356	0	35152	
17357	0	34744	
17358	0	34024	
17359	0	33160	
17360	0	33050	
17361	0	33320	
17362	0	33220	
17363	0	33316	
17364	0	33676	
17365	0	34256	
17366	0	34712	
17367	0	35116	
17368	0	35468	
17369	0	35832	
17370	0	36026	
17371	0	35408	
17372	0	34100	
17373	0	32680	
17374	0	32148	
17375	0	32092	
17376	0	32144	
17377	0	31904	
17378	0	31740	
17379	0	31728	
17380	0	32000	
17381	0	32048	
17382	0	32176	
17383	0	32424	
17384	0	32536	
17385	0	32020	
17386	0	31704	
17387	0	31992	
17388	0	32280	
17389	0	32540	
17390	0	32304	
17391	0	31576	
17392	0	30596	
17393	0	30352	
17394	0	30762	
17395	0	30988	
17396	0	31872	
17397	0	32428	
17398	0	32972	
17399	0	33448	
17400	0	33588	
17401	0	33924	
17402	0	33876	
17403	0	32824	
17404	0	30416	
17405	0	27392	
17406	0	25148	
17407	0	24080	
17408	0	24184	
17409	0	25772	
17410	0	28448	
17411	0	30828	
17412	0	32832	
17413	0	34144	
17414	0	34968	
17415	0	35548	
17416	0	35756	
17417	0	35268	
17418	0	34592	
17419	0	34520	
17420	0	34292	
17421	0	34740	
17422	0	35396	
17423	0	35744	
17424	0	36008	
17425	0	36538	
17426	0	37176	
17427	0	37544	
17428	0	37504	
17429	0	37800	
17430	0	38128	
17431	0	38868	
17432	0	39412	
17433	0	38972	
17434	0	38232	
17435	0	37448	
17436	0	36760	
17437	0	36780	
17438	0	37200	
17439	0	37192	
17440	0	37100	
17441	0	36368	
17442	0	35412	
17443	0	35092	
17444	0	35660	
17445	0	35928	
17446	0	35780	
17447	0	35116	
17448	0	34148	
17449	0	33360	
17450	0	32908	
17451	0	32840	
17452	0	33016	
17453	0	33632	
17454	0	33992	
17455	0	34364	
17456	0	34500	
17457	0	34448	
17458	0	34764	
17459	0	35116	
17460	0	34944	
17461	0	34760	
17462	0	34704	
17463	0	34396	
17464	0	34456	
17465	0	34904	
17466	0	35080	
17467	0	34104	
17468	0	33504	
17469	0	32576	
17470	0	30948	
17471	0	29588	
17472	0	28596	
17473	0	27864	
17474	0	27596	
17475	0	27640	
17476	0	28174	
17477	0	28404	
17478	0	28664	
17479	0	29536	
17480	0	30092	
17481	0	29940	
17482	0	29908	
17483	0	30768	
17484	0	32260	
17485	0	32704	
17486	0	32344	
17487	0	31848	
17488	0	32706	
17489	0	34584	
17490	0	36540	
17491	0	38644	
17492	0	39912	
17493	0	40092	
17494	0	39852	
17495	0	39032	
17496	0	37984	
17497	0	37332	
17498	0	36984	
17499	0	36504	
17500	0	35664	
17501	0	35084	
17502	0	34724	
17503	0	34432	
17504	0	33944	
17505	0	34224	
17506	0	35116	
17507	0	35992	
17508	0	36460	
17509	0	36768	
17510	0	36612	
17511	0	36764	
17512	0	36772	
17513	0	36328	
17514	0	36092	
17515	0	37460	
17516	0	39572	
17517	0	41232	
17518	0	42056	
17519	0	41328	
17520	0	39424	
17521	0	37768	
17522	0	36872	
17523	0	36520	
17524	0	37388	
17525	0	39880	
17526	0	42840	
17527	0	45072	
17528	0	45392	
17529	0	44072	
17530	0	40896	
17531	0	38476	
17532	0	38120	
17533	0	38032	
17534	0	37788	
17535	0	37280	
17536	0	36564	
17537	0	36776	
17538	0	38892	
17539	0	41512	
17540	0	44276	
17541	0	45232	
17542	0	43692	
17543	0	40312	
17544	0	36864	
17545	0	34412	
17546	0	33096	
17547	0	33764	
17548	0	35820	
17549	0	38232	
17550	0	40688	
17551	0	42868	
17552	0	44904	
17553	0	47120	
17554	0	49452	
17555	0	51412	
17556	0	52284	
17557	0	52736	
17558	0	53208	
17559	0	55460	
17560	0	58632	
17561	0	58368	
17562	0	55048	
17563	0	50732	
17564	0	47088	
17565	0	46448	
17566	0	47812	
17567	0	50248	
17568	0	52368	
17569	0	54572	
17570	0	56688	
17571	0	58080	
17572	0	58332	
17573	0	58088	
17574	0	58660	
17575	0	60384	
17576	0	61472	
17577	0	61768	
17578	0	63740	
17579	0	65464	
17580	0	65472	
17581	0	65472	
17582	0	65480	
17583	0	65464	
17584	0	65464	
17585	0	65476	
17586	0	65480	
17587	0	65472	
17588	0	65472	
17589	0	65480	
17590	0	65488	
17591	0	65464	
17592	0	65472	
17593	0	65464	
17594	0	65472	
17595	0	65480	
17596	0	65464	
17597	0	65476	
17598	0	65480	
17599	0	65472	
17600	0	65472	
17601	0	65480	
17602	0	65492	
17603	0	65472	
17604	0	65480	
17605	0	65476	
17606	0	65480	
17607	0	65464	
17608	0	65472	
17609	0	65480	
17610	0	65472	
17611	0	65476	
17612	0	65480	
17613	0	65468	
17614	0	65464	
17615	0	65476	
17616	0	65468	
17617	0	65464	
17618	0	65472	
17619	0	65480	
17620	0	65472	
17621	0	65472	
17622	0	65472	
17623	0	65472	
17624	0	65472	
17625	0	65476	
17626	0	65464	
17627	0	65480	
17628	0	65464	
17629	0	65476	
17630	0	65476	
17631	0	65480	
17632	0	65480	
17633	0	65468	
17634	0	65464	
17635	0	65464	
17636	0	65480	
17637	0	65480	
17638	0	65472	
17639	0	65480	
17640	0	65468	
17641	0	65472	
17642	0	65484	
17643	0	65472	
17644	0	65480	
17645	0	65480	
17646	0	65464	
17647	0	65480	
17648	0	61432	
17649	0	61224	
17650	0	62072	
17651	0	63088	
17652	0	64488	
17653	0	65456	
17654	0	65480	
17655	0	65472	
17656	0	65480	
17657	0	62776	
17658	0	59844	
17659	0	57744	
17660	0	56476	
17661	0	55840	
17662	0	55696	
17663	0	56592	
17664	0	57992	
17665	0	58856	
17666	0	58864	
17667	0	57952	
17668	0	56644	
17669	0	55352	
17670	0	53948	
17671	0	52468	
17672	0	52064	
17673	0	52540	
17674	0	51860	
17675	0	50440	
17676	0	50108	
17677	0	51096	
17678	0	51092	
17679	0	49612	
17680	0	48092	
17681	0	46656	
17682	0	45624	
17683	0	45788	
17684	0	46952	
17685	0	48008	
17686	0	48504	
17687	0	48444	
17688	0	48000	
17689	0	47452	
17690	0	47264	
17691	0	47572	
17692	0	48184	
17693	0	47752	
17694	0	45488	
17695	0	43116	
17696	0	42208	
17697	0	43744	
17698	0	46436	
17699	0	48736	
17700	0	49348	
17701	0	47196	
17702	0	43952	
17703	0	41800	
17704	0	40712	
17705	0	41100	
17706	0	43660	
17707	0	46428	
17708	0	47428	
17709	0	46316	
17710	0	44816	
17711	0	44080	
17712	0	43384	
17713	0	41980	
17714	0	39472	
17715	0	37496	
17716	0	36592	
17717	0	36728	
17718	0	38096	
17719	0	39464	
17720	0	39692	
17721	0	37756	
17722	0	35520	
17723	0	34520	
17724	0	34896	
17725	0	35960	
17726	0	36921	
17727	0	38016	
17728	0	39200	
17729	0	39944	
17730	0	39168	
17731	0	37512	
17732	0	36620	
17733	0	36472	
17734	0	36916	
17735	0	38564	
17736	0	41084	
17737	0	42956	
17738	0	43752	
17739	0	43252	
17740	0	41516	
17741	0	39388	
17742	0	37160	
17743	0	35240	
17744	0	34184	
17745	0	34528	
17746	0	35136	
17747	0	35652	
17748	0	37460	
17749	0	40212	
17750	0	41288	
17751	0	40608	
17752	0	38392	
17753	0	35672	
17754	0	33280	
17755	0	31524	
17756	0	30304	
17757	0	29316	
17758	0	29242	
17759	0	30756	
17760	0	33208	
17761	0	33704	
17762	0	31316	
17763	0	27936	
17764	0	25652	
17765	0	23840	
17766	0	23264	
17767	0	23772	
17768	0	25372	
17769	0	27980	
17770	0	30024	
17771	0	31220	
17772	0	32520	
17773	0	33860	
17774	0	34600	
17775	0	33852	
17776	0	31800	
17777	0	29724	
17778	0	27378	
17779	0	27776	
17780	0	30004	
17781	0	30792	
17782	0	29590	
17783	0	28084	
17784	0	27338	
17785	0	26788	
17786	0	26416	
17787	0	25196	
17788	0	23740	
17789	0	23420	
17790	0	24384	
17791	0	26296	
17792	0	28220	
17793	0	30488	
17794	0	31768	
17795	0	30824	
17796	0	28286	
17797	0	25100	
17798	0	22308	
17799	0	20728	
17800	0	20876	
17801	0	21794	
17802	0	22300	
17803	0	22748	
17804	0	23420	
17805	0	24362	
17806	0	25852	
17807	0	27224	
17808	0	28140	
17809	0	28752	
17810	0	28928	
17811	0	28784	
17812	0	29052	
17813	0	29544	
17814	0	29924	
17815	0	29628	
17816	0	28488	
17817	0	26677	
17818	0	25520	
17819	0	25488	
17820	0	26120	
17821	0	27388	
17822	0	28536	
17823	0	28680	
17824	0	28460	
17825	0	27596	
17826	0	26764	
17827	0	26308	
17828	0	26236	
17829	0	26652	
17830	0	27332	
17831	0	27488	
17832	0	27076	
17833	0	26052	
17834	0	24636	
17835	0	23420	
17836	0	22508	
17837	0	22448	
17838	0	22600	
17839	0	22448	
17840	0	22854	
17841	0	23628	
17842	0	22890	
17843	0	19052	
17844	0	15760	
17845	0	14168	
17846	0	13994	
17847	0	14436	
17848	0	14596	
17849	0	15588	
17850	0	16980	
17851	0	18824	
17852	0	21716	
17853	0	24484	
17854	0	25128	
17855	0	23808	
17856	0	22292	
17857	0	21605	
17858	0	21240	
17859	0	21016	
17860	0	21310	
17861	0	20836	
17862	0	18200	
17863	0	15424	
17864	0	14760	
17865	0	15272	
17866	0	15700	
17867	0	15564	
17868	0	15996	
17869	0	17041	
17870	0	17956	
17871	0	18704	
17872	0	18916	
17873	0	18756	
17874	0	18756	
17875	0	18540	
17876	0	18192	
17877	0	18202	
17878	0	18782	
17879	0	19458	
17880	0	19972	
17881	0	21400	
17882	0	22682	
17883	0	22360	
17884	0	20812	
17885	0	19776	
17886	0	19570	
17887	0	19132	
17888	0	18920	
17889	0	19612	
17890	0	20904	
17891	0	21604	
17892	0	20712	
17893	0	19300	
17894	0	18264	
17895	0	17594	
17896	0	18024	
17897	0	18678	
17898	0	17964	
17899	0	17508	
17900	0	17748	
17901	0	17824	
17902	0	16554	
17903	0	14872	
17904	0	14217	
17905	0	15336	
17906	0	17632	
17907	0	20484	
17908	0	22652	
17909	0	24636	
17910	0	26960	
17911	0	28232	
17912	0	27864	
17913	0	26292	
17914	0	25016	
17915	0	24896	
17916	0	26596	
17917	0	27584	
17918	0	27568	
17919	0	27268	
17920	0	24820	
17921	0	22292	
17922	0	20692	
17923	0	18988	
17924	0	18416	
17925	0	19172	
17926	0	20722	
17927	0	22648	
17928	0	24160	
17929	0	25436	
17930	0	26892	
17931	0	28024	
17932	0	29384	
17933	0	30508	
17934	0	30956	
17935	0	30032	
17936	0	28476	
17937	0	27052	
17938	0	25944	
17939	0	25234	
17940	0	24217	
17941	0	22948	
17942	0	22676	
17943	0	24008	
17944	0	26068	
17945	0	28016	
17946	0	29168	
17947	0	29024	
17948	0	27184	
17949	0	25464	
17950	0	24920	
17951	0	25056	
17952	0	24664	
17953	0	22880	
17954	0	21236	
17955	0	20500	
17956	0	20664	
17957	0	21140	
17958	0	21210	
17959	0	21336	
17960	0	21004	
17961	0	20138	
17962	0	19180	
17963	0	18240	
17964	0	18168	
17965	0	18808	
17966	0	19224	
17967	0	20484	
17968	0	22392	
17969	0	25332	
17970	0	27732	
17971	0	27760	
17972	0	26568	
17973	0	24920	
17974	0	22516	
17975	0	20296	
17976	0	18600	
17977	0	17304	
17978	0	17957	
17979	0	19808	
17980	0	21324	
17981	0	21380	
17982	0	22412	
17983	0	24320	
17984	0	26100	
17985	0	27092	
17986	0	26816	
17987	0	24608	
17988	0	22280	
17989	0	19620	
17990	0	16986	
17991	0	15880	
17992	0	16064	
17993	0	16840	
17994	0	18425	
17995	0	19468	
17996	0	19764	
17997	0	20348	
17998	0	20929	
17999	0	21384	
18000	0	22149	
18001	0	22692	
18002	0	22224	
18003	0	22120	
18004	0	22640	
18005	0	24602	
18006	0	26834	
18007	0	27344	
18008	0	26028	
18009	0	24648	
18010	0	23868	
18011	0	24120	
18012	0	24900	
18013	0	25738	
18014	0	26004	
18015	0	25872	
18016	0	26426	
18017	0	26872	
18018	0	26744	
18019	0	26676	
18020	0	26568	
18021	0	26192	
18022	0	25504	
18023	0	25268	
18024	0	25748	
18025	0	26896	
18026	0	27936	
18027	0	28244	
18028	0	28208	
18029	0	27584	
18030	0	26498	
18031	0	25064	
18032	0	24236	
18033	0	24184	
18034	0	24740	
18035	0	25120	
18036	0	25168	
18037	0	25084	
18038	0	25248	
18039	0	25956	
18040	0	26402	
18041	0	26500	
18042	0	26408	
18043	0	25656	
18044	0	24896	
18045	0	22888	
18046	0	20016	
18047	0	18484	
18048	0	17936	
18049	0	17832	
18050	0	18100	
18051	0	18812	
18052	0	19656	
18053	0	20948	
18054	0	22456	
18055	0	22420	
18056	0	21772	
18057	0	20888	
18058	0	20072	
18059	0	19244	
18060	0	18980	
18061	0	18986	
18062	0	19634	
18063	0	19992	
18064	0	19524	
18065	0	18772	
18066	0	17768	
18067	0	16932	
18068	0	17153	
18069	0	17776	
18070	0	18224	
18071	0	18162	
18072	0	18882	
18073	0	20084	
18074	0	20820	
18075	0	20964	
18076	0	21076	
18077	0	21136	
18078	0	20260	
18079	0	19000	
18080	0	16961	
18081	0	14817	
18082	0	13200	
18083	0	12148	
18084	0	11673	
18085	0	10994	
18086	0	10828	
18087	0	11086	
18088	0	11294	
18089	0	11524	
18090	0	12209	
18091	0	13460	
18092	0	14764	
18093	0	15848	
18094	0	16576	
18095	0	16700	
18096	0	15644	
18097	0	14168	
18098	0	12256	
18099	0	10833	
18100	0	10444	
18101	0	11328	
18102	0	12802	
18103	0	14630	
18104	0	15872	
18105	0	16184	
18106	0	15300	
18107	0	14032	
18108	0	13084	
18109	0	11990	
18110	0	10696	
18111	0	9588	
18112	0	9022	
18113	0	9000	
18114	0	9512	
18115	0	10308	
18116	0	11048	
18117	0	11200	
18118	0	11044	
18119	0	10660	
18120	0	10744	
18121	0	10872	
18122	0	10716	
18123	0	9900	
18124	0	9133	
18125	0	9664	
18126	0	11228	
18127	0	11972	
18128	0	11924	
18129	0	11458	
18130	0	10632	
18131	0	10417	
18132	0	10938	
18133	0	11592	
18134	0	12348	
18135	0	12906	
18136	0	13192	
18137	0	13128	
18138	0	12988	
18139	0	13104	
18140	0	13924	
18141	0	14880	
18142	0	15584	
18143	0	16264	
18144	0	16544	
18145	0	17220	
18146	0	17964	
18147	0	18902	
18148	0	21184	
18149	0	23432	
18150	0	24952	
18151	0	25712	
18152	0	25592	
18153	0	25032	
18154	0	24432	
18155	0	24060	
18156	0	23408	
18157	0	22852	
18158	0	22616	
18159	0	22474	
18160	0	22452	
18161	0	22488	
18162	0	22480	
18163	0	22636	
18164	0	22248	
18165	0	21852	
18166	0	20913	
18167	0	19244	
18168	0	18124	
18169	0	17917	
18170	0	18608	
18171	0	20028	
18172	0	21456	
18173	0	22720	
18174	0	23440	
18175	0	23752	
18176	0	23802	
18177	0	23768	
18178	0	23552	
18179	0	23676	
18180	0	23456	
18181	0	23008	
18182	0	22708	
18183	0	22180	
18184	0	21648	
18185	0	21552	
18186	0	21516	
18187	0	21226	
18188	0	19952	
18189	0	18208	
18190	0	16770	
18191	0	15384	
18192	0	13929	
18193	0	12604	
18194	0	12132	
18195	0	12728	
18196	0	14453	
18197	0	16072	
18198	0	16870	
18199	0	17124	
18200	0	16952	
18201	0	16444	
18202	0	15996	
18203	0	16164	
18204	0	16226	
18205	0	16116	
18206	0	16388	
18207	0	16670	
18208	0	17556	
18209	0	18276	
18210	0	18452	
18211	0	18356	
18212	0	18552	
18213	0	18856	
18214	0	19168	
18215	0	19132	
18216	0	19168	
18217	0	19540	
18218	0	19460	
18219	0	18916	
18220	0	18450	
18221	0	17865	
18222	0	17412	
18223	0	17122	
18224	0	16560	
18225	0	15702	
18226	0	15273	
18227	0	15384	
18228	0	15898	
18229	0	16738	
18230	0	17892	
18231	0	19140	
18232	0	20452	
18233	0	21704	
18234	0	22108	
18235	0	22644	
18236	0	22992	
18237	0	22922	
18238	0	22848	
18239	0	23254	
18240	0	24120	
18241	0	24860	
18242	0	25072	
18243	0	25124	
18244	0	24544	
18245	0	23828	
18246	0	23108	
18247	0	22832	
18248	0	23084	
18249	0	24124	
18250	0	25077	
18251	0	25204	
18252	0	24456	
18253	0	23448	
18254	0	22256	
18255	0	21296	
18256	0	20780	
18257	0	20664	
18258	0	20648	
18259	0	20860	
18260	0	21056	
18261	0	21236	
18262	0	21460	
18263	0	21630	
18264	0	21626	
18265	0	21820	
18266	0	21884	
18267	0	22168	
18268	0	22812	
18269	0	23348	
18270	0	23784	
18271	0	24346	
18272	0	24528	
18273	0	25108	
18274	0	25920	
18275	0	26732	
18276	0	26824	
18277	0	26408	
18278	0	26248	
18279	0	26296	
18280	0	26508	
18281	0	26724	
18282	0	27388	
18283	0	28100	
18284	0	28312	
18285	0	28016	
18286	0	28008	
18287	0	28236	
18288	0	28624	
18289	0	28928	
18290	0	29664	
18291	0	30004	
18292	0	30676	
18293	0	31416	
18294	0	31728	
18295	0	31976	
18296	0	31636	
18297	0	30992	
18298	0	30240	
18299	0	29544	
18300	0	28616	
18301	0	27952	
18302	0	27928	
18303	0	28620	
18304	0	29392	
18305	0	29808	
18306	0	30452	
18307	0	30584	
18308	0	30640	
18309	0	30928	
18310	0	31624	
18311	0	32284	
18312	0	32776	
18313	0	32996	
18314	0	33136	
18315	0	33176	
18316	0	33236	
18317	0	33076	
18318	0	33188	
18319	0	32512	
18320	0	30642	
18321	0	28624	
18322	0	27120	
18323	0	26074	
18324	0	25788	
18325	0	26080	
18326	0	26676	
18327	0	27776	
18328	0	28584	
18329	0	29084	
18330	0	29512	
18331	0	29252	
18332	0	28724	
18333	0	28360	
18334	0	27588	
18335	0	26992	
18336	0	26428	
18337	0	25808	
18338	0	24888	
18339	0	24121	
18340	0	23772	
18341	0	23304	
18342	0	23116	
18343	0	23080	
18344	0	23084	
18345	0	23256	
18346	0	23952	
18347	0	25484	
18348	0	27160	
18349	0	29208	
18350	0	30560	
18351	0	30688	
18352	0	29884	
18353	0	28516	
18354	0	27336	
18355	0	26088	
18356	0	24752	
18357	0	23132	
18358	0	21600	
18359	0	20124	
18360	0	19038	
18361	0	18858	
18362	0	19474	
18363	0	20276	
18364	0	21426	
18365	0	22848	
18366	0	23872	
18367	0	24004	
18368	0	23704	
18369	0	23460	
18370	0	23572	
18371	0	23436	
18372	0	23680	
18373	0	23856	
18374	0	24124	
18375	0	24328	
18376	0	24416	
18377	0	24282	
18378	0	24193	
18379	0	24364	
18380	0	24266	
18381	0	23172	
18382	0	22240	
18383	0	21200	
18384	0	20260	
18385	0	19972	
18386	0	19636	
18387	0	19257	
18388	0	20072	
18389	0	21728	
18390	0	22660	
18391	0	23108	
18392	0	23416	
18393	0	23841	
18394	0	24436	
18395	0	25928	
18396	0	27128	
18397	0	27649	
18398	0	27384	
18399	0	26872	
18400	0	26408	
18401	0	26832	
18402	0	27186	
18403	0	27256	
18404	0	26938	
18405	0	25768	
18406	0	24605	
18407	0	24056	
18408	0	24432	
18409	0	25308	
18410	0	25888	
18411	0	26704	
18412	0	27476	
18413	0	27952	
18414	0	28252	
18415	0	29088	
18416	0	30244	
18417	0	30748	
18418	0	30868	
18419	0	30692	
18420	0	29864	
18421	0	28818	
18422	0	28264	
18423	0	28240	
18424	0	28732	
18425	0	29256	
18426	0	29880	
18427	0	30380	
18428	0	30612	
18429	0	30284	
18430	0	29896	
18431	0	29256	
18432	0	28576	
18433	0	29028	
18434	0	30640	
18435	0	32584	
18436	0	33592	
18437	0	34104	
18438	0	34012	
18439	0	33144	
18440	0	32440	
18441	0	32066	
18442	0	31852	
18443	0	31572	
18444	0	31544	
18445	0	32408	
18446	0	33644	
18447	0	34648	
18448	0	35132	
18449	0	35660	
18450	0	36344	
18451	0	36804	
18452	0	37020	
18453	0	37096	
18454	0	36992	
18455	0	36856	
18456	0	36176	
18457	0	35352	
18458	0	34428	
18459	0	34008	
18460	0	34240	
18461	0	34368	
18462	0	34960	
18463	0	36088	
18464	0	37504	
18465	0	38736	
18466	0	39872	
18467	0	40312	
18468	0	40508	
18469	0	40688	
18470	0	41176	
18471	0	41236	
18472	0	41540	
18473	0	41952	
18474	0	42016	
18475	0	41128	
18476	0	40304	
18477	0	40172	
18478	0	40584	
18479	0	40984	
18480	0	41136	
18481	0	40972	
18482	0	40380	
18483	0	39300	
18484	0	37924	
18485	0	36784	
18486	0	36308	
18487	0	36360	
18488	0	36520	
18489	0	36940	
18490	0	37004	
18491	0	36480	
18492	0	35724	
18493	0	35514	
18494	0	35412	
18495	0	35948	
18496	0	36488	
18497	0	37660	
18498	0	38680	
18499	0	39512	
18500	0	40284	
18501	0	40560	
18502	0	41064	
18503	0	41332	
18504	0	41476	
18505	0	42024	
18506	0	42956	
18507	0	43932	
18508	0	44348	
18509	0	44176	
18510	0	43080	
18511	0	42476	
18512	0	42232	
18513	0	41960	
18514	0	41672	
18515	0	41956	
18516	0	42088	
18517	0	42024	
18518	0	42200	
18519	0	42304	
18520	0	42364	
18521	0	42576	
18522	0	42912	
18523	0	43320	
18524	0	44256	
18525	0	45256	
18526	0	45568	
18527	0	45160	
18528	0	44936	
18529	0	44680	
18530	0	44340	
18531	0	44404	
18532	0	44276	
18533	0	44948	
18534	0	45568	
18535	0	45296	
18536	0	44160	
18537	0	42796	
18538	0	41788	
18539	0	41444	
18540	0	41496	
18541	0	41900	
18542	0	42408	
18543	0	42944	
18544	0	42792	
18545	0	42236	
18546	0	41492	
18547	0	41408	
18548	0	41660	
18549	0	41816	
18550	0	41636	
18551	0	41440	
18552	0	41132	
18553	0	40996	
18554	0	41228	
18555	0	41512	
18556	0	41772	
18557	0	41920	
18558	0	42048	
18559	0	42300	
18560	0	42384	
18561	0	42576	
18562	0	43376	
18563	0	44032	
18564	0	44140	
18565	0	43600	
18566	0	43164	
18567	0	42348	
18568	0	41676	
18569	0	41356	
18570	0	41140	
18571	0	40564	
18572	0	40184	
18573	0	39880	
18574	0	39304	
18575	0	38948	
18576	0	38800	
18577	0	38840	
18578	0	38628	
18579	0	38012	
18580	0	37684	
18581	0	37608	
18582	0	38428	
18583	0	39512	
18584	0	40188	
18585	0	40448	
18586	0	40880	
18587	0	41732	
18588	0	42502	
18589	0	42932	
18590	0	43368	
18591	0	43264	
18592	0	42828	
18593	0	42484	
18594	0	42268	
18595	0	42404	
18596	0	42944	
18597	0	43216	
18598	0	43396	
18599	0	43336	
18600	0	43192	
18601	0	42912	
18602	0	42356	
18603	0	41844	
18604	0	40704	
18605	0	39464	
18606	0	38864	
18607	0	38208	
18608	0	38336	
18609	0	39392	
18610	0	40980	
18611	0	42592	
18612	0	44112	
18613	0	44832	
18614	0	44952	
18615	0	44304	
18616	0	43412	
18617	0	42576	
18618	0	42260	
18619	0	42008	
18620	0	42012	
18621	0	41996	
18622	0	42072	
18623	0	42008	
18624	0	42324	
18625	0	42548	
18626	0	42908	
18627	0	43216	
18628	0	43080	
18629	0	43324	
18630	0	44104	
18631	0	44232	
18632	0	43800	
18633	0	43380	
18634	0	43728	
18635	0	43832	
18636	0	43380	
18637	0	42536	
18638	0	41472	
18639	0	40876	
18640	0	40844	
18641	0	41412	
18642	0	42000	
18643	0	42548	
18644	0	42768	
18645	0	42824	
18646	0	42728	
18647	0	42380	
18648	0	42088	
18649	0	41756	
18650	0	41840	
18651	0	42056	
18652	0	42880	
18653	0	44088	
18654	0	44840	
18655	0	44812	
18656	0	44888	
18657	0	44664	
18658	0	44320	
18659	0	44044	
18660	0	43604	
18661	0	43440	
18662	0	43380	
18663	0	43368	
18664	0	43312	
18665	0	42976	
18666	0	42824	
18667	0	42468	
18668	0	41400	
18669	0	39820	
18670	0	38952	
18671	0	39400	
18672	0	39920	
18673	0	40440	
18674	0	40432	
18675	0	40904	
18676	0	41620	
18677	0	42244	
18678	0	42732	
18679	0	43180	
18680	0	43460	
18681	0	43432	
18682	0	43032	
18683	0	42272	
18684	0	41592	
18685	0	40924	
18686	0	40528	
18687	0	40364	
18688	0	40416	
18689	0	40056	
18690	0	39604	
18691	0	39152	
18692	0	38400	
18693	0	37876	
18694	0	38008	
18695	0	38988	
18696	0	40376	
18697	0	40996	
18698	0	41164	
18699	0	41428	
18700	0	41508	
18701	0	41376	
18702	0	41572	
18703	0	41532	
18704	0	41240	
18705	0	41424	
18706	0	41796	
18707	0	42016	
18708	0	41848	
18709	0	41092	
18710	0	40220	
18711	0	39160	
18712	0	38600	
18713	0	38676	
18714	0	39000	
18715	0	39032	
18716	0	39460	
18717	0	40316	
18718	0	40784	
18719	0	41288	
18720	0	42104	
18721	0	42560	
18722	0	41712	
18723	0	39920	
18724	0	38328	
18725	0	37492	
18726	0	37056	
18727	0	36824	
18728	0	36468	
18729	0	36172	
18730	0	36132	
18731	0	36136	
18732	0	36156	
18733	0	36404	
18734	0	36760	
18735	0	36656	
18736	0	36816	
18737	0	37384	
18738	0	38004	
18739	0	38320	
18740	0	38580	
18741	0	38644	
18742	0	38488	
18743	0	38016	
18744	0	37628	
18745	0	37344	
18746	0	37060	
18747	0	36704	
18748	0	36224	
18749	0	36004	
18750	0	36236	
18751	0	36868	
18752	0	37404	
18753	0	37132	
18754	0	36488	
18755	0	36096	
18756	0	35704	
18757	0	36032	
18758	0	36680	
18759	0	36952	
18760	0	37248	
18761	0	38048	
18762	0	38716	
18763	0	38938	
18764	0	39052	
18765	0	38640	
18766	0	37804	
18767	0	37160	
18768	0	36520	
18769	0	35768	
18770	0	35176	
18771	0	34580	
18772	0	34304	
18773	0	33716	
18774	0	33272	
18775	0	32596	
18776	0	32048	
18777	0	31564	
18778	0	31176	
18779	0	30744	
18780	0	31040	
18781	0	32172	
18782	0	32920	
18783	0	32976	
18784	0	33248	
18785	0	33212	
18786	0	33396	
18787	0	33980	
18788	0	33924	
18789	0	33304	
18790	0	32056	
18791	0	31128	
18792	0	30392	
18793	0	29684	
18794	0	29716	
18795	0	30176	
18796	0	31060	
18797	0	31740	
18798	0	32360	
18799	0	32896	
18800	0	33416	
18801	0	32668	
18802	0	31392	
18803	0	30724	
18804	0	30796	
18805	0	31408	
18806	0	32056	
18807	0	32684	
18808	0	33132	
18809	0	33948	
18810	0	34156	
18811	0	33740	
18812	0	33284	
18813	0	32720	
18814	0	32360	
18815	0	32058	
18816	0	31628	
18817	0	31344	
18818	0	31368	
18819	0	31572	
18820	0	31504	
18821	0	31564	
18822	0	31532	
18823	0	31744	
18824	0	32314	
18825	0	32884	
18826	0	33280	
18827	0	33308	
18828	0	32756	
18829	0	32408	
18830	0	33064	
18831	0	33988	
18832	0	34724	
18833	0	35384	
18834	0	35728	
18835	0	35592	
18836	0	35268	
18837	0	35224	
18838	0	35664	
18839	0	36240	
18840	0	36840	
18841	0	37260	
18842	0	36976	
18843	0	36048	
18844	0	35472	
18845	0	35056	
18846	0	34628	
18847	0	34336	
18848	0	33968	
18849	0	33628	
18850	0	33756	
18851	0	34176	
18852	0	34520	
18853	0	34756	
18854	0	34968	
18855	0	35300	
18856	0	35376	
18857	0	35268	
18858	0	35188	
18859	0	35432	
18860	0	35804	
18861	0	35632	
18862	0	35552	
18863	0	35988	
18864	0	36176	
18865	0	36724	
18866	0	37640	
18867	0	38112	
18868	0	37956	
18869	0	37812	
18870	0	38060	
18871	0	38148	
18872	0	38200	
18873	0	38312	
18874	0	38520	
18875	0	38824	
18876	0	39052	
18877	0	39444	
18878	0	39548	
18879	0	39688	
18880	0	39864	
18881	0	39988	
18882	0	40412	
18883	0	41104	
18884	0	41676	
18885	0	42264	
18886	0	42864	
18887	0	42796	
18888	0	42564	
18889	0	42088	
18890	0	41368	
18891	0	40436	
18892	0	39738	
18893	0	39792	
18894	0	40388	
18895	0	40644	
18896	0	40976	
18897	0	40388	
18898	0	39060	
18899	0	38228	
18900	0	37956	
18901	0	38332	
18902	0	39472	
18903	0	40788	
18904	0	41884	
18905	0	42264	
18906	0	42088	
18907	0	42160	
18908	0	42156	
18909	0	41832	
18910	0	41132	
18911	0	40864	
18912	0	40676	
18913	0	40296	
18914	0	39808	
18915	0	39292	
18916	0	39536	
18917	0	39306	
18918	0	38792	
18919	0	38392	
18920	0	38416	
18921	0	38744	
18922	0	38968	
18923	0	38740	
18924	0	38620	
18925	0	38368	
18926	0	38440	
18927	0	38768	
18928	0	38936	
18929	0	38848	
18930	0	38464	
18931	0	38324	
18932	0	38016	
18933	0	37688	
18934	0	37224	
18935	0	36540	
18936	0	35580	
18937	0	35092	
18938	0	35832	
18939	0	37184	
18940	0	38200	
18941	0	38868	
18942	0	39132	
18943	0	39176	
18944	0	38964	
18945	0	38640	
18946	0	38404	
18947	0	37824	
18948	0	37484	
18949	0	37316	
18950	0	37148	
18951	0	37432	
18952	0	37868	
18953	0	38544	
18954	0	38528	
18955	0	38064	
18956	0	37260	
18957	0	36696	
18958	0	35868	
18959	0	34312	
18960	0	33160	
18961	0	32808	
18962	0	32944	
18963	0	33472	
18964	0	34528	
18965	0	34720	
18966	0	34668	
18967	0	34628	
18968	0	34792	
18969	0	34968	
18970	0	35520	
18971	0	36740	
18972	0	37748	
18973	0	39076	
18974	0	40292	
18975	0	40760	
18976	0	41016	
18977	0	41048	
18978	0	40664	
18979	0	40152	
18980	0	40036	
18981	0	39412	
18982	0	38472	
18983	0	38032	
18984	0	38192	
18985	0	38404	
18986	0	38452	
18987	0	38348	
18988	0	37724	
18989	0	36972	
18990	0	36628	
18991	0	36208	
18992	0	35944	
18993	0	36360	
18994	0	36952	
18995	0	37620	
18996	0	38232	
18997	0	38920	
18998	0	39196	
18999	0	38972	
19000	0	38448	
19001	0	38392	
19002	0	38344	
19003	0	37844	
19004	0	36600	
19005	0	35496	
19006	0	35188	
19007	0	34920	
19008	0	34652	
19009	0	34784	
19010	0	35348	
19011	0	36208	
19012	0	37252	
19013	0	38192	
19014	0	39372	
19015	0	40516	
19016	0	40968	
19017	0	40996	
19018	0	40752	
19019	0	40308	
19020	0	39752	
19021	0	39040	
19022	0	38524	
19023	0	38084	
19024	0	37664	
19025	0	37292	
19026	0	36728	
19027	0	36592	
19028	0	36664	
19029	0	36764	
19030	0	37008	
19031	0	37448	
19032	0	37760	
19033	0	37412	
19034	0	36480	
19035	0	35584	
19036	0	34592	
19037	0	33716	
19038	0	33496	
19039	0	34524	
19040	0	35936	
19041	0	37328	
19042	0	38236	
19043	0	38010	
19044	0	37408	
19045	0	36100	
19046	0	35314	
19047	0	34504	
19048	0	34232	
19049	0	34756	
19050	0	35728	
19051	0	36480	
19052	0	36504	
19053	0	36848	
19054	0	37216	
19055	0	36976	
19056	0	37148	
19057	0	36896	
19058	0	36804	
19059	0	36896	
19060	0	37224	
19061	0	37488	
19062	0	37964	
19063	0	38084	
19064	0	37804	
19065	0	37544	
19066	0	37672	
19067	0	38464	
19068	0	39336	
19069	0	40360	
19070	0	40848	
19071	0	41548	
19072	0	42152	
19073	0	42048	
19074	0	41092	
19075	0	40112	
19076	0	39560	
19077	0	39468	
19078	0	39484	
19079	0	38956	
19080	0	37792	
19081	0	36908	
19082	0	36328	
19083	0	36004	
19084	0	36572	
19085	0	37204	
19086	0	37444	
19087	0	37436	
19088	0	36860	
19089	0	36108	
19090	0	35212	
19091	0	34776	
19092	0	34608	
19093	0	34696	
19094	0	35052	
19095	0	35624	
19096	0	36548	
19097	0	37264	
19098	0	37220	
19099	0	36432	
19100	0	35672	
19101	0	35200	
19102	0	34816	
19103	0	34096	
19104	0	33260	
19105	0	32688	
19106	0	32844	
19107	0	33028	
19108	0	33152	
19109	0	33492	
19110	0	33440	
19111	0	33020	
19112	0	32644	
19113	0	32504	
19114	0	32516	
19115	0	32124	
19116	0	32112	
19117	0	31756	
19118	0	31160	
19119	0	30592	
19120	0	30556	
19121	0	31240	
19122	0	31872	
19123	0	32440	
19124	0	32736	
19125	0	32592	
19126	0	31840	
19127	0	30912	
19128	0	30148	
19129	0	30304	
19130	0	31280	
19131	0	32536	
19132	0	33064	
19133	0	33172	
19134	0	33268	
19135	0	32968	
19136	0	32528	
19137	0	32904	
19138	0	34240	
19139	0	35364	
19140	0	36536	
19141	0	37848	
19142	0	37884	
19143	0	36820	
19144	0	35396	
19145	0	33656	
19146	0	32236	
19147	0	31332	
19148	0	31588	
19149	0	32232	
19150	0	32660	
19151	0	32888	
19152	0	33112	
19153	0	33508	
19154	0	33600	
19155	0	33036	
19156	0	32928	
19157	0	33216	
19158	0	33884	
19159	0	34388	
19160	0	34348	
19161	0	34188	
19162	0	34296	
19163	0	34292	
19164	0	33676	
19165	0	32776	
19166	0	31732	
19167	0	30772	
19168	0	30324	
19169	0	30280	
19170	0	30784	
19171	0	30712	
19172	0	30476	
19173	0	30556	
19174	0	30632	
19175	0	30652	
19176	0	30402	
19177	0	30184	
19178	0	30252	
19179	0	30624	
19180	0	30848	
19181	0	30984	
19182	0	31520	
19183	0	32416	
19184	0	33206	
19185	0	34300	
19186	0	35136	
19187	0	35572	
19188	0	35492	
19189	0	35196	
19190	0	35008	
19191	0	34692	
19192	0	34856	
19193	0	35064	
19194	0	34792	
19195	0	34224	
19196	0	33436	
19197	0	32824	
19198	0	31984	
19199	0	31384	
19200	0	30872	
19201	0	30812	
19202	0	31200	
19203	0	31872	
19204	0	32272	
19205	0	32784	
19206	0	34072	
19207	0	34508	
19208	0	34640	
19209	0	34404	
19210	0	33868	
19211	0	33708	
19212	0	33968	
19213	0	34676	
19214	0	35264	
19215	0	35496	
19216	0	35580	
19217	0	35034	
19218	0	34216	
19219	0	33284	
19220	0	32900	
19221	0	33064	
19222	0	33280	
19223	0	34108	
19224	0	34634	
19225	0	34792	
19226	0	34332	
19227	0	33812	
19228	0	33676	
19229	0	33892	
19230	0	34360	
19231	0	34680	
19232	0	34844	
19233	0	34732	
19234	0	34328	
19235	0	33952	
19236	0	33576	
19237	0	33176	
19238	0	33232	
19239	0	32960	
19240	0	32792	
19241	0	32372	
19242	0	31816	
19243	0	31060	
19244	0	30392	
19245	0	29808	
19246	0	29280	
19247	0	29552	
19248	0	30300	
19249	0	31480	
19250	0	32300	
19251	0	32544	
19252	0	32892	
19253	0	33704	
19254	0	34432	
19255	0	34560	
19256	0	34784	
19257	0	35108	
19258	0	35636	
19259	0	35876	
19260	0	36304	
19261	0	36392	
19262	0	35924	
19263	0	34716	
19264	0	33578	
19265	0	33108	
19266	0	32878	
19267	0	32676	
19268	0	32540	
19269	0	33204	
19270	0	34216	
19271	0	34748	
19272	0	35264	
19273	0	35224	
19274	0	34580	
19275	0	33532	
19276	0	32704	
19277	0	32196	
19278	0	31900	
19279	0	31612	
19280	0	31320	
19281	0	31100	
19282	0	31156	
19283	0	31832	
19284	0	32548	
19285	0	32512	
19286	0	32344	
19287	0	32792	
19288	0	33264	
19289	0	33528	
19290	0	33408	
19291	0	32752	
19292	0	32352	
19293	0	32540	
19294	0	32856	
19295	0	32648	
19296	0	32040	
19297	0	31668	
19298	0	31744	
19299	0	32188	
19300	0	32996	
19301	0	33496	
19302	0	33914	
19303	0	34088	
19304	0	34064	
19305	0	33794	
19306	0	33344	
19307	0	32296	
19308	0	31292	
19309	0	30832	
19310	0	30984	
19311	0	31140	
19312	0	31128	
19313	0	30976	
19314	0	30524	
19315	0	30344	
19316	0	30592	
19317	0	30956	
19318	0	31516	
19319	0	32380	
19320	0	33336	
19321	0	33864	
19322	0	34428	
19323	0	34936	
19324	0	34632	
19325	0	33712	
19326	0	32744	
19327	0	32420	
19328	0	33452	
19329	0	34620	
19330	0	35208	
19331	0	35376	
19332	0	35156	
19333	0	34572	
19334	0	33532	
19335	0	32656	
19336	0	31884	
19337	0	31672	
19338	0	32088	
19339	0	32520	
19340	0	33436	
19341	0	34252	
19342	0	34484	
19343	0	34664	
19344	0	35120	
19345	0	35088	
19346	0	35056	
19347	0	35488	
19348	0	35776	
19349	0	36176	
19350	0	36760	
19351	0	37895	
19352	0	38452	
19353	0	38312	
19354	0	37592	
19355	0	36776	
19356	0	36312	
19357	0	35824	
19358	0	35108	
19359	0	34348	
19360	0	33300	
19361	0	32516	
19362	0	32120	
19363	0	31984	
19364	0	32276	
19365	0	32728	
19366	0	33084	
19367	0	33080	
19368	0	33156	
19369	0	33592	
19370	0	34384	
19371	0	34304	
19372	0	34072	
19373	0	33978	
19374	0	34296	
19375	0	34728	
19376	0	34668	
19377	0	34760	
19378	0	35024	
19379	0	35556	
19380	0	35832	
19381	0	36188	
19382	0	35660	
19383	0	35300	
19384	0	34520	
19385	0	33116	
19386	0	32048	
19387	0	31752	
19388	0	32256	
19389	0	33564	
19390	0	35388	
19391	0	36568	
19392	0	37576	
19393	0	39072	
19394	0	39792	
19395	0	40012	
19396	0	40096	
19397	0	39832	
19398	0	39216	
19399	0	38792	
19400	0	38524	
19401	0	38320	
19402	0	37736	
19403	0	36960	
19404	0	36968	
19405	0	37216	
19406	0	37440	
19407	0	37856	
19408	0	38212	
19409	0	38448	
19410	0	38960	
19411	0	39272	
19412	0	39252	
19413	0	38476	
19414	0	37500	
19415	0	36440	
19416	0	35896	
19417	0	35488	
19418	0	35020	
19419	0	34432	
19420	0	33304	
19421	0	32516	
19422	0	32064	
19423	0	32464	
19424	0	33640	
19425	0	34636	
19426	0	35412	
19427	0	36336	
19428	0	36852	
19429	0	36656	
19430	0	36036	
19431	0	35776	
19432	0	35760	
19433	0	35440	
19434	0	35236	
19435	0	35312	
19436	0	35204	
19437	0	35420	
19438	0	35248	
19439	0	34966	
19440	0	34748	
19441	0	34400	
19442	0	34008	
19443	0	33200	
19444	0	32348	
19445	0	32528	
19446	0	33328	
19447	0	34376	
19448	0	35136	
19449	0	35556	
19450	0	35428	
19451	0	34822	
19452	0	34464	
19453	0	33988	
19454	0	33572	
19455	0	33212	
19456	0	32960	
19457	0	32888	
19458	0	32304	
19459	0	32168	
19460	0	32164	
19461	0	32192	
19462	0	32260	
19463	0	32688	
19464	0	33644	
19465	0	34812	
19466	0	34864	
19467	0	34436	
19468	0	33860	
19469	0	32900	
19470	0	32148	
19471	0	31546	
19472	0	31532	
19473	0	31536	
19474	0	31432	
19475	0	31264	
19476	0	31180	
19477	0	31016	
19478	0	30700	
19479	0	30376	
19480	0	30172	
19481	0	29996	
19482	0	30176	
19483	0	30476	
19484	0	30248	
19485	0	29668	
19486	0	29264	
19487	0	29284	
19488	0	28876	
19489	0	28590	
19490	0	28836	
19491	0	29352	
19492	0	29752	
19493	0	30100	
19494	0	30748	
19495	0	31116	
19496	0	31276	
19497	0	31504	
19498	0	32064	
19499	0	32712	
19500	0	32844	
19501	0	32732	
19502	0	32512	
19503	0	32280	
19504	0	32264	
19505	0	32116	
19506	0	31824	
19507	0	31732	
19508	0	31584	
19509	0	32040	
19510	0	32529	
19511	0	32928	
19512	0	33456	
19513	0	33608	
19514	0	32672	
19515	0	32048	
19516	0	32040	
19517	0	32936	
19518	0	34364	
19519	0	35916	
19520	0	36828	
19521	0	36968	
19522	0	36692	
19523	0	35992	
19524	0	35120	
19525	0	34464	
19526	0	33952	
19527	0	33630	
19528	0	33884	
19529	0	34224	
19530	0	33768	
19531	0	33016	
19532	0	32260	
19533	0	31236	
19534	0	30528	
19535	0	30490	
19536	0	30716	
19537	0	31324	
19538	0	32344	
19539	0	32896	
19540	0	33088	
19541	0	33112	
19542	0	33420	
19543	0	33880	
19544	0	34488	
19545	0	34896	
19546	0	34992	
19547	0	35320	
19548	0	35356	
19549	0	35096	
19550	0	34576	
19551	0	33544	
19552	0	32820	
19553	0	32312	
19554	0	31828	
19555	0	31660	
19556	0	31856	
19557	0	32196	
19558	0	32296	
19559	0	32436	
19560	0	32720	
19561	0	32228	
19562	0	31996	
19563	0	32180	
19564	0	32104	
19565	0	31692	
19566	0	31648	
19567	0	31672	
19568	0	31396	
19569	0	30848	
19570	0	30560	
19571	0	30428	
19572	0	30792	
19573	0	31092	
19574	0	31596	
19575	0	31852	
19576	0	31420	
19577	0	30638	
19578	0	30132	
19579	0	29944	
19580	0	29776	
19581	0	29594	
19582	0	29488	
19583	0	29708	
19584	0	30068	
19585	0	30760	
19586	0	31288	
19587	0	31676	
19588	0	31628	
19589	0	31464	
19590	0	31522	
19591	0	31848	
19592	0	32640	
19593	0	33684	
19594	0	34580	
19595	0	34676	
19596	0	34400	
19597	0	33876	
19598	0	33360	
19599	0	33196	
19600	0	33408	
19601	0	34088	
19602	0	34764	
19603	0	34924	
19604	0	34404	
19605	0	33816	
19606	0	33072	
19607	0	32404	
19608	0	32228	
19609	0	32244	
19610	0	32664	
19611	0	33192	
19612	0	33268	
19613	0	32880	
19614	0	32400	
19615	0	32124	
19616	0	31668	
19617	0	31016	
19618	0	31004	
19619	0	31632	
19620	0	32728	
19621	0	33968	
19622	0	34880	
19623	0	35380	
19624	0	35816	
19625	0	36136	
19626	0	36408	
19627	0	36492	
19628	0	36172	
19629	0	35888	
19630	0	35496	
19631	0	35296	
19632	0	35564	
19633	0	36392	
19634	0	37116	
19635	0	37188	
19636	0	36728	
19637	0	35640	
19638	0	34200	
19639	0	33324	
19640	0	32760	
19641	0	32688	
19642	0	32744	
19643	0	32808	
19644	0	32532	
19645	0	32540	
19646	0	32544	
19647	0	32676	
19648	0	32888	
19649	0	33440	
19650	0	34176	
19651	0	34580	
19652	0	34773	
19653	0	35156	
19654	0	34872	
19655	0	34548	
19656	0	34288	
19657	0	34168	
19658	0	33932	
19659	0	33456	
19660	0	32800	
19661	0	32364	
19662	0	32460	
19663	0	32420	
19664	0	32472	
19665	0	32788	
19666	0	33792	
19667	0	35124	
19668	0	35888	
19669	0	36576	
19670	0	37180	
19671	0	37528	
19672	0	37224	
19673	0	36772	
19674	0	36152	
19675	0	35568	
19676	0	34924	
19677	0	34632	
19678	0	34240	
19679	0	34024	
19680	0	34132	
19681	0	34128	
19682	0	34344	
19683	0	34656	
19684	0	35540	
19685	0	36776	
19686	0	37772	
19687	0	37844	
19688	0	37284	
19689	0	36688	
19690	0	36536	
19691	0	36492	
19692	0	36608	
19693	0	36436	
19694	0	36140	
19695	0	35692	
19696	0	35028	
19697	0	34536	
19698	0	34244	
19699	0	34072	
19700	0	33428	
19701	0	31804	
19702	0	30808	
19703	0	30528	
19704	0	31288	
19705	0	32364	
19706	0	32832	
19707	0	32960	
19708	0	33444	
19709	0	34080	
19710	0	34632	
19711	0	35264	
19712	0	35468	
19713	0	34764	
19714	0	33352	
19715	0	31768	
19716	0	30784	
19717	0	30272	
19718	0	30104	
19719	0	29776	
19720	0	29668	
19721	0	30192	
19722	0	30688	
19723	0	31052	
19724	0	31164	
19725	0	31084	
19726	0	30792	
19727	0	30072	
19728	0	29744	
19729	0	30042	
19730	0	30292	
19731	0	30168	
19732	0	29916	
19733	0	30116	
19734	0	30232	
19735	0	30156	
19736	0	29944	
19737	0	29604	
19738	0	29680	
19739	0	29572	
19740	0	29784	
19741	0	29772	
19742	0	29680	
19743	0	29768	
19744	0	29664	
19745	0	29308	
19746	0	28728	
19747	0	27764	
19748	0	27400	
19749	0	27520	
19750	0	28344	
19751	0	29524	
19752	0	30644	
19753	0	31084	
19754	0	31096	
19755	0	30996	
19756	0	30232	
19757	0	29592	
19758	0	29312	
19759	0	29332	
19760	0	29316	
19761	0	29392	
19762	0	29548	
19763	0	30352	
19764	0	30952	
19765	0	31364	
19766	0	31760	
19767	0	32092	
19768	0	31840	
19769	0	31352	
19770	0	31376	
19771	0	30756	
19772	0	30168	
19773	0	30440	
19774	0	31010	
19775	0	31624	
19776	0	32000	
19777	0	32172	
19778	0	31988	
19779	0	31600	
19780	0	30949	
19781	0	30704	
19782	0	31216	
19783	0	31988	
19784	0	32704	
19785	0	33496	
19786	0	33936	
19787	0	34104	
19788	0	33952	
19789	0	33264	
19790	0	32404	
19791	0	31280	
19792	0	30872	
19793	0	30536	
19794	0	30332	
19795	0	30468	
19796	0	30932	
19797	0	32194	
19798	0	33188	
19799	0	33616	
19800	0	33440	
19801	0	32796	
19802	0	32092	
19803	0	31348	
19804	0	30676	
19805	0	30240	
19806	0	30360	
19807	0	30748	
19808	0	30996	
19809	0	31288	
19810	0	31504	
19811	0	31444	
19812	0	31780	
19813	0	32244	
19814	0	32472	
19815	0	32672	
19816	0	32800	
19817	0	32532	
19818	0	32912	
19819	0	33960	
19820	0	34708	
19821	0	34940	
19822	0	35172	
19823	0	34940	
19824	0	34524	
19825	0	34184	
19826	0	33772	
19827	0	33668	
19828	0	33824	
19829	0	33576	
19830	0	33608	
19831	0	34252	
19832	0	34840	
19833	0	35312	
19834	0	35984	
19835	0	36196	
19836	0	35976	
19837	0	36060	
19838	0	35444	
19839	0	34136	
19840	0	33528	
19841	0	34176	
19842	0	35288	
19843	0	36152	
19844	0	36724	
19845	0	37232	
19846	0	37524	
19847	0	38124	
19848	0	38372	
19849	0	37704	
19850	0	35904	
19851	0	34104	
19852	0	32772	
19853	0	32076	
19854	0	32120	
19855	0	32024	
19856	0	31800	
19857	0	31736	
19858	0	31520	
19859	0	31496	
19860	0	31932	
19861	0	32380	
19862	0	32408	
19863	0	32660	
19864	0	33200	
19865	0	33524	
19866	0	33712	
19867	0	34060	
19868	0	34136	
19869	0	34224	
19870	0	34004	
19871	0	33640	
19872	0	33424	
19873	0	33588	
19874	0	33824	
19875	0	33600	
19876	0	33976	
19877	0	34360	
19878	0	34236	
19879	0	33452	
19880	0	32240	
19881	0	30852	
19882	0	29560	
19883	0	28848	
19884	0	28936	
19885	0	30036	
19886	0	31908	
19887	0	32624	
19888	0	32700	
19889	0	32532	
19890	0	32000	
19891	0	31296	
19892	0	30536	
19893	0	30364	
19894	0	31088	
19895	0	31864	
19896	0	32896	
19897	0	33464	
19898	0	33688	
19899	0	33808	
19900	0	33796	
19901	0	33752	
19902	0	33316	
19903	0	33032	
19904	0	32960	
19905	0	32848	
19906	0	32996	
19907	0	33632	
19908	0	34136	
19909	0	34440	
19910	0	34720	
19911	0	34892	
19912	0	34984	
19913	0	35424	
19914	0	35916	
19915	0	36516	
19916	0	37356	
19917	0	38000	
19918	0	38752	
19919	0	39200	
19920	0	38908	
19921	0	38048	
19922	0	36756	
19923	0	35468	
19924	0	34200	
19925	0	33196	
19926	0	32540	
19927	0	32300	
19928	0	32228	
19929	0	31932	
19930	0	31304	
19931	0	31160	
19932	0	31084	
19933	0	31508	
19934	0	32736	
19935	0	33692	
19936	0	34048	
19937	0	34400	
19938	0	34004	
19939	0	33316	
19940	0	32592	
19941	0	32200	
19942	0	31788	
19943	0	32028	
19944	0	31996	
19945	0	31834	
19946	0	31512	
19947	0	31132	
19948	0	31352	
19949	0	32092	
19950	0	32980	
19951	0	33948	
19952	0	34824	
19953	0	35200	
19954	0	35588	
19955	0	35224	
19956	0	34344	
19957	0	33196	
19958	0	32014	
19959	0	30852	
19960	0	29828	
19961	0	29464	
19962	0	29472	
19963	0	29578	
19964	0	30144	
19965	0	30960	
19966	0	31604	
19967	0	31568	
19968	0	31744	
19969	0	32472	
19970	0	33744	
19971	0	34824	
19972	0	35128	
19973	0	35120	
19974	0	35516	
19975	0	35124	
19976	0	34304	
19977	0	33508	
19978	0	32592	
19979	0	31848	
19980	0	31568	
19981	0	32000	
19982	0	32832	
19983	0	33320	
19984	0	33264	
19985	0	33176	
19986	0	33060	
19987	0	33060	
19988	0	33368	
19989	0	33772	
19990	0	34232	
19991	0	35120	
19992	0	35836	
19993	0	36300	
19994	0	35920	
19995	0	35360	
19996	0	34976	
19997	0	34460	
19998	0	33908	
19999	0	33524	
20000	0	33572	
20001	0	33572	
20002	0	33676	
20003	0	34024	
20004	0	33320	
20005	0	31908	
20006	0	30396	
20007	0	29784	
20008	0	30292	
20009	0	31648	
20010	0	32564	
20011	0	33296	
20012	0	34344	
20013	0	34832	
20014	0	34584	
20015	0	34336	
20016	0	33916	
20017	0	33368	
20018	0	33076	
20019	0	33184	
20020	0	33656	
20021	0	33896	
20022	0	34280	
20023	0	34472	
20024	0	34544	
20025	0	34104	
20026	0	33808	
20027	0	33896	
20028	0	34748	
20029	0	35716	
20030	0	36012	
20031	0	36144	
20032	0	35962	
20033	0	35336	
20034	0	33976	
20035	0	32440	
20036	0	30828	
20037	0	29360	
20038	0	28680	
20039	0	28648	
20040	0	29032	
20041	0	29432	
20042	0	29864	
20043	0	30512	
20044	0	31552	
20045	0	32508	
20046	0	33224	
20047	0	33280	
20048	0	33212	
20049	0	33056	
20050	0	32940	
20051	0	33140	
20052	0	33372	
20053	0	34048	
20054	0	34552	
20055	0	34876	
20056	0	34796	
20057	0	34772	
20058	0	34128	
20059	0	33096	
20060	0	32340	
20061	0	32248	
20062	0	33152	
20063	0	34592	
20064	0	35696	
20065	0	36512	
20066	0	36524	
20067	0	35840	
20068	0	35612	
20069	0	35700	
20070	0	35960	
20071	0	35776	
20072	0	35564	
20073	0	35396	
20074	0	34892	
20075	0	33920	
20076	0	32336	
20077	0	31040	
20078	0	30112	
20079	0	29648	
20080	0	29968	
20081	0	30568	
20082	0	30676	
20083	0	31000	
20084	0	32456	
20085	0	33192	
20086	0	33480	
20087	0	33712	
20088	0	34228	
20089	0	34576	
20090	0	34680	
20091	0	34164	
20092	0	33068	
20093	0	31816	
20094	0	31016	
20095	0	31204	
20096	0	31408	
20097	0	31728	
20098	0	32188	
20099	0	32880	
20100	0	32904	
20101	0	32672	
20102	0	32112	
20103	0	31632	
20104	0	31876	
20105	0	32456	
20106	0	33280	
20107	0	33748	
20108	0	33904	
20109	0	33940	
20110	0	34024	
20111	0	33996	
20112	0	33504	
20113	0	33592	
20114	0	34248	
20115	0	34208	
20116	0	33696	
20117	0	33448	
20118	0	33328	
20119	0	32912	
20120	0	32668	
20121	0	32444	
20122	0	32364	
20123	0	32096	
20124	0	32032	
20125	0	31544	
20126	0	30516	
20127	0	29100	
20128	0	28476	
20129	0	28180	
20130	0	27824	
20131	0	27720	
20132	0	27932	
20133	0	28332	
20134	0	29148	
20135	0	29652	
20136	0	29456	
20137	0	29292	
20138	0	29456	
20139	0	30268	
20140	0	31168	
20141	0	31938	
20142	0	32448	
20143	0	32744	
20144	0	33020	
20145	0	33044	
20146	0	33376	
20147	0	33580	
20148	0	34104	
20149	0	34308	
20150	0	33856	
20151	0	33357	
20152	0	32632	
20153	0	32384	
20154	0	32064	
20155	0	31832	
20156	0	31976	
20157	0	32372	
20158	0	32776	
20159	0	33052	
20160	0	33392	
20161	0	33620	
20162	0	34224	
20163	0	34940	
20164	0	35156	
20165	0	35232	
20166	0	35348	
20167	0	35408	
20168	0	35096	
20169	0	34816	
20170	0	34552	
20171	0	33984	
20172	0	33360	
20173	0	33056	
20174	0	32708	
20175	0	32032	
20176	0	31512	
20177	0	31368	
20178	0	31348	
20179	0	31196	
20180	0	30944	
20181	0	30824	
20182	0	30888	
20183	0	31228	
20184	0	31880	
20185	0	33336	
20186	0	34680	
20187	0	35708	
20188	0	36380	
20189	0	36256	
20190	0	35840	
20191	0	35400	
20192	0	34756	
20193	0	33804	
20194	0	32792	
20195	0	32364	
20196	0	32144	
20197	0	32572	
20198	0	33100	
20199	0	33254	
20200	0	32772	
20201	0	31464	
20202	0	30132	
20203	0	28888	
20204	0	28188	
20205	0	28598	
20206	0	29680	
20207	0	30416	
20208	0	31028	
20209	0	32076	
20210	0	33232	
20211	0	33880	
20212	0	34340	
20213	0	34828	
20214	0	35472	
20215	0	35612	
20216	0	35416	
20217	0	35176	
20218	0	34396	
20219	0	33848	
20220	0	33520	
20221	0	33324	
20222	0	33936	
20223	0	35148	
20224	0	36672	
20225	0	37840	
20226	0	37872	
20227	0	37572	
20228	0	36528	
20229	0	35268	
20230	0	34120	
20231	0	33344	
20232	0	32881	
20233	0	32036	
20234	0	30988	
20235	0	30076	
20236	0	29080	
20237	0	28468	
20238	0	28416	
20239	0	28744	
20240	0	29408	
20241	0	29984	
20242	0	30276	
20243	0	30004	
20244	0	29928	
20245	0	29908	
20246	0	29668	
20247	0	29768	
20248	0	30136	
20249	0	30420	
20250	0	30968	
20251	0	31368	
20252	0	31860	
20253	0	32148	
20254	0	32276	
20255	0	32612	
20256	0	32856	
20257	0	33064	
20258	0	33216	
20259	0	33464	
20260	0	33056	
20261	0	32248	
20262	0	31856	
20263	0	32332	
20264	0	33180	
20265	0	34424	
20266	0	35392	
20267	0	36024	
20268	0	36608	
20269	0	37256	
20270	0	37620	
20271	0	37240	
20272	0	36892	
20273	0	36952	
20274	0	37620	
20275	0	38348	
20276	0	38888	
20277	0	38888	
20278	0	37976	
20279	0	36324	
20280	0	34376	
20281	0	33336	
20282	0	32508	
20283	0	31864	
20284	0	32108	
20285	0	32724	
20286	0	32916	
20287	0	32884	
20288	0	32816	
20289	0	32676	
20290	0	32376	
20291	0	31720	
20292	0	31904	
20293	0	32764	
20294	0	33508	
20295	0	33988	
20296	0	33688	
20297	0	33244	
20298	0	32956	
20299	0	33016	
20300	0	32420	
20301	0	31856	
20302	0	31840	
20303	0	32452	
20304	0	33116	
20305	0	33556	
20306	0	33648	
20307	0	33848	
20308	0	33796	
20309	0	33744	
20310	0	33720	
20311	0	33752	
20312	0	34008	
20313	0	34484	
20314	0	35160	
20315	0	35520	
20316	0	35492	
20317	0	35680	
20318	0	35328	
20319	0	35060	
20320	0	34968	
20321	0	34508	
20322	0	34168	
20323	0	33536	
20324	0	32920	
20325	0	32612	
20326	0	32824	
20327	0	33576	
20328	0	34200	
20329	0	34572	
20330	0	34704	
20331	0	34648	
20332	0	34216	
20333	0	34504	
20334	0	34936	
20335	0	35196	
20336	0	35420	
20337	0	35460	
20338	0	35396	
20339	0	35056	
20340	0	34292	
20341	0	33624	
20342	0	32828	
20343	0	32232	
20344	0	32160	
20345	0	32384	
20346	0	33096	
20347	0	33692	
20348	0	33744	
20349	0	33412	
20350	0	32824	
20351	0	32762	
20352	0	33112	
20353	0	33072	
20354	0	32908	
20355	0	32800	
20356	0	32504	
20357	0	31616	
20358	0	30752	
20359	0	30964	
20360	0	31252	
20361	0	31624	
20362	0	32180	
20363	0	33080	
20364	0	33584	
20365	0	33536	
20366	0	33208	
20367	0	32856	
20368	0	33040	
20369	0	33608	
20370	0	34284	
20371	0	34820	
20372	0	35004	
20373	0	35648	
20374	0	36560	
20375	0	36908	
20376	0	37224	
20377	0	37192	
20378	0	37628	
20379	0	37684	
20380	0	37044	
20381	0	36080	
20382	0	35764	
20383	0	35708	
20384	0	35240	
20385	0	34624	
20386	0	34144	
20387	0	34248	
20388	0	34484	
20389	0	34458	
20390	0	34680	
20391	0	35048	
20392	0	34988	
20393	0	34356	
20394	0	33744	
20395	0	32964	
20396	0	32322	
20397	0	32052	
20398	0	31912	
20399	0	31740	
20400	0	31400	
20401	0	31112	
20402	0	30496	
20403	0	29624	
20404	0	28744	
20405	0	28432	
20406	0	28808	
20407	0	29324	
20408	0	29920	
20409	0	30176	
20410	0	30724	
20411	0	31536	
20412	0	31500	
20413	0	31176	
20414	0	30450	
20415	0	29408	
20416	0	28428	
20417	0	27800	
20418	0	27632	
20419	0	27920	
20420	0	28572	
20421	0	29616	
20422	0	30676	
20423	0	31444	
20424	0	31624	
20425	0	31832	
20426	0	32188	
20427	0	32520	
20428	0	32596	
20429	0	32604	
20430	0	32176	
20431	0	31900	
20432	0	32040	
20433	0	32252	
20434	0	31844	
20435	0	31128	
20436	0	30420	
20437	0	29980	
20438	0	30136	
20439	0	30568	
20440	0	30900	
20441	0	31492	
20442	0	32240	
20443	0	32496	
20444	0	32432	
20445	0	32276	
20446	0	31872	
20447	0	31528	
20448	0	31176	
20449	0	31228	
20450	0	31596	
20451	0	32280	
20452	0	33004	
20453	0	33496	
20454	0	33332	
20455	0	32608	
20456	0	31672	
20457	0	30888	
20458	0	30532	
20459	0	30964	
20460	0	31420	
20461	0	31820	
20462	0	31944	
20463	0	31500	
20464	0	31144	
20465	0	31056	
20466	0	30984	
20467	0	30690	
20468	0	30356	
20469	0	30132	
20470	0	30280	
20471	0	30264	
20472	0	29928	
20473	0	29072	
20474	0	28988	
20475	0	28780	
20476	0	28616	
20477	0	28360	
20478	0	28112	
20479	0	28160	
20480	0	28648	
20481	0	29524	
20482	0	29632	
20483	0	29272	
20484	0	29156	
20485	0	29636	
20486	0	30644	
20487	0	31488	
20488	0	32264	
20489	0	33108	
20490	0	33740	
20491	0	33732	
20492	0	32816	
20493	0	31612	
20494	0	30152	
20495	0	29344	
20496	0	28644	
20497	0	28252	
20498	0	28156	
20499	0	28520	
20500	0	29112	
20501	0	29300	
20502	0	29428	
20503	0	29288	
20504	0	29296	
20505	0	29200	
20506	0	28984	
20507	0	28524	
20508	0	28548	
20509	0	29160	
20510	0	29768	
20511	0	30440	
20512	0	30972	
20513	0	30988	
20514	0	31204	
20515	0	31674	
20516	0	32196	
20517	0	32112	
20518	0	31292	
20519	0	29960	
20520	0	28796	
20521	0	28464	
20522	0	28728	
20523	0	29064	
20524	0	29740	
20525	0	30240	
20526	0	30856	
20527	0	31400	
20528	0	31956	
20529	0	32604	
20530	0	33368	
20531	0	34300	
20532	0	34960	
20533	0	35124	
20534	0	34980	
20535	0	35160	
20536	0	35444	
20537	0	35404	
20538	0	35204	
20539	0	34984	
20540	0	34048	
20541	0	33108	
20542	0	32020	
20543	0	30956	
20544	0	30340	
20545	0	30052	
20546	0	29712	
20547	0	29736	
20548	0	30276	
20549	0	31016	
20550	0	31888	
20551	0	32312	
20552	0	32792	
20553	0	33356	
20554	0	33728	
20555	0	34010	
20556	0	34168	
20557	0	34216	
20558	0	34368	
20559	0	34224	
20560	0	33988	
20561	0	34012	
20562	0	33952	
20563	0	33664	
20564	0	33240	
20565	0	33264	
20566	0	33600	
20567	0	33504	
20568	0	33076	
20569	0	32584	
20570	0	31876	
20571	0	31560	
20572	0	31276	
20573	0	31720	
20574	0	32492	
20575	0	33452	
20576	0	34116	
20577	0	33636	
20578	0	32668	
20579	0	31932	
20580	0	31996	
20581	0	32492	
20582	0	32992	
20583	0	33352	
20584	0	33716	
20585	0	33984	
20586	0	33952	
20587	0	34064	
20588	0	34168	
20589	0	34436	
20590	0	34740	
20591	0	34592	
20592	0	33964	
20593	0	32924	
20594	0	32784	
20595	0	32280	
20596	0	31624	
20597	0	31248	
20598	0	30400	
20599	0	29560	
20600	0	28892	
20601	0	28180	
20602	0	27736	
20603	0	27552	
20604	0	27860	
20605	0	28354	
20606	0	28508	
20607	0	27528	
20608	0	26432	
20609	0	26204	
20610	0	26460	
20611	0	27080	
20612	0	27956	
20613	0	28500	
20614	0	28792	
20615	0	28884	
20616	0	29044	
20617	0	29276	
20618	0	29328	
20619	0	29132	
20620	0	28956	
20621	0	28992	
20622	0	29368	
20623	0	30120	
20624	0	31112	
20625	0	32312	
20626	0	33688	
20627	0	34464	
20628	0	34580	
20629	0	34332	
20630	0	33976	
20631	0	33808	
20632	0	33560	
20633	0	33440	
20634	0	33760	
20635	0	34192	
20636	0	34444	
20637	0	34732	
20638	0	34820	
20639	0	34708	
20640	0	34600	
20641	0	34072	
20642	0	33712	
20643	0	32844	
20644	0	32328	
20645	0	32640	
20646	0	32520	
20647	0	32612	
20648	0	33048	
20649	0	33480	
20650	0	34204	
20651	0	34708	
20652	0	35076	
20653	0	35612	
20654	0	35996	
20655	0	35744	
20656	0	34904	
20657	0	33668	
20658	0	32532	
20659	0	31496	
20660	0	30556	
20661	0	29796	
20662	0	29056	
20663	0	28580	
20664	0	28752	
20665	0	29640	
20666	0	30592	
20667	0	31508	
20668	0	32468	
20669	0	32840	
20670	0	32712	
20671	0	32736	
20672	0	32748	
20673	0	32540	
20674	0	32248	
20675	0	32012	
20676	0	32366	
20677	0	32660	
20678	0	32224	
20679	0	31996	
20680	0	32180	
20681	0	32796	
20682	0	33652	
20683	0	34292	
20684	0	34576	
20685	0	34208	
20686	0	33284	
20687	0	31948	
20688	0	31266	
20689	0	31700	
20690	0	32160	
20691	0	32444	
20692	0	32528	
20693	0	32640	
20694	0	32972	
20695	0	32808	
20696	0	32444	
20697	0	31988	
20698	0	31448	
20699	0	31232	
20700	0	30976	
20701	0	30440	
20702	0	29780	
20703	0	29442	
20704	0	29592	
20705	0	29744	
20706	0	30064	
20707	0	30313	
20708	0	30320	
20709	0	30364	
20710	0	30816	
20711	0	31800	
20712	0	32940	
20713	0	33720	
20714	0	34472	
20715	0	35144	
20716	0	35208	
20717	0	34732	
20718	0	34224	
20719	0	33200	
20720	0	32116	
20721	0	31292	
20722	0	31372	
20723	0	32392	
20724	0	33376	
20725	0	33764	
20726	0	33508	
20727	0	33176	
20728	0	33018	
20729	0	33180	
20730	0	33140	
20731	0	32800	
20732	0	32480	
20733	0	32520	
20734	0	32448	
20735	0	32028	
20736	0	31784	
20737	0	31632	
20738	0	31328	
20739	0	31080	
20740	0	31300	
20741	0	31516	
20742	0	31800	
20743	0	32928	
20744	0	34328	
20745	0	35444	
20746	0	35660	
20747	0	35400	
20748	0	35448	
20749	0	35904	
20750	0	37072	
20751	0	38200	
20752	0	38756	
20753	0	39080	
20754	0	38792	
20755	0	38672	
20756	0	38280	
20757	0	37812	
20758	0	37252	
20759	0	36988	
20760	0	36604	
20761	0	36044	
20762	0	35096	
20763	0	34100	
20764	0	33288	
20765	0	32768	
20766	0	32732	
20767	0	32808	
20768	0	32780	
20769	0	33360	
20770	0	33436	
20771	0	33372	
20772	0	33236	
20773	0	33232	
20774	0	33536	
20775	0	33608	
20776	0	33524	
20777	0	33796	
20778	0	34748	
20779	0	35064	
20780	0	35024	
20781	0	35236	
20782	0	35520	
20783	0	35220	
20784	0	34704	
20785	0	34008	
20786	0	33484	
20787	0	33568	
20788	0	33896	
20789	0	34408	
20790	0	34988	
20791	0	34912	
20792	0	34320	
20793	0	33788	
20794	0	33732	
20795	0	33668	
20796	0	33488	
20797	0	33784	
20798	0	35116	
20799	0	36476	
20800	0	37372	
20801	0	37644	
20802	0	37628	
20803	0	37712	
20804	0	37664	
20805	0	37200	
20806	0	36876	
20807	0	36576	
20808	0	37064	
20809	0	37768	
20810	0	38568	
20811	0	39224	
20812	0	39488	
20813	0	39632	
20814	0	38980	
20815	0	38264	
20816	0	37800	
20817	0	37320	
20818	0	36840	
20819	0	36144	
20820	0	35052	
20821	0	34164	
20822	0	33820	
20823	0	33820	
20824	0	34084	
20825	0	34048	
20826	0	33864	
20827	0	33696	
20828	0	33216	
20829	0	32624	
20830	0	32436	
20831	0	32496	
20832	0	32744	
20833	0	32904	
20834	0	32836	
20835	0	32776	
20836	0	32584	
20837	0	32496	
20838	0	32120	
20839	0	31276	
20840	0	30804	
20841	0	30208	
20842	0	30112	
20843	0	30876	
20844	0	32036	
20845	0	33624	
20846	0	35276	
20847	0	36496	
20848	0	36870	
20849	0	36200	
20850	0	35252	
20851	0	34264	
20852	0	33180	
20853	0	32508	
20854	0	32400	
20855	0	32344	
20856	0	32328	
20857	0	32024	
20858	0	31832	
20859	0	31920	
20860	0	31816	
20861	0	31136	
20862	0	30256	
20863	0	29788	
20864	0	29360	
20865	0	28856	
20866	0	29044	
20867	0	29880	
20868	0	30720	
20869	0	31516	
20870	0	32672	
20871	0	33928	
20872	0	34336	
20873	0	33936	
20874	0	33228	
20875	0	32860	
20876	0	33520	
20877	0	34056	
20878	0	34564	
20879	0	35092	
20880	0	35076	
20881	0	35040	
20882	0	35140	
20883	0	35148	
20884	0	34956	
20885	0	34416	
20886	0	33536	
20887	0	32440	
20888	0	32148	
20889	0	32448	
20890	0	32736	
20891	0	32688	
20892	0	32460	
20893	0	31936	
20894	0	31428	
20895	0	31020	
20896	0	31012	
20897	0	31056	
20898	0	31404	
20899	0	31552	
20900	0	31228	
20901	0	31008	
20902	0	30724	
20903	0	30972	
20904	0	31132	
20905	0	31808	
20906	0	31900	
20907	0	32160	
20908	0	32748	
20909	0	33336	
20910	0	33712	
20911	0	33864	
20912	0	32992	
20913	0	31764	
20914	0	30800	
20915	0	30444	
20916	0	30816	
20917	0	31194	
20918	0	31532	
20919	0	31660	
20920	0	31420	
20921	0	31276	
20922	0	31416	
20923	0	31684	
20924	0	32048	
20925	0	32152	
20926	0	31634	
20927	0	31376	
20928	0	31568	
20929	0	32016	
20930	0	32656	
20931	0	33376	
20932	0	34048	
20933	0	34724	
20934	0	34904	
20935	0	35068	
20936	0	34604	
20937	0	33788	
20938	0	33256	
20939	0	33052	
20940	0	33000	
20941	0	33200	
20942	0	33336	
20943	0	33504	
20944	0	33960	
20945	0	33792	
20946	0	33876	
20947	0	34268	
20948	0	34564	
20949	0	34568	
20950	0	34824	
20951	0	34968	
20952	0	34672	
20953	0	34200	
20954	0	33620	
20955	0	32992	
20956	0	32536	
20957	0	32444	
20958	0	32220	
20959	0	31864	
20960	0	31476	
20961	0	31568	
20962	0	31500	
20963	0	30896	
20964	0	30408	
20965	0	29936	
20966	0	29752	
20967	0	29756	
20968	0	29932	
20969	0	31072	
20970	0	32352	
20971	0	33208	
20972	0	33064	
20973	0	32528	
20974	0	31978	
20975	0	31272	
20976	0	30624	
20977	0	30304	
20978	0	29912	
20979	0	30024	
20980	0	30440	
20981	0	30944	
20982	0	31272	
20983	0	31236	
20984	0	30588	
20985	0	30400	
20986	0	30584	
20987	0	30944	
20988	0	31000	
20989	0	31436	
20990	0	32208	
20991	0	33288	
20992	0	33832	
20993	0	33664	
20994	0	33120	
20995	0	32162	
20996	0	31132	
20997	0	30364	
20998	0	29844	
20999	0	29472	
21000	0	29292	
21001	0	29340	
21002	0	29876	
21003	0	30784	
21004	0	31296	
21005	0	31304	
21006	0	31044	
21007	0	30840	
21008	0	30732	
21009	0	31104	
21010	0	31376	
21011	0	31373	
21012	0	31072	
21013	0	30792	
21014	0	30444	
21015	0	30036	
21016	0	29428	
21017	0	29224	
21018	0	29388	
21019	0	29708	
21020	0	30004	
21021	0	30640	
21022	0	31280	
21023	0	31944	
21024	0	32096	
21025	0	32108	
21026	0	32080	
21027	0	32240	
21028	0	32484	
21029	0	32284	
21030	0	31844	
21031	0	31232	
21032	0	30580	
21033	0	30272	
21034	0	30452	
21035	0	30800	
21036	0	30688	
21037	0	30304	
21038	0	30340	
21039	0	30520	
21040	0	30800	
21041	0	30924	
21042	0	31400	
21043	0	31880	
21044	0	32144	
21045	0	32628	
21046	0	33136	
21047	0	33500	
21048	0	33756	
21049	0	34232	
21050	0	34228	
21051	0	33664	
21052	0	32764	
21053	0	31852	
21054	0	31312	
21055	0	31132	
21056	0	31224	
21057	0	31428	
21058	0	31164	
21059	0	30760	
21060	0	30532	
21061	0	30444	
21062	0	30848	
21063	0	31636	
21064	0	32656	
21065	0	33304	
21066	0	33256	
21067	0	32684	
21068	0	32228	
21069	0	31888	
21070	0	31788	
21071	0	31633	
21072	0	31176	
21073	0	31008	
21074	0	31460	
21075	0	31820	
21076	0	32464	
21077	0	33028	
21078	0	33172	
21079	0	33124	
21080	0	32797	
21081	0	32044	
21082	0	30988	
21083	0	30480	
21084	0	30428	
21085	0	30712	
21086	0	31116	
21087	0	31516	
21088	0	32004	
21089	0	32800	
21090	0	33288	
21091	0	33356	
21092	0	33272	
21093	0	32800	
21094	0	32164	
21095	0	31804	
21096	0	32208	
21097	0	32672	
21098	0	33832	
21099	0	35104	
21100	0	35616	
21101	0	35516	
21102	0	35724	
21103	0	35480	
21104	0	35148	
21105	0	34432	
21106	0	33576	
21107	0	32720	
21108	0	31504	
21109	0	30456	
21110	0	30240	
21111	0	30232	
21112	0	30492	
21113	0	30516	
21114	0	30448	
21115	0	30272	
21116	0	30496	
21117	0	31492	
21118	0	33100	
21119	0	34412	
21120	0	35008	
21121	0	34436	
21122	0	33016	
21123	0	31568	
21124	0	30944	
21125	0	31184	
21126	0	31156	
21127	0	31160	
21128	0	31072	
21129	0	30892	
21130	0	30164	
21131	0	29632	
21132	0	29664	
21133	0	30296	
21134	0	31264	
21135	0	32116	
21136	0	32800	
21137	0	33024	
21138	0	33020	
21139	0	32996	
21140	0	33032	
21141	0	33036	
21142	0	33128	
21143	0	32592	
21144	0	31996	
21145	0	31632	
21146	0	31364	
21147	0	31536	
21148	0	31948	
21149	0	31912	
21150	0	32068	
21151	0	32656	
21152	0	32604	
21153	0	32684	
21154	0	32232	
21155	0	31792	
21156	0	31528	
21157	0	31112	
21158	0	30900	
21159	0	31008	
21160	0	31220	
21161	0	31616	
21162	0	32120	
21163	0	32274	
21164	0	32204	
21165	0	32284	
21166	0	32704	
21167	0	33052	
21168	0	33420	
21169	0	33592	
21170	0	33564	
21171	0	33744	
21172	0	33540	
21173	0	33032	
21174	0	32532	
21175	0	32276	
21176	0	32204	
21177	0	32148	
21178	0	32432	
21179	0	33128	
21180	0	33472	
21181	0	33112	
21182	0	32488	
21183	0	32492	
21184	0	33080	
21185	0	34132	
21186	0	35212	
21187	0	36092	
21188	0	36128	
21189	0	35956	
21190	0	35780	
21191	0	35280	
21192	0	34948	
21193	0	35116	
21194	0	35524	
21195	0	35924	
21196	0	36416	
21197	0	36308	
21198	0	35760	
21199	0	34816	
21200	0	33728	
21201	0	33124	
21202	0	32552	
21203	0	31804	
21204	0	31238	
21205	0	30952	
21206	0	30952	
21207	0	31192	
21208	0	31808	
21209	0	32312	
21210	0	32508	
21211	0	32736	
21212	0	32488	
21213	0	32048	
21214	0	31720	
21215	0	31500	
21216	0	31656	
21217	0	31560	
21218	0	31336	
21219	0	30752	
21220	0	30264	
21221	0	29617	
21222	0	28920	
21223	0	28264	
21224	0	27752	
21225	0	27408	
21226	0	27196	
21227	0	27492	
21228	0	27540	
21229	0	27576	
21230	0	27968	
21231	0	27748	
21232	0	27508	
21233	0	27356	
21234	0	26904	
21235	0	26644	
21236	0	26632	
21237	0	26628	
21238	0	26396	
21239	0	26548	
21240	0	27160	
21241	0	27686	
21242	0	28628	
21243	0	29728	
21244	0	30380	
21245	0	30436	
21246	0	30620	
21247	0	31332	
21248	0	31936	
21249	0	32164	
21250	0	32296	
21251	0	32132	
21252	0	31952	
21253	0	32016	
21254	0	31824	
21255	0	31556	
21256	0	31512	
21257	0	31560	
21258	0	31352	
21259	0	31280	
21260	0	31560	
21261	0	32336	
21262	0	33332	
21263	0	34244	
21264	0	34284	
21265	0	34632	
21266	0	34380	
21267	0	34076	
21268	0	33468	
21269	0	33256	
21270	0	33324	
21271	0	33156	
21272	0	33016	
21273	0	32996	
21274	0	32960	
21275	0	33072	
21276	0	33216	
21277	0	33132	
21278	0	32596	
21279	0	32148	
21280	0	31948	
21281	0	32160	
21282	0	32692	
21283	0	33420	
21284	0	34092	
21285	0	35568	
21286	0	36548	
21287	0	36824	
21288	0	36844	
21289	0	36344	
21290	0	35508	
21291	0	34776	
21292	0	33948	
21293	0	33040	
21294	0	32476	
21295	0	33096	
21296	0	33180	
21297	0	32602	
21298	0	32820	
21299	0	33364	
21300	0	34044	
21301	0	34864	
21302	0	35640	
21303	0	36308	
21304	0	36656	
21305	0	36732	
21306	0	36764	
21307	0	36952	
21308	0	36804	
21309	0	36600	
21310	0	36264	
21311	0	36200	
21312	0	36656	
21313	0	37424	
21314	0	37912	
21315	0	37912	
21316	0	37692	
21317	0	37584	
21318	0	37712	
21319	0	38116	
21320	0	38068	
21321	0	37704	
21322	0	37056	
21323	0	36116	
21324	0	35496	
21325	0	34904	
21326	0	34612	
21327	0	34828	
21328	0	34784	
21329	0	34384	
21330	0	34312	
21331	0	34504	
21332	0	34712	
21333	0	34628	
21334	0	34416	
21335	0	34504	
21336	0	34492	
21337	0	34004	
21338	0	33604	
21339	0	33508	
21340	0	33288	
21341	0	32864	
21342	0	32580	
21343	0	32312	
21344	0	32096	
21345	0	31812	
21346	0	31956	
21347	0	32380	
21348	0	32792	
21349	0	32984	
21350	0	32972	
21351	0	32608	
21352	0	32096	
21353	0	31500	
21354	0	31152	
21355	0	31276	
21356	0	30972	
21357	0	30384	
21358	0	29900	
21359	0	30086	
21360	0	30900	
21361	0	31876	
21362	0	33044	
21363	0	34220	
21364	0	34936	
21365	0	34940	
21366	0	34720	
21367	0	33970	
21368	0	33384	
21369	0	33228	
21370	0	33380	
21371	0	33604	
21372	0	33740	
21373	0	34000	
21374	0	34380	
21375	0	34460	
21376	0	34008	
21377	0	33380	
21378	0	32784	
21379	0	31692	
21380	0	30960	
21381	0	30924	
21382	0	31120	
21383	0	31084	
21384	0	30384	
21385	0	29792	
21386	0	29676	
21387	0	29744	
21388	0	30252	
21389	0	30768	
21390	0	30868	
21391	0	30784	
21392	0	30796	
21393	0	30948	
21394	0	31212	
21395	0	31404	
21396	0	31248	
21397	0	31472	
21398	0	32348	
21399	0	32664	
21400	0	32852	
21401	0	32688	
21402	0	32340	
21403	0	32032	
21404	0	31638	
21405	0	31560	
21406	0	31568	
21407	0	31148	
21408	0	30412	
21409	0	30084	
21410	0	30016	
21411	0	30088	
21412	0	30440	
21413	0	30240	
21414	0	30148	
21415	0	30300	
21416	0	30560	
21417	0	30388	
21418	0	29776	
21419	0	29036	
21420	0	28284	
21421	0	27620	
21422	0	26856	
21423	0	26540	
21424	0	27324	
21425	0	28848	
21426	0	30380	
21427	0	31868	
21428	0	32632	
21429	0	32532	
21430	0	32000	
21431	0	31780	
21432	0	31940	
21433	0	32128	
21434	0	32420	
21435	0	32556	
21436	0	32244	
21437	0	31924	
21438	0	31552	
21439	0	30978	
21440	0	30348	
21441	0	30084	
21442	0	30096	
21443	0	29776	
21444	0	29424	
21445	0	29738	
21446	0	30240	
21447	0	30844	
21448	0	30972	
21449	0	30826	
21450	0	30284	
21451	0	29748	
21452	0	29464	
21453	0	29464	
21454	0	29552	
21455	0	29948	
21456	0	30602	
21457	0	30488	
21458	0	30216	
21459	0	30496	
21460	0	31144	
21461	0	31180	
21462	0	31012	
21463	0	31164	
21464	0	31576	
21465	0	31788	
21466	0	31752	
21467	0	32228	
21468	0	32872	
21469	0	33460	
21470	0	33640	
21471	0	33564	
21472	0	33152	
21473	0	32876	
21474	0	32680	
21475	0	31596	
21476	0	30552	
21477	0	29812	
21478	0	29136	
21479	0	28756	
21480	0	28840	
21481	0	29172	
21482	0	29320	
21483	0	29480	
21484	0	29828	
21485	0	30104	
21486	0	30124	
21487	0	30616	
21488	0	30884	
21489	0	31284	
21490	0	32064	
21491	0	33016	
21492	0	33800	
21493	0	34520	
21494	0	34724	
21495	0	34064	
21496	0	33260	
21497	0	32688	
21498	0	32032	
21499	0	31328	
21500	0	30900	
21501	0	31412	
21502	0	32304	
21503	0	32120	
21504	0	32020	
21505	0	32008	
21506	0	31996	
21507	0	31924	
21508	0	32404	
21509	0	33624	
21510	0	34120	
21511	0	34004	
21512	0	33776	
21513	0	33696	
21514	0	33616	
21515	0	33796	
21516	0	33564	
21517	0	33068	
21518	0	33000	
21519	0	33437	
21520	0	34056	
21521	0	34084	
21522	0	33732	
21523	0	33396	
21524	0	32760	
21525	0	32252	
21526	0	31884	
21527	0	31408	
21528	0	31128	
21529	0	31256	
21530	0	32040	
21531	0	32896	
21532	0	33570	
21533	0	33828	
21534	0	33660	
21535	0	33068	
21536	0	32708	
21537	0	32736	
21538	0	32492	
21539	0	32328	
21540	0	32277	
21541	0	32320	
21542	0	32628	
21543	0	32680	
21544	0	32708	
21545	0	32244	
21546	0	32152	
21547	0	32516	
21548	0	32664	
21549	0	33204	
21550	0	33760	
21551	0	34180	
21552	0	35152	
21553	0	36236	
21554	0	37124	
21555	0	37088	
21556	0	36088	
21557	0	34492	
21558	0	33180	
21559	0	32728	
21560	0	32644	
21561	0	32540	
21562	0	32588	
21563	0	32904	
21564	0	33180	
21565	0	33324	
21566	0	33328	
21567	0	33256	
21568	0	33328	
21569	0	33432	
21570	0	33420	
21571	0	33432	
21572	0	33524	
21573	0	33980	
21574	0	34380	
21575	0	34624	
21576	0	34596	
21577	0	34520	
21578	0	34712	
21579	0	34872	
21580	0	34876	
21581	0	34980	
21582	0	34940	
21583	0	34760	
21584	0	33848	
21585	0	32976	
21586	0	32600	
21587	0	32484	
21588	0	32400	
21589	0	32320	
21590	0	31816	
21591	0	30800	
21592	0	30288	
21593	0	30256	
21594	0	31268	
21595	0	33344	
21596	0	35400	
21597	0	36656	
21598	0	37280	
21599	0	36472	
21600	0	34916	
21601	0	33268	
21602	0	31304	
21603	0	29712	
21604	0	28572	
21605	0	28320	
21606	0	28904	
21607	0	29284	
21608	0	30352	
21609	0	31572	
21610	0	32608	
21611	0	32984	
21612	0	32984	
21613	0	32852	
21614	0	32476	
21615	0	31932	
21616	0	31500	
21617	0	31168	
21618	0	31220	
21619	0	31416	
21620	0	31488	
21621	0	31808	
21622	0	32028	
21623	0	32296	
21624	0	32300	
21625	0	32224	
21626	0	32472	
21627	0	32852	
21628	0	33456	
21629	0	33864	
21630	0	34344	
21631	0	34864	
21632	0	35136	
21633	0	34852	
21634	0	34544	
21635	0	34112	
21636	0	33532	
21637	0	32996	
21638	0	31992	
21639	0	31088	
21640	0	31168	
21641	0	31484	
21642	0	32348	
21643	0	33836	
21644	0	35344	
21645	0	36064	
21646	0	36016	
21647	0	35696	
21648	0	35212	
21649	0	35248	
21650	0	35400	
21651	0	35692	
21652	0	36036	
21653	0	36236	
21654	0	36180	
21655	0	36128	
21656	0	36216	
21657	0	36028	
21658	0	35728	
21659	0	35176	
21660	0	34632	
21661	0	34696	
21662	0	35148	
21663	0	36128	
21664	0	37332	
21665	0	38296	
21666	0	38648	
21667	0	38660	
21668	0	38432	
21669	0	38016	
21670	0	37796	
21671	0	37288	
21672	0	36448	
21673	0	35608	
21674	0	35248	
21675	0	34992	
21676	0	35144	
21677	0	35412	
21678	0	36072	
21679	0	36384	
21680	0	36048	
21681	0	35560	
21682	0	35040	
21683	0	34528	
21684	0	33940	
21685	0	33672	
21686	0	34224	
21687	0	35484	
21688	0	37060	
21689	0	38248	
21690	0	38612	
21691	0	38292	
21692	0	37664	
21693	0	36960	
21694	0	36184	
21695	0	35008	
21696	0	33952	
21697	0	33312	
21698	0	32868	
21699	0	33196	
21700	0	33256	
21701	0	33196	
21702	0	33612	
21703	0	33768	
21704	0	33832	
21705	0	33780	
21706	0	33508	
21707	0	33268	
21708	0	33484	
21709	0	33476	
21710	0	33364	
21711	0	32824	
21712	0	32552	
21713	0	32888	
21714	0	33104	
21715	0	33084	
21716	0	32812	
21717	0	32936	
21718	0	33336	
21719	0	33556	
21720	0	33960	
21721	0	33716	
21722	0	33208	
21723	0	33080	
21724	0	32784	
21725	0	32816	
21726	0	33164	
21727	0	33368	
21728	0	33376	
21729	0	33178	
21730	0	32844	
21731	0	32400	
21732	0	32220	
21733	0	31824	
21734	0	31868	
21735	0	31768	
21736	0	31736	
21737	0	31525	
21738	0	31376	
21739	0	31356	
21740	0	31472	
21741	0	31768	
21742	0	32532	
21743	0	32996	
21744	0	33412	
21745	0	33400	
21746	0	33380	
21747	0	33196	
21748	0	33092	
21749	0	33632	
21750	0	34344	
21751	0	35040	
21752	0	36252	
21753	0	36616	
21754	0	36448	
21755	0	35560	
21756	0	34228	
21757	0	33064	
21758	0	31760	
21759	0	29940	
21760	0	28080	
21761	0	26544	
21762	0	25796	
21763	0	27200	
21764	0	30784	
21765	0	33512	
21766	0	34536	
21767	0	34344	
21768	0	34232	
21769	0	34128	
21770	0	33920	
21771	0	33336	
21772	0	32928	
21773	0	32792	
21774	0	33372	
21775	0	34380	
21776	0	35552	
21777	0	35684	
21778	0	34792	
21779	0	33828	
21780	0	32356	
21781	0	31416	
21782	0	31396	
21783	0	31264	
21784	0	31820	
21785	0	32348	
21786	0	32696	
21787	0	32712	
21788	0	32544	
21789	0	32140	
21790	0	31960	
21791	0	32184	
21792	0	32468	
21793	0	32648	
21794	0	32300	
21795	0	32576	
21796	0	33172	
21797	0	33120	
21798	0	32828	
21799	0	32624	
21800	0	32560	
21801	0	32556	
21802	0	32620	
21803	0	32960	
21804	0	33292	
21805	0	33460	
21806	0	33548	
21807	0	34100	
21808	0	34760	
21809	0	35664	
21810	0	36436	
21811	0	36736	
21812	0	36888	
21813	0	36456	
21814	0	35592	
21815	0	34348	
21816	0	33192	
21817	0	32320	
21818	0	31860	
21819	0	32020	
21820	0	32936	
21821	0	34716	
21822	0	36424	
21823	0	37376	
21824	0	37416	
21825	0	37416	
21826	0	38064	
21827	0	38812	
21828	0	39640	
21829	0	40200	
21830	0	39972	
21831	0	39600	
21832	0	39240	
21833	0	38864	
21834	0	38236	
21835	0	37636	
21836	0	37188	
21837	0	36804	
21838	0	36500	
21839	0	36224	
21840	0	35984	
21841	0	35588	
21842	0	35416	
21843	0	35656	
21844	0	36124	
21845	0	36660	
21846	0	37268	
21847	0	37836	
21848	0	37780	
21849	0	37600	
21850	0	37504	
21851	0	37480	
21852	0	37524	
21853	0	37160	
21854	0	37456	
21855	0	37192	
21856	0	36456	
21857	0	36080	
21858	0	36436	
21859	0	36788	
21860	0	36712	
21861	0	36292	
21862	0	35800	
21863	0	35844	
21864	0	36188	
21865	0	36716	
21866	0	37520	
21867	0	38268	
21868	0	39240	
21869	0	39704	
21870	0	39192	
21871	0	37576	
21872	0	36020	
21873	0	35228	
21874	0	35104	
21875	0	34876	
21876	0	33980	
21877	0	33104	
21878	0	32300	
21879	0	31916	
21880	0	32036	
21881	0	31948	
21882	0	31820	
21883	0	31760	
21884	0	31624	
21885	0	31736	
21886	0	31960	
21887	0	32760	
21888	0	33480	
21889	0	33808	
21890	0	33844	
21891	0	33676	
21892	0	33568	
21893	0	33136	
21894	0	32480	
21895	0	32312	
21896	0	32192	
21897	0	31956	
21898	0	31312	
21899	0	30684	
21900	0	30488	
21901	0	30888	
21902	0	31594	
21903	0	32896	
21904	0	33560	
21905	0	33864	
21906	0	34352	
21907	0	34760	
21908	0	35080	
21909	0	35640	
21910	0	36304	
21911	0	37064	
21912	0	37020	
21913	0	36504	
21914	0	36056	
21915	0	35416	
21916	0	34800	
21917	0	34472	
21918	0	34320	
21919	0	34008	
21920	0	34152	
21921	0	34128	
21922	0	34004	
21923	0	33436	
21924	0	32632	
21925	0	32488	
21926	0	32312	
21927	0	32472	
21928	0	33004	
21929	0	33336	
21930	0	33632	
21931	0	33984	
21932	0	34076	
21933	0	34348	
21934	0	34272	
21935	0	33860	
21936	0	33184	
21937	0	32712	
21938	0	32604	
21939	0	32496	
21940	0	32268	
21941	0	32084	
21942	0	31296	
21943	0	30580	
21944	0	30676	
21945	0	30968	
21946	0	31300	
21947	0	31944	
21948	0	32892	
21949	0	33604	
21950	0	33780	
21951	0	34032	
21952	0	33956	
21953	0	34160	
21954	0	34660	
21955	0	34740	
21956	0	34688	
21957	0	34880	
21958	0	35212	
21959	0	35032	
21960	0	34460	
21961	0	33672	
21962	0	32396	
21963	0	31412	
21964	0	30496	
21965	0	29376	
21966	0	28572	
21967	0	27752	
21968	0	27552	
21969	0	27360	
21970	0	27268	
21971	0	27500	
21972	0	28464	
21973	0	29716	
21974	0	30252	
21975	0	30268	
21976	0	29760	
21977	0	29384	
21978	0	28952	
21979	0	28244	
21980	0	28164	
21981	0	28252	
21982	0	28096	
21983	0	28452	
21984	0	29380	
21985	0	30720	
21986	0	32164	
21987	0	32904	
21988	0	33220	
21989	0	33328	
21990	0	33720	
21991	0	34232	
21992	0	34258	
21993	0	34232	
21994	0	33732	
21995	0	33184	
21996	0	32552	
21997	0	32256	
21998	0	32284	
21999	0	32636	
22000	0	32652	
22001	0	32400	
22002	0	31564	
22003	0	30924	
22004	0	30360	
22005	0	30184	
22006	0	30216	
22007	0	30804	
22008	0	32212	
22009	0	33388	
22010	0	33764	
22011	0	33976	
22012	0	34272	
22013	0	34636	
22014	0	34820	
22015	0	34508	
22016	0	34232	
22017	0	33960	
22018	0	33552	
22019	0	33300	
22020	0	33296	
22021	0	33888	
22022	0	34420	
22023	0	34544	
22024	0	34556	
22025	0	34540	
22026	0	34656	
22027	0	34640	
22028	0	35216	
22029	0	35656	
22030	0	35588	
22031	0	34992	
22032	0	34452	
22033	0	33876	
22034	0	33720	
22035	0	33516	
22036	0	34160	
22037	0	34900	
22038	0	35464	
22039	0	35760	
22040	0	35856	
22041	0	35800	
22042	0	35872	
22043	0	35368	
22044	0	34636	
22045	0	34716	
22046	0	34508	
22047	0	34084	
22048	0	34200	
22049	0	34574	
22050	0	34540	
22051	0	33920	
22052	0	33432	
22053	0	32892	
22054	0	32824	
22055	0	32624	
22056	0	32172	
22057	0	31376	
22058	0	30980	
22059	0	30552	
22060	0	30248	
22061	0	30144	
22062	0	30316	
22063	0	30620	
22064	0	30560	
22065	0	30248	
22066	0	30496	
22067	0	31540	
22068	0	33072	
22069	0	34336	
22070	0	34912	
22071	0	35440	
22072	0	36212	
22073	0	35848	
22074	0	34874	
22075	0	33744	
22076	0	32780	
22077	0	32200	
22078	0	31760	
22079	0	31728	
22080	0	31832	
22081	0	31752	
22082	0	31876	
22083	0	31480	
22084	0	30700	
22085	0	30064	
22086	0	29572	
22087	0	29480	
22088	0	29616	
22089	0	30160	
22090	0	30540	
22091	0	30464	
22092	0	30776	
22093	0	30964	
22094	0	30860	
22095	0	30096	
22096	0	28976	
22097	0	28132	
22098	0	28234	
22099	0	29530	
22100	0	30556	
22101	0	30996	
22102	0	30500	
22103	0	29832	
22104	0	29604	
22105	0	29440	
22106	0	29600	
22107	0	30300	
22108	0	31096	
22109	0	31820	
22110	0	32992	
22111	0	34144	
22112	0	35080	
22113	0	35384	
22114	0	35520	
22115	0	35700	
22116	0	35920	
22117	0	36016	
22118	0	36192	
22119	0	36140	
22120	0	35960	
22121	0	35556	
22122	0	34724	
22123	0	33988	
22124	0	33336	
22125	0	33236	
22126	0	32568	
22127	0	31936	
22128	0	31052	
22129	0	30544	
22130	0	30544	
22131	0	30832	
22132	0	31272	
22133	0	31488	
22134	0	31836	
22135	0	31402	
22136	0	30964	
22137	0	30620	
22138	0	29996	
22139	0	29752	
22140	0	29718	
22141	0	29720	
22142	0	30204	
22143	0	30800	
22144	0	31152	
22145	0	31336	
22146	0	33644	
22147	0	36544	
22148	0	37448	
22149	0	36436	
22150	0	34124	
22151	0	32148	
22152	0	31116	
22153	0	30492	
22154	0	30372	
22155	0	30656	
22156	0	31032	
22157	0	30836	
22158	0	30716	
22159	0	30764	
22160	0	30568	
22161	0	30008	
22162	0	29216	
22163	0	28384	
22164	0	27810	
22165	0	28112	
22166	0	29364	
22167	0	30996	
22168	0	31956	
22169	0	32308	
22170	0	32344	
22171	0	32280	
22172	0	31916	
22173	0	31912	
22174	0	31792	
22175	0	31392	
22176	0	30612	
22177	0	30128	
22178	0	29512	
22179	0	29604	
22180	0	30184	
22181	0	30880	
22182	0	31960	
22183	0	33588	
22184	0	34672	
22185	0	33812	
22186	0	32712	
22187	0	31644	
22188	0	30608	
22189	0	30112	
22190	0	30528	
22191	0	31698	
22192	0	32848	
22193	0	33608	
22194	0	34280	
22195	0	34652	
22196	0	34592	
22197	0	34112	
22198	0	33356	
22199	0	32572	
22200	0	32076	
22201	0	31958	
22202	0	31904	
22203	0	31856	
22204	0	32256	
22205	0	33712	
22206	0	34536	
22207	0	34508	
22208	0	34328	
22209	0	33792	
22210	0	33104	
22211	0	32848	
22212	0	32884	
22213	0	33188	
22214	0	33012	
22215	0	32688	
22216	0	32440	
22217	0	32368	
22218	0	32576	
22219	0	32532	
22220	0	31984	
22221	0	31500	
22222	0	31060	
22223	0	30156	
22224	0	29564	
22225	0	29548	
22226	0	30068	
22227	0	31000	
22228	0	31952	
22229	0	32628	
22230	0	32752	
22231	0	32328	
22232	0	31664	
22233	0	30816	
22234	0	30072	
22235	0	29572	
22236	0	29724	
22237	0	30224	
22238	0	30828	
22239	0	31208	
22240	0	31632	
22241	0	31656	
22242	0	31832	
22243	0	31768	
22244	0	31752	
22245	0	31668	
22246	0	31708	
22247	0	31664	
22248	0	31776	
22249	0	31848	
22250	0	31976	
22251	0	32412	
22252	0	33128	
22253	0	33568	
22254	0	33428	
22255	0	33084	
22256	0	32392	
22257	0	31560	
22258	0	30944	
22259	0	30744	
22260	0	31140	
22261	0	31300	
22262	0	31900	
22263	0	32428	
22264	0	32744	
22265	0	33508	
22266	0	34536	
22267	0	35316	
22268	0	35312	
22269	0	34864	
22270	0	34356	
22271	0	33780	
22272	0	33176	
22273	0	32660	
22274	0	32624	
22275	0	32516	
22276	0	32264	
22277	0	31488	
22278	0	30592	
22279	0	30056	
22280	0	30052	
22281	0	30292	
22282	0	30600	
22283	0	31312	
22284	0	31776	
22285	0	31584	
22286	0	31632	
22287	0	31817	
22288	0	32032	
22289	0	32460	
22290	0	32544	
22291	0	32252	
22292	0	31768	
22293	0	31408	
22294	0	30976	
22295	0	31000	
22296	0	31016	
22297	0	30736	
22298	0	30776	
22299	0	31020	
22300	0	31152	
22301	0	31128	
22302	0	30832	
22303	0	30616	
22304	0	30616	
22305	0	30404	
22306	0	30164	
22307	0	29904	
22308	0	29760	
22309	0	29624	
22310	0	29916	
22311	0	30616	
22312	0	31672	
22313	0	32984	
22314	0	33944	
22315	0	34060	
22316	0	33776	
22317	0	33424	
22318	0	33108	
22319	0	32816	
22320	0	33256	
22321	0	33792	
22322	0	34616	
22323	0	35784	
22324	0	36360	
22325	0	36756	
22326	0	37152	
22327	0	37192	
22328	0	36420	
22329	0	35784	
22330	0	35380	
22331	0	35308	
22332	0	35640	
22333	0	36008	
22334	0	36060	
22335	0	35584	
22336	0	34592	
22337	0	33316	
22338	0	32004	
22339	0	31112	
22340	0	31088	
22341	0	31384	
22342	0	31864	
22343	0	32532	
22344	0	33168	
22345	0	33920	
22346	0	34036	
22347	0	33636	
22348	0	33640	
22349	0	33916	
22350	0	33776	
22351	0	33360	
22352	0	32836	
22353	0	32852	
22354	0	33320	
22355	0	33552	
22356	0	33288	
22357	0	33204	
22358	0	33176	
22359	0	33200	
22360	0	33272	
22361	0	33744	
22362	0	34832	
22363	0	35320	
22364	0	35100	
22365	0	34300	
22366	0	33656	
22367	0	33072	
22368	0	32628	
22369	0	32188	
22370	0	32076	
22371	0	32432	
22372	0	33296	
22373	0	33824	
22374	0	34524	
22375	0	35312	
22376	0	35480	
22377	0	34864	
22378	0	33908	
22379	0	32556	
22380	0	32140	
22381	0	32256	
22382	0	32576	
22383	0	32740	
22384	0	32340	
22385	0	31544	
22386	0	31208	
22387	0	31444	
22388	0	32104	
22389	0	32504	
22390	0	32928	
22391	0	33796	
22392	0	34484	
22393	0	34512	
22394	0	34168	
22395	0	33880	
22396	0	34268	
22397	0	35828	
22398	0	36044	
22399	0	35236	
22400	0	33496	
22401	0	31248	
22402	0	29692	
22403	0	29184	
22404	0	29832	
22405	0	31016	
22406	0	32280	
22407	0	33096	
22408	0	33120	
22409	0	32372	
22410	0	31372	
22411	0	30417	
22412	0	29848	
22413	0	29746	
22414	0	30560	
22415	0	30896	
22416	0	30552	
22417	0	30264	
22418	0	30216	
22419	0	30144	
22420	0	30572	
22421	0	31456	
22422	0	32120	
22423	0	32248	
22424	0	32510	
22425	0	32316	
22426	0	31820	
22427	0	30764	
22428	0	29768	
22429	0	29104	
22430	0	28844	
22431	0	28660	
22432	0	28569	
22433	0	28826	
22434	0	29444	
22435	0	30088	
22436	0	30432	
22437	0	30972	
22438	0	31452	
22439	0	31724	
22440	0	32120	
22441	0	31936	
22442	0	31690	
22443	0	31232	
22444	0	30624	
22445	0	30464	
22446	0	30696	
22447	0	31396	
22448	0	32252	
22449	0	32792	
22450	0	33212	
22451	0	33300	
22452	0	32984	
22453	0	32852	
22454	0	33068	
22455	0	33192	
22456	0	32816	
22457	0	32784	
22458	0	33622	
22459	0	34556	
22460	0	35472	
22461	0	35988	
22462	0	35816	
22463	0	35296	
22464	0	34964	
22465	0	34916	
22466	0	35152	
22467	0	35412	
22468	0	36172	
22469	0	37348	
22470	0	38480	
22471	0	39148	
22472	0	39140	
22473	0	38948	
22474	0	38448	
22475	0	37848	
22476	0	37460	
22477	0	36960	
22478	0	35800	
22479	0	34700	
22480	0	33780	
22481	0	33008	
22482	0	32492	
22483	0	32704	
22484	0	33508	
22485	0	34584	
22486	0	36036	
22487	0	37052	
22488	0	37480	
22489	0	37644	
22490	0	37796	
22491	0	37576	
22492	0	37032	
22493	0	36692	
22494	0	36756	
22495	0	36360	
22496	0	36040	
22497	0	36032	
22498	0	35748	
22499	0	34432	
22500	0	32888	
22501	0	31748	
22502	0	31012	
22503	0	31104	
22504	0	31452	
22505	0	31854	
22506	0	32072	
22507	0	32288	
22508	0	32792	
22509	0	33160	
22510	0	33356	
22511	0	33556	
22512	0	33792	
22513	0	33988	
22514	0	34132	
22515	0	33248	
22516	0	31852	
22517	0	30352	
22518	0	29160	
22519	0	29172	
22520	0	29940	
22521	0	30896	
22522	0	32268	
22523	0	33256	
22524	0	33636	
22525	0	34572	
22526	0	35040	
22527	0	35436	
22528	0	35784	
22529	0	35856	
22530	0	35768	
22531	0	35216	
22532	0	34486	
22533	0	34384	
22534	0	34320	
22535	0	34636	
22536	0	35212	
22537	0	35668	
22538	0	35812	
22539	0	35444	
22540	0	34648	
22541	0	33832	
22542	0	33092	
22543	0	32856	
22544	0	32932	
22545	0	33128	
22546	0	33204	
22547	0	32908	
22548	0	32380	
22549	0	32180	
22550	0	31936	
22551	0	31196	
22552	0	30376	
22553	0	30056	
22554	0	29834	
22555	0	30152	
22556	0	30932	
22557	0	31956	
22558	0	32832	
22559	0	33880	
22560	0	34756	
22561	0	34956	
22562	0	34284	
22563	0	33320	
22564	0	32368	
22565	0	31916	
22566	0	31804	
22567	0	32288	
22568	0	32968	
22569	0	33688	
22570	0	33936	
22571	0	33776	
22572	0	34340	
22573	0	35136	
22574	0	35184	
22575	0	34692	
22576	0	34400	
22577	0	34616	
22578	0	34109	
22579	0	33204	
22580	0	32284	
22581	0	31784	
22582	0	31736	
22583	0	32016	
22584	0	31872	
22585	0	31868	
22586	0	32064	
22587	0	32444	
22588	0	32868	
22589	0	32988	
22590	0	33160	
22591	0	33316	
22592	0	33520	
22593	0	33732	
22594	0	33792	
22595	0	33036	
22596	0	32500	
22597	0	31756	
22598	0	31556	
22599	0	31988	
22600	0	32192	
22601	0	32468	
22602	0	32648	
22603	0	32868	
22604	0	33028	
22605	0	33528	
22606	0	33852	
22607	0	34200	
22608	0	33804	
22609	0	33024	
22610	0	32400	
22611	0	31832	
22612	0	31380	
22613	0	31024	
22614	0	30176	
22615	0	29408	
22616	0	29264	
22617	0	29300	
22618	0	29084	
22619	0	29092	
22620	0	29520	
22621	0	30136	
22622	0	30760	
22623	0	31064	
22624	0	31316	
22625	0	31292	
22626	0	30464	
22627	0	29840	
22628	0	29640	
22629	0	29520	
22630	0	29656	
22631	0	30336	
22632	0	31132	
22633	0	31924	
22634	0	32488	
22635	0	32652	
22636	0	32424	
22637	0	31984	
22638	0	31260	
22639	0	30772	
22640	0	30304	
22641	0	29836	
22642	0	29400	
22643	0	29296	
22644	0	29392	
22645	0	29656	
22646	0	30052	
22647	0	30584	
22648	0	30664	
22649	0	30456	
22650	0	29752	
22651	0	29324	
22652	0	29456	
22653	0	29728	
22654	0	30138	
22655	0	30004	
22656	0	29776	
22657	0	29874	
22658	0	30292	
22659	0	30148	
22660	0	29908	
22661	0	29428	
22662	0	28821	
22663	0	28240	
22664	0	27472	
22665	0	26792	
22666	0	26656	
22667	0	26848	
22668	0	26812	
22669	0	26508	
22670	0	26340	
22671	0	25992	
22672	0	25632	
22673	0	24652	
22674	0	23552	
22675	0	23276	
22676	0	23620	
22677	0	24408	
22678	0	24780	
22679	0	25148	
22680	0	25720	
22681	0	25852	
22682	0	25816	
22683	0	25812	
22684	0	26220	
22685	0	26648	
22686	0	26980	
22687	0	26684	
22688	0	25348	
22689	0	23657	
22690	0	22640	
22691	0	22400	
22692	0	22636	
22693	0	22796	
22694	0	22896	
22695	0	22860	
22696	0	23476	
22697	0	26052	
22698	0	28308	
22699	0	29088	
22700	0	28569	
22701	0	27200	
22702	0	25612	
22703	0	24268	
22704	0	23776	
22705	0	23808	
22706	0	24033	
22707	0	24448	
22708	0	24780	
22709	0	24956	
22710	0	25184	
22711	0	25816	
22712	0	26064	
22713	0	26274	
22714	0	26792	
22715	0	27216	
22716	0	27508	
22717	0	27968	
22718	0	28368	
22719	0	28860	
22720	0	29448	
22721	0	29740	
22722	0	29672	
22723	0	29628	
22724	0	29556	
22725	0	29888	
22726	0	30964	
22727	0	31490	
22728	0	31920	
22729	0	32252	
22730	0	31512	
22731	0	30064	
22732	0	28980	
22733	0	28376	
22734	0	28536	
22735	0	29528	
22736	0	30552	
22737	0	31140	
22738	0	31376	
22739	0	31360	
22740	0	31076	
22741	0	31076	
22742	0	31404	
22743	0	31688	
22744	0	31776	
22745	0	31532	
22746	0	30640	
22747	0	29912	
22748	0	29920	
22749	0	31156	
22750	0	32512	
22751	0	32764	
22752	0	31988	
22753	0	30692	
22754	0	29792	
22755	0	29560	
22756	0	29480	
22757	0	29508	
22758	0	30780	
22759	0	32276	
22760	0	33004	
22761	0	32644	
22762	0	31840	
22763	0	30820	
22764	0	29948	
22765	0	29572	
22766	0	29476	
22767	0	29872	
22768	0	30448	
22769	0	31092	
22770	0	31856	
22771	0	32196	
22772	0	32644	
22773	0	33112	
22774	0	33612	
22775	0	33904	
22776	0	34172	
22777	0	35144	
22778	0	37332	
22779	0	38152	
22780	0	38024	
22781	0	36860	
22782	0	34964	
22783	0	33396	
22784	0	32060	
22785	0	30936	
22786	0	30984	
22787	0	31528	
22788	0	32172	
22789	0	33192	
22790	0	34164	
22791	0	34648	
22792	0	34660	
22793	0	34636	
22794	0	34196	
22795	0	33464	
22796	0	32720	
22797	0	32256	
22798	0	32012	
22799	0	31968	
22800	0	31706	
22801	0	31604	
22802	0	31576	
22803	0	31912	
22804	0	31988	
22805	0	31772	
22806	0	31964	
22807	0	32024	
22808	0	32192	
22809	0	32436	
22810	0	32560	
22811	0	32904	
22812	0	33240	
22813	0	33072	
22814	0	32756	
22815	0	32320	
22816	0	31784	
22817	0	31380	
22818	0	31240	
22819	0	31432	
22820	0	31348	
22821	0	31540	
22822	0	31996	
22823	0	32440	
22824	0	32840	
22825	0	33336	
22826	0	33308	
22827	0	33108	
22828	0	33240	
22829	0	33594	
22830	0	33320	
22831	0	32888	
22832	0	32300	
22833	0	31412	
22834	0	30760	
22835	0	30540	
22836	0	30620	
22837	0	30756	
22838	0	31104	
22839	0	31224	
22840	0	31336	
22841	0	31724	
22842	0	32420	
22843	0	32528	
22844	0	31672	
22845	0	31272	
22846	0	31340	
22847	0	31360	
22848	0	31520	
22849	0	31796	
22850	0	32020	
22851	0	31844	
22852	0	31192	
22853	0	30792	
22854	0	30352	
22855	0	30156	
22856	0	29884	
22857	0	30060	
22858	0	30812	
22859	0	32472	
22860	0	33544	
22861	0	34184	
22862	0	34846	
22863	0	35172	
22864	0	35008	
22865	0	34528	
22866	0	34060	
22867	0	33644	
22868	0	33236	
22869	0	33048	
22870	0	33240	
22871	0	33568	
22872	0	33704	
22873	0	33776	
22874	0	33784	
22875	0	33552	
22876	0	33136	
22877	0	32924	
22878	0	32196	
22879	0	31320	
22880	0	30196	
22881	0	30000	
22882	0	30384	
22883	0	30644	
22884	0	30892	
22885	0	30814	
22886	0	30928	
22887	0	31052	
22888	0	31408	
22889	0	31508	
22890	0	31720	
22891	0	31936	
22892	0	31720	
22893	0	31248	
22894	0	30812	
22895	0	31064	
22896	0	31360	
22897	0	31648	
22898	0	32556	
22899	0	32832	
22900	0	32068	
22901	0	31120	
22902	0	30548	
22903	0	29956	
22904	0	29560	
22905	0	29044	
22906	0	28436	
22907	0	28392	
22908	0	28456	
22909	0	28768	
22910	0	28704	
22911	0	29256	
22912	0	29800	
22913	0	30640	
22914	0	31448	
22915	0	31880	
22916	0	31864	
22917	0	31660	
22918	0	31802	
22919	0	31544	
22920	0	31556	
22921	0	32438	
22922	0	33136	
22923	0	33364	
22924	0	33600	
22925	0	33996	
22926	0	34464	
22927	0	34864	
22928	0	34980	
22929	0	34376	
22930	0	34028	
22931	0	34136	
22932	0	33700	
22933	0	33304	
22934	0	33068	
22935	0	32736	
22936	0	32436	
22937	0	32608	
22938	0	33152	
22939	0	33512	
22940	0	33806	
22941	0	33816	
22942	0	33724	
22943	0	33064	
22944	0	32568	
22945	0	32792	
22946	0	33012	
22947	0	32988	
22948	0	33084	
22949	0	33136	
22950	0	33312	
22951	0	34138	
22952	0	35136	
22953	0	35928	
22954	0	36680	
22955	0	37864	
22956	0	39060	
22957	0	39656	
22958	0	39860	
22959	0	39408	
22960	0	38672	
22961	0	37784	
22962	0	37244	
22963	0	37308	
22964	0	37748	
22965	0	38492	
22966	0	39012	
22967	0	39024	
22968	0	39260	
22969	0	39408	
22970	0	39652	
22971	0	39940	
22972	0	40092	
22973	0	40024	
22974	0	40128	
22975	0	40196	
22976	0	40288	
22977	0	40240	
22978	0	40364	
22979	0	41064	
22980	0	41714	
22981	0	41584	
22982	0	40480	
22983	0	39576	
22984	0	39132	
22985	0	39144	
22986	0	39848	
22987	0	40552	
22988	0	40864	
22989	0	40508	
22990	0	39424	
22991	0	38208	
22992	0	37584	
22993	0	37072	
22994	0	36600	
22995	0	36124	
22996	0	35176	
22997	0	34352	
22998	0	34544	
22999	0	35168	
23000	0	35964	
23001	0	36432	
23002	0	36748	
23003	0	37236	
23004	0	37384	
23005	0	37388	
23006	0	37024	
23007	0	36568	
23008	0	35932	
23009	0	35420	
23010	0	35288	
23011	0	35340	
23012	0	35912	
23013	0	36564	
23014	0	36696	
23015	0	36624	
23016	0	36100	
23017	0	36012	
23018	0	36440	
23019	0	36864	
23020	0	37444	
23021	0	37640	
23022	0	37536	
23023	0	37152	
23024	0	36840	
23025	0	36512	
23026	0	36104	
23027	0	36180	
23028	0	36496	
23029	0	36576	
23030	0	36792	
23031	0	36628	
23032	0	36392	
23033	0	36156	
23034	0	36328	
23035	0	36608	
23036	0	36708	
23037	0	36608	
23038	0	35896	
23039	0	35248	
23040	0	34700	
23041	0	34824	
23042	0	35044	
23043	0	35162	
23044	0	35364	
23045	0	35884	
23046	0	36560	
23047	0	37228	
23048	0	37704	
23049	0	38012	
23050	0	38476	
23051	0	38544	
23052	0	38664	
23053	0	38796	
23054	0	38612	
23055	0	37664	
23056	0	36668	
23057	0	35732	
23058	0	34892	
23059	0	33960	
23060	0	33268	
23061	0	33172	
23062	0	33700	
23063	0	34236	
23064	0	34844	
23065	0	35548	
23066	0	36156	
23067	0	36544	
23068	0	36184	
23069	0	35630	
23070	0	34894	
23071	0	34464	
23072	0	34592	
23073	0	34844	
23074	0	35348	
23075	0	35632	
23076	0	35940	
23077	0	35988	
23078	0	35776	
23079	0	35572	
23080	0	35356	
23081	0	35004	
23082	0	34096	
23083	0	33968	
23084	0	34344	
23085	0	35036	
23086	0	35376	
23087	0	35576	
23088	0	35688	
23089	0	35748	
23090	0	35972	
23091	0	36072	
23092	0	36000	
23093	0	35384	
23094	0	34544	
23095	0	33712	
23096	0	32944	
23097	0	32124	
23098	0	31384	
23099	0	31088	
23100	0	31704	
23101	0	32820	
23102	0	33304	
23103	0	33368	
23104	0	33468	
23105	0	34080	
23106	0	35060	
23107	0	36944	
23108	0	39176	
23109	0	40408	
23110	0	40064	
23111	0	38988	
23112	0	39520	
23113	0	39872	
23114	0	39176	
23115	0	37616	
23116	0	35768	
23117	0	34376	
23118	0	33432	
23119	0	32900	
23120	0	32720	
23121	0	32412	
23122	0	31960	
23123	0	31208	
23124	0	30732	
23125	0	29988	
23126	0	29236	
23127	0	28556	
23128	0	28452	
23129	0	28780	
23130	0	29048	
23131	0	29628	
23132	0	29868	
23133	0	30048	
23134	0	30224	
23135	0	30188	
23136	0	30444	
23137	0	30370	
23138	0	29818	
23139	0	29224	
23140	0	29084	
23141	0	29560	
23142	0	29760	
23143	0	29720	
23144	0	29752	
23145	0	29754	
23146	0	29960	
23147	0	30368	
23148	0	31140	
23149	0	31536	
23150	0	31544	
23151	0	31360	
23152	0	30526	
23153	0	29572	
23154	0	29600	
23155	0	30464	
23156	0	30836	
23157	0	30722	
23158	0	30988	
23159	0	31088	
23160	0	30936	
23161	0	30928	
23162	0	31100	
23163	0	31340	
23164	0	31464	
23165	0	31660	
23166	0	32056	
23167	0	32328	
23168	0	32536	
23169	0	32752	
23170	0	32924	
23171	0	33232	
23172	0	33436	
23173	0	33308	
23174	0	33032	
23175	0	32584	
23176	0	32200	
23177	0	31824	
23178	0	30980	
23179	0	30288	
23180	0	29820	
23181	0	29816	
23182	0	29936	
23183	0	30056	
23184	0	30020	
23185	0	30208	
23186	0	30136	
23187	0	29888	
23188	0	29500	
23189	0	29140	
23190	0	28896	
23191	0	28296	
23192	0	27996	
23193	0	28028	
23194	0	28184	
23195	0	28128	
23196	0	28308	
23197	0	28920	
23198	0	29752	
23199	0	30536	
23200	0	31132	
23201	0	31248	
23202	0	31224	
23203	0	31272	
23204	0	31244	
23205	0	31044	
23206	0	30684	
23207	0	30820	
23208	0	31182	
23209	0	31304	
23210	0	31344	
23211	0	31588	
23212	0	31824	
23213	0	32068	
23214	0	32084	
23215	0	31900	
23216	0	31728	
23217	0	31380	
23218	0	31060	
23219	0	30808	
23220	0	30908	
23221	0	31034	
23222	0	31220	
23223	0	31356	
23224	0	31444	
23225	0	30972	
23226	0	30740	
23227	0	31008	
23228	0	31644	
23229	0	31632	
23230	0	31688	
23231	0	32228	
23232	0	32956	
23233	0	33552	
23234	0	33572	
23235	0	33368	
23236	0	33124	
23237	0	32408	
23238	0	31888	
23239	0	31592	
23240	0	32056	
23241	0	32728	
23242	0	33592	
23243	0	34000	
23244	0	34072	
23245	0	33856	
23246	0	33580	
23247	0	33432	
23248	0	33224	
23249	0	33292	
23250	0	33436	
23251	0	34032	
23252	0	34500	
23253	0	34700	
23254	0	34552	
23255	0	34352	
23256	0	34088	
23257	0	33956	
23258	0	33752	
23259	0	33584	
23260	0	33248	
23261	0	32844	
23262	0	31800	
23263	0	30624	
23264	0	29672	
23265	0	28728	
23266	0	27780	
23267	0	27466	
23268	0	27352	
23269	0	27416	
23270	0	28204	
23271	0	29196	
23272	0	29940	
23273	0	30700	
23274	0	31506	
23275	0	31864	
23276	0	31820	
23277	0	31368	
23278	0	30844	
23279	0	30268	
23280	0	29860	
23281	0	29824	
23282	0	30396	
23283	0	31292	
23284	0	32412	
23285	0	33272	
23286	0	33720	
23287	0	33560	
23288	0	33388	
23289	0	32944	
23290	0	32980	
23291	0	33384	
23292	0	33992	
23293	0	34720	
23294	0	35068	
23295	0	35060	
23296	0	34336	
23297	0	33424	
23298	0	32404	
23299	0	31512	
23300	0	30736	
23301	0	30756	
23302	0	31624	
23303	0	32320	
23304	0	32224	
23305	0	32148	
23306	0	32052	
23307	0	32144	
23308	0	32472	
23309	0	33012	
23310	0	33356	
23311	0	33516	
23312	0	33668	
23313	0	33592	
23314	0	33872	
23315	0	33944	
23316	0	34260	
23317	0	33844	
23318	0	33060	
23319	0	32748	
23320	0	32868	
23321	0	33340	
23322	0	34072	
23323	0	34388	
23324	0	34484	
23325	0	34576	
23326	0	34712	
23327	0	34456	
23328	0	34048	
23329	0	33828	
23330	0	33792	
23331	0	33784	
23332	0	33896	
23333	0	33996	
23334	0	33836	
23335	0	33352	
23336	0	33048	
23337	0	33160	
23338	0	33448	
23339	0	33900	
23340	0	34272	
23341	0	34088	
23342	0	33844	
23343	0	34096	
23344	0	34880	
23345	0	35616	
23346	0	36072	
23347	0	35660	
23348	0	35032	
23349	0	34592	
23350	0	34824	
23351	0	35092	
23352	0	35432	
23353	0	35668	
23354	0	35692	
23355	0	35508	
23356	0	34760	
23357	0	33652	
23358	0	33032	
23359	0	33132	
23360	0	33980	
23361	0	34916	
23362	0	35592	
23363	0	35864	
23364	0	35316	
23365	0	35020	
23366	0	34864	
23367	0	34780	
23368	0	34016	
23369	0	33828	
23370	0	34084	
23371	0	34188	
23372	0	33682	
23373	0	33164	
23374	0	32772	
23375	0	32860	
23376	0	32640	
23377	0	32572	
23378	0	33096	
23379	0	33564	
23380	0	33768	
23381	0	33896	
23382	0	33912	
23383	0	34208	
23384	0	34724	
23385	0	34648	
23386	0	34032	
23387	0	33600	
23388	0	34414	
23389	0	35204	
23390	0	35444	
23391	0	35248	
23392	0	35232	
23393	0	35672	
23394	0	36012	
23395	0	36496	
23396	0	36512	
23397	0	36504	
23398	0	36032	
23399	0	34976	
23400	0	34096	
23401	0	33384	
23402	0	32680	
23403	0	32360	
23404	0	32184	
23405	0	32300	
23406	0	32396	
23407	0	32340	
23408	0	32272	
23409	0	32440	
23410	0	32448	
23411	0	32480	
23412	0	32120	
23413	0	32032	
23414	0	32424	
23415	0	32520	
23416	0	32536	
23417	0	32432	
23418	0	32596	
23419	0	31904	
23420	0	31528	
23421	0	31364	
23422	0	31816	
23423	0	32108	
23424	0	32016	
23425	0	31940	
23426	0	31920	
23427	0	32000	
23428	0	32100	
23429	0	32492	
23430	0	33044	
23431	0	33576	
23432	0	34232	
23433	0	34656	
23434	0	33636	
23435	0	32578	
23436	0	31944	
23437	0	31773	
23438	0	31820	
23439	0	32344	
23440	0	33084	
23441	0	34096	
23442	0	34612	
23443	0	34848	
23444	0	35056	
23445	0	35056	
23446	0	34744	
23447	0	34060	
23448	0	33260	
23449	0	32532	
23450	0	31436	
23451	0	30600	
23452	0	30308	
23453	0	30004	
23454	0	29632	
23455	0	29248	
23456	0	29140	
23457	0	28948	
23458	0	28756	
23459	0	29124	
23460	0	29516	
23461	0	30272	
23462	0	31528	
23463	0	32340	
23464	0	32672	
23465	0	32396	
23466	0	31772	
23467	0	31800	
23468	0	32276	
23469	0	33168	
23470	0	33936	
23471	0	34572	
23472	0	35204	
23473	0	35492	
23474	0	34984	
23475	0	34308	
23476	0	33696	
23477	0	33876	
23478	0	34216	
23479	0	34732	
23480	0	35448	
23481	0	36164	
23482	0	36108	
23483	0	35752	
23484	0	36032	
23485	0	35880	
23486	0	35292	
23487	0	34896	
23488	0	33912	
23489	0	33116	
23490	0	33184	
23491	0	33600	
23492	0	33716	
23493	0	33888	
23494	0	33708	
23495	0	33236	
23496	0	32480	
23497	0	31562	
23498	0	30712	
23499	0	30116	
23500	0	29808	
23501	0	29816	
23502	0	29648	
23503	0	29420	
23504	0	29400	
23505	0	29104	
23506	0	28722	
23507	0	28316	
23508	0	27928	
23509	0	27384	
23510	0	27176	
23511	0	27216	
23512	0	27716	
23513	0	28016	
23514	0	28012	
23515	0	27864	
23516	0	28044	
23517	0	27996	
23518	0	27988	
23519	0	27896	
23520	0	28000	
23521	0	27884	
23522	0	27920	
23523	0	28576	
23524	0	29552	
23525	0	30772	
23526	0	31808	
23527	0	32368	
23528	0	32432	
23529	0	32364	
23530	0	32400	
23531	0	33120	
23532	0	33332	
23533	0	33268	
23534	0	32828	
23535	0	32432	
23536	0	31580	
23537	0	30528	
23538	0	29736	
23539	0	29444	
23540	0	29628	
23541	0	30044	
23542	0	30308	
23543	0	30436	
23544	0	30076	
23545	0	30396	
23546	0	31132	
23547	0	31488	
23548	0	32236	
23549	0	33128	
23550	0	34392	
23551	0	35272	
23552	0	35608	
23553	0	35808	
23554	0	35140	
23555	0	34100	
23556	0	33184	
23557	0	32612	
23558	0	32244	
23559	0	31896	
23560	0	31576	
23561	0	31228	
23562	0	30844	
23563	0	30416	
23564	0	30256	
23565	0	29984	
23566	0	29612	
23567	0	29396	
23568	0	29794	
23569	0	30304	
23570	0	30844	
23571	0	31076	
23572	0	31068	
23573	0	31300	
23574	0	31620	
23575	0	31980	
23576	0	32020	
23577	0	32202	
23578	0	33212	
23579	0	34312	
23580	0	34616	
23581	0	33504	
23582	0	31952	
23583	0	30668	
23584	0	30032	
23585	0	29936	
23586	0	31168	
23587	0	32016	
23588	0	31384	
23589	0	29784	
23590	0	28340	
23591	0	27492	
23592	0	27488	
23593	0	27860	
23594	0	27752	
23595	0	27904	
23596	0	28072	
23597	0	27968	
23598	0	27924	
23599	0	27832	
23600	0	28116	
23601	0	28664	
23602	0	29442	
23603	0	29744	
23604	0	29960	
23605	0	29824	
23606	0	29228	
23607	0	28888	
23608	0	29148	
23609	0	30032	
23610	0	30008	
23611	0	30168	
23612	0	30140	
23613	0	30228	
23614	0	30164	
23615	0	30320	
23616	0	30508	
23617	0	30428	
23618	0	30244	
23619	0	30464	
23620	0	30940	
23621	0	30788	
23622	0	30520	
23623	0	31324	
23624	0	33372	
23625	0	35272	
23626	0	36048	
23627	0	35488	
23628	0	34224	
23629	0	33358	
23630	0	33096	
23631	0	33060	
23632	0	33192	
23633	0	33456	
23634	0	33976	
23635	0	34208	
23636	0	35512	
23637	0	36480	
23638	0	35976	
23639	0	34176	
23640	0	32380	
23641	0	31564	
23642	0	31472	
23643	0	31528	
23644	0	31252	
23645	0	30880	
23646	0	31100	
23647	0	31556	
23648	0	31868	
23649	0	31802	
23650	0	31312	
23651	0	31244	
23652	0	31024	
23653	0	30992	
23654	0	31024	
23655	0	31328	
23656	0	31528	
23657	0	31520	
23658	0	31528	
23659	0	31232	
23660	0	30808	
23661	0	30544	
23662	0	31016	
23663	0	32160	
23664	0	32312	
23665	0	33076	
23666	0	33748	
23667	0	34388	
23668	0	34980	
23669	0	35416	
23670	0	35684	
23671	0	35792	
23672	0	35256	
23673	0	34244	
23674	0	32944	
23675	0	32340	
23676	0	32884	
23677	0	35152	
23678	0	36772	
23679	0	36696	
23680	0	35772	
23681	0	34564	
23682	0	33756	
23683	0	32304	
23684	0	30672	
23685	0	29528	
23686	0	29208	
23687	0	29376	
23688	0	29856	
23689	0	30600	
23690	0	31276	
23691	0	31524	
23692	0	32296	
23693	0	33280	
23694	0	34040	
23695	0	34220	
23696	0	33944	
23697	0	33240	
23698	0	32612	
23699	0	32056	
23700	0	31700	
23701	0	31560	
23702	0	31696	
23703	0	32048	
23704	0	32684	
23705	0	34004	
23706	0	35812	
23707	0	36936	
23708	0	37100	
23709	0	36016	
23710	0	34604	
23711	0	33260	
23712	0	32660	
23713	0	32784	
23714	0	33580	
23715	0	34322	
23716	0	34532	
23717	0	34520	
23718	0	34136	
23719	0	33492	
23720	0	32512	
23721	0	31952	
23722	0	32160	
23723	0	33208	
23724	0	34788	
23725	0	36600	
23726	0	38112	
23727	0	38612	
23728	0	38252	
23729	0	37144	
23730	0	35876	
23731	0	34884	
23732	0	33848	
23733	0	32600	
23734	0	31608	
23735	0	31040	
23736	0	31760	
23737	0	33344	
23738	0	33628	
23739	0	32392	
23740	0	30476	
23741	0	28780	
23742	0	27960	
23743	0	27752	
23744	0	28056	
23745	0	28644	
23746	0	29536	
23747	0	30486	
23748	0	31280	
23749	0	31948	
23750	0	32324	
23751	0	31796	
23752	0	30984	
23753	0	30460	
23754	0	30273	
23755	0	30068	
23756	0	30124	
23757	0	30136	
23758	0	30016	
23759	0	30100	
23760	0	30368	
23761	0	30272	
23762	0	29724	
23763	0	29444	
23764	0	29168	
23765	0	29284	
23766	0	29040	
23767	0	28908	
23768	0	29360	
23769	0	30236	
23770	0	31076	
23771	0	31736	
23772	0	32540	
23773	0	32912	
23774	0	33036	
23775	0	32764	
23776	0	31856	
23777	0	30612	
23778	0	29532	
23779	0	29116	
23780	0	29660	
23781	0	30136	
23782	0	30768	
23783	0	31416	
23784	0	32292	
23785	0	32728	
23786	0	32808	
23787	0	32648	
23788	0	32432	
23789	0	32612	
23790	0	33008	
23791	0	33944	
23792	0	34980	
23793	0	35820	
23794	0	36260	
23795	0	36144	
23796	0	36060	
23797	0	35796	
23798	0	35360	
23799	0	35396	
23800	0	35596	
23801	0	35368	
23802	0	34992	
23803	0	34804	
23804	0	34796	
23805	0	34768	
23806	0	34560	
23807	0	34152	
23808	0	33804	
23809	0	33536	
23810	0	33240	
23811	0	32732	
23812	0	32064	
23813	0	31680	
23814	0	31616	
23815	0	32232	
23816	0	32800	
23817	0	32652	
23818	0	32108	
23819	0	31524	
23820	0	30980	
23821	0	30548	
23822	0	30464	
23823	0	30784	
23824	0	31460	
23825	0	31776	
23826	0	31612	
23827	0	31312	
23828	0	31514	
23829	0	32212	
23830	0	32852	
23831	0	33120	
23832	0	33188	
23833	0	33280	
23834	0	33408	
23835	0	33736	
23836	0	34144	
23837	0	34220	
23838	0	34508	
23839	0	34724	
23840	0	35108	
23841	0	35712	
23842	0	36352	
23843	0	36292	
23844	0	35436	
23845	0	34800	
23846	0	34577	
23847	0	34736	
23848	0	35308	
23849	0	35504	
23850	0	35608	
23851	0	35588	
23852	0	34960	
23853	0	33712	
23854	0	32652	
23855	0	32540	
23856	0	33040	
23857	0	33816	
23858	0	34676	
23859	0	35232	
23860	0	35492	
23861	0	35704	
23862	0	35652	
23863	0	35234	
23864	0	34780	
23865	0	35140	
23866	0	35584	
23867	0	35476	
23868	0	35568	
23869	0	35660	
23870	0	35256	
23871	0	34656	
23872	0	34304	
23873	0	33880	
23874	0	33752	
23875	0	33704	
23876	0	33656	
23877	0	34090	
23878	0	34544	
23879	0	35148	
23880	0	35948	
23881	0	36488	
23882	0	36808	
23883	0	37012	
23884	0	37280	
23885	0	37076	
23886	0	37032	
23887	0	36980	
23888	0	36900	
23889	0	36900	
23890	0	36656	
23891	0	36792	
23892	0	36568	
23893	0	36424	
23894	0	36472	
23895	0	36480	
23896	0	35952	
23897	0	35008	
23898	0	34472	
23899	0	33672	
23900	0	32596	
23901	0	32180	
23902	0	32336	
23903	0	32736	
23904	0	33032	
23905	0	33274	
23906	0	33492	
23907	0	33608	
23908	0	33716	
23909	0	33500	
23910	0	33325	
23911	0	32848	
23912	0	32104	
23913	0	31760	
23914	0	31940	
23915	0	32320	
23916	0	31984	
23917	0	31504	
23918	0	31520	
23919	0	31704	
23920	0	31412	
23921	0	31776	
23922	0	32772	
23923	0	33580	
23924	0	34300	
23925	0	34612	
23926	0	34612	
23927	0	34388	
23928	0	33832	
23929	0	33308	
23930	0	33012	
23931	0	33360	
23932	0	33932	
23933	0	34440	
23934	0	34256	
23935	0	33836	
23936	0	33556	
23937	0	33576	
23938	0	33536	
23939	0	33000	
23940	0	32596	
23941	0	32532	
23942	0	32652	
23943	0	32912	
23944	0	33320	
23945	0	33520	
23946	0	33568	
23947	0	33132	
23948	0	32928	
23949	0	32584	
23950	0	31772	
23951	0	31188	
23952	0	30920	
23953	0	31192	
23954	0	30908	
23955	0	30496	
23956	0	30576	
23957	0	30912	
23958	0	31372	
23959	0	31512	
23960	0	31872	
23961	0	32288	
23962	0	32128	
23963	0	31948	
23964	0	31504	
23965	0	31016	
23966	0	30844	
23967	0	31552	
23968	0	32780	
23969	0	34416	
23970	0	35112	
23971	0	34616	
23972	0	33580	
23973	0	32656	
23974	0	32088	
23975	0	31376	
23976	0	31232	
23977	0	31548	
23978	0	32148	
23979	0	32884	
23980	0	33956	
23981	0	35076	
23982	0	35272	
23983	0	34456	
23984	0	33768	
23985	0	33636	
23986	0	33316	
23987	0	33196	
23988	0	33144	
23989	0	33164	
23990	0	33792	
23991	0	34144	
23992	0	33668	
23993	0	33048	
23994	0	33204	
23995	0	33792	
23996	0	34192	
23997	0	34432	
23998	0	34452	
23999	0	34288	
24000	0	34196	
24001	0	34464	
24002	0	34736	
24003	0	35208	
24004	0	35796	
24005	0	35912	
24006	0	35312	
24007	0	34408	
24008	0	33552	
24009	0	33148	
24010	0	32888	
24011	0	32796	
24012	0	32296	
24013	0	31652	
24014	0	31160	
24015	0	30920	
24016	0	30980	
24017	0	31124	
24018	0	31360	
24019	0	31664	
24020	0	32284	
24021	0	33048	
24022	0	33556	
24023	0	33904	
24024	0	34336	
24025	0	33936	
24026	0	33356	
24027	0	32552	
24028	0	31692	
24029	0	30968	
24030	0	30504	
24031	0	29928	
24032	0	29972	
24033	0	30160	
24034	0	30608	
24035	0	30588	
24036	0	30456	
24037	0	30416	
24038	0	30044	
24039	0	29444	
24040	0	28860	
24041	0	28972	
24042	0	29132	
24043	0	29096	
24044	0	29132	
24045	0	29424	
24046	0	30016	
24047	0	30480	
24048	0	30754	
24049	0	30976	
24050	0	31528	
24051	0	31860	
24052	0	32004	
24053	0	32600	
24054	0	32864	
24055	0	32980	
24056	0	33112	
24057	0	33224	
24058	0	32764	
24059	0	32932	
24060	0	32824	
24061	0	32576	
24062	0	32640	
24063	0	32480	
24064	0	32612	
24065	0	32996	
24066	0	32956	
24067	0	32974	
24068	0	33372	
24069	0	33460	
24070	0	32984	
24071	0	32372	
24072	0	32244	
24073	0	32208	
24074	0	32104	
24075	0	31896	
24076	0	31488	
24077	0	31212	
24078	0	31412	
24079	0	31712	
24080	0	32136	
24081	0	32644	
24082	0	32992	
24083	0	32960	
24084	0	32768	
24085	0	32228	
24086	0	31840	
24087	0	31600	
24088	0	31508	
24089	0	31816	
24090	0	32164	
24091	0	32308	
24092	0	32532	
24093	0	32996	
24094	0	33696	
24095	0	34124	
24096	0	33976	
24097	0	33748	
24098	0	33324	
24099	0	32596	
24100	0	31944	
24101	0	31332	
24102	0	30968	
24103	0	30788	
24104	0	31276	
24105	0	32104	
24106	0	32920	
24107	0	34048	
24108	0	34956	
24109	0	35536	
24110	0	35956	
24111	0	36240	
24112	0	36464	
24113	0	36960	
24114	0	37160	
24115	0	37156	
24116	0	36944	
24117	0	36664	
24118	0	36016	
24119	0	35376	
24120	0	35008	
24121	0	35140	
24122	0	35064	
24123	0	34248	
24124	0	33724	
24125	0	33232	
24126	0	32908	
24127	0	32768	
24128	0	32588	
24129	0	32424	
24130	0	32556	
24131	0	32524	
24132	0	32592	
24133	0	32564	
24134	0	32732	
24135	0	32916	
24136	0	32520	
24137	0	32016	
24138	0	31880	
24139	0	31992	
24140	0	31660	
24141	0	31748	
24142	0	31660	
24143	0	31424	
24144	0	30756	
24145	0	30240	
24146	0	30140	
24147	0	30944	
24148	0	31632	
24149	0	31928	
24150	0	32880	
24151	0	33828	
24152	0	34392	
24153	0	34312	
24154	0	33736	
24155	0	32974	
24156	0	32200	
24157	0	31348	
24158	0	31088	
24159	0	31260	
24160	0	31320	
24161	0	31448	
24162	0	31860	
24163	0	31892	
24164	0	31784	
24165	0	31752	
24166	0	32008	
24167	0	32314	
24168	0	32464	
24169	0	32704	
24170	0	33124	
24171	0	33416	
24172	0	33848	
24173	0	34356	
24174	0	34392	
24175	0	34560	
24176	0	34868	
24177	0	34688	
24178	0	34452	
24179	0	34200	
24180	0	34052	
24181	0	33472	
24182	0	32872	
24183	0	32620	
24184	0	32220	
24185	0	32248	
24186	0	32752	
24187	0	33100	
24188	0	33168	
24189	0	32964	
24190	0	32752	
24191	0	32732	
24192	0	32028	
24193	0	30960	
24194	0	30104	
24195	0	29928	
24196	0	30192	
24197	0	30820	
24198	0	31364	
24199	0	31616	
24200	0	32548	
24201	0	32944	
24202	0	33052	
24203	0	33576	
24204	0	33932	
24205	0	34204	
24206	0	34304	
24207	0	34064	
24208	0	33896	
24209	0	33932	
24210	0	33792	
24211	0	33588	
24212	0	33240	
24213	0	33208	
24214	0	32964	
24215	0	32680	
24216	0	32852	
24217	0	32816	
24218	0	32620	
24219	0	32432	
24220	0	32760	
24221	0	33728	
24222	0	34736	
24223	0	35500	
24224	0	35600	
24225	0	35456	
24226	0	35068	
24227	0	34552	
24228	0	33684	
24229	0	33020	
24230	0	32392	
24231	0	32392	
24232	0	32984	
24233	0	33824	
24234	0	34432	
24235	0	34984	
24236	0	35280	
24237	0	34768	
24238	0	34344	
24239	0	34716	
24240	0	34856	
24241	0	35028	
24242	0	35548	
24243	0	36236	
24244	0	37052	
24245	0	37664	
24246	0	38036	
24247	0	37976	
24248	0	38208	
24249	0	38476	
24250	0	38668	
24251	0	38376	
24252	0	38244	
24253	0	38408	
24254	0	38516	
24255	0	37976	
24256	0	37004	
24257	0	35880	
24258	0	34844	
24259	0	34300	
24260	0	33916	
24261	0	33904	
24262	0	34512	
24263	0	35616	
24264	0	36816	
24265	0	37332	
24266	0	37480	
24267	0	37716	
24268	0	37704	
24269	0	37556	
24270	0	37360	
24271	0	37292	
24272	0	37161	
24273	0	36912	
24274	0	36724	
24275	0	36644	
24276	0	36268	
24277	0	35816	
24278	0	35512	
24279	0	35044	
24280	0	34000	
24281	0	33536	
24282	0	33608	
24283	0	33572	
24284	0	33008	
24285	0	32104	
24286	0	31832	
24287	0	32032	
24288	0	32384	
24289	0	32960	
24290	0	34352	
24291	0	35672	
24292	0	36628	
24293	0	37600	
24294	0	37680	
24295	0	37432	
24296	0	36824	
24297	0	36088	
24298	0	35336	
24299	0	34828	
24300	0	34472	
24301	0	34156	
24302	0	33732	
24303	0	33016	
24304	0	32528	
24305	0	32784	
24306	0	32744	
24307	0	32900	
24308	0	33116	
24309	0	33360	
24310	0	34176	
24311	0	35224	
24312	0	35704	
24313	0	36116	
24314	0	36092	
24315	0	36392	
24316	0	36068	
24317	0	35328	
24318	0	34904	
24319	0	34260	
24320	0	33568	
24321	0	33256	
24322	0	33260	
24323	0	33352	
24324	0	33632	
24325	0	33820	
24326	0	34020	
24327	0	34416	
24328	0	34924	
24329	0	35648	
24330	0	36136	
24331	0	35848	
24332	0	35484	
24333	0	35076	
24334	0	35316	
24335	0	35698	
24336	0	35940	
24337	0	35616	
24338	0	34834	
24339	0	33432	
24340	0	32112	
24341	0	30952	
24342	0	29864	
24343	0	29776	
24344	0	30264	
24345	0	31168	
24346	0	31892	
24347	0	32716	
24348	0	33472	
24349	0	33964	
24350	0	34328	
24351	0	34220	
24352	0	33680	
24353	0	32992	
24354	0	32660	
24355	0	32388	
24356	0	32536	
24357	0	31994	
24358	0	31324	
24359	0	31068	
24360	0	31480	
24361	0	32256	
24362	0	32200	
24363	0	31188	
24364	0	30208	
24365	0	29480	
24366	0	29256	
24367	0	29364	
24368	0	29912	
24369	0	30992	
24370	0	31928	
24371	0	32836	
24372	0	32936	
24373	0	32736	
24374	0	33148	
24375	0	33520	
24376	0	32992	
24377	0	32048	
24378	0	31692	
24379	0	31168	
24380	0	30268	
24381	0	29392	
24382	0	28892	
24383	0	28796	
24384	0	29220	
24385	0	30032	
24386	0	31232	
24387	0	32320	
24388	0	33460	
24389	0	34612	
24390	0	35648	
24391	0	36180	
24392	0	36704	
24393	0	36996	
24394	0	37232	
24395	0	37240	
24396	0	36736	
24397	0	35672	
24398	0	34592	
24399	0	34184	
24400	0	33632	
24401	0	33064	
24402	0	32860	
24403	0	32608	
24404	0	33072	
24405	0	33832	
24406	0	34360	
24407	0	34892	
24408	0	35280	
24409	0	35320	
24410	0	34908	
24411	0	34424	
24412	0	34220	
24413	0	34424	
24414	0	34612	
24415	0	34536	
24416	0	34992	
24417	0	35108	
24418	0	34892	
24419	0	35032	
24420	0	35228	
24421	0	35556	
24422	0	35660	
24423	0	35808	
24424	0	35928	
24425	0	35984	
24426	0	36152	
24427	0	36368	
24428	0	36272	
24429	0	36116	
24430	0	35544	
24431	0	34984	
24432	0	33928	
24433	0	32744	
24434	0	31708	
24435	0	30924	
24436	0	30280	
24437	0	30096	
24438	0	30676	
24439	0	31244	
24440	0	31048	
24441	0	30104	
24442	0	29356	
24443	0	28932	
24444	0	29120	
24445	0	29696	
24446	0	30216	
24447	0	30792	
24448	0	31104	
24449	0	31068	
24450	0	30724	
24451	0	30260	
24452	0	30396	
24453	0	30768	
24454	0	31272	
24455	0	31552	
24456	0	31648	
24457	0	31692	
24458	0	31692	
24459	0	32320	
24460	0	32976	
24461	0	33420	
24462	0	33338	
24463	0	33244	
24464	0	33536	
24465	0	33656	
24466	0	34104	
24467	0	34460	
24468	0	35440	
24469	0	36268	
24470	0	36792	
24471	0	36952	
24472	0	36516	
24473	0	36024	
24474	0	36044	
24475	0	36200	
24476	0	36320	
24477	0	35780	
24478	0	34328	
24479	0	32944	
24480	0	32144	
24481	0	31968	
24482	0	32292	
24483	0	32708	
24484	0	33264	
24485	0	33612	
24486	0	33688	
24487	0	33456	
24488	0	33130	
24489	0	32884	
24490	0	32628	
24491	0	32936	
24492	0	33732	
24493	0	34564	
24494	0	35520	
24495	0	35744	
24496	0	35420	
24497	0	34528	
24498	0	33596	
24499	0	32820	
24500	0	32100	
24501	0	31844	
24502	0	32112	
24503	0	32388	
24504	0	32596	
24505	0	32952	
24506	0	33612	
24507	0	34120	
24508	0	34368	
24509	0	34460	
24510	0	34612	
24511	0	34432	
24512	0	34252	
24513	0	34068	
24514	0	33952	
24515	0	33792	
24516	0	33252	
24517	0	32924	
24518	0	32692	
24519	0	32532	
24520	0	32360	
24521	0	32340	
24522	0	32036	
24523	0	31850	
24524	0	31708	
24525	0	31776	
24526	0	32320	
24527	0	33256	
24528	0	33564	
24529	0	33824	
24530	0	34064	
24531	0	34124	
24532	0	34036	
24533	0	34464	
24534	0	34600	
24535	0	34668	
24536	0	34932	
24537	0	35124	
24538	0	35028	
24539	0	34336	
24540	0	33588	
24541	0	33764	
24542	0	34172	
24543	0	34628	
24544	0	35248	
24545	0	36072	
24546	0	36456	
24547	0	35836	
24548	0	34848	
24549	0	34180	
24550	0	33944	
24551	0	33144	
24552	0	32036	
24553	0	31680	
24554	0	31640	
24555	0	31408	
24556	0	31000	
24557	0	30480	
24558	0	30284	
24559	0	30476	
24560	0	30860	
24561	0	31340	
24562	0	31688	
24563	0	31750	
24564	0	31480	
24565	0	31296	
24566	0	31516	
24567	0	32212	
24568	0	33008	
24569	0	33600	
24570	0	33992	
24571	0	34164	
24572	0	34292	
24573	0	34804	
24574	0	34836	
24575	0	34564	
24576	0	34036	
24577	0	33812	
24578	0	34156	
24579	0	34736	
24580	0	35280	
24581	0	35868	
24582	0	36428	
24583	0	36496	
24584	0	36884	
24585	0	37204	
24586	0	37052	
24587	0	36688	
24588	0	36544	
24589	0	36576	
24590	0	36556	
24591	0	36608	
24592	0	36516	
24593	0	36520	
24594	0	36984	
24595	0	37180	
24596	0	37312	
24597	0	37460	
24598	0	37960	
24599	0	38552	
24600	0	38536	
24601	0	38360	
24602	0	38184	
24603	0	37628	
24604	0	37268	
24605	0	36912	
24606	0	36564	
24607	0	36380	
24608	0	36440	
24609	0	37092	
24610	0	37960	
24611	0	39008	
24612	0	39356	
24613	0	38852	
24614	0	38144	
24615	0	37640	
24616	0	36696	
24617	0	36040	
24618	0	35744	
24619	0	35468	
24620	0	35084	
24621	0	34472	
24622	0	33996	
24623	0	33512	
24624	0	33372	
24625	0	33548	
24626	0	34064	
24627	0	34464	
24628	0	34580	
24629	0	34296	
24630	0	33676	
24631	0	32928	
24632	0	32312	
24633	0	31708	
24634	0	31096	
24635	0	30728	
24636	0	30242	
24637	0	30128	
24638	0	29904	
24639	0	29588	
24640	0	29200	
24641	0	29098	
24642	0	29452	
24643	0	30124	
24644	0	30848	
24645	0	31176	
24646	0	30912	
24647	0	30692	
24648	0	30768	
24649	0	31276	
24650	0	32088	
24651	0	32876	
24652	0	33636	
24653	0	33640	
24654	0	33416	
24655	0	33248	
24656	0	32532	
24657	0	31412	
24658	0	30476	
24659	0	30188	
24660	0	29692	
24661	0	29252	
24662	0	29050	
24663	0	29116	
24664	0	29764	
24665	0	30456	
24666	0	30952	
24667	0	31620	
24668	0	31752	
24669	0	32236	
24670	0	33004	
24671	0	33508	
24672	0	33528	
24673	0	32822	
24674	0	31768	
24675	0	31020	
24676	0	30784	
24677	0	30808	
24678	0	30116	
24679	0	29425	
24680	0	29320	
24681	0	29736	
24682	0	30660	
24683	0	31396	
24684	0	31768	
24685	0	32012	
24686	0	32056	
24687	0	32040	
24688	0	32204	
24689	0	32676	
24690	0	32666	
24691	0	32280	
24692	0	31988	
24693	0	31900	
24694	0	31676	
24695	0	31468	
24696	0	31788	
24697	0	32048	
24698	0	32484	
24699	0	32774	
24700	0	33096	
24701	0	33404	
24702	0	33936	
24703	0	34664	
24704	0	35136	
24705	0	34900	
24706	0	34520	
24707	0	34400	
24708	0	34648	
24709	0	34900	
24710	0	35016	
24711	0	35020	
24712	0	34748	
24713	0	35008	
24714	0	35848	
24715	0	36504	
24716	0	36920	
24717	0	37028	
24718	0	37068	
24719	0	37188	
24720	0	37256	
24721	0	37228	
24722	0	37144	
24723	0	37272	
24724	0	37692	
24725	0	38296	
24726	0	38656	
24727	0	38340	
24728	0	37336	
24729	0	36696	
24730	0	36124	
24731	0	35308	
24732	0	34516	
24733	0	34234	
24734	0	34296	
24735	0	34552	
24736	0	34852	
24737	0	34944	
24738	0	34700	
24739	0	34280	
24740	0	33628	
24741	0	32896	
24742	0	32336	
24743	0	32666	
24744	0	33016	
24745	0	33478	
24746	0	33912	
24747	0	34256	
24748	0	34488	
24749	0	34564	
24750	0	34360	
24751	0	33856	
24752	0	33608	
24753	0	33664	
24754	0	33640	
24755	0	33680	
24756	0	33580	
24757	0	33720	
24758	0	34128	
24759	0	34728	
24760	0	35418	
24761	0	35820	
24762	0	35676	
24763	0	35380	
24764	0	34720	
24765	0	34120	
24766	0	33572	
24767	0	33140	
24768	0	33204	
24769	0	33504	
24770	0	33892	
24771	0	33748	
24772	0	33396	
24773	0	33060	
24774	0	33208	
24775	0	33592	
24776	0	33644	
24777	0	33452	
24778	0	33276	
24779	0	32780	
24780	0	32456	
24781	0	32660	
24782	0	32300	
24783	0	31312	
24784	0	30434	
24785	0	30036	
24786	0	29804	
24787	0	29726	
24788	0	30176	
24789	0	31008	
24790	0	31592	
24791	0	32088	
24792	0	32564	
24793	0	32708	
24794	0	32596	
24795	0	32068	
24796	0	31480	
24797	0	31032	
24798	0	30436	
24799	0	30228	
24800	0	30696	
24801	0	31320	
24802	0	31744	
24803	0	31308	
24804	0	30552	
24805	0	30616	
24806	0	31072	
24807	0	31194	
24808	0	31560	
24809	0	31560	
24810	0	31336	
24811	0	31048	
24812	0	30876	
24813	0	30712	
24814	0	30724	
24815	0	30656	
24816	0	30520	
24817	0	30588	
24818	0	30700	
24819	0	30764	
24820	0	30960	
24821	0	31456	
24822	0	31736	
24823	0	31840	
24824	0	32188	
24825	0	32312	
24826	0	32360	
24827	0	31820	
24828	0	31156	
24829	0	30712	
24830	0	30412	
24831	0	30272	
24832	0	30240	
24833	0	30408	
24834	0	30616	
24835	0	30624	
24836	0	29580	
24837	0	28172	
24838	0	26996	
24839	0	26116	
24840	0	25636	
24841	0	25588	
24842	0	25676	
24843	0	25996	
24844	0	27156	
24845	0	27558	
24846	0	27716	
24847	0	28184	
24848	0	28886	
24849	0	29858	
24850	0	30104	
24851	0	30184	
24852	0	30568	
24853	0	30956	
24854	0	31088	
24855	0	31340	
24856	0	31672	
24857	0	31608	
24858	0	31600	
24859	0	31444	
24860	0	30992	
24861	0	30556	
24862	0	30096	
24863	0	29800	
24864	0	29620	
24865	0	29376	
24866	0	29124	
24867	0	29140	
24868	0	29430	
24869	0	29460	
24870	0	29516	
24871	0	30533	
24872	0	31564	
24873	0	32300	
24874	0	32192	
24875	0	31610	
24876	0	30880	
24877	0	30012	
24878	0	29888	
24879	0	30288	
24880	0	30412	
24881	0	29960	
24882	0	29056	
24883	0	28408	
24884	0	28300	
24885	0	28336	
24886	0	28988	
24887	0	29660	
24888	0	30132	
24889	0	30712	
24890	0	31148	
24891	0	31728	
24892	0	32432	
24893	0	33164	
24894	0	33948	
24895	0	34268	
24896	0	34304	
24897	0	34396	
24898	0	34540	
24899	0	34628	
24900	0	34848	
24901	0	34776	
24902	0	34936	
24903	0	35368	
24904	0	35404	
24905	0	35068	
24906	0	34880	
24907	0	34928	
24908	0	35072	
24909	0	35122	
24910	0	34996	
24911	0	35480	
24912	0	35792	
24913	0	35536	
24914	0	35160	
24915	0	34976	
24916	0	34496	
24917	0	34120	
24918	0	33764	
24919	0	33872	
24920	0	34140	
24921	0	34164	
24922	0	34180	
24923	0	34144	
24924	0	34056	
24925	0	34172	
24926	0	34452	
24927	0	34160	
24928	0	34216	
24929	0	34612	
24930	0	35116	
24931	0	35896	
24932	0	36380	
24933	0	36704	
24934	0	37268	
24935	0	37448	
24936	0	37404	
24937	0	36948	
24938	0	36032	
24939	0	34856	
24940	0	34392	
24941	0	34252	
24942	0	33960	
24943	0	33972	
24944	0	34092	
24945	0	34252	
24946	0	34728	
24947	0	35644	
24948	0	36824	
24949	0	37708	
24950	0	38072	
24951	0	37848	
24952	0	37376	
24953	0	37144	
24954	0	36720	
24955	0	36372	
24956	0	36344	
24957	0	36520	
24958	0	36952	
24959	0	36876	
24960	0	36752	
24961	0	36152	
24962	0	35448	
24963	0	34912	
24964	0	34736	
24965	0	34620	
24966	0	34440	
24967	0	33856	
24968	0	33716	
24969	0	34268	
24970	0	34912	
24971	0	35320	
24972	0	35624	
24973	0	35928	
24974	0	36192	
24975	0	36264	
24976	0	36244	
24977	0	36184	
24978	0	35888	
24979	0	35760	
24980	0	36304	
24981	0	36904	
24982	0	37224	
24983	0	37464	
24984	0	37152	
24985	0	36792	
24986	0	36252	
24987	0	35664	
24988	0	35464	
24989	0	35480	
24990	0	35552	
24991	0	35856	
24992	0	36532	
24993	0	37132	
24994	0	36760	
24995	0	35704	
24996	0	34700	
24997	0	33496	
24998	0	32276	
24999	0	31532	
25000	0	31120	
25001	0	31076	
25002	0	31908	
25003	0	33100	
25004	0	33756	
25005	0	34144	
25006	0	33956	
25007	0	33400	
25008	0	32996	
25009	0	32472	
25010	0	31984	
25011	0	31608	
25012	0	31584	
25013	0	31656	
25014	0	31792	
25015	0	31752	
25016	0	31508	
25017	0	31348	
25018	0	31656	
25019	0	32272	
25020	0	32768	
25021	0	32816	
25022	0	32528	
25023	0	32600	
25024	0	32244	
25025	0	31768	
25026	0	31420	
25027	0	31228	
25028	0	30944	
25029	0	30914	
25030	0	30888	
25031	0	30904	
25032	0	30764	
25033	0	30624	
25034	0	30664	
25035	0	31024	
25036	0	31252	
25037	0	31156	
25038	0	31196	
25039	0	31188	
25040	0	31048	
25041	0	30836	
25042	0	30432	
25043	0	30632	
25044	0	31232	
25045	0	31932	
25046	0	32256	
25047	0	32140	
25048	0	32256	
25049	0	32852	
25050	0	33368	
25051	0	33754	
25052	0	33672	
25053	0	33368	
25054	0	32940	
25055	0	32540	
25056	0	31840	
25057	0	31028	
25058	0	30444	
25059	0	30540	
25060	0	30828	
25061	0	31296	
25062	0	31752	
25063	0	32268	
25064	0	32332	
25065	0	32580	
25066	0	32736	
25067	0	33060	
25068	0	32968	
25069	0	32340	
25070	0	31824	
25071	0	31856	
25072	0	32288	
25073	0	32828	
25074	0	33264	
25075	0	33944	
25076	0	36360	
25077	0	38908	
25078	0	39620	
25079	0	38908	
25080	0	37536	
25081	0	36240	
25082	0	35140	
25083	0	33976	
25084	0	33488	
25085	0	33456	
25086	0	33456	
25087	0	33496	
25088	0	33360	
25089	0	33084	
25090	0	32632	
25091	0	32288	
25092	0	32204	
25093	0	32348	
25094	0	32228	
25095	0	31560	
25096	0	30756	
25097	0	30472	
25098	0	30168	
25099	0	29820	
25100	0	29980	
25101	0	30184	
25102	0	30512	
25103	0	30804	
25104	0	31220	
25105	0	31680	
25106	0	32336	
25107	0	33012	
25108	0	33712	
25109	0	34176	
25110	0	35064	
25111	0	36192	
25112	0	37140	
25113	0	37400	
25114	0	37008	
25115	0	35856	
25116	0	34776	
25117	0	34328	
25118	0	34196	
25119	0	34088	
25120	0	34032	
25121	0	33772	
25122	0	33702	
25123	0	33948	
25124	0	33800	
25125	0	33444	
25126	0	33432	
25127	0	33688	
25128	0	34240	
25129	0	34712	
25130	0	34892	
25131	0	35080	
25132	0	35264	
25133	0	35528	
25134	0	36004	
25135	0	36204	
25136	0	35996	
25137	0	35936	
25138	0	35268	
25139	0	33884	
25140	0	32616	
25141	0	31804	
25142	0	31596	
25143	0	31728	
25144	0	31760	
25145	0	31600	
25146	0	31072	
25147	0	30332	
25148	0	29556	
25149	0	29152	
25150	0	29140	
25151	0	29604	
25152	0	30040	
25153	0	30240	
25154	0	30368	
25155	0	30392	
25156	0	30316	
25157	0	29658	
25158	0	29408	
25159	0	29568	
25160	0	29800	
25161	0	29864	
25162	0	29660	
25163	0	29732	
25164	0	29876	
25165	0	30304	
25166	0	30672	
25167	0	30436	
25168	0	29412	
25169	0	28700	
25170	0	28628	
25171	0	28520	
25172	0	28012	
25173	0	27752	
25174	0	28420	
25175	0	29244	
25176	0	30204	
25177	0	30396	
25178	0	30764	
25179	0	31248	
25180	0	31448	
25181	0	31668	
25182	0	31804	
25183	0	31352	
25184	0	30512	
25185	0	29658	
25186	0	28996	
25187	0	28680	
25188	0	28924	
25189	0	29508	
25190	0	30228	
25191	0	30644	
25192	0	30892	
25193	0	31480	
25194	0	31528	
25195	0	31484	
25196	0	31348	
25197	0	31388	
25198	0	31264	
25199	0	30620	
25200	0	29996	
25201	0	30268	
25202	0	30544	
25203	0	30788	
25204	0	30664	
25205	0	30620	
25206	0	31176	
25207	0	31804	
25208	0	32048	
25209	0	31968	
25210	0	31552	
25211	0	31124	
25212	0	30664	
25213	0	30132	
25214	0	29804	
25215	0	29344	
25216	0	28937	
25217	0	28960	
25218	0	28872	
25219	0	28780	
25220	0	28976	
25221	0	29564	
25222	0	30176	
25223	0	30584	
25224	0	31368	
25225	0	32252	
25226	0	33204	
25227	0	34020	
25228	0	34592	
25229	0	34828	
25230	0	34656	
25231	0	34524	
25232	0	34848	
25233	0	35084	
25234	0	35864	
25235	0	36192	
25236	0	36244	
25237	0	36144	
25238	0	35856	
25239	0	35628	
25240	0	35048	
25241	0	34872	
25242	0	35164	
25243	0	35240	
25244	0	34888	
25245	0	34348	
25246	0	34122	
25247	0	33928	
25248	0	33520	
25249	0	32916	
25250	0	32544	
25251	0	32896	
25252	0	33592	
25253	0	34304	
25254	0	34480	
25255	0	34296	
25256	0	33464	
25257	0	32672	
25258	0	32248	
25259	0	31904	
25260	0	31644	
25261	0	31404	
25262	0	31348	
25263	0	30960	
25264	0	30932	
25265	0	31204	
25266	0	31672	
25267	0	32364	
25268	0	32644	
25269	0	32836	
25270	0	32468	
25271	0	32368	
25272	0	32420	
25273	0	32648	
25274	0	32784	
25275	0	32836	
25276	0	32620	
25277	0	32312	
25278	0	31784	
25279	0	31520	
25280	0	31256	
25281	0	30956	
25282	0	30952	
25283	0	30776	
25284	0	30608	
25285	0	30628	
25286	0	30426	
25287	0	30208	
25288	0	29956	
25289	0	29572	
25290	0	29108	
25291	0	28972	
25292	0	29432	
25293	0	30376	
25294	0	31412	
25295	0	32088	
25296	0	32704	
25297	0	33332	
25298	0	33516	
25299	0	33192	
25300	0	32804	
25301	0	32208	
25302	0	31604	
25303	0	31316	
25304	0	30888	
25305	0	30676	
25306	0	30944	
25307	0	31276	
25308	0	31840	
25309	0	32388	
25310	0	32316	
25311	0	32332	
25312	0	32552	
25313	0	32752	
25314	0	33204	
25315	0	33300	
25316	0	33440	
25317	0	33724	
25318	0	33564	
25319	0	32616	
25320	0	31604	
25321	0	30640	
25322	0	30280	
25323	0	30612	
25324	0	31194	
25325	0	31724	
25326	0	32456	
25327	0	32840	
25328	0	32804	
25329	0	33096	
25330	0	33608	
25331	0	33752	
25332	0	33956	
25333	0	34104	
25334	0	33812	
25335	0	33024	
25336	0	32380	
25337	0	31944	
25338	0	31458	
25339	0	30768	
25340	0	30288	
25341	0	30352	
25342	0	30580	
25343	0	31440	
25344	0	32532	
25345	0	33392	
25346	0	33856	
25347	0	34064	
25348	0	33888	
25349	0	32912	
25350	0	32116	
25351	0	31980	
25352	0	32216	
25353	0	32328	
25354	0	32664	
25355	0	32988	
25356	0	33460	
25357	0	34060	
25358	0	34176	
25359	0	33652	
25360	0	33372	
25361	0	33192	
25362	0	32856	
25363	0	32784	
25364	0	32724	
25365	0	32664	
25366	0	32548	
25367	0	32724	
25368	0	32540	
25369	0	32216	
25370	0	32208	
25371	0	31988	
25372	0	31484	
25373	0	31560	
25374	0	31576	
25375	0	31136	
25376	0	30752	
25377	0	30396	
25378	0	29800	
25379	0	28764	
25380	0	28325	
25381	0	28436	
25382	0	28760	
25383	0	29740	
25384	0	30968	
25385	0	31768	
25386	0	32404	
25387	0	33004	
25388	0	33324	
25389	0	33341	
25390	0	33184	
25391	0	32993	
25392	0	32716	
25393	0	32688	
25394	0	32608	
25395	0	32348	
25396	0	32544	
25397	0	33512	
25398	0	34504	
25399	0	35000	
25400	0	35064	
25401	0	34924	
25402	0	35196	
25403	0	35520	
25404	0	36092	
25405	0	36240	
25406	0	35896	
25407	0	35660	
25408	0	35384	
25409	0	35232	
25410	0	35224	
25411	0	35272	
25412	0	35004	
25413	0	34768	
25414	0	34668	
25415	0	34488	
25416	0	34188	
25417	0	33740	
25418	0	33380	
25419	0	33096	
25420	0	33000	
25421	0	32860	
25422	0	32988	
25423	0	33268	
25424	0	33576	
25425	0	34196	
25426	0	34440	
25427	0	34668	
25428	0	34992	
25429	0	35012	
25430	0	34624	
25431	0	34376	
25432	0	33984	
25433	0	33620	
25434	0	32904	
25435	0	32644	
25436	0	32248	
25437	0	31464	
25438	0	30696	
25439	0	29620	
25440	0	29180	
25441	0	28916	
25442	0	28408	
25443	0	28288	
25444	0	28328	
25445	0	28632	
25446	0	29564	
25447	0	30708	
25448	0	31828	
25449	0	33172	
25450	0	34244	
25451	0	34804	
25452	0	34920	
25453	0	34932	
25454	0	35136	
25455	0	35592	
25456	0	35812	
25457	0	35600	
25458	0	35620	
25459	0	35596	
25460	0	34944	
25461	0	34112	
25462	0	33560	
25463	0	33064	
25464	0	32856	
25465	0	33052	
25466	0	33128	
25467	0	32976	
25468	0	32996	
25469	0	33580	
25470	0	34240	
25471	0	34792	
25472	0	35364	
25473	0	35148	
25474	0	34480	
25475	0	33872	
25476	0	33392	
25477	0	32752	
25478	0	31872	
25479	0	31308	
25480	0	31008	
25481	0	30946	
25482	0	31244	
25483	0	31984	
25484	0	32732	
25485	0	32928	
25486	0	33244	
25487	0	33344	
25488	0	32928	
25489	0	32104	
25490	0	31212	
25491	0	30836	
25492	0	30636	
25493	0	30780	
25494	0	30844	
25495	0	30996	
25496	0	31224	
25497	0	31176	
25498	0	31028	
25499	0	30572	
25500	0	29448	
25501	0	28266	
25502	0	27273	
25503	0	26348	
25504	0	25584	
25505	0	25228	
25506	0	25288	
25507	0	24960	
25508	0	24884	
25509	0	25156	
25510	0	25318	
25511	0	25608	
25512	0	26052	
25513	0	26808	
25514	0	27604	
25515	0	27884	
25516	0	27732	
25517	0	27976	
25518	0	28576	
25519	0	29264	
25520	0	29852	
25521	0	30304	
25522	0	30202	
25523	0	29760	
25524	0	29416	
25525	0	29020	
25526	0	28808	
25527	0	29032	
25528	0	29188	
25529	0	29392	
25530	0	29304	
25531	0	28952	
25532	0	29028	
25533	0	29308	
25534	0	29508	
25535	0	29626	
25536	0	29672	
25537	0	29000	
25538	0	28084	
25539	0	27561	
25540	0	27592	
25541	0	27692	
25542	0	27768	
25543	0	27872	
25544	0	27928	
25545	0	27864	
25546	0	27628	
25547	0	26864	
25548	0	26336	
25549	0	26648	
25550	0	27592	
25551	0	28456	
25552	0	29424	
25553	0	30016	
25554	0	30000	
25555	0	29788	
25556	0	29404	
25557	0	28544	
25558	0	27912	
25559	0	27412	
25560	0	27244	
25561	0	27872	
25562	0	28980	
25563	0	29240	
25564	0	29384	
25565	0	29660	
25566	0	30000	
25567	0	30108	
25568	0	30296	
25569	0	30616	
25570	0	30660	
25571	0	31052	
25572	0	31484	
25573	0	31412	
25574	0	31208	
25575	0	31112	
25576	0	31396	
25577	0	31392	
25578	0	30972	
25579	0	30516	
25580	0	30288	
25581	0	30476	
25582	0	30772	
25583	0	31084	
25584	0	31584	
25585	0	31904	
25586	0	31772	
25587	0	31428	
25588	0	30736	
25589	0	30020	
25590	0	29456	
25591	0	29174	
25592	0	29168	
25593	0	29504	
25594	0	29720	
25595	0	29376	
25596	0	28852	
25597	0	28956	
25598	0	29324	
25599	0	29888	
25600	0	30528	
25601	0	31072	
25602	0	31468	
25603	0	31608	
25604	0	31808	
25605	0	31578	
25606	0	31376	
25607	0	31064	
25608	0	31112	
25609	0	31756	
25610	0	31320	
25611	0	30136	
25612	0	29272	
25613	0	29220	
25614	0	30904	
25615	0	34500	
25616	0	38012	
25617	0	39728	
25618	0	38744	
25619	0	36160	
25620	0	34044	
25621	0	32848	
25622	0	31640	
25623	0	30986	
25624	0	30692	
25625	0	31064	
25626	0	31432	
25627	0	31584	
25628	0	31796	
25629	0	32186	
25630	0	33320	
25631	0	34424	
25632	0	35028	
25633	0	35172	
25634	0	35252	
25635	0	35260	
25636	0	35016	
25637	0	35112	
25638	0	35080	
25639	0	34596	
25640	0	34116	
25641	0	33800	
25642	0	33952	
25643	0	34472	
25644	0	34960	
25645	0	35236	
25646	0	35756	
25647	0	35980	
25648	0	35892	
25649	0	35528	
25650	0	34768	
25651	0	34264	
25652	0	33976	
25653	0	33568	
25654	0	33308	
25655	0	33160	
25656	0	33240	
25657	0	33408	
25658	0	33196	
25659	0	33032	
25660	0	33292	
25661	0	33388	
25662	0	32912	
25663	0	31624	
25664	0	29952	
25665	0	28697	
25666	0	28212	
25667	0	28536	
25668	0	29128	
25669	0	29612	
25670	0	30136	
25671	0	30964	
25672	0	31364	
25673	0	31348	
25674	0	31588	
25675	0	31556	
25676	0	31300	
25677	0	30904	
25678	0	30948	
25679	0	31056	
25680	0	31476	
25681	0	32152	
25682	0	32836	
25683	0	32928	
25684	0	32996	
25685	0	32944	
25686	0	32632	
25687	0	32824	
25688	0	33532	
25689	0	34192	
25690	0	34736	
25691	0	35200	
25692	0	35216	
25693	0	34912	
25694	0	34192	
25695	0	33056	
25696	0	32332	
25697	0	32368	
25698	0	32632	
25699	0	32336	
25700	0	32080	
25701	0	32216	
25702	0	31968	
25703	0	31824	
25704	0	31636	
25705	0	31456	
25706	0	31444	
25707	0	31250	
25708	0	30924	
25709	0	30564	
25710	0	30108	
25711	0	29956	
25712	0	30232	
25713	0	30378	
25714	0	30744	
25715	0	30984	
25716	0	31120	
25717	0	31384	
25718	0	31904	
25719	0	32288	
25720	0	32312	
25721	0	32296	
25722	0	32392	
25723	0	32948	
25724	0	33644	
25725	0	33904	
25726	0	33792	
25727	0	33376	
25728	0	32860	
25729	0	32672	
25730	0	32428	
25731	0	31972	
25732	0	31616	
25733	0	31360	
25734	0	31348	
25735	0	31216	
25736	0	30512	
25737	0	29308	
25738	0	28440	
25739	0	27984	
25740	0	27914	
25741	0	28200	
25742	0	28020	
25743	0	27516	
25744	0	27132	
25745	0	26528	
25746	0	26308	
25747	0	26764	
25748	0	27132	
25749	0	27472	
25750	0	27968	
25751	0	28106	
25752	0	28456	
25753	0	28464	
25754	0	28580	
25755	0	28452	
25756	0	28172	
25757	0	28041	
25758	0	27932	
25759	0	28020	
25760	0	28208	
25761	0	28272	
25762	0	28218	
25763	0	28508	
25764	0	28992	
25765	0	29392	
25766	0	30168	
25767	0	30864	
25768	0	31388	
25769	0	31704	
25770	0	31552	
25771	0	31528	
25772	0	31820	
25773	0	31780	
25774	0	31892	
25775	0	32088	
25776	0	32244	
25777	0	31952	
25778	0	31400	
25779	0	31244	
25780	0	31320	
25781	0	31388	
25782	0	31880	
25783	0	32492	
25784	0	32968	
25785	0	32988	
25786	0	32880	
25787	0	32640	
25788	0	32208	
25789	0	32222	
25790	0	32056	
25791	0	31628	
25792	0	31344	
25793	0	31344	
25794	0	31652	
25795	0	32084	
25796	0	32184	
25797	0	31956	
25798	0	31384	
25799	0	30408	
25800	0	29900	
25801	0	29556	
25802	0	29400	
25803	0	29228	
25804	0	29328	
25805	0	29520	
25806	0	29888	
25807	0	30288	
25808	0	30344	
25809	0	30264	
25810	0	30448	
25811	0	31032	
25812	0	31256	
25813	0	30792	
25814	0	30208	
25815	0	30320	
25816	0	30304	
25817	0	29788	
25818	0	29132	
25819	0	28784	
25820	0	28440	
25821	0	27940	
25822	0	27564	
25823	0	27472	
25824	0	27144	
25825	0	27102	
25826	0	27448	
25827	0	27876	
25828	0	28552	
25829	0	29160	
25830	0	30104	
25831	0	31016	
25832	0	31712	
25833	0	32036	
25834	0	31872	
25835	0	31032	
25836	0	30300	
25837	0	29392	
25838	0	28584	
25839	0	27996	
25840	0	27648	
25841	0	27472	
25842	0	27588	
25843	0	27884	
25844	0	28268	
25845	0	28200	
25846	0	28420	
25847	0	28832	
25848	0	28916	
25849	0	29368	
25850	0	29996	
25851	0	30232	
25852	0	30312	
25853	0	30328	
25854	0	29888	
25855	0	29424	
25856	0	28604	
25857	0	28032	
25858	0	27652	
25859	0	27848	
25860	0	28624	
25861	0	29124	
25862	0	29208	
25863	0	29168	
25864	0	29089	
25865	0	29036	
25866	0	28900	
25867	0	28956	
25868	0	29020	
25869	0	29012	
25870	0	28652	
25871	0	28636	
25872	0	27868	
25873	0	26764	
25874	0	25972	
25875	0	25748	
25876	0	25962	
25877	0	26508	
25878	0	27292	
25879	0	28034	
25880	0	28288	
25881	0	28700	
25882	0	28616	
25883	0	27980	
25884	0	27124	
25885	0	26772	
25886	0	27448	
25887	0	28792	
25888	0	30188	
25889	0	31312	
25890	0	31904	
25891	0	31932	
25892	0	31616	
25893	0	31476	
25894	0	31128	
25895	0	30772	
25896	0	30672	
25897	0	30456	
25898	0	30016	
25899	0	29768	
25900	0	29916	
25901	0	29860	
25902	0	29740	
25903	0	29176	
25904	0	28756	
25905	0	28752	
25906	0	29092	
25907	0	29624	
25908	0	30352	
25909	0	31112	
25910	0	31356	
25911	0	31164	
25912	0	30988	
25913	0	30152	
25914	0	28980	
25915	0	28052	
25916	0	27344	
25917	0	27112	
25918	0	27624	
25919	0	28416	
25920	0	29488	
25921	0	30300	
25922	0	31608	
25923	0	33468	
25924	0	35616	
25925	0	37604	
25926	0	38792	
25927	0	41152	
25928	0	44344	
25929	0	46260	
25930	0	45828	
25931	0	44550	
25932	0	42688	
25933	0	41744	
25934	0	42824	
25935	0	44952	
25936	0	45344	
25937	0	44328	
25938	0	42256	
25939	0	39016	
25940	0	34372	
25941	0	30744	
25942	0	29840	
25943	0	30792	
25944	0	31376	
25945	0	31768	
25946	0	32732	
25947	0	33884	
25948	0	35844	
25949	0	40400	
25950	0	46332	
25951	0	49248	
25952	0	49320	
25953	0	46728	
25954	0	43496	
25955	0	41476	
25956	0	39920	
25957	0	39944	
25958	0	41144	
25959	0	42596	
25960	0	43660	
25961	0	44556	
25962	0	43068	
25963	0	40528	
25964	0	37728	
25965	0	36700	
25966	0	38364	
25967	0	41792	
25968	0	45380	
25969	0	48228	
25970	0	50532	
25971	0	53032	
25972	0	55084	
25973	0	56164	
25974	0	56380	
25975	0	56824	
25976	0	57736	
25977	0	58632	
25978	0	58708	
25979	0	58376	
25980	0	58664	
25981	0	59628	
25982	0	60360	
25983	0	60712	
25984	0	61120	
25985	0	61744	
25986	0	62680	
25987	0	64220	
25988	0	65464	
25989	0	65472	
25990	0	65472	
25991	0	65480	
25992	0	65472	
25993	0	65460	
25994	0	65472	
25995	0	65472	
25996	0	60536	
25997	0	57624	
25998	0	54768	
25999	0	52488	
26000	0	51552	
26001	0	51504	
26002	0	51840	
26003	0	51784	
26004	0	51216	
26005	0	50656	
26006	0	49892	
26007	0	49016	
26008	0	48500	
26009	0	48124	
26010	0	47720	
26011	0	46852	
26012	0	45772	
26013	0	44112	
26014	0	42328	
26015	0	40504	
26016	0	38976	
26017	0	37372	
26018	0	36264	
26019	0	35792	
26020	0	35716	
26021	0	35574	
26022	0	35432	
26023	0	35224	
26024	0	34480	
26025	0	33432	
26026	0	31816	
26027	0	30776	
26028	0	30272	
26029	0	30592	
26030	0	31356	
26031	0	32180	
26032	0	32588	
26033	0	32180	
26034	0	31128	
26035	0	29212	
26036	0	27016	
26037	0	25252	
26038	0	23900	
26039	0	22956	
26040	0	22384	
26041	0	21876	
26042	0	21472	
26043	0	21476	
26044	0	21172	
26045	0	20746	
26046	0	20312	
26047	0	19884	
26048	0	19992	
26049	0	20324	
26050	0	20660	
26051	0	20820	
26052	0	20712	
26053	0	20592	
26054	0	20576	
26055	0	20900	
26056	0	21112	
26057	0	20198	
26058	0	18500	
26059	0	16956	
26060	0	16212	
26061	0	16040	
26062	0	16620	
26063	0	17008	
26064	0	17564	
26065	0	18372	
26066	0	19008	
26067	0	18938	
26068	0	18988	
26069	0	18864	
26070	0	18452	
26071	0	17984	
26072	0	17524	
26073	0	17304	
26074	0	17378	
26075	0	17926	
26076	0	18428	
26077	0	18626	
26078	0	18832	
26079	0	18836	
26080	0	18412	
26081	0	17724	
26082	0	17016	
26083	0	16516	
26084	0	16424	
26085	0	16756	
26086	0	16928	
26087	0	16904	
26088	0	17334	
26089	0	17904	
26090	0	18236	
26091	0	18552	
26092	0	19100	
26093	0	19145	
26094	0	18584	
26095	0	17700	
26096	0	17032	
26097	0	16448	
26098	0	15802	
26099	0	15130	
26100	0	14674	
26101	0	14928	
26102	0	15484	
26103	0	16100	
26104	0	16720	
26105	0	17189	
26106	0	17400	
26107	0	17650	
26108	0	18124	
26109	0	18504	
26110	0	19004	
26111	0	19284	
26112	0	19844	
26113	0	20012	
26114	0	20028	
26115	0	19448	
26116	0	18868	
26117	0	18232	
26118	0	17696	
26119	0	17424	
26120	0	17526	
26121	0	18144	
26122	0	18540	
26123	0	18724	
26124	0	18892	
26125	0	19232	
26126	0	19841	
26127	0	21468	
26128	0	22936	
26129	0	23512	
26130	0	23464	
26131	0	23236	
26132	0	22698	
26133	0	21688	
26134	0	20636	
26135	0	19748	
26136	0	19088	
26137	0	19064	
26138	0	19144	
26139	0	18812	
26140	0	18348	
26141	0	18076	
26142	0	18560	
26143	0	19412	
26144	0	20564	
26145	0	21328	
26146	0	22032	
26147	0	22666	
26148	0	22976	
26149	0	22688	
26150	0	22400	
26151	0	22548	
26152	0	23168	
26153	0	23544	
26154	0	23864	
26155	0	24941	
26156	0	25948	
26157	0	26552	
26158	0	25740	
26159	0	24072	
26160	0	22980	
26161	0	22608	
26162	0	23084	
26163	0	23916	
26164	0	24938	
26165	0	26184	
26166	0	28248	
26167	0	30256	
26168	0	30888	
26169	0	30580	
26170	0	29792	
26171	0	29076	
26172	0	28232	
26173	0	27928	
26174	0	27488	
26175	0	26944	
26176	0	26440	
26177	0	25748	
26178	0	24820	
26179	0	23924	
26180	0	23392	
26181	0	23352	
26182	0	24148	
26183	0	25272	
26184	0	25640	
26185	0	25628	
26186	0	25420	
26187	0	25220	
26188	0	25308	
26189	0	25844	
26190	0	26652	
26191	0	27688	
26192	0	28674	
26193	0	29468	
26194	0	29588	
26195	0	28858	
26196	0	27360	
26197	0	26432	
26198	0	25688	
26199	0	25484	
26200	0	25600	
26201	0	25748	
26202	0	25540	
26203	0	25228	
26204	0	24440	
26205	0	23876	
26206	0	23648	
26207	0	24052	
26208	0	25072	
26209	0	26232	
26210	0	27192	
26211	0	27908	
26212	0	28404	
26213	0	28472	
26214	0	27848	
26215	0	27072	
26216	0	25728	
26217	0	24748	
26218	0	24604	
26219	0	24772	
26220	0	24804	
26221	0	25188	
26222	0	25662	
26223	0	25916	
26224	0	26196	
26225	0	26496	
26226	0	26768	
26227	0	27208	
26228	0	27212	
26229	0	27388	
26230	0	27588	
26231	0	27240	
26232	0	26660	
26233	0	26548	
26234	0	26480	
26235	0	26256	
26236	0	26112	
26237	0	25672	
26238	0	25160	
26239	0	25116	
26240	0	25616	
26241	0	26996	
26242	0	28488	
26243	0	29076	
26244	0	28476	
26245	0	27436	
26246	0	26404	
26247	0	26164	
26248	0	26428	
26249	0	26968	
26250	0	28188	
26251	0	29128	
26252	0	29800	
26253	0	30448	
26254	0	30404	
26255	0	29032	
26256	0	27520	
26257	0	26884	
26258	0	26356	
26259	0	25664	
26260	0	25384	
26261	0	25552	
26262	0	26008	
26263	0	26768	
26264	0	27244	
26265	0	27260	
26266	0	27336	
26267	0	27184	
26268	0	28324	
26269	0	30552	
26270	0	31920	
26271	0	31960	
26272	0	31266	
26273	0	31592	
26274	0	32384	
26275	0	32384	
26276	0	31472	
26277	0	30352	
26278	0	29706	
26279	0	29312	
26280	0	28764	
26281	0	27756	
26282	0	26856	
26283	0	26416	
26284	0	26366	
26285	0	26908	
26286	0	27924	
26287	0	28688	
26288	0	29040	
26289	0	29140	
26290	0	28936	
26291	0	28640	
26292	0	28384	
26293	0	28136	
26294	0	29376	
26295	0	31932	
26296	0	33372	
26297	0	32880	
26298	0	30912	
26299	0	28736	
26300	0	27328	
26301	0	26724	
26302	0	26484	
26303	0	26529	
26304	0	27072	
26305	0	27760	
26306	0	27684	
26307	0	27628	
26308	0	27168	
26309	0	26640	
26310	0	26292	
26311	0	26408	
26312	0	26308	
26313	0	26344	
26314	0	26512	
26315	0	26740	
26316	0	26664	
26317	0	26724	
26318	0	26944	
26319	0	27584	
26320	0	28236	
26321	0	29013	
26322	0	29524	
26323	0	29788	
26324	0	30010	
26325	0	29880	
26326	0	29360	
26327	0	28848	
26328	0	29190	
26329	0	30592	
26330	0	31856	
26331	0	32408	
26332	0	31696	
26333	0	30268	
26334	0	29316	
26335	0	28220	
26336	0	27072	
26337	0	26708	
26338	0	26696	
26339	0	26764	
26340	0	27576	
26341	0	28272	
26342	0	28272	
26343	0	28180	
26344	0	28476	
26345	0	29168	
26346	0	30088	
26347	0	31072	
26348	0	32208	
26349	0	32860	
26350	0	32880	
26351	0	32720	
26352	0	32372	
26353	0	32120	
26354	0	32260	
26355	0	32076	
26356	0	31896	
26357	0	31608	
26358	0	31394	
26359	0	30956	
26360	0	30460	
26361	0	29992	
26362	0	29580	
26363	0	28928	
26364	0	28516	
26365	0	28608	
26366	0	28796	
26367	0	29044	
26368	0	29386	
26369	0	29764	
26370	0	30176	
26371	0	30440	
26372	0	30876	
26373	0	31100	
26374	0	31144	
26375	0	31760	
26376	0	32232	
26377	0	32546	
26378	0	31904	
26379	0	31120	
26380	0	30452	
26381	0	29808	
26382	0	29584	
26383	0	29536	
26384	0	29420	
26385	0	29256	
26386	0	28796	
26387	0	28340	
26388	0	28632	
26389	0	29664	
26390	0	30908	
26391	0	31770	
26392	0	32356	
26393	0	32668	
26394	0	32600	
26395	0	32476	
26396	0	31764	
26397	0	30884	
26398	0	29692	
26399	0	28421	
26400	0	27500	
26401	0	26856	
26402	0	26416	
26403	0	26576	
26404	0	26860	
26405	0	27912	
26406	0	28832	
26407	0	28836	
26408	0	28488	
26409	0	28164	
26410	0	28000	
26411	0	27760	
26412	0	27996	
26413	0	28376	
26414	0	28424	
26415	0	28220	
26416	0	27744	
26417	0	27120	
26418	0	26336	
26419	0	25792	
26420	0	25964	
26421	0	26772	
26422	0	28320	
26423	0	29628	
26424	0	30412	
26425	0	30173	
26426	0	30092	
26427	0	29944	
26428	0	30304	
26429	0	31220	
26430	0	31932	
26431	0	32268	
26432	0	32520	
26433	0	33276	
26434	0	33704	
26435	0	33460	
26436	0	33244	
26437	0	32832	
26438	0	32352	
26439	0	31984	
26440	0	31876	
26441	0	31788	
26442	0	32172	
26443	0	32336	
26444	0	32280	
26445	0	31944	
26446	0	31696	
26447	0	31816	
26448	0	32264	
26449	0	33176	
26450	0	34428	
26451	0	34912	
26452	0	34552	
26453	0	33872	
26454	0	32920	
26455	0	31736	
26456	0	30728	
26457	0	29804	
26458	0	28880	
26459	0	28280	
26460	0	27696	
26461	0	27712	
26462	0	28256	
26463	0	29296	
26464	0	29832	
26465	0	30240	
26466	0	30208	
26467	0	30360	
26468	0	30536	
26469	0	30492	
26470	0	30744	
26471	0	31220	
26472	0	31528	
26473	0	31524	
26474	0	31768	
26475	0	32080	
26476	0	32208	
26477	0	32204	
26478	0	31936	
26479	0	31348	
26480	0	30440	
26481	0	29772	
26482	0	29464	
26483	0	29412	
26484	0	29592	
26485	0	29632	
26486	0	29512	
26487	0	30004	
26488	0	31320	
26489	0	33056	
26490	0	34640	
26491	0	35224	
26492	0	35152	
26493	0	34712	
26494	0	34304	
26495	0	33872	
26496	0	33884	
26497	0	33640	
26498	0	33400	
26499	0	33544	
26500	0	33680	
26501	0	33332	
26502	0	32818	
26503	0	32124	
26504	0	32192	
26505	0	32376	
26506	0	32624	
26507	0	32896	
26508	0	33536	
26509	0	34412	
26510	0	35652	
26511	0	36616	
26512	0	37104	
26513	0	37632	
26514	0	37512	
26515	0	37292	
26516	0	36924	
26517	0	35968	
26518	0	35080	
26519	0	34488	
26520	0	33640	
26521	0	32924	
26522	0	32548	
26523	0	32340	
26524	0	31640	
26525	0	31680	
26526	0	32092	
26527	0	32416	
26528	0	32752	
26529	0	33104	
26530	0	33464	
26531	0	34192	
26532	0	34992	
26533	0	35964	
26534	0	36752	
26535	0	37000	
26536	0	36888	
26537	0	36824	
26538	0	36160	
26539	0	35212	
26540	0	34352	
26541	0	33992	
26542	0	33684	
26543	0	33416	
26544	0	33324	
26545	0	33640	
26546	0	33968	
26547	0	34060	
26548	0	34310	
26549	0	34672	
26550	0	34728	
26551	0	34452	
26552	0	33688	
26553	0	33444	
26554	0	33996	
26555	0	34480	
26556	0	34820	
26557	0	34304	
26558	0	33744	
26559	0	33356	
26560	0	32956	
26561	0	32388	
26562	0	32028	
26563	0	32180	
26564	0	32620	
26565	0	32892	
26566	0	33592	
26567	0	34244	
26568	0	34596	
26569	0	34976	
26570	0	34684	
26571	0	34080	
26572	0	33652	
26573	0	33604	
26574	0	33932	
26575	0	34600	
26576	0	35202	
26577	0	35500	
26578	0	35672	
26579	0	35056	
26580	0	34312	
26581	0	34076	
26582	0	34096	
26583	0	34416	
26584	0	34744	
26585	0	34936	
26586	0	34916	
26587	0	35088	
26588	0	35264	
26589	0	35532	
26590	0	35564	
26591	0	35468	
26592	0	35608	
26593	0	35924	
26594	0	36276	
26595	0	36164	
26596	0	35272	
26597	0	34716	
26598	0	34680	
26599	0	34920	
26600	0	35304	
26601	0	35828	
26602	0	35980	
26603	0	35944	
26604	0	35604	
26605	0	35252	
26606	0	34620	
26607	0	34464	
26608	0	34696	
26609	0	35760	
26610	0	36860	
26611	0	37844	
26612	0	38448	
26613	0	38296	
26614	0	37792	
26615	0	37368	
26616	0	37124	
26617	0	36720	
26618	0	36220	
26619	0	35596	
26620	0	35040	
26621	0	34708	
26622	0	34408	
26623	0	34276	
26624	0	34184	
26625	0	34084	
26626	0	34324	
26627	0	34368	
26628	0	34336	
26629	0	34296	
26630	0	34700	
26631	0	35172	
26632	0	35372	
26633	0	35180	
26634	0	35440	
26635	0	35660	
26636	0	35740	
26637	0	35680	
26638	0	35324	
26639	0	34828	
26640	0	34140	
26641	0	33256	
26642	0	32492	
26643	0	31836	
26644	0	31476	
26645	0	31416	
26646	0	30960	
26647	0	30932	
26648	0	31252	
26649	0	32064	
26650	0	32792	
26651	0	33344	
26652	0	33512	
26653	0	33432	
26654	0	32932	
26655	0	32428	
26656	0	32578	
26657	0	32452	
26658	0	32018	
26659	0	31312	
26660	0	31328	
26661	0	31720	
26662	0	31740	
26663	0	31600	
26664	0	31272	
26665	0	31084	
26666	0	31156	
26667	0	31596	
26668	0	32224	
26669	0	32600	
26670	0	32924	
26671	0	33424	
26672	0	33816	
26673	0	33824	
26674	0	34280	
26675	0	34620	
26676	0	34620	
26677	0	34916	
26678	0	34968	
26679	0	35124	
26680	0	35184	
26681	0	35364	
26682	0	35768	
26683	0	35720	
26684	0	35836	
26685	0	36396	
26686	0	37096	
26687	0	37580	
26688	0	38140	
26689	0	38536	
26690	0	38164	
26691	0	37568	
26692	0	37146	
26693	0	36956	
26694	0	37040	
26695	0	37056	
26696	0	36736	
26697	0	36040	
26698	0	35268	
26699	0	34512	
26700	0	34140	
26701	0	34096	
26702	0	34036	
26703	0	34244	
26704	0	34568	
26705	0	35184	
26706	0	36392	
26707	0	37948	
26708	0	38864	
26709	0	38840	
26710	0	38724	
26711	0	37968	
26712	0	37072	
26713	0	36036	
26714	0	35096	
26715	0	34072	
26716	0	33288	
26717	0	32720	
26718	0	32828	
26719	0	32952	
26720	0	32988	
26721	0	33308	
26722	0	33988	
26723	0	33684	
26724	0	33376	
26725	0	33040	
26726	0	33018	
26727	0	33392	
26728	0	34214	
26729	0	34988	
26730	0	35280	
26731	0	34748	
26732	0	33804	
26733	0	32736	
26734	0	31736	
26735	0	31104	
26736	0	30580	
26737	0	30492	
26738	0	30828	
26739	0	30780	
26740	0	30656	
26741	0	30356	
26742	0	30620	
26743	0	31128	
26744	0	31792	
26745	0	32136	
26746	0	32300	
26747	0	32972	
26748	0	33288	
26749	0	33308	
26750	0	33340	
26751	0	33544	
26752	0	33680	
26753	0	33244	
26754	0	32904	
26755	0	32772	
26756	0	32564	
26757	0	32204	
26758	0	31420	
26759	0	30244	
26760	0	29420	
26761	0	28432	
26762	0	27316	
26763	0	26458	
26764	0	26220	
26765	0	26060	
26766	0	26312	
26767	0	26852	
26768	0	27348	
26769	0	27772	
26770	0	27672	
26771	0	27432	
26772	0	26708	
26773	0	25416	
26774	0	24740	
26775	0	24628	
26776	0	24220	
26777	0	23424	
26778	0	23440	
26779	0	23732	
26780	0	23664	
26781	0	23604	
26782	0	23588	
26783	0	23528	
26784	0	23732	
26785	0	24368	
26786	0	25308	
26787	0	26096	
26788	0	26704	
26789	0	27384	
26790	0	28196	
26791	0	28548	
26792	0	28688	
26793	0	28276	
26794	0	27408	
26795	0	26720	
26796	0	25788	
26797	0	25408	
26798	0	25153	
26799	0	24928	
26800	0	25512	
26801	0	26312	
26802	0	27508	
26803	0	28716	
26804	0	29508	
26805	0	29928	
26806	0	30000	
26807	0	29836	
26808	0	29792	
26809	0	29864	
26810	0	29836	
26811	0	30280	
26812	0	30700	
26813	0	30712	
26814	0	30760	
26815	0	31194	
26816	0	31460	
26817	0	31906	
26818	0	32092	
26819	0	31872	
26820	0	31720	
26821	0	31848	
26822	0	32184	
26823	0	32028	
26824	0	31468	
26825	0	31352	
26826	0	31600	
26827	0	31948	
26828	0	32448	
26829	0	33276	
26830	0	34400	
26831	0	35188	
26832	0	35972	
26833	0	36428	
26834	0	36484	
26835	0	36388	
26836	0	35964	
26837	0	35432	
26838	0	34764	
26839	0	34660	
26840	0	34904	
26841	0	35264	
26842	0	35836	
26843	0	36416	
26844	0	35968	
26845	0	35332	
26846	0	34772	
26847	0	34412	
26848	0	34320	
26849	0	34752	
26850	0	35684	
26851	0	37040	
26852	0	37760	
26853	0	38344	
26854	0	38344	
26855	0	37920	
26856	0	37592	
26857	0	36856	
26858	0	36096	
26859	0	35220	
26860	0	34880	
26861	0	34960	
26862	0	35172	
26863	0	35156	
26864	0	35184	
26865	0	35336	
26866	0	35776	
26867	0	36788	
26868	0	37560	
26869	0	37992	
26870	0	38596	
26871	0	39016	
26872	0	39356	
26873	0	39668	
26874	0	39936	
26875	0	39780	
26876	0	39372	
26877	0	38772	
26878	0	38100	
26879	0	37412	
26880	0	37272	
26881	0	37208	
26882	0	37612	
26883	0	38300	
26884	0	38896	
26885	0	38832	
26886	0	38288	
26887	0	37948	
26888	0	38008	
26889	0	38804	
26890	0	39448	
26891	0	40496	
26892	0	41116	
26893	0	41608	
26894	0	41396	
26895	0	40572	
26896	0	39584	
26897	0	39528	
26898	0	39416	
26899	0	39712	
26900	0	39800	
26901	0	40008	
26902	0	40504	
26903	0	40904	
26904	0	40760	
26905	0	39994	
26906	0	39216	
26907	0	38320	
26908	0	37972	
26909	0	37896	
26910	0	38184	
26911	0	38448	
26912	0	38872	
26913	0	38920	
26914	0	38368	
26915	0	37968	
26916	0	37952	
26917	0	37816	
26918	0	37888	
26919	0	38000	
26920	0	38560	
26921	0	39416	
26922	0	40372	
26923	0	40308	
26924	0	39544	
26925	0	38480	
26926	0	38432	
26927	0	38320	
26928	0	38100	
26929	0	37698	
26930	0	37536	
26931	0	37988	
26932	0	38628	
26933	0	38964	
26934	0	38836	
26935	0	38404	
26936	0	37964	
26937	0	37444	
26938	0	36904	
26939	0	36136	
26940	0	35450	
26941	0	35416	
26942	0	35504	
26943	0	35600	
26944	0	35656	
26945	0	35592	
26946	0	36028	
26947	0	37208	
26948	0	38372	
26949	0	39132	
26950	0	39024	
26951	0	38488	
26952	0	37728	
26953	0	37168	
26954	0	37032	
26955	0	36696	
26956	0	36536	
26957	0	36436	
26958	0	36504	
26959	0	36604	
26960	0	36656	
26961	0	36862	
26962	0	36928	
26963	0	36876	
26964	0	37016	
26965	0	37144	
26966	0	37224	
26967	0	37292	
26968	0	37636	
26969	0	37844	
26970	0	37356	
26971	0	36768	
26972	0	36152	
26973	0	35532	
26974	0	34624	
26975	0	33776	
26976	0	33696	
26977	0	34148	
26978	0	34548	
26979	0	35152	
26980	0	36240	
26981	0	37060	
26982	0	37784	
26983	0	38704	
26984	0	39336	
26985	0	39352	
26986	0	38672	
26987	0	38016	
26988	0	37548	
26989	0	37384	
26990	0	37472	
26991	0	37488	
26992	0	37628	
26993	0	37852	
26994	0	37948	
26995	0	37788	
26996	0	37472	
26997	0	36796	
26998	0	35832	
26999	0	35712	
27000	0	36208	
27001	0	36820	
27002	0	37240	
27003	0	37272	
27004	0	37684	
27005	0	37722	
27006	0	37192	
27007	0	37432	
27008	0	38132	
27009	0	38996	
27010	0	39624	
27011	0	39728	
27012	0	39584	
27013	0	39112	
27014	0	38116	
27015	0	36584	
27016	0	35552	
27017	0	35120	
27018	0	35172	
27019	0	35280	
27020	0	35388	
27021	0	35872	
27022	0	36024	
27023	0	35728	
27024	0	35136	
27025	0	34820	
27026	0	34796	
27027	0	34768	
27028	0	35056	
27029	0	35616	
27030	0	36164	
27031	0	36288	
27032	0	36132	
27033	0	35520	
27034	0	34704	
27035	0	33720	
27036	0	33176	
27037	0	33160	
27038	0	33568	
27039	0	34148	
27040	0	34524	
27041	0	34916	
27042	0	35000	
27043	0	34996	
27044	0	34900	
27045	0	34448	
27046	0	34640	
27047	0	35052	
27048	0	35876	
27049	0	36836	
27050	0	38000	
27051	0	38688	
27052	0	38764	
27053	0	38436	
27054	0	38096	
27055	0	38056	
27056	0	37748	
27057	0	37880	
27058	0	38104	
27059	0	37300	
27060	0	35808	
27061	0	34320	
27062	0	33396	
27063	0	32984	
27064	0	33004	
27065	0	33668	
27066	0	34496	
27067	0	34872	
27068	0	35236	
27069	0	35200	
27070	0	34280	
27071	0	33316	
27072	0	32672	
27073	0	32740	
27074	0	32956	
27075	0	33592	
27076	0	34596	
27077	0	35836	
27078	0	36840	
27079	0	36808	
27080	0	36684	
27081	0	35576	
27082	0	34192	
27083	0	33520	
27084	0	33480	
27085	0	33552	
27086	0	33620	
27087	0	34272	
27088	0	35224	
27089	0	36020	
27090	0	36156	
27091	0	35924	
27092	0	35500	
27093	0	35056	
27094	0	34576	
27095	0	34352	
27096	0	34208	
27097	0	34352	
27098	0	34524	
27099	0	34512	
27100	0	34456	
27101	0	34316	
27102	0	34216	
27103	0	34576	
27104	0	34972	
27105	0	35040	
27106	0	34852	
27107	0	34488	
27108	0	34576	
27109	0	35268	
27110	0	35836	
27111	0	36592	
27112	0	37240	
27113	0	37760	
27114	0	38088	
27115	0	37968	
27116	0	37592	
27117	0	36912	
27118	0	36308	
27119	0	36136	
27120	0	36410	
27121	0	36664	
27122	0	36880	
27123	0	36628	
27124	0	36292	
27125	0	36076	
27126	0	35832	
27127	0	35704	
27128	0	36152	
27129	0	37020	
27130	0	37684	
27131	0	38232	
27132	0	38524	
27133	0	38240	
27134	0	37400	
27135	0	36696	
27136	0	35976	
27137	0	35544	
27138	0	35740	
27139	0	36308	
27140	0	36928	
27141	0	37400	
27142	0	37902	
27143	0	38152	
27144	0	38212	
27145	0	38440	
27146	0	38360	
27147	0	37976	
27148	0	37456	
27149	0	36352	
27150	0	35820	
27151	0	35384	
27152	0	35372	
27153	0	35400	
27154	0	35744	
27155	0	35760	
27156	0	35264	
27157	0	34840	
27158	0	34820	
27159	0	34554	
27160	0	34128	
27161	0	33212	
27162	0	31988	
27163	0	31124	
27164	0	30536	
27165	0	30408	
27166	0	30724	
27167	0	31084	
27168	0	31772	
27169	0	32216	
27170	0	32248	
27171	0	32360	
27172	0	32636	
27173	0	33704	
27174	0	35128	
27175	0	36532	
27176	0	37272	
27177	0	37112	
27178	0	36736	
27179	0	36328	
27180	0	35944	
27181	0	35640	
27182	0	35176	
27183	0	35072	
27184	0	35396	
27185	0	35808	
27186	0	35600	
27187	0	35024	
27188	0	33904	
27189	0	33000	
27190	0	32648	
27191	0	32464	
27192	0	32424	
27193	0	32348	
27194	0	32284	
27195	0	31996	
27196	0	31432	
27197	0	31048	
27198	0	31058	
27199	0	31196	
27200	0	31696	
27201	0	31796	
27202	0	31688	
27203	0	32016	
27204	0	32648	
27205	0	33300	
27206	0	34360	
27207	0	35132	
27208	0	35384	
27209	0	35028	
27210	0	34604	
27211	0	33760	
27212	0	33432	
27213	0	33704	
27214	0	33584	
27215	0	32816	
27216	0	32216	
27217	0	31680	
27218	0	31140	
27219	0	30984	
27220	0	30776	
27221	0	30837	
27222	0	30808	
27223	0	30724	
27224	0	30632	
27225	0	30688	
27226	0	30952	
27227	0	31096	
27228	0	30970	
27229	0	30400	
27230	0	29864	
27231	0	29884	
27232	0	30168	
27233	0	30508	
27234	0	30852	
27235	0	31272	
27236	0	31764	
27237	0	32308	
27238	0	32448	
27239	0	32456	
27240	0	32184	
27241	0	31968	
27242	0	32168	
27243	0	32720	
27244	0	33796	
27245	0	34688	
27246	0	35332	
27247	0	35080	
27248	0	34588	
27249	0	33872	
27250	0	33136	
27251	0	32524	
27252	0	32176	
27253	0	31484	
27254	0	30872	
27255	0	30216	
27256	0	29888	
27257	0	29952	
27258	0	29992	
27259	0	30204	
27260	0	30328	
27261	0	30440	
27262	0	30416	
27263	0	30324	
27264	0	30052	
27265	0	29596	
27266	0	29560	
27267	0	29668	
27268	0	29556	
27269	0	29484	
27270	0	30268	
27271	0	31380	
27272	0	32304	
27273	0	32964	
27274	0	33488	
27275	0	33608	
27276	0	33522	
27277	0	33432	
27278	0	33312	
27279	0	33364	
27280	0	33300	
27281	0	33808	
27282	0	34512	
27283	0	34880	
27284	0	34908	
27285	0	34460	
27286	0	34252	
27287	0	34784	
27288	0	34984	
27289	0	34800	
27290	0	34520	
27291	0	34096	
27292	0	33532	
27293	0	33424	
27294	0	33368	
27295	0	33488	
27296	0	33608	
27297	0	33376	
27298	0	32648	
27299	0	32064	
27300	0	31528	
27301	0	31192	
27302	0	30660	
27303	0	30772	
27304	0	31384	
27305	0	32184	
27306	0	32872	
27307	0	33484	
27308	0	33920	
27309	0	34948	
27310	0	35252	
27311	0	34644	
27312	0	33532	
27313	0	32436	
27314	0	31728	
27315	0	31452	
27316	0	31396	
27317	0	31800	
27318	0	32304	
27319	0	32564	
27320	0	32588	
27321	0	32204	
27322	0	31712	
27323	0	31516	
27324	0	31496	
27325	0	31644	
27326	0	31800	
27327	0	31740	
27328	0	31908	
27329	0	32664	
27330	0	33676	
27331	0	34232	
27332	0	34520	
27333	0	34792	
27334	0	34412	
27335	0	33272	
27336	0	32140	
27337	0	31464	
27338	0	30772	
27339	0	30224	
27340	0	29816	
27341	0	29712	
27342	0	29832	
27343	0	30240	
27344	0	30752	
27345	0	31034	
27346	0	31348	
27347	0	31460	
27348	0	31341	
27349	0	31548	
27350	0	32020	
27351	0	32728	
27352	0	33168	
27353	0	33408	
27354	0	33016	
27355	0	32476	
27356	0	31856	
27357	0	31260	
27358	0	30740	
27359	0	30244	
27360	0	29816	
27361	0	29428	
27362	0	29268	
27363	0	29620	
27364	0	30036	
27365	0	30378	
27366	0	30600	
27367	0	30896	
27368	0	30976	
27369	0	30876	
27370	0	30948	
27371	0	31208	
27372	0	31436	
27373	0	31834	
27374	0	32168	
27375	0	32620	
27376	0	32664	
27377	0	33156	
27378	0	33216	
27379	0	33132	
27380	0	32948	
27381	0	33156	
27382	0	33772	
27383	0	34348	
27384	0	34384	
27385	0	34120	
27386	0	34076	
27387	0	34400	
27388	0	35412	
27389	0	35968	
27390	0	35808	
27391	0	35336	
27392	0	35176	
27393	0	34880	
27394	0	34192	
27395	0	33400	
27396	0	33024	
27397	0	32872	
27398	0	32560	
27399	0	31980	
27400	0	31072	
27401	0	30972	
27402	0	31100	
27403	0	30996	
27404	0	31204	
27405	0	31884	
27406	0	32496	
27407	0	32700	
27408	0	32816	
27409	0	32952	
27410	0	33224	
27411	0	33524	
27412	0	34040	
27413	0	35048	
27414	0	36032	
27415	0	36972	
27416	0	37576	
27417	0	37412	
27418	0	36556	
27419	0	35488	
27420	0	35200	
27421	0	35176	
27422	0	34832	
27423	0	34460	
27424	0	34168	
27425	0	34416	
27426	0	35076	
27427	0	35836	
27428	0	36448	
27429	0	36396	
27430	0	35920	
27431	0	35176	
27432	0	34176	
27433	0	33498	
27434	0	32560	
27435	0	32092	
27436	0	32352	
27437	0	33396	
27438	0	34008	
27439	0	34220	
27440	0	33776	
27441	0	33464	
27442	0	33364	
27443	0	33132	
27444	0	32912	
27445	0	32792	
27446	0	32500	
27447	0	32456	
27448	0	32984	
27449	0	33316	
27450	0	33588	
27451	0	34360	
27452	0	35404	
27453	0	36116	
27454	0	36184	
27455	0	35556	
27456	0	34720	
27457	0	33960	
27458	0	33488	
27459	0	32980	
27460	0	32624	
27461	0	32388	
27462	0	32600	
27463	0	33100	
27464	0	33572	
27465	0	34016	
27466	0	34588	
27467	0	35268	
27468	0	35632	
27469	0	36260	
27470	0	36804	
27471	0	37016	
27472	0	37336	
27473	0	37512	
27474	0	37356	
27475	0	36236	
27476	0	34528	
27477	0	33012	
27478	0	31980	
27479	0	31652	
27480	0	31188	
27481	0	30672	
27482	0	30368	
27483	0	30704	
27484	0	31584	
27485	0	32840	
27486	0	34160	
27487	0	35008	
27488	0	35072	
27489	0	35224	
27490	0	35592	
27491	0	35856	
27492	0	35776	
27493	0	34928	
27494	0	34624	
27495	0	34848	
27496	0	35172	
27497	0	35600	
27498	0	35812	
27499	0	35476	
27500	0	34992	
27501	0	34960	
27502	0	34808	
27503	0	34012	
27504	0	33016	
27505	0	32464	
27506	0	32172	
27507	0	32156	
27508	0	32372	
27509	0	32826	
27510	0	33792	
27511	0	34332	
27512	0	34320	
27513	0	34210	
27514	0	34596	
27515	0	35136	
27516	0	35168	
27517	0	34724	
27518	0	34240	
27519	0	34036	
27520	0	33948	
27521	0	34352	
27522	0	34820	
27523	0	34988	
27524	0	35200	
27525	0	35000	
27526	0	34476	
27527	0	34308	
27528	0	34348	
27529	0	34604	
27530	0	35344	
27531	0	35964	
27532	0	37044	
27533	0	38056	
27534	0	38612	
27535	0	38784	
27536	0	38456	
27537	0	38000	
27538	0	37268	
27539	0	36456	
27540	0	35812	
27541	0	35396	
27542	0	35088	
27543	0	34520	
27544	0	34232	
27545	0	34860	
27546	0	35528	
27547	0	36076	
27548	0	35904	
27549	0	35512	
27550	0	35272	
27551	0	34920	
27552	0	34560	
27553	0	34488	
27554	0	34580	
27555	0	34756	
27556	0	34300	
27557	0	33797	
27558	0	33356	
27559	0	33068	
27560	0	32888	
27561	0	32952	
27562	0	33568	
27563	0	34916	
27564	0	36632	
27565	0	37732	
27566	0	38264	
27567	0	38064	
27568	0	37812	
27569	0	37820	
27570	0	38100	
27571	0	37596	
27572	0	37096	
27573	0	36660	
27574	0	36260	
27575	0	36056	
27576	0	35580	
27577	0	35288	
27578	0	35240	
27579	0	35112	
27580	0	35052	
27581	0	35296	
27582	0	35972	
27583	0	36708	
27584	0	37344	
27585	0	37692	
27586	0	37432	
27587	0	36880	
27588	0	36520	
27589	0	36048	
27590	0	36052	
27591	0	36500	
27592	0	37176	
27593	0	37784	
27594	0	37752	
27595	0	37672	
27596	0	37456	
27597	0	36868	
27598	0	36276	
27599	0	35880	
27600	0	35436	
27601	0	35272	
27602	0	34968	
27603	0	34628	
27604	0	34680	
27605	0	34568	
27606	0	34980	
27607	0	35708	
27608	0	36032	
27609	0	36280	
27610	0	36180	
27611	0	35808	
27612	0	35696	
27613	0	35624	
27614	0	35788	
27615	0	35684	
27616	0	35184	
27617	0	34840	
27618	0	34644	
27619	0	35196	
27620	0	35588	
27621	0	35380	
27622	0	35120	
27623	0	34820	
27624	0	34896	
27625	0	34496	
27626	0	34400	
27627	0	34776	
27628	0	35432	
27629	0	36072	
27630	0	36578	
27631	0	36920	
27632	0	37716	
27633	0	38520	
27634	0	39440	
27635	0	40528	
27636	0	40824	
27637	0	40120	
27638	0	39208	
27639	0	38040	
27640	0	36708	
27641	0	35856	
27642	0	35452	
27643	0	35708	
27644	0	36428	
27645	0	36788	
27646	0	36960	
27647	0	37132	
27648	0	37552	
27649	0	37792	
27650	0	37912	
27651	0	37792	
27652	0	37600	
27653	0	37328	
27654	0	36992	
27655	0	36812	
27656	0	36884	
27657	0	37248	
27658	0	36896	
27659	0	36788	
27660	0	36180	
27661	0	35512	
27662	0	35448	
27663	0	35792	
27664	0	36500	
27665	0	37284	
27666	0	37512	
27667	0	37584	
27668	0	37400	
27669	0	37352	
27670	0	37528	
27671	0	37940	
27672	0	38056	
27673	0	37820	
27674	0	37580	
27675	0	37512	
27676	0	37626	
27677	0	37344	
27678	0	37012	
27679	0	36652	
27680	0	37056	
27681	0	38336	
27682	0	39552	
27683	0	40344	
27684	0	41184	
27685	0	42424	
27686	0	42852	
27687	0	42800	
27688	0	42508	
27689	0	42408	
27690	0	42304	
27691	0	42616	
27692	0	42880	
27693	0	43136	
27694	0	44028	
27695	0	44564	
27696	0	44620	
27697	0	45124	
27698	0	46332	
27699	0	46636	
27700	0	46536	
27701	0	45220	
27702	0	44096	
27703	0	43836	
27704	0	43520	
27705	0	43180	
27706	0	42588	
27707	0	42328	
27708	0	42176	
27709	0	42060	
27710	0	42128	
27711	0	42412	
27712	0	43704	
27713	0	46188	
27714	0	49528	
27715	0	53360	
27716	0	56112	
27717	0	56568	
27718	0	55224	
27719	0	52912	
27720	0	50460	
27721	0	48416	
27722	0	47036	
27723	0	46896	
27724	0	48372	
27725	0	49812	
27726	0	51056	
27727	0	51144	
27728	0	50360	
27729	0	49632	
27730	0	49244	
27731	0	49040	
27732	0	49128	
27733	0	49736	
27734	0	51048	
27735	0	52612	
27736	0	52976	
27737	0	52420	
27738	0	51608	
27739	0	50864	
27740	0	51276	
27741	0	53744	
27742	0	55976	
27743	0	55792	
27744	0	54536	
27745	0	53236	
27746	0	51544	
27747	0	48708	
27748	0	46144	
27749	0	45040	
27750	0	44288	
27751	0	44012	
27752	0	44920	
27753	0	45912	
27754	0	46572	
27755	0	48616	
27756	0	50744	
27757	0	50764	
27758	0	50276	
27759	0	51680	
27760	0	53444	
27761	0	53300	
27762	0	50832	
27763	0	47212	
27764	0	44248	
27765	0	42396	
27766	0	41212	
27767	0	40768	
27768	0	39940	
27769	0	39496	
27770	0	40528	
27771	0	44116	
27772	0	47428	
27773	0	49252	
27774	0	48956	
27775	0	47328	
27776	0	45224	
27777	0	43032	
27778	0	40840	
27779	0	39408	
27780	0	38252	
27781	0	37440	
27782	0	37688	
27783	0	37856	
27784	0	37604	
27785	0	36844	
27786	0	35768	
27787	0	35048	
27788	0	35056	
27789	0	36232	
27790	0	37180	
27791	0	37712	
27792	0	37488	
27793	0	36640	
27794	0	35460	
27795	0	34532	
27796	0	34036	
27797	0	33648	
27798	0	33424	
27799	0	33136	
27800	0	33160	
27801	0	33600	
27802	0	34200	
27803	0	34356	
27804	0	33812	
27805	0	32544	
27806	0	31352	
27807	0	30520	
27808	0	30008	
27809	0	30768	
27810	0	31936	
27811	0	32340	
27812	0	32176	
27813	0	32104	
27814	0	32340	
27815	0	32876	
27816	0	33232	
27817	0	33688	
27818	0	33492	
27819	0	33252	
27820	0	32704	
27821	0	32108	
27822	0	31656	
27823	0	31648	
27824	0	32056	
27825	0	32176	
27826	0	32328	
27827	0	32216	
27828	0	32336	
27829	0	31932	
27830	0	31028	
27831	0	30076	
27832	0	29000	
27833	0	27840	
27834	0	26968	
27835	0	26064	
27836	0	25636	
27837	0	25376	
27838	0	25136	
27839	0	24577	
27840	0	24148	
27841	0	24088	
27842	0	23924	
27843	0	23752	
27844	0	23204	
27845	0	23356	
27846	0	24168	
27847	0	25036	
27848	0	24848	
27849	0	24448	
27850	0	24308	
27851	0	23812	
27852	0	22920	
27853	0	22272	
27854	0	21800	
27855	0	21457	
27856	0	20658	
27857	0	20336	
27858	0	20208	
27859	0	19952	
27860	0	19442	
27861	0	19076	
27862	0	18768	
27863	0	18690	
27864	0	18280	
27865	0	17808	
27866	0	17418	
27867	0	17368	
27868	0	17624	
27869	0	18256	
27870	0	19116	
27871	0	20724	
27872	0	22300	
27873	0	22460	
27874	0	21676	
27875	0	20626	
27876	0	19368	
27877	0	18528	
27878	0	17640	
27879	0	17184	
27880	0	17146	
27881	0	17172	
27882	0	17264	
27883	0	17288	
27884	0	17406	
27885	0	17324	
27886	0	17188	
27887	0	17368	
27888	0	17852	
27889	0	18256	
27890	0	18576	
27891	0	18538	
27892	0	18488	
27893	0	18420	
27894	0	18500	
27895	0	19048	
27896	0	20108	
27897	0	21024	
27898	0	21200	
27899	0	20968	
27900	0	20954	
27901	0	21056	
27902	0	21100	
27903	0	21210	
27904	0	21486	
27905	0	21752	
27906	0	21521	
27907	0	20812	
27908	0	20380	
27909	0	20404	
27910	0	20444	
27911	0	20048	
27912	0	20128	
27913	0	20536	
27914	0	21056	
27915	0	21400	
27916	0	21272	
27917	0	21276	
27918	0	21516	
27919	0	22172	
27920	0	22202	
27921	0	21632	
27922	0	21292	
27923	0	21624	
27924	0	22008	
27925	0	22532	
27926	0	22880	
27927	0	22996	
27928	0	23068	
27929	0	23726	
27930	0	24520	
27931	0	25572	
27932	0	26684	
27933	0	27832	
27934	0	28256	
27935	0	28100	
27936	0	27564	
27937	0	27568	
27938	0	28216	
27939	0	28816	
27940	0	29004	
27941	0	29472	
27942	0	29872	
27943	0	30164	
27944	0	30140	
27945	0	29938	
27946	0	29912	
27947	0	30312	
27948	0	30852	
27949	0	31936	
27950	0	33232	
27951	0	33924	
27952	0	33984	
27953	0	33256	
27954	0	32380	
27955	0	31652	
27956	0	31064	
27957	0	30144	
27958	0	29280	
27959	0	28992	
27960	0	28592	
27961	0	28384	
27962	0	27920	
27963	0	27056	
27964	0	25928	
27965	0	25020	
27966	0	24576	
27967	0	24960	
27968	0	26004	
27969	0	26956	
27970	0	27712	
27971	0	28220	
27972	0	28640	
27973	0	28564	
27974	0	28108	
27975	0	27484	
27976	0	26812	
27977	0	26092	
27978	0	25488	
27979	0	25464	
27980	0	26185	
27981	0	27176	
27982	0	28092	
27983	0	28744	
27984	0	29064	
27985	0	29208	
27986	0	29492	
27987	0	29460	
27988	0	29692	
27989	0	30272	
27990	0	30968	
27991	0	31620	
27992	0	31608	
27993	0	31328	
27994	0	30960	
27995	0	30944	
27996	0	30892	
27997	0	30716	
27998	0	30668	
27999	0	30700	
28000	0	30912	
28001	0	31144	
28002	0	31288	
28003	0	31162	
28004	0	30620	
28005	0	30292	
28006	0	30096	
28007	0	29908	
28008	0	30040	
28009	0	30700	
28010	0	31256	
28011	0	31772	
28012	0	32068	
28013	0	32052	
28014	0	31844	
28015	0	31884	
28016	0	31596	
28017	0	31136	
28018	0	30532	
28019	0	30104	
28020	0	29816	
28021	0	29928	
28022	0	30624	
28023	0	31320	
28024	0	31780	
28025	0	32100	
28026	0	31900	
28027	0	31968	
28028	0	32096	
28029	0	32408	
28030	0	32368	
28031	0	32288	
28032	0	32640	
28033	0	32824	
28034	0	32668	
28035	0	32840	
28036	0	33688	
28037	0	34912	
28038	0	36472	
28039	0	37316	
28040	0	37380	
28041	0	36936	
28042	0	35976	
28043	0	35268	
28044	0	34964	
28045	0	34816	
28046	0	34708	
28047	0	35004	
28048	0	35056	
28049	0	35208	
28050	0	35420	
28051	0	35460	
28052	0	35488	
28053	0	35224	
28054	0	34652	
28055	0	34716	
28056	0	35012	
28057	0	35408	
28058	0	35464	
28059	0	35592	
28060	0	35676	
28061	0	35536	
28062	0	35256	
28063	0	34884	
28064	0	34904	
28065	0	35036	
28066	0	35264	
28067	0	35104	
28068	0	34348	
28069	0	33976	
28070	0	33656	
28071	0	33580	
28072	0	34208	
28073	0	35384	
28074	0	36396	
28075	0	36804	
28076	0	36632	
28077	0	36052	
28078	0	35224	
28079	0	34488	
28080	0	34224	
28081	0	34400	
28082	0	34944	
28083	0	35160	
28084	0	35552	
28085	0	35857	
28086	0	36264	
28087	0	36000	
28088	0	35696	
28089	0	35636	
28090	0	35520	
28091	0	35076	
28092	0	34220	
28093	0	33652	
28094	0	33440	
28095	0	32880	
28096	0	32640	
28097	0	32772	
28098	0	32872	
28099	0	32722	
28100	0	32716	
28101	0	32972	
28102	0	33120	
28103	0	32816	
28104	0	32326	
28105	0	32148	
28106	0	32916	
28107	0	33832	
28108	0	34424	
28109	0	35308	
28110	0	36016	
28111	0	36728	
28112	0	37272	
28113	0	37320	
28114	0	36976	
28115	0	36512	
28116	0	36608	
28117	0	36336	
28118	0	35328	
28119	0	34348	
28120	0	33692	
28121	0	33484	
28122	0	34264	
28123	0	35040	
28124	0	35536	
28125	0	35420	
28126	0	35148	
28127	0	34940	
28128	0	34856	
28129	0	34804	
28130	0	34924	
28131	0	35312	
28132	0	35568	
28133	0	35848	
28134	0	36032	
28135	0	36088	
28136	0	35660	
28137	0	35620	
28138	0	35896	
28139	0	36380	
28140	0	36684	
28141	0	37352	
28142	0	38192	
28143	0	38440	
28144	0	38216	
28145	0	38004	
28146	0	37616	
28147	0	37512	
28148	0	37824	
28149	0	37984	
28150	0	37972	
28151	0	37388	
28152	0	36624	
28153	0	36428	
28154	0	36548	
28155	0	36060	
28156	0	35484	
28157	0	35432	
28158	0	35556	
28159	0	35424	
28160	0	35340	
28161	0	35020	
28162	0	34700	
28163	0	34652	
28164	0	35012	
28165	0	35872	
28166	0	36724	
28167	0	37368	
28168	0	37840	
28169	0	38872	
28170	0	40164	
28171	0	41020	
28172	0	41328	
28173	0	41224	
28174	0	40800	
28175	0	39888	
28176	0	38944	
28177	0	38324	
28178	0	38100	
28179	0	38116	
28180	0	39204	
28181	0	39496	
28182	0	39404	
28183	0	39364	
28184	0	39160	
28185	0	38776	
28186	0	38728	
28187	0	39040	
28188	0	39144	
28189	0	39140	
28190	0	38792	
28191	0	38592	
28192	0	38824	
28193	0	39080	
28194	0	38868	
28195	0	38608	
28196	0	37988	
28197	0	37268	
28198	0	36848	
28199	0	36600	
28200	0	36336	
28201	0	36464	
28202	0	37336	
28203	0	38280	
28204	0	38448	
28205	0	38284	
28206	0	38328	
28207	0	38388	
28208	0	38504	
28209	0	38172	
28210	0	38136	
28211	0	38152	
28212	0	38048	
28213	0	37576	
28214	0	36984	
28215	0	36576	
28216	0	35892	
28217	0	34460	
28218	0	32912	
28219	0	32088	
28220	0	32164	
28221	0	32612	
28222	0	33236	
28223	0	33986	
28224	0	34328	
28225	0	34440	
28226	0	34264	
28227	0	34052	
28228	0	33928	
28229	0	33530	
28230	0	33724	
28231	0	34096	
28232	0	34408	
28233	0	34784	
28234	0	35032	
28235	0	35284	
28236	0	35540	
28237	0	35844	
28238	0	35920	
28239	0	36020	
28240	0	35844	
28241	0	36000	
28242	0	36796	
28243	0	37304	
28244	0	37344	
28245	0	37048	
28246	0	37284	
28247	0	37764	
28248	0	38164	
28249	0	38202	
28250	0	38925	
28251	0	39296	
28252	0	38252	
28253	0	37228	
28254	0	36504	
28255	0	35304	
28256	0	34184	
28257	0	33544	
28258	0	32916	
28259	0	32872	
28260	0	32624	
28261	0	31856	
28262	0	31132	
28263	0	30476	
28264	0	30552	
28265	0	30620	
28266	0	30920	
28267	0	31688	
28268	0	32556	
28269	0	33564	
28270	0	34840	
28271	0	35540	
28272	0	35724	
28273	0	35576	
28274	0	35372	
28275	0	35032	
28276	0	34720	
28277	0	34640	
28278	0	34412	
28279	0	34280	
28280	0	34204	
28281	0	34208	
28282	0	34040	
28283	0	33962	
28284	0	34392	
28285	0	34708	
28286	0	34852	
28287	0	34720	
28288	0	34084	
28289	0	33684	
28290	0	33528	
28291	0	33604	
28292	0	33496	
28293	0	33540	
28294	0	33740	
28295	0	33656	
28296	0	33752	
28297	0	33572	
28298	0	33468	
28299	0	33608	
28300	0	33784	
28301	0	33568	
28302	0	33584	
28303	0	33720	
28304	0	33360	
28305	0	32948	
28306	0	32988	
28307	0	33072	
28308	0	33248	
28309	0	32920	
28310	0	31784	
28311	0	31264	
28312	0	30776	
28313	0	30752	
28314	0	30844	
28315	0	31084	
28316	0	32044	
28317	0	33304	
28318	0	33748	
28319	0	33612	
28320	0	33544	
28321	0	33336	
28322	0	32716	
28323	0	32284	
28324	0	31808	
28325	0	31944	
28326	0	32096	
28327	0	32220	
28328	0	31824	
28329	0	30872	
28330	0	30168	
28331	0	30152	
28332	0	30260	
28333	0	30168	
28334	0	30136	
28335	0	30492	
28336	0	31064	
28337	0	31376	
28338	0	31582	
28339	0	31748	
28340	0	32200	
28341	0	32600	
28342	0	32512	
28343	0	32480	
28344	0	32840	
28345	0	33416	
28346	0	33616	
28347	0	33536	
28348	0	33568	
28349	0	33660	
28350	0	33280	
28351	0	32620	
28352	0	32360	
28353	0	32880	
28354	0	33624	
28355	0	34492	
28356	0	34816	
28357	0	34492	
28358	0	34044	
28359	0	33380	
28360	0	32852	
28361	0	32596	
28362	0	32656	
28363	0	32916	
28364	0	33356	
28365	0	33448	
28366	0	33552	
28367	0	34128	
28368	0	34664	
28369	0	34792	
28370	0	34890	
28371	0	34920	
28372	0	34832	
28373	0	34684	
28374	0	34688	
28375	0	34992	
28376	0	35024	
28377	0	35088	
28378	0	35236	
28379	0	35048	
28380	0	34750	
28381	0	34704	
28382	0	34800	
28383	0	34932	
28384	0	35488	
28385	0	35836	
28386	0	36420	
28387	0	36912	
28388	0	37020	
28389	0	36744	
28390	0	35788	
28391	0	34324	
28392	0	32852	
28393	0	32124	
28394	0	31788	
28395	0	31536	
28396	0	31924	
28397	0	32656	
28398	0	33520	
28399	0	34236	
28400	0	34408	
28401	0	33944	
28402	0	33280	
28403	0	33196	
28404	0	33576	
28405	0	34092	
28406	0	34652	
28407	0	35008	
28408	0	35408	
28409	0	35380	
28410	0	35072	
28411	0	34464	
28412	0	33224	
28413	0	31920	
28414	0	30568	
28415	0	29764	
28416	0	30050	
28417	0	31388	
28418	0	32800	
28419	0	33640	
28420	0	33804	
28421	0	33828	
28422	0	33620	
28423	0	33690	
28424	0	34120	
28425	0	34732	
28426	0	35292	
28427	0	35816	
28428	0	36080	
28429	0	36104	
28430	0	36048	
28431	0	35900	
28432	0	35980	
28433	0	36100	
28434	0	36320	
28435	0	36168	
28436	0	35848	
28437	0	35508	
28438	0	34956	
28439	0	34048	
28440	0	33652	
28441	0	34092	
28442	0	35288	
28443	0	35752	
28444	0	35504	
28445	0	35336	
28446	0	35368	
28447	0	35172	
28448	0	34864	
28449	0	35110	
28450	0	35380	
28451	0	35496	
28452	0	35652	
28453	0	35960	
28454	0	35644	
28455	0	35336	
28456	0	34820	
28457	0	34204	
28458	0	33252	
28459	0	32308	
28460	0	31680	
28461	0	31920	
28462	0	32836	
28463	0	33956	
28464	0	34988	
28465	0	35596	
28466	0	35844	
28467	0	35688	
28468	0	35448	
28469	0	34720	
28470	0	33864	
28471	0	33516	
28472	0	33336	
28473	0	33372	
28474	0	33704	
28475	0	33844	
28476	0	33304	
28477	0	32968	
28478	0	33096	
28479	0	33752	
28480	0	34744	
28481	0	35672	
28482	0	36184	
28483	0	36124	
28484	0	35668	
28485	0	34724	
28486	0	34180	
28487	0	34104	
28488	0	34460	
28489	0	34984	
28490	0	35344	
28491	0	35600	
28492	0	35420	
28493	0	34764	
28494	0	34424	
28495	0	34232	
28496	0	34084	
28497	0	33776	
28498	0	34048	
28499	0	34312	
28500	0	34428	
28501	0	34444	
28502	0	34016	
28503	0	33160	
28504	0	32920	
28505	0	33436	
28506	0	33756	
28507	0	33608	
28508	0	33388	
28509	0	33576	
28510	0	33632	
28511	0	32780	
28512	0	32304	
28513	0	32040	
28514	0	32196	
28515	0	32792	
28516	0	33212	
28517	0	33692	
28518	0	34088	
28519	0	34156	
28520	0	34464	
28521	0	34708	
28522	0	34792	
28523	0	34860	
28524	0	34672	
28525	0	34520	
28526	0	34524	
28527	0	34798	
28528	0	35076	
28529	0	34992	
28530	0	34592	
28531	0	34344	
28532	0	34296	
28533	0	33852	
28534	0	33352	
28535	0	32796	
28536	0	32376	
28537	0	32296	
28538	0	31976	
28539	0	31896	
28540	0	31520	
28541	0	30672	
28542	0	30392	
28543	0	30960	
28544	0	31720	
28545	0	32228	
28546	0	32040	
28547	0	32062	
28548	0	32284	
28549	0	32964	
28550	0	33208	
28551	0	33496	
28552	0	33940	
28553	0	34104	
28554	0	34276	
28555	0	34032	
28556	0	33604	
28557	0	33136	
28558	0	32516	
28559	0	31792	
28560	0	31280	
28561	0	30752	
28562	0	30600	
28563	0	30968	
28564	0	31368	
28565	0	31640	
28566	0	31884	
28567	0	31876	
28568	0	31800	
28569	0	32056	
28570	0	32416	
28571	0	32488	
28572	0	32128	
28573	0	32148	
28574	0	32760	
28575	0	33224	
28576	0	33580	
28577	0	33584	
28578	0	33960	
28579	0	34320	
28580	0	34364	
28581	0	34432	
28582	0	34752	
28583	0	35066	
28584	0	34928	
28585	0	34180	
28586	0	33660	
28587	0	33376	
28588	0	33076	
28589	0	33264	
28590	0	33312	
28591	0	33200	
28592	0	32448	
28593	0	31216	
28594	0	30096	
28595	0	29068	
28596	0	29112	
28597	0	29908	
28598	0	30988	
28599	0	31574	
28600	0	31354	
28601	0	31168	
28602	0	31348	
28603	0	31808	
28604	0	32570	
28605	0	32916	
28606	0	33480	
28607	0	33792	
28608	0	34000	
28609	0	34084	
28610	0	33520	
28611	0	32836	
28612	0	32116	
28613	0	31472	
28614	0	30728	
28615	0	29800	
28616	0	29216	
28617	0	29116	
28618	0	29516	
28619	0	30088	
28620	0	30176	
28621	0	30292	
28622	0	30753	
28623	0	30608	
28624	0	30792	
28625	0	31360	
28626	0	31948	
28627	0	32724	
28628	0	34072	
28629	0	35056	
28630	0	35248	
28631	0	35120	
28632	0	35160	
28633	0	35660	
28634	0	35748	
28635	0	35144	
28636	0	34592	
28637	0	33916	
28638	0	33340	
28639	0	32964	
28640	0	32812	
28641	0	32152	
28642	0	32040	
28643	0	32576	
28644	0	33836	
28645	0	34984	
28646	0	35712	
28647	0	35492	
28648	0	34380	
28649	0	33276	
28650	0	32560	
28651	0	32092	
28652	0	31968	
28653	0	32632	
28654	0	33032	
28655	0	33500	
28656	0	33724	
28657	0	33580	
28658	0	32392	
28659	0	31084	
28660	0	30444	
28661	0	30200	
28662	0	30116	
28663	0	29932	
28664	0	29772	
28665	0	30504	
28666	0	31904	
28667	0	33336	
28668	0	34336	
28669	0	34536	
28670	0	33852	
28671	0	32836	
28672	0	32804	
28673	0	33136	
28674	0	33612	
28675	0	34044	
28676	0	34178	
28677	0	34008	
28678	0	33592	
28679	0	33128	
28680	0	32368	
28681	0	31972	
28682	0	31664	
28683	0	30892	
28684	0	30116	
28685	0	29936	
28686	0	29572	
28687	0	29668	
28688	0	30320	
28689	0	31172	
28690	0	31424	
28691	0	31964	
28692	0	32200	
28693	0	31484	
28694	0	30416	
28695	0	29684	
28696	0	28848	
28697	0	28588	
28698	0	28592	
28699	0	28388	
28700	0	28248	
28701	0	28036	
28702	0	27652	
28703	0	27424	
28704	0	27488	
28705	0	28008	
28706	0	29268	
28707	0	30336	
28708	0	30904	
28709	0	31900	
28710	0	33012	
28711	0	33704	
28712	0	34024	
28713	0	33696	
28714	0	33224	
28715	0	32504	
28716	0	32217	
28717	0	31924	
28718	0	31688	
28719	0	31820	
28720	0	32216	
28721	0	32480	
28722	0	32472	
28723	0	32528	
28724	0	32856	
28725	0	33124	
28726	0	33064	
28727	0	32840	
28728	0	32260	
28729	0	31860	
28730	0	32016	
28731	0	32448	
28732	0	32560	
28733	0	33048	
28734	0	33292	
28735	0	33480	
28736	0	33312	
28737	0	32924	
28738	0	32160	
28739	0	31032	
28740	0	30296	
28741	0	30460	
28742	0	31296	
28743	0	32248	
28744	0	32840	
28745	0	33440	
28746	0	33972	
28747	0	34052	
28748	0	33694	
28749	0	33692	
28750	0	33772	
28751	0	34036	
28752	0	33524	
28753	0	32596	
28754	0	31336	
28755	0	30236	
28756	0	29536	
28757	0	28948	
28758	0	28700	
28759	0	28192	
28760	0	28336	
28761	0	28848	
28762	0	29656	
28763	0	30308	
28764	0	30272	
28765	0	30512	
28766	0	30912	
28767	0	31376	
28768	0	31896	
28769	0	32364	
28770	0	32776	
28771	0	33088	
28772	0	32916	
28773	0	32368	
28774	0	31768	
28775	0	31732	
28776	0	31888	
28777	0	31876	
28778	0	32072	
28779	0	32524	
28780	0	32960	
28781	0	32932	
28782	0	32842	
28783	0	32976	
28784	0	32832	
28785	0	32664	
28786	0	32804	
28787	0	33048	
28788	0	33520	
28789	0	34072	
28790	0	34562	
28791	0	34828	
28792	0	34956	
28793	0	34696	
28794	0	34352	
28795	0	34244	
28796	0	33968	
28797	0	33280	
28798	0	32628	
28799	0	32380	
28800	0	32356	
28801	0	32124	
28802	0	31712	
28803	0	31576	
28804	0	31592	
28805	0	32212	
28806	0	32108	
28807	0	32116	
28808	0	32340	
28809	0	32652	
28810	0	33196	
28811	0	33448	
28812	0	33472	
28813	0	33472	
28814	0	32936	
28815	0	32108	
28816	0	31272	
28817	0	31016	
28818	0	30864	
28819	0	30572	
28820	0	29948	
28821	0	29320	
28822	0	28984	
28823	0	29040	
28824	0	29024	
28825	0	28288	
28826	0	27560	
28827	0	27146	
28828	0	27656	
28829	0	28384	
28830	0	28996	
28831	0	28940	
28832	0	28684	
28833	0	28194	
28834	0	27660	
28835	0	27012	
28836	0	26616	
28837	0	26100	
28838	0	25772	
28839	0	25844	
28840	0	26152	
28841	0	26536	
28842	0	26916	
28843	0	27152	
28844	0	27268	
28845	0	26940	
28846	0	26300	
28847	0	26216	
28848	0	26625	
28849	0	27432	
28850	0	28484	
28851	0	29384	
28852	0	29636	
28853	0	29424	
28854	0	29208	
28855	0	29406	
28856	0	29184	
28857	0	29060	
28858	0	28860	
28859	0	28544	
28860	0	28496	
28861	0	28540	
28862	0	28820	
28863	0	29106	
28864	0	29652	
28865	0	29976	
28866	0	30040	
28867	0	29752	
28868	0	30048	
28869	0	30424	
28870	0	30784	
28871	0	31008	
28872	0	30704	
28873	0	30280	
28874	0	29732	
28875	0	29148	
28876	0	28384	
28877	0	28264	
28878	0	28608	
28879	0	29024	
28880	0	29696	
28881	0	30208	
28882	0	30528	
28883	0	30504	
28884	0	30156	
28885	0	29720	
28886	0	29444	
28887	0	29216	
28888	0	28712	
28889	0	28516	
28890	0	28440	
28891	0	28356	
28892	0	28532	
28893	0	28784	
28894	0	29392	
28895	0	29908	
28896	0	30196	
28897	0	30224	
28898	0	29792	
28899	0	29284	
28900	0	28968	
28901	0	28988	
28902	0	29076	
28903	0	29144	
28904	0	29544	
28905	0	29412	
28906	0	29028	
28907	0	28592	
28908	0	27884	
28909	0	27616	
28910	0	27616	
28911	0	27796	
28912	0	28116	
28913	0	28400	
28914	0	28152	
28915	0	27600	
28916	0	27356	
28917	0	26862	
28918	0	25966	
28919	0	25608	
28920	0	25496	
28921	0	25904	
28922	0	26220	
28923	0	27056	
28924	0	28356	
28925	0	29424	
28926	0	30036	
28927	0	30812	
28928	0	31496	
28929	0	31804	
28930	0	31800	
28931	0	32064	
28932	0	32164	
28933	0	32128	
28934	0	31888	
28935	0	31232	
28936	0	30764	
28937	0	30580	
28938	0	30572	
28939	0	30560	
28940	0	30232	
28941	0	30212	
28942	0	30444	
28943	0	30620	
28944	0	30300	
28945	0	29620	
28946	0	29678	
28947	0	30392	
28948	0	31348	
28949	0	31644	
28950	0	31572	
28951	0	31409	
28952	0	31408	
28953	0	31844	
28954	0	32932	
28955	0	33824	
28956	0	33800	
28957	0	33972	
28958	0	33744	
28959	0	33156	
28960	0	32392	
28961	0	32044	
28962	0	32240	
28963	0	32772	
28964	0	32920	
28965	0	32664	
28966	0	32456	
28967	0	32504	
28968	0	33284	
28969	0	34740	
28970	0	35040	
28971	0	34948	
28972	0	34604	
28973	0	34688	
28974	0	34448	
28975	0	34220	
28976	0	33840	
28977	0	33728	
28978	0	33560	
28979	0	33904	
28980	0	34884	
28981	0	35400	
28982	0	35652	
28983	0	35896	
28984	0	36212	
28985	0	36588	
28986	0	36804	
28987	0	36368	
28988	0	35716	
28989	0	34872	
28990	0	34256	
28991	0	33716	
28992	0	33316	
28993	0	32908	
28994	0	32788	
28995	0	32644	
28996	0	32556	
28997	0	32512	
28998	0	33156	
28999	0	33428	
29000	0	33328	
29001	0	33512	
29002	0	33813	
29003	0	34652	
29004	0	34980	
29005	0	35468	
29006	0	35440	
29007	0	34900	
29008	0	34220	
29009	0	33456	
29010	0	32752	
29011	0	32448	
29012	0	32816	
29013	0	33380	
29014	0	34196	
29015	0	34764	
29016	0	34688	
29017	0	34768	
29018	0	35188	
29019	0	35668	
29020	0	35688	
29021	0	35092	
29022	0	34228	
29023	0	33960	
29024	0	33888	
29025	0	33404	
29026	0	32548	
29027	0	31892	
29028	0	31696	
29029	0	31432	
29030	0	30544	
29031	0	30290	
29032	0	30100	
29033	0	29700	
29034	0	29116	
29035	0	29276	
29036	0	29736	
29037	0	29764	
29038	0	29408	
29039	0	28964	
29040	0	28800	
29041	0	28896	
29042	0	29356	
29043	0	30016	
29044	0	30620	
29045	0	31276	
29046	0	31548	
29047	0	31192	
29048	0	30628	
29049	0	30536	
29050	0	30624	
29051	0	31036	
29052	0	31612	
29053	0	32048	
29054	0	31904	
29055	0	31520	
29056	0	31624	
29057	0	31476	
29058	0	31544	
29059	0	31324	
29060	0	31104	
29061	0	30804	
29062	0	31032	
29063	0	31580	
29064	0	32084	
29065	0	32684	
29066	0	33564	
29067	0	33852	
29068	0	33900	
29069	0	34196	
29070	0	34924	
29071	0	35428	
29072	0	35540	
29073	0	35628	
29074	0	35432	
29075	0	35248	
29076	0	35004	
29077	0	34344	
29078	0	33464	
29079	0	33092	
29080	0	32848	
29081	0	32096	
29082	0	32000	
29083	0	32140	
29084	0	32400	
29085	0	32580	
29086	0	33688	
29087	0	34560	
29088	0	34800	
29089	0	34296	
29090	0	33880	
29091	0	33904	
29092	0	33504	
29093	0	32888	
29094	0	32812	
29095	0	32784	
29096	0	32080	
29097	0	31220	
29098	0	30752	
29099	0	31152	
29100	0	31728	
29101	0	32532	
29102	0	33640	
29103	0	34632	
29104	0	35580	
29105	0	36444	
29106	0	37248	
29107	0	37720	
29108	0	38292	
29109	0	38772	
29110	0	39616	
29111	0	39924	
29112	0	39792	
29113	0	38960	
29114	0	38404	
29115	0	37544	
29116	0	36576	
29117	0	35400	
29118	0	34108	
29119	0	32940	
29120	0	32108	
29121	0	31954	
29122	0	31980	
29123	0	32112	
29124	0	32364	
29125	0	32864	
29126	0	32912	
29127	0	32872	
29128	0	33202	
29129	0	33736	
29130	0	34192	
29131	0	34656	
29132	0	35008	
29133	0	35320	
29134	0	35376	
29135	0	35120	
29136	0	34544	
29137	0	33964	
29138	0	33868	
29139	0	34004	
29140	0	34224	
29141	0	34296	
29142	0	34696	
29143	0	35060	
29144	0	35224	
29145	0	35436	
29146	0	35476	
29147	0	35540	
29148	0	35604	
29149	0	36116	
29150	0	36588	
29151	0	36836	
29152	0	36796	
29153	0	36896	
29154	0	36924	
29155	0	37188	
29156	0	37128	
29157	0	36428	
29158	0	35176	
29159	0	34188	
29160	0	33524	
29161	0	32744	
29162	0	32104	
29163	0	32016	
29164	0	32008	
29165	0	32212	
29166	0	32200	
29167	0	32204	
29168	0	32524	
29169	0	32780	
29170	0	32828	
29171	0	32488	
29172	0	31976	
29173	0	32058	
29174	0	32240	
29175	0	32730	
29176	0	32844	
29177	0	32692	
29178	0	32416	
29179	0	32344	
29180	0	31864	
29181	0	31788	
29182	0	31636	
29183	0	31788	
29184	0	31976	
29185	0	32248	
29186	0	32632	
29187	0	33384	
29188	0	33968	
29189	0	33952	
29190	0	33512	
29191	0	32884	
29192	0	32228	
29193	0	31328	
29194	0	30372	
29195	0	29616	
29196	0	28828	
29197	0	28324	
29198	0	28440	
29199	0	28800	
29200	0	29516	
29201	0	30180	
29202	0	30676	
29203	0	31032	
29204	0	31500	
29205	0	31456	
29206	0	30696	
29207	0	29324	
29208	0	28364	
29209	0	27616	
29210	0	27296	
29211	0	27308	
29212	0	27120	
29213	0	26836	
29214	0	26544	
29215	0	26000	
29216	0	25528	
29217	0	25240	
29218	0	25056	
29219	0	24924	
29220	0	25016	
29221	0	25284	
29222	0	26472	
29223	0	27504	
29224	0	28180	
29225	0	28864	
29226	0	29268	
29227	0	29444	
29228	0	29292	
29229	0	29196	
29230	0	29388	
29231	0	29704	
29232	0	29496	
29233	0	29288	
29234	0	29264	
29235	0	29626	
29236	0	30440	
29237	0	30384	
29238	0	29736	
29239	0	29728	
29240	0	30520	
29241	0	31636	
29242	0	32772	
29243	0	33416	
29244	0	33248	
29245	0	32392	
29246	0	31704	
29247	0	31352	
29248	0	31428	
29249	0	31820	
29250	0	31928	
29251	0	31880	
29252	0	31656	
29253	0	31200	
29254	0	30124	
29255	0	29016	
29256	0	28426	
29257	0	28232	
29258	0	28396	
29259	0	28492	
29260	0	28540	
29261	0	28564	
29262	0	28160	
29263	0	27952	
29264	0	27800	
29265	0	27976	
29266	0	27904	
29267	0	27352	
29268	0	27332	
29269	0	28044	
29270	0	28768	
29271	0	29496	
29272	0	29992	
29273	0	30112	
29274	0	29544	
29275	0	28568	
29276	0	28004	
29277	0	28100	
29278	0	28464	
29279	0	29488	
29280	0	30696	
29281	0	31348	
29282	0	31888	
29283	0	32320	
29284	0	32340	
29285	0	32752	
29286	0	32968	
29287	0	32760	
29288	0	32712	
29289	0	32884	
29290	0	33128	
29291	0	33540	
29292	0	33364	
29293	0	33064	
29294	0	32324	
29295	0	31898	
29296	0	31624	
29297	0	31140	
29298	0	30232	
29299	0	29456	
29300	0	29380	
29301	0	30096	
29302	0	30572	
29303	0	30996	
29304	0	31444	
29305	0	32040	
29306	0	32548	
29307	0	32624	
29308	0	33108	
29309	0	33236	
29310	0	33220	
29311	0	32864	
29312	0	32152	
29313	0	31308	
29314	0	30920	
29315	0	31108	
29316	0	31064	
29317	0	30844	
29318	0	30596	
29319	0	30348	
29320	0	30348	
29321	0	30800	
29322	0	30976	
29323	0	31098	
29324	0	31428	
29325	0	31812	
29326	0	31944	
29327	0	32188	
29328	0	31884	
29329	0	31312	
29330	0	30988	
29331	0	30396	
29332	0	29792	
29333	0	29120	
29334	0	29040	
29335	0	29452	
29336	0	29652	
29337	0	29924	
29338	0	30024	
29339	0	29796	
29340	0	29416	
29341	0	29440	
29342	0	29912	
29343	0	30410	
29344	0	30632	
29345	0	30688	
29346	0	30624	
29347	0	30496	
29348	0	30544	
29349	0	31044	
29350	0	31604	
29351	0	32064	
29352	0	32144	
29353	0	31728	
29354	0	31040	
29355	0	30624	
29356	0	30292	
29357	0	30636	
29358	0	31320	
29359	0	32236	
29360	0	32880	
29361	0	33072	
29362	0	33232	
29363	0	33584	
29364	0	33608	
29365	0	33564	
29366	0	33424	
29367	0	33348	
29368	0	33624	
29369	0	34168	
29370	0	34788	
29371	0	35032	
29372	0	35012	
29373	0	35056	
29374	0	35192	
29375	0	35008	
29376	0	34400	
29377	0	33704	
29378	0	33120	
29379	0	32352	
29380	0	31924	
29381	0	32202	
29382	0	32614	
29383	0	32708	
29384	0	32272	
29385	0	32128	
29386	0	32956	
29387	0	33776	
29388	0	34404	
29389	0	34552	
29390	0	34360	
29391	0	34188	
29392	0	33932	
29393	0	33164	
29394	0	32976	
29395	0	33712	
29396	0	34648	
29397	0	35096	
29398	0	35204	
29399	0	35108	
29400	0	34720	
29401	0	34228	
29402	0	34388	
29403	0	34452	
29404	0	34432	
29405	0	34232	
29406	0	33716	
29407	0	33128	
29408	0	32776	
29409	0	32770	
29410	0	32744	
29411	0	32720	
29412	0	32608	
29413	0	32380	
29414	0	32180	
29415	0	32218	
29416	0	32488	
29417	0	32388	
29418	0	32284	
29419	0	32394	
29420	0	32224	
29421	0	32026	
29422	0	32052	
29423	0	32080	
29424	0	32416	
29425	0	33092	
29426	0	33696	
29427	0	34248	
29428	0	34544	
29429	0	34572	
29430	0	34188	
29431	0	33584	
29432	0	33184	
29433	0	32776	
29434	0	32200	
29435	0	31776	
29436	0	31972	
29437	0	32384	
29438	0	32564	
29439	0	32812	
29440	0	33064	
29441	0	33320	
29442	0	33208	
29443	0	32984	
29444	0	32768	
29445	0	32704	
29446	0	32480	
29447	0	32316	
29448	0	32580	
29449	0	33408	
29450	0	34288	
29451	0	34736	
29452	0	34696	
29453	0	34164	
29454	0	33232	
29455	0	32672	
29456	0	32472	
29457	0	32320	
29458	0	31932	
29459	0	31504	
29460	0	31200	
29461	0	30728	
29462	0	30796	
29463	0	30776	
29464	0	30516	
29465	0	30444	
29466	0	30484	
29467	0	30820	
29468	0	31464	
29469	0	32356	
29470	0	33252	
29471	0	33416	
29472	0	32988	
29473	0	32376	
29474	0	31720	
29475	0	31424	
29476	0	30910	
29477	0	30252	
29478	0	29664	
29479	0	29120	
29480	0	28714	
29481	0	28288	
29482	0	28504	
29483	0	28780	
29484	0	29044	
29485	0	29424	
29486	0	29852	
29487	0	30408	
29488	0	30928	
29489	0	31594	
29490	0	32326	
29491	0	31920	
29492	0	31412	
29493	0	31252	
29494	0	31210	
29495	0	31212	
29496	0	31404	
29497	0	31064	
29498	0	30576	
29499	0	30284	
29500	0	30488	
29501	0	30896	
29502	0	31412	
29503	0	31860	
29504	0	31764	
29505	0	31180	
29506	0	30860	
29507	0	30780	
29508	0	30428	
29509	0	30016	
29510	0	29900	
29511	0	29732	
29512	0	29484	
29513	0	29144	
29514	0	28536	
29515	0	28296	
29516	0	28058	
29517	0	27920	
29518	0	28208	
29519	0	29096	
29520	0	29576	
29521	0	29924	
29522	0	29944	
29523	0	29800	
29524	0	29646	
29525	0	29632	
29526	0	29840	
29527	0	29940	
29528	0	30244	
29529	0	30592	
29530	0	30884	
29531	0	30948	
29532	0	31036	
29533	0	30940	
29534	0	31000	
29535	0	30904	
29536	0	30448	
29537	0	29816	
29538	0	29320	
29539	0	29136	
29540	0	29104	
29541	0	29200	
29542	0	29532	
29543	0	30200	
29544	0	30900	
29545	0	30772	
29546	0	29688	
29547	0	28488	
29548	0	27996	
29549	0	28140	
29550	0	28624	
29551	0	29116	
29552	0	29648	
29553	0	29760	
29554	0	30160	
29555	0	30784	
29556	0	30816	
29557	0	30388	
29558	0	29584	
29559	0	28440	
29560	0	27248	
29561	0	26676	
29562	0	26568	
29563	0	27116	
29564	0	27642	
29565	0	28440	
29566	0	29200	
29567	0	29300	
29568	0	29368	
29569	0	28880	
29570	0	28400	
29571	0	28480	
29572	0	28820	
29573	0	29240	
29574	0	29810	
29575	0	30376	
29576	0	30964	
29577	0	31028	
29578	0	30752	
29579	0	30484	
29580	0	30160	
29581	0	30044	
29582	0	29764	
29583	0	30068	
29584	0	30576	
29585	0	31072	
29586	0	31484	
29587	0	31900	
29588	0	32132	
29589	0	32376	
29590	0	32736	
29591	0	33404	
29592	0	33856	
29593	0	34036	
29594	0	33996	
29595	0	33872	
29596	0	34204	
29597	0	34544	
29598	0	34812	
29599	0	34884	
29600	0	34664	
29601	0	34284	
29602	0	33920	
29603	0	33428	
29604	0	32804	
29605	0	31684	
29606	0	31240	
29607	0	31640	
29608	0	32164	
29609	0	32636	
29610	0	33408	
29611	0	33632	
29612	0	33554	
29613	0	33436	
29614	0	33500	
29615	0	33564	
29616	0	33792	
29617	0	34204	
29618	0	34728	
29619	0	35372	
29620	0	35592	
29621	0	35300	
29622	0	34984	
29623	0	34812	
29624	0	34632	
29625	0	34640	
29626	0	34840	
29627	0	35636	
29628	0	36528	
29629	0	37292	
29630	0	38012	
29631	0	38604	
29632	0	38520	
29633	0	38044	
29634	0	36784	
29635	0	35692	
29636	0	35288	
29637	0	35300	
29638	0	35492	
29639	0	35740	
29640	0	36032	
29641	0	36640	
29642	0	37152	
29643	0	37588	
29644	0	38112	
29645	0	38440	
29646	0	38232	
29647	0	37688	
29648	0	37416	
29649	0	37400	
29650	0	37396	
29651	0	37148	
29652	0	36832	
29653	0	37092	
29654	0	37340	
29655	0	37316	
29656	0	37730	
29657	0	38492	
29658	0	38864	
29659	0	39020	
29660	0	38968	
29661	0	38656	
29662	0	38556	
29663	0	38488	
29664	0	37996	
29665	0	37740	
29666	0	37232	
29667	0	36564	
29668	0	36576	
29669	0	37052	
29670	0	37412	
29671	0	37564	
29672	0	37520	
29673	0	37176	
29674	0	36264	
29675	0	35164	
29676	0	33892	
29677	0	32576	
29678	0	32224	
29679	0	32328	
29680	0	32600	
29681	0	33196	
29682	0	33552	
29683	0	33728	
29684	0	34012	
29685	0	34024	
29686	0	33656	
29687	0	33696	
29688	0	34036	
29689	0	34472	
29690	0	34640	
29691	0	34524	
29692	0	34132	
29693	0	33532	
29694	0	33344	
29695	0	33468	
29696	0	33480	
29697	0	33384	
29698	0	33336	
29699	0	32956	
29700	0	32976	
29701	0	33208	
29702	0	33152	
29703	0	32996	
29704	0	32892	
29705	0	33280	
29706	0	33652	
29707	0	34048	
29708	0	34668	
29709	0	35160	
29710	0	35856	
29711	0	36088	
29712	0	35592	
29713	0	35064	
29714	0	34916	
29715	0	34376	
29716	0	34204	
29717	0	33856	
29718	0	33968	
29719	0	34052	
29720	0	33876	
29721	0	33544	
29722	0	33324	
29723	0	33088	
29724	0	32528	
29725	0	32108	
29726	0	31840	
29727	0	31866	
29728	0	31788	
29729	0	31464	
29730	0	31204	
29731	0	31064	
29732	0	30660	
29733	0	30412	
29734	0	30396	
29735	0	30808	
29736	0	30920	
29737	0	31272	
29738	0	31972	
29739	0	32528	
29740	0	32640	
29741	0	32424	
29742	0	32032	
29743	0	31860	
29744	0	31708	
29745	0	31444	
29746	0	31120	
29747	0	30748	
29748	0	30996	
29749	0	32168	
29750	0	33592	
29751	0	34308	
29752	0	34872	
29753	0	35420	
29754	0	35692	
29755	0	35524	
29756	0	35468	
29757	0	35264	
29758	0	34684	
29759	0	34636	
29760	0	34960	
29761	0	35564	
29762	0	36300	
29763	0	36944	
29764	0	37332	
29765	0	37536	
29766	0	37552	
29767	0	37700	
29768	0	37660	
29769	0	37088	
29770	0	36600	
29771	0	36204	
29772	0	36368	
29773	0	36922	
29774	0	37472	
29775	0	37764	
29776	0	38052	
29777	0	37840	
29778	0	37792	
29779	0	37808	
29780	0	37728	
29781	0	37840	
29782	0	38108	
29783	0	38480	
29784	0	38964	
29785	0	38960	
29786	0	38020	
29787	0	37320	
29788	0	37004	
29789	0	36376	
29790	0	35424	
29791	0	34712	
29792	0	34300	
29793	0	34260	
29794	0	34554	
29795	0	34452	
29796	0	34428	
29797	0	34624	
29798	0	34648	
29799	0	34008	
29800	0	33308	
29801	0	32832	
29802	0	32536	
29803	0	32360	
29804	0	32090	
29805	0	32156	
29806	0	32008	
29807	0	31856	
29808	0	31528	
29809	0	31364	
29810	0	31220	
29811	0	30816	
29812	0	30280	
29813	0	29776	
29814	0	29180	
29815	0	28972	
29816	0	29100	
29817	0	29220	
29818	0	28928	
29819	0	28904	
29820	0	29220	
29821	0	29460	
29822	0	30000	
29823	0	30928	
29824	0	31356	
29825	0	31430	
29826	0	31312	
29827	0	31476	
29828	0	31680	
29829	0	32044	
29830	0	32108	
29831	0	31076	
29832	0	30104	
29833	0	29520	
29834	0	29032	
29835	0	28624	
29836	0	28708	
29837	0	29232	
29838	0	30076	
29839	0	30580	
29840	0	30744	
29841	0	30508	
29842	0	29936	
29843	0	29680	
29844	0	30060	
29845	0	30940	
29846	0	32044	
29847	0	32892	
29848	0	33216	
29849	0	33584	
29850	0	33476	
29851	0	33728	
29852	0	34144	
29853	0	34524	
29854	0	34744	
29855	0	34280	
29856	0	33850	
29857	0	33936	
29858	0	33780	
29859	0	33248	
29860	0	32976	
29861	0	33016	
29862	0	32876	
29863	0	32636	
29864	0	32692	
29865	0	32664	
29866	0	32508	
29867	0	32504	
29868	0	32416	
29869	0	32344	
29870	0	32404	
29871	0	32404	
29872	0	32372	
29873	0	32404	
29874	0	32328	
29875	0	32960	
29876	0	33700	
29877	0	34224	
29878	0	34344	
29879	0	34168	
29880	0	33768	
29881	0	33180	
29882	0	33084	
29883	0	33364	
29884	0	34192	
29885	0	34692	
29886	0	34472	
29887	0	34268	
29888	0	34032	
29889	0	34156	
29890	0	33984	
29891	0	33692	
29892	0	33172	
29893	0	32900	
29894	0	32888	
29895	0	32948	
29896	0	32696	
29897	0	32056	
29898	0	30956	
29899	0	30228	
29900	0	29648	
29901	0	28936	
29902	0	28244	
29903	0	27732	
29904	0	27536	
29905	0	27268	
29906	0	27280	
29907	0	27656	
29908	0	28192	
29909	0	28952	
29910	0	29408	
29911	0	29816	
29912	0	30028	
29913	0	29818	
29914	0	29824	
29915	0	30088	
29916	0	30198	
29917	0	30628	
29918	0	30904	
29919	0	31248	
29920	0	31500	
29921	0	31352	
29922	0	31680	
29923	0	32224	
29924	0	32320	
29925	0	32240	
29926	0	31940	
29927	0	32040	
29928	0	32504	
29929	0	33588	
29930	0	34496	
29931	0	35292	
29932	0	35756	
29933	0	35512	
29934	0	34892	
29935	0	34136	
29936	0	33380	
29937	0	32840	
29938	0	32408	
29939	0	31748	
29940	0	30840	
29941	0	29986	
29942	0	29820	
29943	0	30504	
29944	0	31224	
29945	0	31632	
29946	0	31808	
29947	0	32316	
29948	0	32600	
29949	0	32456	
29950	0	31920	
29951	0	31384	
29952	0	31156	
29953	0	31220	
29954	0	31720	
29955	0	32684	
29956	0	33304	
29957	0	33280	
29958	0	33048	
29959	0	32804	
29960	0	32084	
29961	0	31432	
29962	0	31248	
29963	0	31652	
29964	0	32496	
29965	0	33456	
29966	0	33712	
29967	0	34004	
29968	0	34224	
29969	0	34392	
29970	0	35000	
29971	0	35116	
29972	0	35334	
29973	0	35460	
29974	0	35028	
29975	0	34364	
29976	0	34072	
29977	0	33788	
29978	0	33744	
29979	0	33556	
29980	0	33240	
29981	0	33264	
29982	0	33324	
29983	0	33128	
29984	0	33240	
29985	0	33416	
29986	0	33388	
29987	0	33160	
29988	0	32996	
29989	0	32912	
29990	0	33212	
29991	0	34048	
29992	0	35316	
29993	0	36140	
29994	0	36848	
29995	0	37440	
29996	0	37828	
29997	0	37608	
29998	0	36682	
29999	0	36232	
30000	0	36496	
30001	0	37000	
30002	0	37328	
30003	0	37920	
30004	0	39056	
30005	0	39992	
30006	0	40824	
30007	0	41080	
30008	0	40828	
30009	0	40516	
30010	0	40056	
30011	0	39740	
30012	0	39960	
30013	0	40488	
30014	0	40704	
30015	0	40464	
30016	0	40140	
30017	0	39916	
30018	0	39304	
30019	0	38504	
30020	0	38088	
30021	0	37656	
30022	0	37280	
30023	0	37176	
30024	0	37348	
30025	0	37444	
30026	0	36840	
30027	0	35984	
30028	0	35160	
30029	0	34268	
30030	0	34372	
30031	0	35080	
30032	0	35656	
30033	0	35592	
30034	0	35320	
30035	0	34804	
30036	0	33848	
30037	0	33228	
30038	0	33044	
30039	0	33180	
30040	0	33612	
30041	0	35020	
30042	0	35888	
30043	0	36096	
30044	0	35824	
30045	0	35904	
30046	0	36348	
30047	0	36524	
30048	0	35980	
30049	0	35292	
30050	0	34804	
30051	0	34656	
30052	0	34304	
30053	0	33868	
30054	0	33296	
30055	0	32872	
30056	0	32616	
30057	0	32684	
30058	0	32748	
30059	0	32428	
30060	0	31568	
30061	0	30680	
30062	0	30244	
30063	0	30308	
30064	0	30938	
30065	0	31636	
30066	0	32484	
30067	0	33304	
30068	0	34052	
30069	0	34652	
30070	0	35212	
30071	0	36028	
30072	0	37028	
30073	0	37484	
30074	0	37708	
30075	0	37116	
30076	0	36124	
30077	0	35368	
30078	0	34692	
30079	0	34288	
30080	0	34260	
30081	0	34280	
30082	0	34744	
30083	0	34788	
30084	0	34556	
30085	0	34020	
30086	0	33848	
30087	0	33336	
30088	0	32592	
30089	0	32228	
30090	0	32236	
30091	0	32344	
30092	0	32456	
30093	0	32364	
30094	0	31960	
30095	0	31296	
30096	0	30704	
30097	0	30028	
30098	0	29960	
30099	0	29988	
30100	0	30146	
30101	0	29868	
30102	0	29824	
30103	0	30056	
30104	0	30736	
30105	0	31578	
30106	0	32044	
30107	0	32034	
30108	0	32552	
30109	0	33100	
30110	0	33412	
30111	0	33548	
30112	0	33504	
30113	0	33520	
30114	0	34276	
30115	0	34744	
30116	0	34620	
30117	0	34244	
30118	0	33552	
30119	0	33076	
30120	0	33008	
30121	0	32820	
30122	0	32408	
30123	0	31376	
30124	0	30408	
30125	0	29760	
30126	0	29760	
30127	0	30232	
30128	0	30632	
30129	0	30752	
30130	0	30684	
30131	0	30688	
30132	0	30744	
30133	0	30664	
30134	0	30536	
30135	0	30968	
30136	0	31712	
30137	0	32120	
30138	0	32624	
30139	0	32732	
30140	0	32648	
30141	0	33480	
30142	0	34112	
30143	0	34128	
30144	0	33584	
30145	0	33204	
30146	0	32808	
30147	0	32472	
30148	0	32122	
30149	0	32504	
30150	0	33304	
30151	0	34008	
30152	0	34372	
30153	0	34292	
30154	0	34172	
30155	0	33864	
30156	0	33292	
30157	0	32344	
30158	0	31760	
30159	0	31530	
30160	0	32136	
30161	0	32840	
30162	0	32856	
30163	0	32412	
30164	0	31884	
30165	0	31180	
30166	0	31144	
30167	0	31380	
30168	0	31924	
30169	0	32992	
30170	0	33604	
30171	0	34044	
30172	0	34292	
30173	0	34120	
30174	0	34300	
30175	0	34768	
30176	0	34468	
30177	0	33936	
30178	0	33216	
30179	0	32224	
30180	0	31404	
30181	0	31016	
30182	0	31036	
30183	0	31104	
30184	0	31556	
30185	0	32336	
30186	0	33260	
30187	0	33828	
30188	0	34260	
30189	0	34608	
30190	0	34472	
30191	0	34104	
30192	0	33912	
30193	0	33308	
30194	0	32528	
30195	0	31528	
30196	0	30996	
30197	0	30696	
30198	0	30232	
30199	0	29664	
30200	0	29332	
30201	0	29512	
30202	0	29864	
30203	0	30800	
30204	0	31676	
30205	0	31984	
30206	0	31612	
30207	0	30964	
30208	0	29936	
30209	0	29304	
30210	0	29256	
30211	0	29722	
30212	0	30568	
30213	0	31024	
30214	0	31169	
30215	0	31384	
30216	0	31024	
30217	0	30748	
30218	0	30556	
30219	0	30468	
30220	0	30544	
30221	0	30664	
30222	0	30708	
30223	0	30912	
30224	0	31496	
30225	0	32200	
30226	0	32776	
30227	0	33056	
30228	0	33180	
30229	0	33432	
30230	0	33452	
30231	0	33720	
30232	0	34040	
30233	0	34108	
30234	0	34284	
30235	0	34008	
30236	0	33332	
30237	0	32400	
30238	0	31768	
30239	0	31404	
30240	0	31024	
30241	0	30864	
30242	0	30996	
30243	0	31276	
30244	0	31440	
30245	0	31624	
30246	0	32132	
30247	0	33088	
30248	0	33912	
30249	0	34084	
30250	0	33896	
30251	0	33548	
30252	0	33008	
30253	0	32280	
30254	0	31588	
30255	0	31184	
30256	0	31240	
30257	0	31448	
30258	0	31624	
30259	0	32416	
30260	0	33388	
30261	0	34028	
30262	0	34184	
30263	0	34020	
30264	0	33608	
30265	0	33280	
30266	0	33108	
30267	0	33588	
30268	0	34544	
30269	0	35648	
30270	0	36052	
30271	0	36032	
30272	0	35896	
30273	0	35716	
30274	0	35224	
30275	0	34868	
30276	0	34288	
30277	0	34132	
30278	0	34360	
30279	0	34460	
30280	0	34842	
30281	0	34872	
30282	0	34664	
30283	0	34296	
30284	0	33972	
30285	0	33704	
30286	0	34008	
30287	0	34288	
30288	0	34356	
30289	0	34008	
30290	0	33648	
30291	0	33600	
30292	0	33346	
30293	0	33068	
30294	0	32880	
30295	0	32836	
30296	0	32896	
30297	0	32972	
30298	0	33268	
30299	0	34104	
30300	0	34768	
30301	0	34378	
30302	0	33724	
30303	0	33500	
30304	0	33488	
30305	0	32912	
30306	0	32588	
30307	0	32840	
30308	0	33708	
30309	0	34512	
30310	0	34848	
30311	0	34913	
30312	0	34672	
30313	0	34820	
30314	0	34864	
30315	0	34728	
30316	0	34984	
30317	0	34808	
30318	0	34292	
30319	0	33592	
30320	0	32988	
30321	0	32684	
30322	0	32796	
30323	0	32748	
30324	0	32652	
30325	0	32396	
30326	0	31710	
30327	0	31182	
30328	0	30988	
30329	0	31024	
30330	0	31020	
30331	0	30976	
30332	0	31064	
30333	0	31048	
30334	0	31228	
30335	0	31440	
30336	0	31616	
30337	0	31192	
30338	0	30768	
30339	0	30972	
30340	0	31472	
30341	0	32356	
30342	0	32664	
30343	0	32380	
30344	0	31716	
30345	0	31356	
30346	0	31728	
30347	0	32640	
30348	0	33348	
30349	0	33500	
30350	0	33780	
30351	0	34220	
30352	0	34544	
30353	0	35156	
30354	0	35476	
30355	0	35448	
30356	0	35380	
30357	0	35000	
30358	0	34752	
30359	0	34936	
30360	0	35792	
30361	0	36420	
30362	0	36640	
30363	0	36360	
30364	0	35696	
30365	0	35268	
30366	0	34984	
30367	0	34776	
30368	0	34880	
30369	0	34796	
30370	0	34636	
30371	0	33668	
30372	0	32712	
30373	0	32152	
30374	0	32144	
30375	0	32552	
30376	0	33092	
30377	0	33864	
30378	0	34556	
30379	0	35124	
30380	0	34860	
30381	0	34096	
30382	0	33524	
30383	0	33050	
30384	0	33012	
30385	0	33248	
30386	0	33948	
30387	0	34200	
30388	0	33960	
30389	0	34044	
30390	0	34356	
30391	0	33912	
30392	0	33448	
30393	0	33096	
30394	0	33008	
30395	0	33072	
30396	0	33300	
30397	0	32968	
30398	0	32928	
30399	0	32916	
30400	0	32824	
30401	0	32640	
30402	0	32208	
30403	0	31864	
30404	0	31872	
30405	0	31620	
30406	0	31400	
30407	0	30964	
30408	0	30520	
30409	0	30528	
30410	0	30920	
30411	0	30752	
30412	0	30224	
30413	0	29920	
30414	0	29840	
30415	0	29672	
30416	0	29712	
30417	0	30196	
30418	0	30912	
30419	0	31736	
30420	0	32452	
30421	0	32796	
30422	0	33016	
30423	0	33180	
30424	0	33508	
30425	0	33744	
30426	0	34212	
30427	0	34568	
30428	0	34908	
30429	0	34788	
30430	0	34310	
30431	0	33908	
30432	0	33880	
30433	0	34236	
30434	0	34408	
30435	0	34432	
30436	0	34364	
30437	0	34396	
30438	0	34620	
30439	0	34908	
30440	0	34940	
30441	0	34732	
30442	0	34640	
30443	0	34656	
30444	0	34392	
30445	0	34540	
30446	0	35004	
30447	0	35632	
30448	0	36092	
30449	0	36632	
30450	0	36464	
30451	0	36036	
30452	0	35612	
30453	0	34956	
30454	0	34184	
30455	0	33412	
30456	0	32848	
30457	0	32024	
30458	0	31312	
30459	0	30892	
30460	0	30276	
30461	0	30080	
30462	0	30234	
30463	0	30290	
30464	0	30448	
30465	0	30892	
30466	0	31616	
30467	0	32552	
30468	0	33276	
30469	0	33872	
30470	0	34032	
30471	0	33738	
30472	0	33392	
30473	0	33152	
30474	0	33192	
30475	0	32728	
30476	0	32208	
30477	0	31696	
30478	0	31388	
30479	0	31228	
30480	0	31104	
30481	0	31452	
30482	0	32312	
30483	0	33072	
30484	0	33360	
30485	0	33268	
30486	0	33412	
30487	0	33452	
30488	0	33472	
30489	0	33536	
30490	0	33668	
30491	0	34152	
30492	0	34520	
30493	0	34140	
30494	0	33356	
30495	0	32664	
30496	0	31688	
30497	0	30816	
30498	0	30424	
30499	0	30412	
30500	0	30304	
30501	0	30288	
30502	0	31056	
30503	0	31802	
30504	0	32340	
30505	0	32360	
30506	0	31888	
30507	0	31704	
30508	0	31984	
30509	0	32284	
30510	0	32752	
30511	0	32916	
30512	0	32552	
30513	0	32248	
30514	0	31760	
30515	0	31188	
30516	0	30820	
30517	0	30948	
30518	0	31772	
30519	0	31976	
30520	0	31188	
30521	0	30796	
30522	0	30556	
30523	0	30840	
30524	0	31416	
30525	0	31736	
30526	0	31672	
30527	0	31500	
30528	0	31656	
30529	0	31692	
30530	0	31712	
30531	0	31892	
30532	0	32208	
30533	0	32556	
30534	0	33296	
30535	0	33520	
30536	0	33156	
30537	0	32460	
30538	0	31944	
30539	0	31468	
30540	0	30916	
30541	0	30944	
30542	0	31380	
30543	0	31776	
30544	0	32324	
30545	0	32752	
30546	0	33440	
30547	0	34312	
30548	0	35028	
30549	0	35800	
30550	0	36172	
30551	0	35940	
30552	0	35384	
30553	0	34740	
30554	0	34720	
30555	0	34760	
30556	0	35004	
30557	0	35268	
30558	0	35288	
30559	0	35136	
30560	0	34716	
30561	0	33924	
30562	0	33568	
30563	0	32956	
30564	0	32524	
30565	0	32200	
30566	0	32144	
30567	0	32432	
30568	0	33064	
30569	0	33600	
30570	0	34112	
30571	0	34552	
30572	0	35096	
30573	0	35688	
30574	0	35792	
30575	0	35632	
30576	0	35472	
30577	0	35128	
30578	0	34384	
30579	0	33820	
30580	0	33268	
30581	0	32960	
30582	0	32744	
30583	0	32412	
30584	0	31808	
30585	0	31144	
30586	0	30968	
30587	0	31432	
30588	0	32268	
30589	0	32688	
30590	0	32680	
30591	0	32556	
30592	0	32464	
30593	0	32236	
30594	0	32152	
30595	0	32092	
30596	0	32308	
30597	0	32940	
30598	0	33832	
30599	0	34556	
30600	0	35480	
30601	0	36104	
30602	0	36576	
30603	0	36884	
30604	0	36904	
30605	0	37012	
30606	0	36984	
30607	0	36872	
30608	0	36784	
30609	0	36356	
30610	0	36024	
30611	0	35640	
30612	0	35264	
30613	0	35032	
30614	0	35120	
30615	0	35208	
30616	0	35928	
30617	0	37088	
30618	0	37460	
30619	0	37004	
30620	0	36280	
30621	0	35800	
30622	0	35524	
30623	0	35412	
30624	0	34904	
30625	0	35332	
30626	0	36164	
30627	0	36764	
30628	0	37020	
30629	0	37428	
30630	0	37624	
30631	0	37380	
30632	0	36784	
30633	0	35656	
30634	0	34760	
30635	0	34264	
30636	0	33736	
30637	0	33000	
30638	0	32804	
30639	0	33140	
30640	0	33536	
30641	0	33780	
30642	0	34276	
30643	0	34436	
30644	0	34172	
30645	0	33584	
30646	0	33468	
30647	0	33740	
30648	0	33920	
30649	0	34316	
30650	0	34768	
30651	0	35272	
30652	0	35600	
30653	0	35832	
30654	0	35180	
30655	0	34664	
30656	0	34076	
30657	0	33528	
30658	0	32984	
30659	0	32300	
30660	0	31460	
30661	0	30388	
30662	0	29440	
30663	0	28700	
30664	0	27984	
30665	0	27600	
30666	0	27484	
30667	0	27908	
30668	0	28576	
30669	0	29440	
30670	0	29904	
30671	0	29584	
30672	0	29208	
30673	0	29208	
30674	0	29420	
30675	0	29868	
30676	0	29692	
30677	0	28952	
30678	0	27562	
30679	0	26562	
30680	0	26616	
30681	0	27088	
30682	0	27824	
30683	0	28384	
30684	0	28856	
30685	0	29408	
30686	0	30032	
30687	0	30872	
30688	0	31580	
30689	0	32240	
30690	0	33084	
30691	0	33476	
30692	0	33460	
30693	0	33268	
30694	0	32840	
30695	0	32176	
30696	0	31672	
30697	0	31564	
30698	0	31096	
30699	0	31176	
30700	0	31624	
30701	0	31444	
30702	0	31258	
30703	0	31440	
30704	0	31312	
30705	0	30652	
30706	0	30572	
30707	0	31076	
30708	0	31840	
30709	0	32108	
30710	0	31672	
30711	0	31108	
30712	0	31032	
30713	0	31176	
30714	0	31276	
30715	0	31482	
30716	0	31892	
30717	0	31932	
30718	0	30988	
30719	0	29808	
30720	0	28892	
30721	0	28224	
30722	0	27892	
30723	0	27988	
30724	0	28140	
30725	0	28552	
30726	0	28696	
30727	0	28892	
30728	0	29120	
30729	0	28940	
30730	0	28580	
30731	0	28096	
30732	0	27992	
30733	0	28352	
30734	0	29253	
30735	0	30052	
30736	0	30442	
30737	0	30768	
30738	0	30964	
30739	0	30356	
30740	0	29788	
30741	0	29772	
30742	0	29952	
30743	0	30192	
30744	0	30712	
30745	0	30848	
30746	0	31044	
30747	0	31285	
30748	0	31828	
30749	0	32516	
30750	0	33052	
30751	0	33336	
30752	0	33700	
30753	0	33892	
30754	0	34088	
30755	0	33940	
30756	0	33308	
30757	0	33004	
30758	0	33112	
30759	0	33344	
30760	0	33792	
30761	0	34204	
30762	0	34368	
30763	0	34156	
30764	0	33820	
30765	0	33512	
30766	0	33168	
30767	0	33072	
30768	0	33180	
30769	0	33552	
30770	0	33584	
30771	0	32656	
30772	0	31760	
30773	0	31520	
30774	0	31780	
30775	0	31960	
30776	0	32216	
30777	0	32288	
30778	0	32416	
30779	0	32416	
30780	0	32200	
30781	0	31816	
30782	0	31408	
30783	0	30976	
30784	0	30640	
30785	0	31032	
30786	0	31896	
30787	0	33104	
30788	0	34456	
30789	0	35448	
30790	0	36092	
30791	0	36032	
30792	0	35776	
30793	0	35512	
30794	0	34992	
30795	0	34672	
30796	0	34284	
30797	0	34012	
30798	0	33380	
30799	0	32952	
30800	0	32572	
30801	0	32296	
30802	0	31982	
30803	0	31768	
30804	0	31664	
30805	0	31784	
30806	0	31620	
30807	0	31888	
30808	0	32648	
30809	0	33420	
30810	0	33898	
30811	0	33516	
30812	0	32940	
30813	0	32456	
30814	0	32180	
30815	0	32348	
30816	0	32560	
30817	0	32648	
30818	0	33060	
30819	0	33476	
30820	0	34000	
30821	0	34076	
30822	0	33644	
30823	0	33540	
30824	0	32920	
30825	0	31960	
30826	0	31720	
30827	0	31560	
30828	0	31788	
30829	0	31956	
30830	0	32024	
30831	0	32048	
30832	0	32296	
30833	0	33008	
30834	0	33516	
30835	0	33648	
30836	0	33516	
30837	0	33100	
30838	0	32458	
30839	0	32276	
30840	0	31848	
30841	0	31500	
30842	0	31384	
30843	0	32168	
30844	0	33860	
30845	0	35464	
30846	0	36512	
30847	0	36896	
30848	0	37140	
30849	0	37008	
30850	0	36832	
30851	0	36112	
30852	0	35164	
30853	0	34472	
30854	0	33728	
30855	0	33432	
30856	0	33324	
30857	0	32804	
30858	0	32288	
30859	0	32068	
30860	0	31396	
30861	0	30668	
30862	0	30308	
30863	0	30068	
30864	0	29564	
30865	0	29308	
30866	0	29592	
30867	0	29528	
30868	0	29012	
30869	0	28680	
30870	0	28776	
30871	0	29512	
30872	0	30476	
30873	0	31338	
30874	0	31924	
30875	0	32616	
30876	0	32812	
30877	0	32784	
30878	0	32980	
30879	0	33300	
30880	0	33876	
30881	0	34316	
30882	0	34772	
30883	0	35572	
30884	0	35948	
30885	0	36032	
30886	0	35884	
30887	0	36028	
30888	0	36128	
30889	0	36040	
30890	0	35792	
30891	0	35712	
30892	0	35476	
30893	0	35124	
30894	0	34444	
30895	0	33760	
30896	0	33420	
30897	0	33366	
30898	0	33756	
30899	0	34388	
30900	0	34816	
30901	0	35024	
30902	0	34724	
30903	0	34732	
30904	0	34776	
30905	0	34708	
30906	0	34468	
30907	0	34668	
30908	0	35028	
30909	0	35364	
30910	0	35564	
30911	0	35920	
30912	0	36300	
30913	0	36296	
30914	0	36064	
30915	0	35440	
30916	0	34860	
30917	0	34576	
30918	0	33904	
30919	0	33876	
30920	0	34316	
30921	0	34604	
30922	0	34542	
30923	0	34308	
30924	0	34400	
30925	0	34864	
30926	0	35444	
30927	0	36136	
30928	0	36784	
30929	0	37812	
30930	0	38484	
30931	0	38516	
30932	0	38256	
30933	0	37956	
30934	0	38248	
30935	0	38576	
30936	0	38788	
30937	0	38308	
30938	0	37236	
30939	0	36916	
30940	0	36774	
30941	0	36284	
30942	0	35736	
30943	0	35220	
30944	0	35180	
30945	0	35264	
30946	0	35416	
30947	0	35368	
30948	0	35728	
30949	0	36400	
30950	0	36804	
30951	0	37012	
30952	0	36700	
30953	0	36348	
30954	0	36018	
30955	0	36108	
30956	0	35884	
30957	0	34964	
30958	0	34112	
30959	0	33432	
30960	0	32444	
30961	0	31744	
30962	0	31408	
30963	0	30924	
30964	0	31076	
30965	0	31704	
30966	0	32130	
30967	0	32532	
30968	0	32436	
30969	0	31904	
30970	0	31308	
30971	0	30736	
30972	0	30308	
30973	0	30292	
30974	0	30724	
30975	0	31552	
30976	0	32564	
30977	0	33320	
30978	0	33896	
30979	0	34356	
30980	0	34220	
30981	0	33832	
30982	0	33316	
30983	0	33012	
30984	0	33000	
30985	0	33192	
30986	0	33688	
30987	0	34552	
30988	0	35368	
30989	0	36008	
30990	0	36392	
30991	0	36252	
30992	0	35624	
30993	0	35128	
30994	0	35304	
30995	0	35400	
30996	0	35600	
30997	0	35420	
30998	0	35072	
30999	0	35012	
31000	0	34844	
31001	0	34920	
31002	0	35056	
31003	0	34844	
31004	0	34816	
31005	0	34744	
31006	0	34104	
31007	0	33868	
31008	0	34100	
31009	0	34012	
31010	0	33760	
31011	0	33436	
31012	0	33048	
31013	0	32832	
31014	0	32776	
31015	0	32680	
31016	0	32312	
31017	0	31964	
31018	0	32176	
31019	0	32496	
31020	0	33044	
31021	0	33548	
31022	0	34108	
31023	0	34312	
31024	0	34480	
31025	0	34480	
31026	0	34388	
31027	0	34668	
31028	0	35176	
31029	0	35556	
31030	0	35556	
31031	0	36088	
31032	0	36360	
31033	0	36444	
31034	0	36232	
31035	0	35904	
31036	0	36012	
31037	0	36208	
31038	0	36584	
31039	0	37140	
31040	0	37434	
31041	0	37512	
31042	0	37056	
31043	0	36308	
31044	0	35732	
31045	0	35140	
31046	0	34648	
31047	0	34712	
31048	0	34920	
31049	0	35228	
31050	0	35664	
31051	0	36104	
31052	0	36132	
31053	0	35924	
31054	0	35680	
31055	0	35228	
31056	0	34812	
31057	0	34272	
31058	0	34044	
31059	0	33612	
31060	0	33376	
31061	0	32972	
31062	0	32360	
31063	0	31640	
31064	0	31268	
31065	0	31392	
31066	0	31428	
31067	0	31296	
31068	0	31396	
31069	0	32100	
31070	0	33064	
31071	0	33544	
31072	0	33952	
31073	0	34424	
31074	0	34352	
31075	0	34072	
31076	0	33912	
31077	0	33886	
31078	0	34136	
31079	0	34716	
31080	0	35320	
31081	0	35880	
31082	0	35856	
31083	0	35304	
31084	0	34248	
31085	0	33216	
31086	0	32956	
31087	0	33020	
31088	0	33504	
31089	0	34324	
31090	0	34684	
31091	0	34528	
31092	0	33928	
31093	0	33336	
31094	0	33476	
31095	0	34144	
31096	0	34360	
31097	0	34204	
31098	0	34340	
31099	0	34522	
31100	0	35472	
31101	0	36468	
31102	0	36148	
31103	0	35668	
31104	0	34692	
31105	0	33740	
31106	0	33684	
31107	0	34040	
31108	0	34436	
31109	0	34816	
31110	0	34928	
31111	0	34508	
31112	0	33764	
31113	0	33068	
31114	0	32296	
31115	0	32242	
31116	0	32548	
31117	0	32552	
31118	0	32552	
31119	0	32832	
31120	0	33372	
31121	0	34136	
31122	0	34924	
31123	0	35672	
31124	0	36296	
31125	0	36888	
31126	0	37492	
31127	0	38164	
31128	0	38196	
31129	0	37812	
31130	0	37528	
31131	0	37232	
31132	0	36756	
31133	0	36160	
31134	0	35372	
31135	0	35024	
31136	0	35348	
31137	0	35936	
31138	0	36224	
31139	0	36088	
31140	0	36260	
31141	0	36220	
31142	0	36088	
31143	0	36136	
31144	0	35916	
31145	0	35212	
31146	0	35004	
31147	0	35404	
31148	0	35924	
31149	0	35852	
31150	0	35464	
31151	0	35260	
31152	0	35104	
31153	0	35000	
31154	0	34964	
31155	0	34948	
31156	0	35016	
31157	0	34872	
31158	0	34812	
31159	0	34336	
31160	0	33848	
31161	0	33204	
31162	0	32318	
31163	0	31960	
31164	0	32028	
31165	0	32636	
31166	0	33160	
31167	0	33280	
31168	0	33548	
31169	0	34588	
31170	0	36104	
31171	0	37064	
31172	0	37688	
31173	0	37748	
31174	0	37168	
31175	0	36608	
31176	0	36400	
31177	0	36504	
31178	0	36448	
31179	0	36716	
31180	0	37076	
31181	0	36824	
31182	0	36092	
31183	0	35592	
31184	0	35740	
31185	0	35804	
31186	0	35788	
31187	0	36000	
31188	0	36200	
31189	0	36680	
31190	0	36952	
31191	0	36768	
31192	0	36284	
31193	0	35816	
31194	0	35488	
31195	0	35272	
31196	0	34212	
31197	0	33364	
31198	0	32840	
31199	0	32172	
31200	0	31928	
31201	0	32064	
31202	0	32316	
31203	0	32584	
31204	0	32836	
31205	0	33120	
31206	0	33360	
31207	0	33780	
31208	0	33944	
31209	0	34104	
31210	0	34176	
31211	0	34528	
31212	0	35096	
31213	0	35760	
31214	0	36528	
31215	0	37236	
31216	0	37548	
31217	0	37412	
31218	0	37016	
31219	0	36300	
31220	0	35752	
31221	0	35844	
31222	0	36232	
31223	0	36956	
31224	0	37500	
31225	0	37736	
31226	0	37248	
31227	0	36016	
31228	0	34872	
31229	0	33600	
31230	0	32844	
31231	0	31872	
31232	0	31420	
31233	0	31652	
31234	0	31644	
31235	0	31508	
31236	0	31416	
31237	0	31348	
31238	0	31656	
31239	0	31880	
31240	0	31936	
31241	0	31880	
31242	0	31604	
31243	0	31416	
31244	0	31448	
31245	0	31260	
31246	0	31224	
31247	0	31516	
31248	0	31796	
31249	0	31992	
31250	0	32068	
31251	0	31896	
31252	0	31620	
31253	0	31160	
31254	0	30600	
31255	0	29820	
31256	0	30060	
31257	0	31112	
31258	0	32072	
31259	0	32628	
31260	0	33084	
31261	0	32988	
31262	0	32356	
31263	0	32080	
31264	0	31516	
31265	0	30536	
31266	0	29964	
31267	0	30332	
31268	0	31228	
31269	0	31608	
31270	0	32040	
31271	0	31736	
31272	0	30844	
31273	0	29818	
31274	0	28908	
31275	0	28480	
31276	0	28180	
31277	0	27696	
31278	0	27276	
31279	0	26784	
31280	0	26532	
31281	0	26968	
31282	0	27936	
31283	0	28532	
31284	0	28944	
31285	0	29600	
31286	0	30404	
31287	0	31112	
31288	0	31552	
31289	0	31856	
31290	0	31896	
31291	0	31792	
31292	0	31592	
31293	0	31232	
31294	0	31568	
31295	0	32248	
31296	0	33100	
31297	0	33076	
31298	0	32404	
31299	0	31300	
31300	0	30004	
31301	0	29368	
31302	0	28972	
31303	0	28916	
31304	0	28300	
31305	0	27396	
31306	0	27088	
31307	0	27720	
31308	0	28896	
31309	0	30184	
31310	0	31152	
31311	0	31216	
31312	0	30696	
31313	0	30642	
31314	0	30732	
31315	0	30876	
31316	0	31424	
31317	0	32424	
31318	0	33184	
31319	0	34008	
31320	0	34740	
31321	0	34740	
31322	0	34584	
31323	0	33720	
31324	0	32794	
31325	0	32552	
31326	0	32524	
31327	0	32752	
31328	0	32984	
31329	0	33532	
31330	0	34004	
31331	0	33932	
31332	0	33732	
31333	0	34084	
31334	0	34620	
31335	0	34920	
31336	0	34508	
31337	0	33448	
31338	0	32496	
31339	0	31888	
31340	0	31200	
31341	0	30724	
31342	0	30356	
31343	0	30144	
31344	0	30160	
31345	0	30216	
31346	0	30352	
31347	0	30860	
31348	0	31416	
31349	0	32268	
31350	0	32592	
31351	0	33208	
31352	0	33924	
31353	0	34908	
31354	0	35792	
31355	0	36240	
31356	0	35824	
31357	0	35608	
31358	0	35404	
31359	0	35528	
31360	0	36104	
31361	0	36460	
31362	0	36268	
31363	0	35888	
31364	0	35408	
31365	0	34772	
31366	0	34700	
31367	0	35164	
31368	0	35432	
31369	0	34944	
31370	0	34436	
31371	0	33972	
31372	0	33364	
31373	0	32448	
31374	0	31312	
31375	0	30472	
31376	0	30552	
31377	0	31184	
31378	0	32008	
31379	0	32344	
31380	0	32172	
31381	0	31624	
31382	0	31264	
31383	0	30504	
31384	0	30682	
31385	0	31072	
31386	0	31392	
31387	0	31952	
31388	0	33032	
31389	0	33740	
31390	0	34064	
31391	0	34228	
31392	0	34264	
31393	0	34224	
31394	0	33908	
31395	0	33152	
31396	0	32532	
31397	0	32400	
31398	0	32624	
31399	0	32792	
31400	0	33292	
31401	0	33976	
31402	0	34600	
31403	0	35032	
31404	0	35128	
31405	0	35116	
31406	0	34522	
31407	0	34036	
31408	0	34012	
31409	0	34296	
31410	0	34660	
31411	0	35004	
31412	0	35612	
31413	0	36048	
31414	0	36204	
31415	0	36284	
31416	0	35928	
31417	0	35776	
31418	0	35820	
31419	0	35348	
31420	0	34408	
31421	0	34048	
31422	0	34432	
31423	0	34896	
31424	0	35524	
31425	0	35868	
31426	0	35740	
31427	0	35440	
31428	0	35232	
31429	0	34862	
31430	0	34636	
31431	0	34508	
31432	0	34612	
31433	0	34458	
31434	0	34496	
31435	0	34188	
31436	0	34084	
31437	0	34404	
31438	0	34756	
31439	0	34736	
31440	0	34588	
31441	0	34384	
31442	0	34276	
31443	0	34320	
31444	0	34252	
31445	0	34404	
31446	0	34516	
31447	0	34592	
31448	0	34580	
31449	0	34464	
31450	0	34008	
31451	0	33468	
31452	0	32996	
31453	0	32400	
31454	0	31972	
31455	0	31648	
31456	0	31480	
31457	0	31436	
31458	0	31332	
31459	0	31480	
31460	0	31532	
31461	0	31700	
31462	0	31356	
31463	0	31132	
31464	0	31304	
31465	0	31716	
31466	0	32200	
31467	0	33080	
31468	0	33896	
31469	0	34440	
31470	0	34924	
31471	0	35272	
31472	0	35344	
31473	0	35064	
31474	0	34552	
31475	0	33944	
31476	0	33312	
31477	0	32792	
31478	0	32484	
31479	0	32460	
31480	0	32360	
31481	0	31698	
31482	0	31072	
31483	0	31092	
31484	0	31496	
31485	0	31676	
31486	0	32024	
31487	0	32268	
31488	0	32524	
31489	0	32848	
31490	0	33268	
31491	0	33816	
31492	0	34384	
31493	0	34716	
31494	0	34752	
31495	0	34748	
31496	0	34436	
31497	0	33864	
31498	0	33420	
31499	0	33316	
31500	0	33016	
31501	0	32784	
31502	0	32588	
31503	0	32512	
31504	0	32480	
31505	0	32488	
31506	0	32220	
31507	0	31996	
31508	0	32308	
31509	0	32840	
31510	0	33504	
31511	0	34196	
31512	0	34284	
31513	0	34064	
31514	0	33616	
31515	0	33112	
31516	0	32980	
31517	0	32964	
31518	0	33144	
31519	0	33972	
31520	0	34140	
31521	0	33572	
31522	0	32896	
31523	0	32816	
31524	0	32424	
31525	0	32084	
31526	0	32056	
31527	0	32292	
31528	0	32700	
31529	0	33564	
31530	0	34380	
31531	0	34784	
31532	0	34848	
31533	0	34672	
31534	0	34460	
31535	0	33796	
31536	0	32904	
31537	0	32064	
31538	0	31020	
31539	0	30258	
31540	0	29980	
31541	0	29984	
31542	0	30608	
31543	0	32048	
31544	0	32804	
31545	0	32860	
31546	0	32780	
31547	0	32732	
31548	0	33224	
31549	0	33456	
31550	0	34180	
31551	0	34368	
31552	0	34100	
31553	0	33812	
31554	0	33440	
31555	0	32722	
31556	0	32136	
31557	0	31924	
31558	0	31972	
31559	0	32324	
31560	0	32584	
31561	0	32944	
31562	0	33352	
31563	0	33360	
31564	0	33408	
31565	0	33632	
31566	0	33908	
31567	0	34148	
31568	0	34408	
31569	0	35196	
31570	0	36064	
31571	0	36672	
31572	0	36992	
31573	0	37076	
31574	0	36664	
31575	0	36216	
31576	0	35720	
31577	0	35176	
31578	0	34316	
31579	0	33488	
31580	0	33088	
31581	0	32480	
31582	0	32264	
31583	0	32256	
31584	0	32212	
31585	0	32588	
31586	0	33296	
31587	0	33868	
31588	0	34122	
31589	0	34112	
31590	0	33544	
31591	0	32744	
31592	0	31576	
31593	0	30412	
31594	0	29536	
31595	0	29408	
31596	0	29968	
31597	0	30688	
31598	0	30652	
31599	0	30324	
31600	0	29740	
31601	0	29428	
31602	0	29216	
31603	0	29020	
31604	0	29136	
31605	0	29184	
31606	0	29280	
31607	0	29780	
31608	0	30400	
31609	0	31116	
31610	0	31644	
31611	0	32208	
31612	0	32872	
31613	0	32868	
31614	0	32304	
31615	0	31392	
31616	0	30732	
31617	0	30688	
31618	0	30760	
31619	0	30756	
31620	0	30832	
31621	0	30456	
31622	0	29960	
31623	0	29552	
31624	0	29212	
31625	0	29288	
31626	0	30096	
31627	0	30772	
31628	0	31392	
31629	0	31916	
31630	0	32580	
31631	0	32928	
31632	0	32834	
31633	0	32756	
31634	0	33264	
31635	0	33748	
31636	0	33824	
31637	0	33644	
31638	0	33240	
31639	0	32804	
31640	0	32648	
31641	0	32732	
31642	0	32680	
31643	0	32408	
31644	0	32280	
31645	0	32114	
31646	0	32232	
31647	0	32172	
31648	0	32228	
31649	0	32504	
31650	0	32748	
31651	0	32136	
31652	0	31260	
31653	0	30808	
31654	0	30560	
31655	0	30236	
31656	0	29792	
31657	0	29128	
31658	0	28804	
31659	0	28480	
31660	0	28492	
31661	0	28972	
31662	0	29496	
31663	0	29720	
31664	0	29884	
31665	0	30148	
31666	0	30164	
31667	0	30072	
31668	0	30124	
31669	0	29836	
31670	0	29260	
31671	0	29088	
31672	0	29090	
31673	0	29352	
31674	0	29704	
31675	0	29892	
31676	0	29928	
31677	0	29884	
31678	0	29700	
31679	0	29944	
31680	0	30056	
31681	0	29948	
31682	0	29940	
31683	0	30000	
31684	0	30148	
31685	0	30280	
31686	0	30220	
31687	0	30336	
31688	0	31196	
31689	0	32256	
31690	0	33120	
31691	0	33776	
31692	0	33732	
31693	0	32640	
31694	0	31048	
31695	0	29440	
31696	0	28216	
31697	0	27136	
31698	0	26952	
31699	0	27076	
31700	0	27284	
31701	0	27460	
31702	0	28460	
31703	0	29610	
31704	0	30212	
31705	0	30298	
31706	0	30636	
31707	0	31108	
31708	0	31528	
31709	0	31560	
31710	0	31328	
31711	0	31612	
31712	0	32016	
31713	0	32020	
31714	0	31636	
31715	0	31476	
31716	0	31528	
31717	0	31100	
31718	0	30560	
31719	0	30212	
31720	0	29804	
31721	0	29536	
31722	0	29524	
31723	0	29924	
31724	0	30484	
31725	0	31068	
31726	0	31396	
31727	0	32228	
31728	0	33060	
31729	0	33608	
31730	0	33848	
31731	0	33832	
31732	0	33984	
31733	0	33820	
31734	0	33064	
31735	0	32092	
31736	0	31036	
31737	0	30216	
31738	0	30416	
31739	0	30888	
31740	0	31164	
31741	0	31252	
31742	0	31572	
31743	0	31852	
31744	0	31848	
31745	0	32120	
31746	0	32000	
31747	0	31752	
31748	0	31784	
31749	0	32096	
31750	0	32220	
31751	0	32184	
31752	0	32560	
31753	0	32824	
31754	0	32692	
31755	0	32548	
31756	0	32772	
31757	0	33316	
31758	0	33640	
31759	0	33520	
31760	0	33208	
31761	0	33064	
31762	0	32948	
31763	0	32332	
31764	0	31540	
31765	0	31404	
31766	0	31488	
31767	0	31554	
31768	0	31756	
31769	0	32020	
31770	0	31712	
31771	0	31848	
31772	0	31984	
31773	0	32280	
31774	0	32528	
31775	0	32416	
31776	0	31604	
31777	0	30604	
31778	0	29684	
31779	0	29340	
31780	0	29332	
31781	0	29480	
31782	0	29736	
31783	0	29864	
31784	0	30392	
31785	0	31146	
31786	0	31632	
31787	0	31568	
31788	0	31616	
31789	0	30996	
31790	0	30504	
31791	0	30392	
31792	0	30496	
31793	0	30596	
31794	0	30968	
31795	0	31312	
31796	0	31632	
31797	0	32124	
31798	0	32496	
31799	0	32180	
31800	0	31376	
31801	0	30808	
31802	0	30312	
31803	0	30224	
31804	0	30452	
31805	0	30832	
31806	0	30880	
31807	0	30689	
31808	0	30860	
31809	0	31246	
31810	0	31520	
31811	0	31416	
31812	0	31406	
31813	0	31732	
31814	0	32176	
31815	0	32024	
31816	0	31984	
31817	0	31864	
31818	0	31680	
31819	0	31484	
31820	0	31696	
31821	0	32160	
31822	0	32580	
31823	0	32784	
31824	0	33076	
31825	0	33620	
31826	0	33632	
31827	0	32870	
31828	0	32552	
31829	0	32452	
31830	0	32668	
31831	0	33000	
31832	0	33240	
31833	0	33532	
31834	0	33488	
31835	0	33132	
31836	0	32872	
31837	0	32412	
31838	0	32232	
31839	0	32928	
31840	0	33848	
31841	0	34696	
31842	0	35500	
31843	0	36376	
31844	0	37144	
31845	0	37336	
31846	0	37032	
31847	0	36788	
31848	0	37072	
31849	0	37104	
31850	0	36764	
31851	0	36156	
31852	0	35512	
31853	0	34792	
31854	0	34140	
31855	0	33408	
31856	0	32584	
31857	0	31960	
31858	0	31392	
31859	0	30896	
31860	0	30584	
31861	0	29972	
31862	0	29104	
31863	0	28528	
31864	0	27888	
31865	0	28084	
31866	0	28688	
31867	0	29676	
31868	0	30544	
31869	0	30880	
31870	0	30692	
31871	0	30802	
31872	0	30810	
31873	0	30552	
31874	0	30584	
31875	0	30440	
31876	0	30352	
31877	0	30372	
31878	0	30204	
31879	0	29856	
31880	0	29472	
31881	0	29624	
31882	0	29636	
31883	0	29232	
31884	0	28876	
31885	0	28512	
31886	0	28176	
31887	0	28140	
31888	0	28328	
31889	0	28556	
31890	0	28944	
31891	0	28764	
31892	0	28042	
31893	0	27346	
31894	0	26836	
31895	0	26810	
31896	0	27400	
31897	0	27808	
31898	0	28300	
31899	0	29096	
31900	0	29356	
31901	0	29524	
31902	0	29376	
31903	0	28876	
31904	0	28560	
31905	0	28416	
31906	0	28700	
31907	0	29232	
31908	0	29900	
31909	0	30848	
31910	0	31936	
31911	0	32544	
31912	0	33260	
31913	0	33936	
31914	0	34712	
31915	0	34948	
31916	0	34444	
31917	0	33500	
31918	0	32712	
31919	0	32384	
31920	0	32160	
31921	0	31976	
31922	0	31676	
31923	0	31516	
31924	0	31524	
31925	0	31888	
31926	0	32476	
31927	0	32776	
31928	0	33004	
31929	0	32968	
31930	0	32632	
31931	0	32348	
31932	0	31632	
31933	0	30508	
31934	0	29492	
31935	0	28642	
31936	0	27852	
31937	0	27056	
31938	0	26508	
31939	0	27020	
31940	0	27692	
31941	0	28468	
31942	0	29368	
31943	0	30436	
31944	0	31188	
31945	0	31576	
31946	0	31472	
31947	0	31212	
31948	0	31064	
31949	0	30844	
31950	0	30316	
31951	0	29816	
31952	0	29504	
31953	0	29444	
31954	0	29640	
31955	0	28684	
31956	0	27404	
31957	0	26640	
31958	0	26188	
31959	0	26036	
31960	0	26132	
31961	0	26648	
31962	0	26960	
31963	0	27140	
31964	0	27340	
31965	0	27556	
31966	0	28114	
31967	0	28800	
31968	0	29308	
31969	0	29180	
31970	0	29132	
31971	0	28780	
31972	0	28360	
31973	0	28104	
31974	0	27908	
31975	0	27996	
31976	0	28332	
31977	0	29008	
31978	0	29792	
31979	0	30666	
31980	0	30964	
31981	0	30472	
31982	0	29920	
31983	0	29952	
31984	0	30832	
31985	0	32136	
31986	0	33024	
31987	0	33904	
31988	0	34520	
31989	0	34768	
31990	0	34424	
31991	0	33780	
31992	0	32664	
31993	0	31424	
31994	0	29936	
31995	0	28660	
31996	0	28268	
31997	0	28240	
31998	0	28400	
31999	0	28672	
32000	0	29160	
32001	0	29372	
32002	0	29400	
32003	0	29272	
32004	0	29152	
32005	0	29416	
32006	0	29280	
32007	0	29336	
32008	0	29744	
32009	0	29994	
32010	0	30272	
32011	0	30450	
32012	0	30292	
32013	0	29792	
32014	0	29064	
32015	0	28508	
32016	0	28412	
32017	0	28606	
32018	0	28576	
32019	0	28760	
32020	0	28768	
32021	0	28968	
32022	0	29308	
32023	0	29372	
32024	0	29196	
32025	0	29056	
32026	0	28440	
32027	0	27904	
32028	0	28060	
32029	0	28424	
32030	0	28640	
32031	0	28648	
32032	0	27924	
32033	0	27200	
32034	0	26816	
32035	0	26808	
32036	0	26700	
32037	0	26920	
32038	0	27600	
32039	0	28584	
32040	0	29572	
32041	0	30488	
32042	0	31180	
32043	0	31824	
32044	0	32724	
32045	0	33392	
32046	0	33864	
32047	0	34332	
32048	0	34344	
32049	0	33876	
32050	0	33380	
32051	0	33124	
32052	0	32688	
32053	0	31716	
32054	0	30482	
32055	0	30164	
32056	0	30388	
32057	0	31018	
32058	0	30972	
32059	0	30636	
32060	0	30072	
32061	0	29756	
32062	0	29844	
32063	0	29888	
32064	0	29964	
32065	0	30096	
32066	0	30296	
32067	0	30336	
32068	0	30684	
32069	0	31044	
32070	0	30796	
32071	0	30708	
32072	0	30680	
32073	0	30432	
32074	0	29864	
32075	0	29428	
32076	0	29752	
32077	0	29880	
32078	0	30308	
32079	0	30208	
32080	0	29624	
32081	0	29400	
32082	0	29204	
32083	0	28924	
32084	0	28904	
32085	0	29048	
32086	0	28468	
32087	0	28648	
32088	0	29284	
32089	0	30192	
32090	0	30708	
32091	0	30576	
32092	0	29864	
32093	0	29084	
32094	0	28800	
32095	0	29224	
32096	0	29468	
32097	0	29506	
32098	0	29960	
32099	0	30296	
32100	0	30840	
32101	0	31544	
32102	0	31772	
32103	0	31072	
32104	0	30416	
32105	0	29708	
32106	0	29324	
32107	0	29480	
32108	0	29568	
32109	0	29436	
32110	0	29692	
32111	0	29680	
32112	0	29924	
32113	0	30472	
32114	0	30576	
32115	0	30688	
32116	0	30668	
32117	0	30580	
32118	0	30864	
32119	0	30670	
32120	0	30576	
32121	0	30328	
32122	0	30344	
32123	0	30776	
32124	0	31200	
32125	0	31448	
32126	0	31756	
32127	0	32032	
32128	0	31560	
32129	0	30260	
32130	0	29432	
32131	0	29404	
32132	0	29568	
32133	0	29796	
32134	0	30608	
32135	0	31240	
32136	0	32012	
32137	0	32316	
32138	0	32224	
32139	0	31968	
32140	0	31728	
32141	0	31692	
32142	0	31764	
32143	0	32024	
32144	0	32512	
32145	0	32288	
32146	0	31368	
32147	0	31248	
32148	0	31696	
32149	0	32320	
32150	0	32660	
32151	0	32868	
32152	0	32804	
32153	0	32512	
32154	0	32084	
32155	0	32208	
32156	0	32440	
32157	0	32428	
32158	0	32080	
32159	0	31748	
32160	0	31500	
32161	0	31344	
32162	0	30952	
32163	0	30608	
32164	0	30492	
32165	0	30940	
32166	0	31248	
32167	0	30688	
32168	0	30264	
32169	0	31012	
32170	0	32340	
32171	0	33080	
32172	0	33268	
32173	0	33644	
32174	0	34184	
32175	0	34448	
32176	0	34356	
32177	0	34304	
32178	0	34032	
32179	0	33556	
32180	0	32924	
32181	0	32528	
32182	0	32440	
32183	0	32444	
32184	0	32544	
32185	0	32730	
32186	0	33244	
32187	0	33768	
32188	0	34092	
32189	0	34240	
32190	0	34016	
32191	0	34096	
32192	0	34300	
32193	0	34608	
32194	0	34344	
32195	0	33572	
32196	0	32704	
32197	0	31956	
32198	0	31636	
32199	0	31736	
32200	0	31804	
32201	0	31296	
32202	0	30896	
32203	0	30724	
32204	0	30836	
32205	0	31232	
32206	0	31640	
32207	0	32100	
32208	0	32256	
32209	0	32196	
32210	0	31432	
32211	0	30216	
32212	0	29732	
32213	0	29476	
32214	0	29488	
32215	0	29636	
32216	0	30012	
32217	0	31008	
32218	0	31500	
32219	0	31132	
32220	0	30380	
32221	0	29516	
32222	0	28972	
32223	0	29096	
32224	0	29472	
32225	0	29832	
32226	0	30256	
32227	0	30328	
32228	0	30660	
32229	0	30808	
32230	0	30676	
32231	0	30800	
32232	0	31152	
32233	0	31104	
32234	0	31596	
32235	0	32576	
32236	0	33208	
32237	0	33236	
32238	0	33356	
32239	0	33916	
32240	0	34280	
32241	0	34292	
32242	0	34156	
32243	0	33744	
32244	0	33608	
32245	0	33972	
32246	0	34116	
32247	0	34272	
32248	0	34392	
32249	0	34288	
32250	0	34284	
32251	0	34544	
32252	0	34404	
32253	0	33576	
32254	0	33116	
32255	0	32872	
32256	0	32712	
32257	0	32708	
32258	0	32708	
32259	0	32256	
32260	0	31560	
32261	0	30872	
32262	0	30032	
32263	0	29384	
32264	0	28692	
32265	0	28560	
32266	0	28784	
32267	0	29216	
32268	0	29752	
32269	0	30348	
32270	0	31060	
32271	0	31388	
32272	0	31556	
32273	0	31636	
32274	0	31960	
32275	0	32528	
32276	0	33028	
32277	0	33212	
32278	0	32640	
32279	0	31624	
32280	0	30372	
32281	0	29220	
32282	0	28828	
32283	0	28976	
32284	0	29604	
32285	0	30588	
32286	0	31532	
32287	0	32512	
32288	0	33080	
32289	0	33624	
32290	0	33960	
32291	0	34076	
32292	0	33828	
32293	0	33126	
32294	0	32108	
32295	0	30940	
32296	0	30232	
32297	0	30032	
32298	0	29728	
32299	0	29664	
32300	0	29880	
32301	0	30256	
32302	0	30840	
32303	0	31308	
32304	0	31824	
32305	0	32448	
32306	0	32712	
32307	0	32888	
32308	0	32192	
32309	0	30908	
32310	0	29828	
32311	0	29576	
32312	0	29644	
32313	0	29524	
32314	0	29384	
32315	0	29292	
32316	0	29384	
32317	0	29696	
32318	0	30060	
32319	0	30312	
32320	0	30632	
32321	0	30748	
32322	0	30952	
32323	0	31152	
32324	0	31756	
32325	0	32096	
32326	0	32408	
32327	0	32036	
32328	0	31452	
32329	0	31216	
32330	0	30576	
32331	0	30012	
32332	0	30060	
32333	0	30432	
32334	0	30804	
32335	0	31236	
32336	0	32432	
32337	0	33352	
32338	0	33432	
32339	0	33082	
32340	0	32432	
32341	0	32076	
32342	0	32028	
32343	0	32248	
32344	0	32820	
32345	0	33688	
32346	0	33668	
32347	0	33304	
32348	0	32832	
32349	0	31984	
32350	0	31216	
32351	0	29920	
32352	0	28672	
32353	0	27972	
32354	0	27824	
32355	0	28240	
32356	0	29032	
32357	0	29536	
32358	0	29328	
32359	0	29184	
32360	0	28992	
32361	0	28724	
32362	0	28900	
32363	0	29408	
32364	0	30090	
32365	0	30972	
32366	0	31564	
32367	0	31904	
32368	0	32072	
32369	0	32224	
32370	0	32312	
32371	0	32668	
32372	0	32960	
32373	0	32948	
32374	0	32768	
32375	0	32100	
32376	0	31576	
32377	0	31128	
32378	0	30688	
32379	0	30024	
32380	0	29908	
32381	0	29176	
32382	0	28824	
32383	0	28468	
32384	0	27944	
32385	0	27536	
32386	0	27568	
32387	0	28180	
32388	0	28896	
32389	0	29840	
32390	0	30544	
32391	0	31264	
32392	0	31860	
32393	0	32084	
32394	0	31992	
32395	0	31168	
32396	0	30160	
32397	0	29268	
32398	0	28920	
32399	0	28668	
32400	0	28448	
32401	0	28560	
32402	0	29116	
32403	0	29864	
32404	0	30976	
32405	0	32464	
32406	0	34144	
32407	0	35408	
32408	0	36004	
32409	0	35796	
32410	0	34928	
32411	0	34296	
32412	0	33656	
32413	0	32700	
32414	0	32080	
32415	0	32148	
32416	0	32132	
32417	0	32200	
32418	0	32312	
32419	0	32264	
32420	0	32188	
32421	0	32132	
32422	0	32084	
32423	0	32148	
32424	0	32140	
32425	0	32068	
32426	0	32044	
32427	0	31852	
32428	0	32012	
32429	0	32316	
32430	0	32980	
32431	0	33536	
32432	0	33560	
32433	0	33314	
32434	0	32900	
32435	0	32464	
32436	0	32234	
32437	0	31904	
32438	0	31468	
32439	0	30768	
32440	0	30216	
32441	0	29784	
32442	0	29368	
32443	0	29008	
32444	0	29300	
32445	0	30092	
32446	0	30924	
32447	0	31476	
32448	0	32192	
32449	0	32800	
32450	0	33440	
32451	0	34096	
32452	0	34548	
32453	0	34760	
32454	0	34952	
32455	0	34940	
32456	0	34396	
32457	0	33824	
32458	0	33544	
32459	0	33804	
32460	0	34060	
32461	0	34160	
32462	0	34132	
32463	0	33756	
32464	0	33084	
32465	0	32352	
32466	0	31444	
32467	0	31208	
32468	0	31388	
32469	0	32256	
32470	0	33192	
32471	0	33656	
32472	0	33764	
32473	0	33840	
32474	0	33308	
32475	0	32244	
32476	0	31484	
32477	0	31388	
32478	0	32004	
32479	0	32884	
32480	0	33368	
32481	0	33572	
32482	0	33656	
32483	0	33708	
32484	0	33720	
32485	0	33764	
32486	0	34028	
32487	0	34012	
32488	0	33664	
32489	0	33528	
32490	0	33588	
32491	0	33472	
32492	0	33420	
32493	0	33532	
32494	0	34080	
32495	0	34056	
32496	0	33532	
32497	0	32736	
32498	0	32000	
32499	0	32044	
32500	0	32532	
32501	0	32880	
32502	0	32840	
32503	0	32640	
32504	0	32828	
32505	0	32732	
32506	0	32536	
32507	0	32192	
32508	0	32068	
32509	0	31528	
32510	0	30938	
32511	0	30300	
32512	0	29876	
32513	0	30140	
32514	0	30660	
32515	0	31088	
32516	0	31408	
32517	0	31328	
32518	0	31032	
32519	0	30444	
32520	0	29904	
32521	0	30096	
32522	0	30264	
32523	0	30068	
32524	0	29768	
32525	0	29624	
32526	0	29780	
32527	0	30500	
32528	0	30784	
32529	0	30472	
32530	0	30266	
32531	0	30172	
32532	0	30612	
32533	0	30796	
32534	0	30568	
32535	0	30180	
32536	0	30214	
32537	0	30064	
32538	0	29620	
32539	0	29388	
32540	0	29292	
32541	0	28988	
32542	0	28648	
32543	0	28492	
32544	0	28808	
32545	0	29436	
32546	0	30080	
32547	0	30720	
32548	0	31392	
32549	0	32036	
32550	0	32452	
32551	0	32704	
32552	0	32564	
32553	0	32362	
32554	0	32128	
32555	0	31584	
32556	0	30600	
32557	0	29812	
32558	0	29352	
32559	0	29984	
32560	0	31340	
32561	0	32928	
32562	0	33912	
32563	0	34576	
32564	0	35228	
32565	0	35532	
32566	0	35480	
32567	0	35720	
32568	0	35960	
32569	0	36084	
32570	0	35844	
32571	0	35164	
32572	0	34644	
32573	0	34736	
32574	0	35024	
32575	0	35300	
32576	0	35380	
32577	0	35360	
32578	0	35420	
32579	0	35016	
32580	0	34716	
32581	0	34408	
32582	0	34024	
32583	0	34240	
32584	0	34216	
32585	0	34460	
32586	0	34576	
32587	0	34416	
32588	0	34360	
32589	0	34520	
32590	0	34592	
32591	0	34804	
32592	0	34852	
32593	0	34404	
32594	0	33976	
32595	0	32728	
32596	0	31556	
32597	0	30676	
32598	0	29612	
32599	0	29320	
32600	0	29864	
32601	0	30448	
32602	0	30948	
32603	0	31220	
32604	0	31452	
32605	0	31536	
32606	0	31384	
32607	0	31488	
32608	0	31960	
32609	0	32404	
32610	0	31816	
32611	0	30868	
32612	0	30080	
32613	0	29928	
32614	0	30176	
32615	0	30000	
32616	0	29884	
32617	0	30008	
32618	0	30108	
32619	0	30584	
32620	0	31322	
32621	0	31800	
32622	0	32368	
32623	0	32984	
32624	0	33444	
32625	0	33784	
32626	0	34180	
32627	0	34620	
32628	0	35296	
32629	0	35648	
32630	0	35560	
32631	0	35664	
32632	0	35744	
32633	0	35918	
32634	0	35848	
32635	0	35520	
32636	0	34988	
32637	0	34936	
32638	0	35140	
32639	0	35588	
32640	0	36100	
32641	0	36300	
32642	0	36388	
32643	0	36304	
32644	0	36264	
32645	0	36012	
32646	0	36000	
32647	0	36128	
32648	0	36688	
32649	0	37244	
32650	0	37664	
32651	0	37568	
32652	0	37204	
32653	0	36896	
32654	0	36264	
32655	0	35664	
32656	0	35400	
32657	0	35656	
32658	0	35992	
32659	0	36544	
32660	0	37268	
32661	0	37124	
32662	0	36752	
32663	0	36820	
32664	0	37004	
32665	0	36576	
32666	0	36356	
32667	0	36020	
32668	0	36288	
32669	0	36408	
32670	0	36452	
32671	0	36700	
32672	0	37008	
32673	0	36896	
32674	0	36608	
32675	0	36244	
32676	0	36092	
32677	0	35914	
32678	0	35552	
32679	0	35476	
32680	0	35552	
32681	0	35592	
32682	0	35384	
32683	0	35364	
32684	0	35232	
32685	0	35256	
32686	0	35660	
32687	0	36276	
32688	0	36584	
32689	0	36292	
32690	0	36116	
32691	0	35840	
32692	0	35120	
32693	0	34348	
32694	0	33744	
32695	0	32832	
32696	0	31636	
32697	0	30864	
32698	0	30568	
32699	0	30972	
32700	0	31428	
32701	0	31500	
32702	0	31904	
32703	0	32960	
32704	0	34088	
32705	0	34620	
32706	0	34392	
32707	0	33768	
32708	0	33840	
32709	0	34008	
32710	0	34096	
32711	0	34112	
32712	0	34408	
32713	0	34784	
32714	0	34788	
32715	0	34660	
32716	0	34248	
32717	0	34192	
32718	0	34612	
32719	0	35304	
32720	0	35304	
32721	0	35280	
32722	0	35300	
32723	0	35636	
32724	0	35940	
32725	0	36172	
32726	0	35952	
32727	0	36016	
32728	0	36068	
32729	0	36040	
32730	0	36268	
32731	0	36648	
32732	0	36708	
32733	0	36844	
32734	0	37216	
32735	0	37624	
32736	0	37796	
32737	0	37604	
32738	0	37256	
32739	0	36996	
32740	0	36928	
32741	0	37126	
32742	0	37088	
32743	0	37036	
32744	0	37440	
32745	0	38272	
32746	0	38752	
32747	0	39004	
32748	0	39056	
32749	0	38376	
32750	0	37432	
32751	0	37016	
32752	0	37176	
32753	0	37620	
32754	0	38184	
32755	0	38784	
32756	0	39236	
32757	0	38732	
32758	0	37028	
32759	0	35188	
32760	0	33676	
32761	0	32634	
32762	0	32593	
32763	0	33300	
32764	0	34112	
32765	0	34568	
32766	0	34952	
32767	0	35244	
32768	0	35176	
32769	0	34132	
32770	0	32944	
32771	0	32292	
32772	0	32016	
32773	0	32344	
32774	0	33216	
32775	0	34252	
32776	0	35000	
32777	0	35392	
32778	0	35716	
32779	0	35564	
32780	0	34904	
32781	0	34068	
32782	0	33036	
32783	0	32708	
32784	0	33128	
32785	0	33704	
32786	0	34312	
32787	0	34668	
32788	0	34796	
32789	0	34960	
32790	0	35032	
32791	0	34888	
32792	0	34876	
32793	0	34536	
32794	0	33888	
32795	0	33104	
32796	0	32604	
32797	0	32496	
32798	0	33044	
32799	0	34240	
32800	0	35584	
32801	0	36388	
32802	0	36988	
32803	0	37680	
32804	0	38144	
32805	0	38460	
32806	0	38800	
32807	0	38720	
32808	0	38712	
32809	0	38836	
32810	0	39008	
32811	0	39260	
32812	0	39760	
32813	0	39912	
32814	0	39912	
32815	0	39852	
32816	0	39512	
32817	0	38704	
32818	0	37676	
32819	0	36720	
32820	0	36032	
32821	0	35548	
32822	0	35096	
32823	0	34808	
32824	0	34584	
32825	0	34604	
32826	0	34820	
32827	0	35052	
32828	0	34928	
32829	0	34472	
32830	0	33828	
32831	0	33416	
32832	0	33500	
32833	0	34144	
32834	0	34628	
32835	0	34712	
32836	0	34380	
32837	0	34128	
32838	0	33448	
32839	0	32698	
32840	0	31800	
32841	0	31368	
32842	0	31596	
32843	0	31712	
32844	0	31860	
32845	0	32064	
32846	0	32460	
32847	0	32896	
32848	0	32940	
32849	0	32392	
32850	0	32140	
32851	0	31932	
32852	0	31840	
32853	0	31664	
32854	0	30980	
32855	0	30356	
32856	0	29680	
32857	0	29656	
32858	0	29968	
32859	0	29940	
32860	0	30480	
32861	0	31032	
32862	0	31300	
32863	0	31540	
32864	0	31792	
32865	0	31984	
32866	0	31860	
32867	0	31680	
32868	0	31800	
32869	0	32312	
32870	0	33248	
32871	0	34156	
32872	0	35258	
32873	0	35752	
32874	0	35096	
32875	0	33844	
32876	0	32328	
32877	0	31180	
32878	0	30920	
32879	0	31140	
32880	0	31232	
32881	0	31032	
32882	0	31120	
32883	0	31458	
32884	0	31712	
32885	0	31480	
32886	0	31172	
32887	0	31528	
32888	0	32228	
32889	0	33232	
32890	0	33864	
32891	0	34104	
32892	0	33724	
32893	0	33072	
32894	0	32544	
32895	0	32560	
32896	0	33216	
32897	0	33664	
32898	0	33704	
32899	0	33800	
32900	0	34104	
32901	0	33880	
32902	0	33816	
32903	0	34312	
32904	0	34568	
32905	0	34240	
32906	0	34640	
32907	0	35156	
32908	0	35888	
32909	0	36880	
32910	0	37824	
32911	0	39656	
32912	0	42168	
32913	0	45112	
32914	0	46260	
32915	0	46136	
32916	0	45292	
32917	0	43492	
32918	0	40888	
32919	0	39696	
32920	0	40696	
32921	0	41936	
32922	0	43224	
32923	0	45384	
32924	0	46856	
32925	0	47960	
32926	0	49384	
32927	0	51200	
32928	0	51860	
32929	0	49928	
32930	0	46196	
32931	0	42640	
32932	0	41068	
32933	0	41148	
32934	0	41696	
32935	0	42704	
32936	0	44024	
32937	0	45448	
32938	0	47372	
32939	0	49164	
32940	0	50080	
32941	0	48728	
32942	0	48396	
32943	0	49480	
32944	0	50252	
32945	0	51388	
32946	0	52452	
32947	0	52692	
32948	0	54240	
32949	0	56148	
32950	0	56040	
32951	0	54760	
32952	0	55816	
32953	0	57896	
32954	0	58380	
32955	0	56796	
32956	0	55636	
32957	0	55892	
32958	0	57184	
32959	0	59300	
32960	0	62244	
32961	0	65456	
32962	0	65476	
32963	0	65476	
32964	0	65472	
32965	0	65464	
32966	0	65464	
32967	0	65472	
32968	0	65472	
32969	0	65472	
32970	0	65480	
32971	0	65476	
32972	0	65480	
32973	0	65464	
32974	0	65472	
32975	0	65476	
32976	0	65472	
32977	0	65472	
32978	0	65472	
32979	0	65472	
32980	0	65480	
32981	0	65472	
32982	0	65472	
32983	0	65464	
32984	0	65464	
32985	0	65472	
32986	0	65468	
32987	0	65464	
32988	0	65472	
32989	0	65480	
32990	0	65464	
32991	0	65480	
32992	0	62592	
32993	0	61156	
32994	0	59104	
32995	0	57184	
32996	0	56200	
32997	0	55760	
32998	0	55920	
32999	0	55980	
33000	0	55924	
33001	0	55032	
33002	0	53704	
33003	0	52316	
33004	0	51176	
33005	0	50264	
33006	0	49232	
33007	0	48284	
33008	0	47300	
33009	0	46720	
33010	0	46776	
33011	0	46488	
33012	0	45848	
33013	0	44636	
33014	0	43500	
33015	0	42620	
33016	0	41336	
33017	0	39820	
33018	0	38672	
33019	0	37964	
33020	0	37972	
33021	0	38352	
33022	0	39248	
33023	0	39768	
33024	0	39724	
33025	0	39692	
33026	0	39240	
33027	0	38220	
33028	0	37340	
33029	0	36680	
33030	0	36500	
33031	0	36092	
33032	0	35192	
33033	0	33952	
33034	0	33136	
33035	0	32592	
33036	0	31888	
33037	0	31136	
33038	0	30876	
33039	0	30788	
33040	0	30760	
33041	0	31092	
33042	0	31296	
33043	0	31224	
33044	0	31488	
33045	0	31848	
33046	0	32136	
33047	0	32072	
33048	0	32080	
33049	0	31820	
33050	0	32116	
33051	0	32364	
33052	0	32496	
33053	0	32464	
33054	0	32480	
33055	0	32624	
33056	0	32680	
33057	0	33160	
33058	0	33336	
33059	0	32636	
33060	0	31406	
33061	0	31060	
33062	0	32172	
33063	0	33404	
33064	0	33952	
33065	0	33200	
33066	0	31720	
33067	0	30072	
33068	0	28792	
33069	0	27988	
33070	0	27312	
33071	0	27080	
33072	0	26732	
33073	0	26248	
33074	0	25412	
33075	0	24972	
33076	0	25368	
33077	0	26160	
33078	0	26516	
33079	0	26776	
33080	0	27192	
33081	0	27096	
33082	0	26504	
33083	0	26716	
33084	0	26940	
33085	0	27143	
33086	0	27500	
33087	0	27964	
33088	0	27964	
33089	0	27424	
33090	0	26900	
33091	0	26940	
33092	0	27172	
33093	0	27608	
33094	0	27696	
33095	0	27572	
33096	0	27120	
33097	0	26368	
33098	0	25544	
33099	0	24676	
33100	0	24316	
33101	0	24080	
33102	0	23640	
33103	0	23296	
33104	0	23880	
33105	0	24534	
33106	0	24394	
33107	0	23684	
33108	0	23116	
33109	0	22620	
33110	0	22580	
33111	0	22700	
33112	0	22752	
33113	0	22396	
33114	0	22232	
33115	0	21840	
33116	0	21666	
33117	0	21240	
33118	0	20560	
33119	0	19912	
33120	0	19480	
33121	0	19156	
33122	0	19178	
33123	0	18912	
33124	0	18376	
33125	0	17684	
33126	0	17748	
33127	0	18252	
33128	0	18764	
33129	0	19096	
33130	0	19522	
33131	0	19924	
33132	0	20134	
33133	0	20440	
33134	0	20682	
33135	0	20960	
33136	0	20726	
33137	0	20128	
33138	0	20144	
33139	0	20256	
33140	0	20296	
33141	0	20712	
33142	0	21314	
33143	0	21560	
33144	0	22104	
33145	0	23372	
33146	0	24528	
33147	0	25268	
33148	0	26036	
33149	0	26328	
33150	0	26156	
33151	0	26136	
33152	0	26596	
33153	0	27092	
33154	0	27660	
33155	0	28456	
33156	0	28932	
33157	0	28804	
33158	0	28242	
33159	0	27528	
33160	0	26856	
33161	0	26192	
33162	0	25676	
33163	0	25608	
33164	0	25960	
33165	0	26610	
33166	0	27144	
33167	0	27356	
33168	0	27296	
33169	0	27428	
33170	0	28376	
33171	0	29421	
33172	0	29964	
33173	0	29906	
33174	0	29884	
33175	0	29176	
33176	0	28328	
33177	0	27738	
33178	0	27560	
33179	0	27736	
33180	0	27940	
33181	0	27964	
33182	0	28224	
33183	0	28668	
33184	0	29136	
33185	0	29860	
33186	0	30198	
33187	0	30424	
33188	0	30968	
33189	0	30908	
33190	0	30116	
33191	0	29544	
33192	0	29168	
33193	0	28488	
33194	0	28060	
33195	0	28120	
33196	0	28492	
33197	0	28532	
33198	0	28280	
33199	0	28700	
33200	0	29088	
33201	0	29628	
33202	0	29604	
33203	0	29352	
33204	0	28924	
33205	0	28354	
33206	0	28036	
33207	0	28300	
33208	0	28872	
33209	0	28896	
33210	0	28916	
33211	0	28404	
33212	0	27764	
33213	0	27217	
33214	0	26876	
33215	0	27184	
33216	0	27820	
33217	0	28698	
33218	0	29260	
33219	0	29236	
33220	0	28800	
33221	0	28288	
33222	0	28004	
33223	0	27640	
33224	0	27400	
33225	0	26856	
33226	0	26468	
33227	0	26684	
33228	0	26800	
33229	0	26664	
33230	0	26586	
33231	0	26552	
33232	0	26716	
33233	0	26560	
33234	0	26816	
33235	0	27220	
33236	0	27888	
33237	0	28512	
33238	0	28756	
33239	0	28332	
33240	0	27576	
33241	0	27140	
33242	0	27332	
33243	0	28000	
33244	0	29124	
33245	0	30036	
33246	0	30692	
33247	0	31216	
33248	0	31004	
33249	0	30344	
33250	0	29728	
33251	0	29280	
33252	0	28964	
33253	0	28733	
33254	0	29184	
33255	0	29896	
33256	0	30264	
33257	0	30116	
33258	0	29968	
33259	0	29698	
33260	0	29644	
33261	0	29584	
33262	0	29784	
33263	0	30596	
33264	0	31476	
33265	0	31948	
33266	0	32060	
33267	0	31864	
33268	0	31652	
33269	0	31572	
33270	0	31392	
33271	0	31020	
33272	0	30708	
33273	0	29858	
33274	0	28952	
33275	0	28424	
33276	0	28092	
33277	0	28064	
33278	0	27988	
33279	0	27508	
33280	0	27164	
33281	0	27040	
33282	0	26968	
33283	0	26620	
33284	0	26461	
33285	0	26508	
33286	0	26824	
33287	0	27482	
33288	0	28194	
33289	0	28932	
33290	0	29668	
33291	0	29800	
33292	0	29544	
33293	0	29012	
33294	0	28420	
33295	0	28168	
33296	0	27588	
33297	0	26840	
33298	0	26446	
33299	0	26620	
33300	0	26694	
33301	0	26932	
33302	0	27378	
33303	0	27780	
33304	0	28284	
33305	0	28648	
33306	0	28660	
33307	0	27968	
33308	0	27632	
33309	0	27850	
33310	0	28016	
33311	0	28020	
33312	0	27668	
33313	0	27432	
33314	0	27628	
33315	0	28292	
33316	0	27784	
33317	0	26944	
33318	0	26272	
33319	0	25636	
33320	0	24960	
33321	0	24868	
33322	0	25348	
33323	0	26276	
33324	0	27232	
33325	0	27576	
33326	0	27912	
33327	0	28320	
33328	0	28752	
33329	0	29056	
33330	0	29200	
33331	0	29700	
33332	0	30104	
33333	0	30952	
33334	0	32084	
33335	0	32948	
33336	0	33560	
33337	0	33484	
33338	0	32996	
33339	0	32696	
33340	0	32512	
33341	0	32376	
33342	0	31816	
33343	0	31552	
33344	0	31382	
33345	0	31104	
33346	0	30744	
33347	0	30164	
33348	0	29664	
33349	0	28948	
33350	0	28976	
33351	0	29592	
33352	0	30044	
33353	0	30008	
33354	0	29684	
33355	0	28892	
33356	0	28312	
33357	0	27888	
33358	0	27352	
33359	0	26806	
33360	0	26584	
33361	0	26544	
33362	0	26608	
33363	0	26972	
33364	0	27552	
33365	0	27836	
33366	0	28424	
33367	0	28952	
33368	0	29432	
33369	0	30348	
33370	0	31408	
33371	0	31768	
33372	0	31588	
33373	0	30624	
33374	0	29212	
33375	0	27804	
33376	0	26624	
33377	0	25960	
33378	0	26492	
33379	0	26868	
33380	0	27308	
33381	0	28420	
33382	0	29512	
33383	0	30092	
33384	0	30200	
33385	0	30052	
33386	0	29844	
33387	0	29632	
33388	0	29532	
33389	0	29528	
33390	0	29688	
33391	0	30332	
33392	0	31208	
33393	0	31360	
33394	0	30800	
33395	0	30400	
33396	0	30112	
33397	0	30524	
33398	0	31192	
33399	0	31456	
33400	0	31232	
33401	0	30666	
33402	0	30060	
33403	0	29500	
33404	0	29256	
33405	0	29516	
33406	0	30496	
33407	0	31260	
33408	0	32048	
33409	0	32836	
33410	0	33568	
33411	0	34100	
33412	0	34824	
33413	0	35240	
33414	0	35072	
33415	0	34340	
33416	0	33468	
33417	0	33312	
33418	0	33176	
33419	0	32732	
33420	0	32678	
33421	0	32300	
33422	0	31932	
33423	0	31588	
33424	0	31756	
33425	0	32600	
33426	0	33648	
33427	0	34584	
33428	0	35092	
33429	0	35216	
33430	0	35276	
33431	0	35756	
33432	0	36060	
33433	0	36088	
33434	0	35792	
33435	0	35268	
33436	0	34468	
33437	0	33396	
33438	0	32076	
33439	0	30956	
33440	0	30028	
33441	0	29460	
33442	0	29264	
33443	0	29324	
33444	0	30088	
33445	0	31128	
33446	0	32196	
33447	0	32844	
33448	0	33152	
33449	0	33296	
33450	0	33112	
33451	0	33004	
33452	0	32988	
33453	0	32812	
33454	0	32072	
33455	0	30832	
33456	0	29928	
33457	0	29860	
33458	0	30552	
33459	0	30836	
33460	0	31248	
33461	0	31556	
33462	0	31264	
33463	0	30870	
33464	0	30592	
33465	0	30504	
33466	0	30468	
33467	0	30498	
33468	0	30808	
33469	0	31072	
33470	0	31200	
33471	0	31436	
33472	0	31680	
33473	0	31640	
33474	0	31428	
33475	0	31880	
33476	0	31884	
33477	0	31696	
33478	0	31456	
33479	0	31452	
33480	0	31012	
33481	0	30388	
33482	0	30444	
33483	0	31064	
33484	0	31452	
33485	0	31292	
33486	0	31288	
33487	0	31272	
33488	0	31480	
33489	0	31856	
33490	0	32268	
33491	0	32676	
33492	0	33056	
33493	0	33208	
33494	0	32936	
33495	0	32496	
33496	0	31948	
33497	0	31820	
33498	0	32012	
33499	0	32024	
33500	0	31948	
33501	0	31684	
33502	0	31700	
33503	0	32352	
33504	0	33733	
33505	0	35596	
33506	0	37204	
33507	0	38068	
33508	0	38680	
33509	0	38936	
33510	0	38836	
33511	0	38440	
33512	0	38072	
33513	0	37732	
33514	0	37120	
33515	0	36328	
33516	0	35904	
33517	0	34704	
33518	0	33472	
33519	0	32616	
33520	0	32368	
33521	0	32556	
33522	0	33308	
33523	0	33720	
33524	0	33716	
33525	0	33592	
33526	0	33648	
33527	0	33496	
33528	0	33572	
33529	0	33588	
33530	0	33604	
33531	0	33420	
33532	0	33024	
33533	0	32636	
33534	0	32608	
33535	0	32384	
33536	0	32588	
33537	0	32788	
33538	0	33528	
33539	0	33792	
33540	0	33396	
33541	0	32776	
33542	0	32292	
33543	0	32028	
33544	0	32236	
33545	0	32636	
33546	0	32544	
33547	0	32036	
33548	0	31104	
33549	0	30132	
33550	0	30224	
33551	0	30980	
33552	0	31776	
33553	0	32340	
33554	0	32436	
33555	0	32492	
33556	0	32388	
33557	0	31972	
33558	0	31696	
33559	0	32172	
33560	0	32956	
33561	0	33792	
33562	0	34324	
33563	0	34000	
33564	0	33320	
33565	0	32440	
33566	0	31968	
33567	0	32220	
33568	0	32772	
33569	0	33224	
33570	0	33196	
33571	0	32928	
33572	0	32672	
33573	0	32228	
33574	0	32120	
33575	0	32508	
33576	0	32796	
33577	0	32904	
33578	0	33016	
33579	0	33152	
33580	0	33048	
33581	0	33176	
33582	0	33572	
33583	0	34604	
33584	0	35240	
33585	0	35236	
33586	0	35072	
33587	0	34968	
33588	0	35204	
33589	0	35632	
33590	0	35836	
33591	0	35428	
33592	0	34784	
33593	0	34548	
33594	0	34228	
33595	0	34160	
33596	0	34160	
33597	0	34396	
33598	0	34760	
33599	0	34812	
33600	0	34672	
33601	0	34468	
33602	0	34464	
33603	0	34188	
33604	0	33572	
33605	0	32868	
33606	0	32036	
33607	0	31124	
33608	0	30784	
33609	0	30540	
33610	0	30568	
33611	0	31212	
33612	0	32144	
33613	0	32160	
33614	0	32132	
33615	0	31848	
33616	0	31468	
33617	0	31192	
33618	0	30612	
33619	0	30156	
33620	0	30080	
33621	0	30580	
33622	0	31344	
33623	0	31884	
33624	0	31740	
33625	0	31616	
33626	0	31680	
33627	0	32464	
33628	0	33824	
33629	0	34888	
33630	0	35216	
33631	0	35052	
33632	0	34340	
33633	0	33468	
33634	0	32484	
33635	0	31424	
33636	0	30628	
33637	0	29996	
33638	0	29648	
33639	0	29352	
33640	0	29458	
33641	0	29184	
33642	0	28932	
33643	0	28916	
33644	0	29244	
33645	0	29556	
33646	0	29568	
33647	0	29616	
33648	0	30016	
33649	0	30432	
33650	0	31208	
33651	0	32084	
33652	0	32916	
33653	0	32988	
33654	0	32096	
33655	0	31176	
33656	0	30464	
33657	0	30272	
33658	0	30936	
33659	0	31772	
33660	0	32024	
33661	0	31912	
33662	0	32368	
33663	0	33152	
33664	0	33960	
33665	0	34516	
33666	0	34308	
33667	0	33692	
33668	0	32752	
33669	0	32428	
33670	0	32760	
33671	0	32776	
33672	0	32964	
33673	0	33740	
33674	0	34800	
33675	0	35456	
33676	0	35604	
33677	0	35456	
33678	0	34860	
33679	0	34084	
33680	0	33316	
33681	0	32788	
33682	0	32792	
33683	0	32976	
33684	0	32968	
33685	0	32752	
33686	0	32060	
33687	0	31056	
33688	0	30664	
33689	0	31232	
33690	0	31864	
33691	0	32320	
33692	0	32636	
33693	0	33248	
33694	0	33424	
33695	0	32960	
33696	0	32320	
33697	0	32256	
33698	0	33056	
33699	0	33528	
33700	0	33364	
33701	0	32232	
33702	0	30980	
33703	0	29732	
33704	0	28660	
33705	0	27996	
33706	0	28336	
33707	0	29404	
33708	0	30298	
33709	0	30656	
33710	0	30536	
33711	0	30544	
33712	0	30076	
33713	0	29548	
33714	0	29676	
33715	0	30076	
33716	0	30394	
33717	0	30760	
33718	0	31036	
33719	0	30864	
33720	0	30580	
33721	0	30416	
33722	0	30356	
33723	0	30900	
33724	0	31504	
33725	0	31592	
33726	0	30940	
33727	0	30292	
33728	0	30100	
33729	0	29524	
33730	0	29208	
33731	0	29484	
33732	0	30048	
33733	0	30924	
33734	0	31352	
33735	0	31804	
33736	0	32452	
33737	0	33876	
33738	0	34728	
33739	0	34716	
33740	0	34140	
33741	0	33040	
33742	0	32114	
33743	0	31600	
33744	0	31444	
33745	0	31780	
33746	0	32176	
33747	0	32352	
33748	0	32420	
33749	0	31976	
33750	0	31880	
33751	0	31900	
33752	0	32324	
33753	0	33160	
33754	0	33564	
33755	0	33600	
33756	0	33320	
33757	0	33092	
33758	0	32760	
33759	0	32504	
33760	0	32604	
33761	0	32676	
33762	0	32720	
33763	0	32744	
33764	0	32976	
33765	0	33704	
33766	0	34112	
33767	0	34224	
33768	0	33536	
33769	0	32296	
33770	0	31116	
33771	0	30648	
33772	0	30832	
33773	0	31748	
33774	0	32412	
33775	0	33416	
33776	0	34650	
33777	0	35460	
33778	0	35580	
33779	0	35386	
33780	0	35284	
33781	0	34872	
33782	0	33512	
33783	0	31936	
33784	0	30728	
33785	0	29464	
33786	0	28524	
33787	0	28632	
33788	0	30056	
33789	0	32964	
33790	0	36580	
33791	0	39616	
33792	0	41684	
33793	0	42196	
33794	0	41288	
33795	0	39988	
33796	0	38888	
33797	0	37768	
33798	0	36720	
33799	0	35792	
33800	0	35236	
33801	0	34856	
33802	0	34800	
33803	0	35224	
33804	0	35616	
33805	0	35520	
33806	0	35372	
33807	0	35164	
33808	0	34820	
33809	0	34268	
33810	0	33584	
33811	0	33096	
33812	0	32888	
33813	0	33032	
33814	0	33112	
33815	0	33060	
33816	0	33716	
33817	0	34012	
33818	0	33656	
33819	0	31984	
33820	0	29792	
33821	0	28036	
33822	0	27188	
33823	0	26624	
33824	0	26940	
33825	0	27932	
33826	0	28940	
33827	0	29852	
33828	0	30752	
33829	0	31236	
33830	0	31268	
33831	0	30980	
33832	0	30876	
33833	0	30492	
33834	0	29084	
33835	0	27368	
33836	0	25760	
33837	0	24472	
33838	0	23584	
33839	0	23088	
33840	0	22514	
33841	0	21888	
33842	0	21596	
33843	0	21362	
33844	0	21076	
33845	0	21152	
33846	0	21740	
33847	0	22496	
33848	0	23000	
33849	0	23752	
33850	0	23968	
33851	0	23976	
33852	0	23852	
33853	0	23136	
33854	0	22536	
33855	0	21500	
33856	0	20904	
33857	0	21320	
33858	0	21832	
33859	0	22024	
33860	0	22272	
33861	0	22644	
33862	0	22676	
33863	0	23296	
33864	0	24208	
33865	0	24744	
33866	0	23968	
33867	0	22466	
33868	0	21896	
33869	0	22160	
33870	0	23368	
33871	0	24840	
33872	0	26212	
33873	0	27152	
33874	0	27408	
33875	0	27112	
33876	0	26568	
33877	0	25760	
33878	0	25160	
33879	0	24444	
33880	0	23576	
33881	0	23020	
33882	0	23432	
33883	0	24216	
33884	0	24976	
33885	0	25616	
33886	0	26208	
33887	0	26972	
33888	0	27680	
33889	0	28284	
33890	0	28184	
33891	0	27672	
33892	0	26968	
33893	0	26824	
33894	0	26804	
33895	0	26612	
33896	0	26340	
33897	0	26432	
33898	0	27024	
33899	0	28164	
33900	0	29424	
33901	0	30032	
33902	0	29772	
33903	0	28872	
33904	0	27884	
33905	0	27368	
33906	0	27584	
33907	0	27728	
33908	0	27806	
33909	0	27816	
33910	0	27688	
33911	0	27226	
33912	0	26008	
33913	0	24884	
33914	0	24888	
33915	0	25304	
33916	0	25640	
33917	0	25692	
33918	0	26000	
33919	0	25984	
33920	0	25396	
33921	0	25208	
33922	0	25508	
33923	0	25820	
33924	0	25956	
33925	0	26480	
33926	0	27208	
33927	0	27860	
33928	0	28604	
33929	0	29640	
33930	0	30644	
33931	0	32080	
33932	0	33128	
33933	0	33082	
33934	0	32548	
33935	0	32352	
33936	0	32112	
33937	0	31816	
33938	0	31700	
33939	0	31504	
33940	0	31436	
33941	0	30556	
33942	0	29760	
33943	0	29720	
33944	0	29812	
33945	0	29880	
33946	0	30236	
33947	0	30632	
33948	0	30672	
33949	0	30392	
33950	0	29976	
33951	0	29400	
33952	0	28940	
33953	0	28564	
33954	0	28628	
33955	0	29004	
33956	0	28956	
33957	0	28064	
33958	0	27744	
33959	0	28248	
33960	0	29540	
33961	0	30472	
33962	0	31408	
33963	0	32928	
33964	0	34382	
33965	0	34796	
33966	0	35264	
33967	0	35684	
33968	0	35736	
33969	0	35352	
33970	0	34888	
33971	0	33972	
33972	0	33448	
33973	0	33240	
33974	0	33504	
33975	0	33912	
33976	0	33840	
33977	0	33820	
33978	0	34092	
33979	0	34480	
33980	0	34828	
33981	0	34748	
33982	0	34984	
33983	0	35192	
33984	0	35234	
33985	0	35360	
33986	0	35520	
33987	0	35264	
33988	0	35316	
33989	0	35936	
33990	0	36576	
33991	0	37240	
33992	0	37916	
33993	0	38348	
33994	0	38948	
33995	0	38880	
33996	0	38328	
33997	0	37632	
33998	0	37152	
33999	0	36940	
34000	0	36696	
34001	0	35928	
34002	0	34976	
34003	0	33732	
34004	0	32936	
34005	0	33000	
34006	0	33204	
34007	0	33964	
34008	0	34104	
34009	0	33608	
34010	0	32720	
34011	0	32000	
34012	0	31840	
34013	0	32180	
34014	0	32844	
34015	0	33808	
34016	0	35192	
34017	0	36176	
34018	0	35888	
34019	0	34960	
34020	0	34344	
34021	0	34116	
34022	0	34572	
34023	0	34816	
34024	0	34988	
34025	0	35476	
34026	0	35676	
34027	0	35664	
34028	0	35404	
34029	0	34832	
34030	0	34792	
34031	0	35096	
34032	0	35572	
34033	0	35724	
34034	0	36016	
34035	0	36060	
34036	0	36116	
34037	0	36480	
34038	0	37000	
34039	0	37052	
34040	0	36868	
34041	0	37156	
34042	0	37984	
34043	0	38112	
34044	0	37776	
34045	0	38184	
34046	0	38400	
34047	0	38288	
34048	0	37980	
34049	0	37116	
34050	0	36120	
34051	0	35728	
34052	0	35610	
34053	0	35360	
34054	0	34976	
34055	0	34908	
34056	0	34856	
34057	0	34500	
34058	0	33884	
34059	0	33392	
34060	0	33024	
34061	0	32864	
34062	0	33296	
34063	0	33852	
34064	0	33800	
34065	0	33256	
34066	0	32392	
34067	0	31724	
34068	0	31696	
34069	0	32304	
34070	0	33396	
34071	0	34716	
34072	0	35512	
34073	0	35936	
34074	0	36272	
34075	0	36400	
34076	0	36348	
34077	0	35484	
34078	0	33912	
34079	0	32140	
34080	0	30700	
34081	0	30296	
34082	0	31112	
34083	0	32684	
34084	0	33964	
34085	0	34808	
34086	0	35716	
34087	0	36616	
34088	0	37472	
34089	0	37996	
34090	0	38306	
34091	0	38152	
34092	0	37380	
34093	0	36340	
34094	0	35272	
34095	0	34304	
34096	0	33472	
34097	0	33048	
34098	0	32880	
34099	0	33184	
34100	0	33892	
34101	0	34644	
34102	0	34812	
34103	0	34724	
34104	0	34536	
34105	0	34724	
34106	0	35248	
34107	0	35837	
34108	0	36208	
34109	0	36724	
34110	0	36612	
34111	0	36240	
34112	0	36132	
34113	0	36128	
34114	0	36264	
34115	0	35980	
34116	0	34868	
34117	0	33584	
34118	0	32720	
34119	0	32304	
34120	0	31880	
34121	0	31830	
34122	0	32044	
34123	0	32492	
34124	0	33028	
34125	0	34044	
34126	0	34888	
34127	0	34984	
34128	0	34668	
34129	0	34108	
34130	0	33560	
34131	0	33160	
34132	0	32664	
34133	0	32376	
34134	0	32144	
34135	0	32304	
34136	0	32652	
34137	0	33368	
34138	0	33476	
34139	0	33732	
34140	0	34112	
34141	0	34344	
34142	0	34620	
34143	0	34952	
34144	0	34808	
34145	0	34416	
34146	0	34248	
34147	0	34196	
34148	0	34816	
34149	0	35340	
34150	0	35852	
34151	0	36152	
34152	0	36040	
34153	0	35856	
34154	0	35740	
34155	0	34932	
34156	0	34148	
34157	0	34192	
34158	0	34648	
34159	0	35228	
34160	0	35568	
34161	0	35544	
34162	0	35144	
34163	0	34756	
34164	0	34634	
34165	0	34580	
34166	0	35264	
34167	0	36248	
34168	0	37068	
34169	0	37448	
34170	0	37716	
34171	0	37672	
34172	0	37460	
34173	0	37140	
34174	0	36744	
34175	0	36512	
34176	0	37024	
34177	0	37324	
34178	0	37028	
34179	0	35660	
34180	0	33780	
34181	0	32266	
34182	0	31496	
34183	0	31766	
34184	0	33132	
34185	0	34916	
34186	0	37176	
34187	0	39224	
34188	0	41444	
34189	0	42816	
34190	0	42704	
34191	0	41244	
34192	0	38920	
34193	0	37180	
34194	0	36588	
34195	0	36348	
34196	0	35316	
34197	0	34192	
34198	0	33300	
34199	0	32804	
34200	0	32896	
34201	0	33064	
34202	0	32456	
34203	0	32192	
34204	0	32884	
34205	0	33920	
34206	0	34670	
34207	0	35074	
34208	0	35152	
34209	0	35644	
34210	0	36184	
34211	0	35800	
34212	0	35320	
34213	0	35252	
34214	0	35628	
34215	0	35596	
34216	0	35596	
34217	0	35164	
34218	0	34776	
34219	0	34680	
34220	0	34928	
34221	0	36288	
34222	0	37432	
34223	0	37972	
34224	0	38244	
34225	0	39116	
34226	0	40672	
34227	0	41712	
34228	0	42280	
34229	0	42664	
34230	0	43144	
34231	0	43728	
34232	0	44044	
34233	0	45008	
34234	0	46204	
34235	0	47308	
34236	0	47524	
34237	0	47272	
34238	0	47036	
34239	0	47072	
34240	0	47156	
34241	0	47380	
34242	0	47156	
34243	0	46108	
34244	0	44744	
34245	0	44028	
34246	0	43700	
34247	0	43304	
34248	0	42696	
34249	0	42272	
34250	0	42192	
34251	0	42796	
34252	0	44732	
34253	0	46864	
34254	0	48848	
34255	0	50380	
34256	0	51024	
34257	0	50720	
34258	0	50180	
34259	0	51624	
34260	0	54252	
34261	0	55380	
34262	0	54176	
34263	0	51800	
34264	0	50040	
34265	0	48868	
34266	0	47440	
34267	0	45824	
34268	0	44816	
34269	0	44192	
34270	0	43976	
34271	0	43888	
34272	0	43588	
34273	0	43404	
34274	0	42720	
34275	0	41868	
34276	0	41152	
34277	0	40652	
34278	0	40280	
34279	0	40684	
34280	0	41588	
34281	0	41960	
34282	0	41572	
34283	0	40576	
34284	0	39872	
34285	0	39876	
34286	0	40132	
34287	0	40492	
34288	0	40840	
34289	0	41016	
34290	0	41316	
34291	0	42024	
34292	0	41972	
34293	0	41844	
34294	0	42196	
34295	0	42524	
34296	0	42788	
34297	0	43008	
34298	0	42692	
34299	0	42008	
34300	0	41608	
34301	0	41508	
34302	0	41672	
34303	0	41536	
34304	0	42104	
34305	0	42348	
34306	0	42604	
34307	0	42812	
34308	0	42864	
34309	0	43084	
34310	0	43036	
34311	0	43024	
34312	0	43056	
34313	0	42616	
34314	0	41684	
34315	0	40944	
34316	0	40720	
34317	0	41288	
34318	0	40912	
34319	0	40464	
34320	0	40216	
34321	0	40432	
34322	0	40736	
34323	0	40740	
34324	0	40628	
34325	0	40440	
34326	0	40100	
34327	0	39700	
34328	0	38746	
34329	0	38424	
34330	0	38356	
34331	0	38516	
34332	0	39032	
34333	0	39212	
34334	0	38836	
34335	0	38424	
34336	0	37800	
34337	0	37324	
34338	0	36584	
34339	0	36140	
34340	0	36048	
34341	0	35892	
34342	0	35364	
34343	0	34504	
34344	0	33772	
34345	0	33444	
34346	0	33956	
34347	0	34584	
34348	0	35000	
34349	0	35356	
34350	0	35504	
34351	0	35100	
34352	0	34696	
34353	0	34516	
34354	0	34576	
34355	0	34432	
34356	0	33932	
34357	0	33340	
34358	0	33088	
34359	0	33068	
34360	0	32972	
34361	0	32864	
34362	0	33236	
34363	0	33996	
34364	0	34824	
34365	0	35232	
34366	0	35312	
34367	0	35096	
34368	0	34196	
34369	0	33640	
34370	0	33240	
34371	0	33000	
34372	0	33188	
34373	0	33420	
34374	0	33476	
34375	0	33832	
34376	0	33820	
34377	0	33716	
34378	0	33616	
34379	0	33400	
34380	0	32880	
34381	0	32340	
34382	0	31824	
34383	0	30944	
34384	0	29792	
34385	0	28876	
34386	0	28376	
34387	0	29040	
34388	0	30912	
34389	0	33376	
34390	0	36112	
34391	0	38696	
34392	0	40020	
34393	0	40500	
34394	0	40284	
34395	0	40088	
34396	0	39932	
34397	0	39612	
34398	0	39092	
34399	0	38472	
34400	0	37800	
34401	0	37452	
34402	0	36800	
34403	0	36640	
34404	0	36116	
34405	0	35548	
34406	0	35072	
34407	0	34476	
34408	0	33588	
34409	0	32536	
34410	0	31500	
34411	0	30837	
34412	0	30372	
34413	0	30224	
34414	0	30540	
34415	0	31404	
34416	0	32176	
34417	0	32448	
34418	0	31852	
34419	0	31100	
34420	0	30540	
34421	0	30052	
34422	0	29980	
34423	0	29900	
34424	0	29628	
34425	0	29524	
34426	0	29812	
34427	0	30764	
34428	0	30976	
34429	0	30804	
34430	0	30784	
34431	0	30632	
34432	0	30020	
34433	0	29516	
34434	0	29036	
34435	0	28852	
34436	0	29040	
34437	0	29512	
34438	0	30032	
34439	0	30616	
34440	0	31016	
34441	0	31052	
34442	0	31040	
34443	0	30720	
34444	0	30188	
34445	0	29876	
34446	0	29924	
34447	0	30268	
34448	0	30328	
34449	0	30682	
34450	0	31172	
34451	0	30784	
34452	0	30196	
34453	0	29596	
34454	0	28826	
34455	0	28148	
34456	0	27852	
34457	0	27984	
34458	0	28400	
34459	0	28608	
34460	0	28332	
34461	0	28080	
34462	0	28032	
34463	0	27624	
34464	0	27132	
34465	0	26488	
34466	0	25876	
34467	0	25872	
34468	0	25992	
34469	0	25868	
34470	0	25512	
34471	0	24900	
34472	0	24600	
34473	0	24696	
34474	0	25408	
34475	0	25040	
34476	0	23946	
34477	0	23596	
34478	0	24110	
34479	0	25360	
34480	0	26492	
34481	0	27584	
34482	0	28584	
34483	0	29600	
34484	0	30180	
34485	0	30212	
34486	0	30200	
34487	0	30772	
34488	0	31380	
34489	0	31952	
34490	0	32548	
34491	0	33064	
34492	0	33008	
34493	0	32908	
34494	0	32864	
34495	0	32872	
34496	0	33200	
34497	0	33192	
34498	0	33292	
34499	0	33916	
34500	0	34588	
34501	0	34624	
34502	0	33720	
34503	0	32088	
34504	0	30588	
34505	0	29868	
34506	0	29908	
34507	0	30240	
34508	0	31096	
34509	0	32140	
34510	0	32764	
34511	0	32676	
34512	0	32104	
34513	0	31216	
34514	0	30452	
34515	0	30012	
34516	0	30432	
34517	0	31384	
34518	0	32084	
34519	0	31792	
34520	0	30944	
34521	0	30276	
34522	0	29728	
34523	0	29620	
34524	0	29808	
34525	0	29964	
34526	0	30270	
34527	0	30252	
34528	0	30324	
34529	0	29908	
34530	0	30012	
34531	0	30524	
34532	0	31290	
34533	0	32384	
34534	0	33192	
34535	0	33400	
34536	0	33120	
34537	0	32976	
34538	0	32656	
34539	0	32456	
34540	0	32352	
34541	0	32448	
34542	0	32616	
34543	0	32372	
34544	0	32136	
34545	0	31552	
34546	0	30892	
34547	0	30528	
34548	0	30946	
34549	0	31536	
34550	0	32188	
34551	0	32520	
34552	0	32452	
34553	0	32032	
34554	0	31740	
34555	0	31396	
34556	0	30820	
34557	0	30420	
34558	0	30432	
34559	0	30512	
34560	0	30192	
34561	0	29800	
34562	0	28968	
34563	0	28240	
34564	0	27644	
34565	0	27204	
34566	0	27544	
34567	0	28468	
34568	0	29580	
34569	0	30316	
34570	0	30448	
34571	0	29572	
34572	0	28304	
34573	0	27564	
34574	0	27120	
34575	0	26688	
34576	0	26692	
34577	0	26392	
34578	0	25844	
34579	0	25488	
34580	0	25618	
34581	0	26460	
34582	0	27504	
34583	0	28292	
34584	0	28600	
34585	0	28336	
34586	0	28012	
34587	0	27834	
34588	0	27424	
34589	0	27008	
34590	0	26284	
34591	0	25768	
34592	0	25312	
34593	0	24992	
34594	0	25036	
34595	0	25524	
34596	0	25668	
34597	0	26100	
34598	0	26536	
34599	0	27036	
34600	0	27412	
34601	0	27386	
34602	0	27320	
34603	0	27060	
34604	0	26752	
34605	0	26445	
34606	0	26472	
34607	0	26852	
34608	0	26984	
34609	0	27100	
34610	0	27738	
34611	0	28688	
34612	0	29476	
34613	0	29960	
34614	0	30288	
34615	0	30596	
34616	0	29904	
34617	0	28293	
34618	0	26432	
34619	0	24612	
34620	0	22504	
34621	0	21292	
34622	0	20844	
34623	0	21228	
34624	0	22752	
34625	0	25700	
34626	0	29708	
34627	0	33448	
34628	0	36780	
34629	0	38916	
34630	0	39888	
34631	0	39024	
34632	0	36936	
34633	0	34020	
34634	0	31204	
34635	0	29452	
34636	0	29004	
34637	0	29692	
34638	0	30976	
34639	0	32320	
34640	0	33220	
34641	0	33784	
34642	0	33752	
34643	0	33176	
34644	0	32328	
34645	0	31988	
34646	0	31956	
34647	0	32836	
34648	0	34092	
34649	0	35444	
34650	0	36344	
34651	0	36428	
34652	0	35732	
34653	0	34704	
34654	0	33352	
34655	0	31840	
34656	0	30776	
34657	0	30600	
34658	0	30448	
34659	0	30592	
34660	0	30568	
34661	0	30420	
34662	0	30196	
34663	0	29552	
34664	0	28540	
34665	0	27728	
34666	0	26448	
34667	0	24940	
34668	0	23696	
34669	0	22962	
34670	0	22852	
34671	0	23336	
34672	0	24212	
34673	0	25280	
34674	0	25900	
34675	0	25984	
34676	0	25952	
34677	0	25364	
34678	0	24748	
34679	0	24200	
34680	0	23716	
34681	0	23240	
34682	0	23012	
34683	0	23076	
34684	0	22996	
34685	0	22368	
34686	0	21764	
34687	0	21792	
34688	0	22376	
34689	0	23220	
34690	0	23460	
34691	0	23128	
34692	0	22340	
34693	0	21456	
34694	0	20368	
34695	0	19212	
34696	0	18808	
34697	0	18512	
34698	0	18302	
34699	0	18320	
34700	0	18428	
34701	0	18789	
34702	0	19144	
34703	0	19160	
34704	0	19120	
34705	0	19348	
34706	0	19836	
34707	0	20708	
34708	0	21744	
34709	0	22228	
34710	0	22292	
34711	0	22072	
34712	0	21588	
34713	0	21008	
34714	0	20460	
34715	0	20532	
34716	0	20648	
34717	0	20492	
34718	0	20408	
34719	0	20702	
34720	0	20988	
34721	0	20408	
34722	0	20234	
34723	0	20048	
34724	0	20300	
34725	0	20640	
34726	0	20786	
34727	0	21456	
34728	0	21628	
34729	0	21148	
34730	0	20688	
34731	0	20616	
34732	0	21136	
34733	0	21734	
34734	0	22372	
34735	0	22940	
34736	0	23328	
34737	0	23304	
34738	0	23200	
34739	0	23384	
34740	0	24250	
34741	0	25000	
34742	0	25754	
34743	0	26136	
34744	0	26700	
34745	0	27560	
34746	0	28296	
34747	0	28552	
34748	0	28664	
34749	0	28768	
34750	0	28880	
34751	0	29604	
34752	0	30552	
34753	0	31092	
34754	0	31524	
34755	0	31684	
34756	0	31776	
34757	0	31368	
34758	0	30708	
34759	0	30288	
34760	0	29978	
34761	0	30208	
34762	0	30556	
34763	0	30900	
34764	0	31008	
34765	0	30880	
34766	0	30920	
34767	0	30992	
34768	0	30728	
34769	0	30660	
34770	0	30764	
34771	0	31296	
34772	0	31532	
34773	0	31512	
34774	0	31084	
34775	0	30248	
34776	0	29480	
34777	0	29160	
34778	0	29308	
34779	0	29688	
34780	0	30468	
34781	0	31912	
34782	0	32250	
34783	0	30992	
34784	0	28848	
34785	0	27402	
34786	0	27096	
34787	0	27620	
34788	0	28172	
34789	0	28944	
34790	0	30032	
34791	0	30956	
34792	0	31296	
34793	0	30970	
34794	0	30216	
34795	0	28944	
34796	0	27824	
34797	0	26988	
34798	0	26385	
34799	0	26100	
34800	0	26328	
34801	0	26628	
34802	0	26788	
34803	0	26576	
34804	0	26824	
34805	0	26420	
34806	0	26208	
34807	0	26224	
34808	0	26956	
34809	0	27788	
34810	0	28468	
34811	0	28784	
34812	0	28452	
34813	0	27972	
34814	0	28044	
34815	0	28630	
34816	0	29408	
34817	0	29748	
34818	0	29804	
34819	0	29900	
34820	0	30616	
34821	0	31152	
34822	0	31052	
34823	0	31400	
34824	0	31680	
34825	0	31792	
34826	0	31960	
34827	0	32400	
34828	0	33004	
34829	0	33548	
34830	0	33832	
34831	0	33668	
34832	0	33304	
34833	0	32856	
34834	0	32320	
34835	0	31760	
34836	0	31116	
34837	0	30776	
34838	0	30096	
34839	0	29884	
34840	0	29388	
34841	0	29412	
34842	0	30256	
34843	0	31076	
34844	0	31560	
34845	0	31588	
34846	0	31660	
34847	0	31742	
34848	0	32068	
34849	0	32884	
34850	0	33628	
34851	0	34400	
34852	0	34764	
34853	0	34842	
34854	0	34440	
34855	0	34008	
34856	0	34068	
34857	0	33820	
34858	0	33572	
34859	0	33800	
34860	0	34580	
34861	0	35260	
34862	0	35216	
34863	0	34736	
34864	0	34644	
34865	0	34592	
34866	0	34512	
34867	0	34516	
34868	0	34304	
34869	0	33944	
34870	0	33444	
34871	0	33364	
34872	0	33360	
34873	0	33176	
34874	0	32840	
34875	0	32676	
34876	0	32940	
34877	0	32644	
34878	0	32300	
34879	0	31940	
34880	0	31628	
34881	0	30948	
34882	0	30964	
34883	0	31960	
34884	0	33200	
34885	0	33732	
34886	0	34180	
34887	0	34164	
34888	0	34148	
34889	0	34496	
34890	0	34556	
34891	0	34376	
34892	0	34164	
34893	0	34400	
34894	0	34520	
34895	0	34384	
34896	0	34164	
34897	0	34700	
34898	0	35050	
34899	0	35000	
34900	0	34184	
34901	0	33604	
34902	0	33228	
34903	0	32752	
34904	0	32408	
34905	0	32364	
34906	0	32684	
34907	0	33592	
34908	0	34468	
34909	0	35016	
34910	0	35364	
34911	0	35546	
34912	0	35712	
34913	0	35476	
34914	0	34804	
34915	0	34036	
34916	0	33568	
34917	0	33816	
34918	0	34684	
34919	0	35280	
34920	0	35152	
34921	0	34800	
34922	0	34880	
34923	0	35224	
34924	0	35468	
34925	0	35204	
34926	0	35160	
34927	0	35168	
34928	0	35064	
34929	0	35000	
34930	0	34900	
34931	0	34800	
34932	0	34512	
34933	0	34672	
34934	0	34920	
34935	0	35040	
34936	0	35284	
34937	0	35200	
34938	0	34792	
34939	0	34210	
34940	0	33688	
34941	0	33800	
34942	0	35032	
34943	0	36208	
34944	0	36968	
34945	0	37568	
34946	0	38080	
34947	0	38288	
34948	0	38028	
34949	0	37588	
34950	0	36640	
34951	0	35604	
34952	0	34696	
34953	0	34168	
34954	0	33840	
34955	0	34064	
34956	0	34488	
34957	0	34404	
34958	0	34084	
34959	0	34616	
34960	0	35296	
34961	0	36040	
34962	0	36348	
34963	0	36456	
34964	0	36264	
34965	0	35832	
34966	0	35124	
34967	0	34220	
34968	0	33136	
34969	0	32164	
34970	0	31212	
34971	0	30960	
34972	0	31324	
34973	0	31732	
34974	0	32408	
34975	0	33396	
34976	0	34352	
34977	0	35232	
34978	0	36208	
34979	0	36836	
34980	0	37016	
34981	0	36908	
34982	0	36268	
34983	0	35560	
34984	0	34980	
34985	0	34288	
34986	0	33664	
34987	0	33256	
34988	0	33432	
34989	0	33564	
34990	0	33984	
34991	0	34680	
34992	0	34776	
34993	0	34308	
34994	0	34116	
34995	0	33980	
34996	0	34280	
34997	0	34628	
34998	0	34648	
34999	0	34264	
35000	0	33216	
35001	0	32448	
35002	0	32236	
35003	0	32252	
35004	0	32452	
35005	0	32744	
35006	0	32880	
35007	0	32760	
35008	0	32264	
35009	0	31612	
35010	0	31548	
35011	0	32308	
35012	0	33144	
35013	0	33464	
35014	0	33904	
35015	0	34404	
35016	0	34476	
35017	0	34420	
35018	0	34320	
35019	0	33792	
35020	0	33296	
35021	0	32996	
35022	0	32588	
35023	0	31856	
35024	0	32076	
35025	0	32484	
35026	0	33156	
35027	0	33798	
35028	0	34804	
35029	0	35256	
35030	0	35200	
35031	0	34896	
35032	0	34588	
35033	0	34896	
35034	0	35316	
35035	0	35392	
35036	0	35220	
35037	0	34856	
35038	0	34116	
35039	0	33476	
35040	0	33596	
35041	0	34000	
35042	0	34520	
35043	0	35216	
35044	0	35546	
35045	0	35132	
35046	0	34556	
35047	0	33488	
35048	0	32520	
35049	0	31748	
35050	0	31508	
35051	0	31828	
35052	0	31776	
35053	0	31672	
35054	0	31700	
35055	0	31952	
35056	0	32552	
35057	0	33120	
35058	0	33508	
35059	0	34128	
35060	0	34596	
35061	0	34616	
35062	0	34456	
35063	0	34360	
35064	0	34552	
35065	0	35116	
35066	0	35620	
35067	0	36096	
35068	0	36228	
35069	0	36204	
35070	0	36240	
35071	0	35972	
35072	0	35520	
35073	0	35032	
35074	0	34580	
35075	0	34544	
35076	0	34960	
35077	0	35148	
35078	0	35092	
35079	0	34944	
35080	0	34716	
35081	0	35056	
35082	0	35728	
35083	0	36392	
35084	0	37024	
35085	0	37916	
35086	0	38696	
35087	0	39674	
35088	0	40440	
35089	0	40856	
35090	0	41080	
35091	0	40356	
35092	0	38740	
35093	0	37160	
35094	0	36096	
35095	0	35864	
35096	0	35668	
35097	0	35020	
35098	0	34512	
35099	0	34034	
35100	0	33888	
35101	0	34396	
35102	0	34756	
35103	0	34484	
35104	0	34192	
35105	0	34132	
35106	0	34932	
35107	0	35920	
35108	0	36148	
35109	0	35800	
35110	0	35540	
35111	0	35300	
35112	0	34656	
35113	0	34256	
35114	0	33744	
35115	0	33464	
35116	0	33568	
35117	0	33536	
35118	0	33604	
35119	0	33628	
35120	0	33664	
35121	0	33636	
35122	0	33932	
35123	0	33512	
35124	0	33120	
35125	0	32488	
35126	0	32280	
35127	0	32264	
35128	0	32192	
35129	0	32292	
35130	0	32724	
35131	0	33076	
35132	0	33152	
35133	0	32652	
35134	0	32296	
35135	0	32060	
35136	0	31900	
35137	0	31792	
35138	0	31208	
35139	0	30932	
35140	0	31116	
35141	0	31608	
35142	0	31724	
35143	0	31208	
35144	0	30308	
35145	0	29532	
35146	0	29356	
35147	0	30320	
35148	0	31368	
35149	0	32138	
35150	0	32728	
35151	0	32924	
35152	0	33000	
35153	0	32920	
35154	0	32656	
35155	0	32528	
35156	0	32216	
35157	0	31860	
35158	0	31668	
35159	0	31352	
35160	0	31480	
35161	0	31960	
35162	0	32608	
35163	0	33108	
35164	0	33448	
35165	0	33324	
35166	0	33236	
35167	0	33564	
35168	0	33736	
35169	0	34156	
35170	0	34472	
35171	0	34844	
35172	0	34280	
35173	0	33560	
35174	0	33008	
35175	0	32432	
35176	0	32448	
35177	0	32564	
35178	0	32632	
35179	0	32378	
35180	0	32176	
35181	0	31916	
35182	0	31344	
35183	0	31380	
35184	0	31512	
35185	0	31944	
35186	0	32472	
35187	0	32552	
35188	0	32136	
35189	0	31740	
35190	0	31576	
35191	0	31790	
35192	0	31720	
35193	0	31368	
35194	0	30736	
35195	0	30156	
35196	0	30016	
35197	0	30466	
35198	0	30748	
35199	0	31116	
35200	0	31098	
35201	0	31732	
35202	0	32200	
35203	0	31762	
35204	0	31352	
35205	0	31880	
35206	0	32852	
35207	0	33434	
35208	0	34284	
35209	0	35196	
35210	0	35700	
35211	0	35860	
35212	0	35552	
35213	0	34680	
35214	0	33272	
35215	0	31508	
35216	0	30112	
35217	0	29210	
35218	0	28164	
35219	0	27616	
35220	0	27792	
35221	0	28528	
35222	0	29400	
35223	0	30056	
35224	0	30740	
35225	0	31644	
35226	0	32110	
35227	0	31964	
35228	0	32040	
35229	0	32432	
35230	0	32760	
35231	0	32976	
35232	0	33936	
35233	0	34948	
35234	0	34932	
35235	0	34800	
35236	0	34536	
35237	0	34468	
35238	0	34680	
35239	0	34964	
35240	0	34756	
35241	0	34208	
35242	0	33730	
35243	0	33136	
35244	0	32812	
35245	0	33112	
35246	0	33612	
35247	0	34000	
35248	0	34100	
35249	0	33740	
35250	0	33144	
35251	0	32936	
35252	0	33340	
35253	0	33632	
35254	0	33752	
35255	0	33700	
35256	0	33936	
35257	0	33836	
35258	0	33360	
35259	0	32696	
35260	0	31956	
35261	0	31336	
35262	0	30977	
35263	0	31104	
35264	0	31700	
35265	0	32180	
35266	0	32408	
35267	0	32364	
35268	0	32104	
35269	0	32024	
35270	0	32112	
35271	0	32416	
35272	0	33064	
35273	0	34044	
35274	0	34696	
35275	0	34612	
35276	0	33788	
35277	0	31864	
35278	0	29676	
35279	0	27804	
35280	0	26628	
35281	0	26380	
35282	0	26732	
35283	0	27828	
35284	0	29356	
35285	0	30664	
35286	0	31368	
35287	0	31820	
35288	0	32196	
35289	0	32548	
35290	0	32864	
35291	0	33504	
35292	0	34916	
35293	0	35216	
35294	0	34212	
35295	0	32968	
35296	0	31728	
35297	0	30804	
35298	0	30400	
35299	0	30580	
35300	0	30984	
35301	0	31440	
35302	0	31520	
35303	0	31712	
35304	0	31688	
35305	0	32276	
35306	0	32948	
35307	0	33188	
35308	0	33540	
35309	0	33896	
35310	0	34054	
35311	0	34068	
35312	0	33692	
35313	0	33172	
35314	0	32824	
35315	0	32596	
35316	0	32342	
35317	0	32432	
35318	0	32720	
35319	0	33140	
35320	0	33472	
35321	0	34012	
35322	0	34628	
35323	0	35268	
35324	0	35924	
35325	0	36320	
35326	0	36384	
35327	0	36372	
35328	0	36184	
35329	0	35716	
35330	0	34956	
35331	0	34160	
35332	0	33776	
35333	0	33568	
35334	0	33204	
35335	0	32488	
35336	0	31676	
35337	0	31572	
35338	0	31706	
35339	0	31856	
35340	0	31992	
35341	0	32032	
35342	0	31860	
35343	0	31968	
35344	0	32096	
35345	0	32288	
35346	0	32312	
35347	0	32100	
35348	0	32116	
35349	0	32736	
35350	0	33736	
35351	0	34428	
35352	0	34780	
35353	0	34856	
35354	0	34656	
35355	0	34454	
35356	0	34820	
35357	0	35800	
35358	0	36688	
35359	0	37084	
35360	0	36728	
35361	0	35816	
35362	0	34676	
35363	0	34052	
35364	0	33624	
35365	0	33704	
35366	0	34412	
35367	0	34540	
35368	0	34392	
35369	0	34000	
35370	0	33948	
35371	0	34160	
35372	0	34360	
35373	0	34664	
35374	0	34782	
35375	0	35144	
35376	0	35380	
35377	0	35288	
35378	0	34776	
35379	0	33876	
35380	0	33628	
35381	0	34364	
35382	0	35384	
35383	0	36184	
35384	0	36280	
35385	0	35820	
35386	0	35176	
35387	0	34956	
35388	0	35008	
35389	0	35536	
35390	0	36004	
35391	0	36904	
35392	0	37324	
35393	0	36692	
35394	0	36052	
35395	0	35912	
35396	0	35532	
35397	0	34728	
35398	0	33860	
35399	0	32820	
35400	0	32320	
35401	0	32088	
35402	0	31828	
35403	0	31624	
35404	0	31632	
35405	0	32204	
35406	0	32888	
35407	0	33740	
35408	0	34656	
35409	0	34912	
35410	0	34720	
35411	0	34468	
35412	0	34212	
35413	0	34188	
35414	0	33876	
35415	0	33556	
35416	0	33072	
35417	0	32216	
35418	0	31272	
35419	0	30192	
35420	0	29560	
35421	0	29132	
35422	0	28988	
35423	0	29020	
35424	0	29292	
35425	0	29500	
35426	0	29876	
35427	0	30372	
35428	0	30452	
35429	0	30588	
35430	0	30696	
35431	0	30912	
35432	0	31468	
35433	0	32352	
35434	0	33576	
35435	0	34204	
35436	0	34056	
35437	0	33312	
35438	0	32420	
35439	0	31688	
35440	0	31360	
35441	0	31560	
35442	0	31824	
35443	0	32016	
35444	0	31976	
35445	0	32220	
35446	0	32704	
35447	0	33060	
35448	0	33700	
35449	0	34120	
35450	0	34516	
35451	0	34828	
35452	0	35532	
35453	0	36396	
35454	0	37024	
35455	0	36996	
35456	0	35944	
35457	0	34284	
35458	0	32776	
35459	0	31720	
35460	0	30816	
35461	0	30180	
35462	0	30138	
35463	0	30736	
35464	0	31864	
35465	0	32828	
35466	0	33560	
35467	0	34196	
35468	0	34748	
35469	0	34868	
35470	0	34628	
35471	0	33876	
35472	0	33316	
35473	0	32376	
35474	0	31516	
35475	0	31796	
35476	0	32928	
35477	0	34108	
35478	0	34796	
35479	0	35212	
35480	0	35496	
35481	0	35044	
35482	0	34996	
35483	0	35268	
35484	0	35572	
35485	0	35772	
35486	0	36128	
35487	0	36340	
35488	0	36456	
35489	0	36696	
35490	0	37016	
35491	0	37832	
35492	0	38484	
35493	0	38348	
35494	0	38028	
35495	0	37296	
35496	0	36428	
35497	0	35492	
35498	0	35080	
35499	0	34888	
35500	0	35272	
35501	0	35772	
35502	0	36000	
35503	0	35824	
35504	0	35348	
35505	0	34788	
35506	0	34426	
35507	0	34308	
35508	0	34248	
35509	0	34428	
35510	0	34940	
35511	0	34988	
35512	0	35052	
35513	0	34632	
35514	0	34488	
35515	0	34780	
35516	0	35088	
35517	0	35080	
35518	0	34920	
35519	0	34836	
35520	0	34668	
35521	0	34312	
35522	0	33672	
35523	0	33216	
35524	0	32644	
35525	0	32316	
35526	0	32352	
35527	0	32932	
35528	0	34068	
35529	0	34824	
35530	0	35064	
35531	0	34940	
35532	0	34468	
35533	0	33506	
35534	0	32840	
35535	0	32352	
35536	0	31844	
35537	0	31788	
35538	0	31248	
35539	0	30474	
35540	0	30200	
35541	0	30412	
35542	0	30280	
35543	0	30180	
35544	0	30336	
35545	0	30502	
35546	0	30782	
35547	0	31336	
35548	0	31868	
35549	0	32344	
35550	0	32522	
35551	0	32644	
35552	0	32682	
35553	0	32904	
35554	0	33544	
35555	0	34064	
35556	0	34572	
35557	0	34592	
35558	0	34604	
35559	0	34790	
35560	0	34456	
35561	0	34264	
35562	0	34472	
35563	0	34614	
35564	0	34468	
35565	0	33944	
35566	0	32676	
35567	0	31640	
35568	0	31028	
35569	0	31256	
35570	0	32476	
35571	0	33336	
35572	0	33882	
35573	0	34016	
35574	0	34160	
35575	0	33848	
35576	0	32952	
35577	0	32188	
35578	0	32236	
35579	0	32492	
35580	0	33264	
35581	0	33608	
35582	0	33948	
35583	0	34164	
35584	0	33644	
35585	0	33196	
35586	0	32920	
35587	0	33272	
35588	0	33588	
35589	0	33560	
35590	0	33092	
35591	0	32320	
35592	0	31744	
35593	0	31704	
35594	0	32412	
35595	0	32872	
35596	0	33384	
35597	0	33916	
35598	0	34176	
35599	0	34452	
35600	0	34320	
35601	0	34064	
35602	0	33892	
35603	0	34072	
35604	0	34304	
35605	0	34516	
35606	0	34448	
35607	0	34472	
35608	0	34784	
35609	0	34904	
35610	0	34592	
35611	0	34232	
35612	0	34192	
35613	0	34192	
35614	0	33876	
35615	0	33048	
35616	0	31644	
35617	0	30384	
35618	0	29948	
35619	0	30452	
35620	0	31096	
35621	0	31784	
35622	0	32488	
35623	0	33088	
35624	0	33456	
35625	0	33476	
35626	0	33428	
35627	0	33840	
35628	0	34880	
35629	0	35832	
35630	0	36424	
35631	0	37220	
35632	0	37644	
35633	0	37956	
35634	0	37944	
35635	0	37492	
35636	0	36812	
35637	0	36556	
35638	0	36208	
35639	0	35888	
35640	0	35284	
35641	0	34720	
35642	0	34456	
35643	0	33904	
35644	0	34140	
35645	0	34044	
35646	0	34220	
35647	0	34292	
35648	0	34540	
35649	0	34184	
35650	0	34220	
35651	0	33956	
35652	0	33332	
35653	0	32324	
35654	0	31688	
35655	0	31544	
35656	0	31544	
35657	0	31476	
35658	0	31712	
35659	0	32216	
35660	0	32540	
35661	0	32880	
35662	0	32756	
35663	0	32740	
35664	0	33004	
35665	0	33168	
35666	0	33348	
35667	0	33424	
35668	0	33684	
35669	0	34304	
35670	0	34596	
35671	0	34912	
35672	0	34912	
35673	0	34384	
35674	0	33332	
35675	0	32628	
35676	0	32236	
35677	0	32400	
35678	0	32680	
35679	0	32764	
35680	0	32946	
35681	0	33980	
35682	0	35248	
35683	0	35744	
35684	0	35712	
35685	0	35280	
35686	0	34676	
35687	0	34824	
35688	0	35296	
35689	0	35632	
35690	0	35908	
35691	0	35872	
35692	0	36096	
35693	0	36208	
35694	0	35984	
35695	0	35688	
35696	0	35064	
35697	0	34780	
35698	0	34324	
35699	0	34112	
35700	0	33752	
35701	0	32912	
35702	0	32176	
35703	0	31776	
35704	0	31900	
35705	0	31880	
35706	0	31640	
35707	0	32168	
35708	0	32956	
35709	0	33322	
35710	0	33896	
35711	0	34056	
35712	0	33576	
35713	0	33244	
35714	0	32704	
35715	0	31832	
35716	0	31290	
35717	0	31020	
35718	0	30676	
35719	0	29592	
35720	0	28484	
35721	0	27728	
35722	0	27456	
35723	0	27348	
35724	0	27592	
35725	0	28260	
35726	0	28744	
35727	0	29184	
35728	0	29686	
35729	0	29564	
35730	0	29424	
35731	0	29364	
35732	0	29196	
35733	0	28980	
35734	0	28944	
35735	0	28924	
35736	0	28930	
35737	0	28784	
35738	0	28552	
35739	0	28288	
35740	0	28536	
35741	0	29376	
35742	0	30001	
35743	0	30040	
35744	0	29644	
35745	0	28920	
35746	0	28120	
35747	0	27764	
35748	0	27504	
35749	0	27816	
35750	0	28532	
35751	0	29560	
35752	0	30856	
35753	0	31508	
35754	0	32026	
35755	0	32476	
35756	0	32948	
35757	0	33204	
35758	0	32992	
35759	0	32404	
35760	0	31868	
35761	0	31584	
35762	0	31484	
35763	0	31764	
35764	0	32420	
35765	0	33084	
35766	0	34040	
35767	0	34316	
35768	0	33848	
35769	0	33216	
35770	0	32824	
35771	0	32908	
35772	0	33116	
35773	0	32952	
35774	0	32332	
35775	0	32092	
35776	0	31972	
35777	0	31360	
35778	0	30624	
35779	0	30120	
35780	0	30084	
35781	0	30500	
35782	0	31184	
35783	0	31860	
35784	0	32124	
35785	0	31940	
35786	0	31956	
35787	0	32088	
35788	0	32420	
35789	0	32684	
35790	0	32904	
35791	0	33256	
35792	0	33620	
35793	0	33988	
35794	0	33644	
35795	0	33012	
35796	0	32268	
35797	0	31780	
35798	0	31316	
35799	0	30732	
35800	0	29932	
35801	0	29896	
35802	0	30664	
35803	0	31456	
35804	0	31904	
35805	0	32588	
35806	0	33476	
35807	0	34468	
35808	0	35736	
35809	0	36940	
35810	0	37636	
35811	0	37616	
35812	0	37232	
35813	0	36736	
35814	0	35692	
35815	0	34844	
35816	0	34688	
35817	0	34376	
35818	0	34244	
35819	0	34544	
35820	0	34956	
35821	0	35238	
35822	0	35912	
35823	0	35404	
35824	0	34660	
35825	0	34652	
35826	0	34852	
35827	0	35492	
35828	0	36304	
35829	0	36960	
35830	0	37020	
35831	0	36404	
35832	0	35620	
35833	0	34916	
35834	0	34060	
35835	0	33012	
35836	0	31900	
35837	0	30932	
35838	0	30352	
35839	0	30364	
35840	0	30432	
35841	0	30524	
35842	0	30872	
35843	0	31020	
35844	0	31452	
35845	0	31648	
35846	0	32184	
35847	0	32968	
35848	0	33684	
35849	0	34188	
35850	0	34332	
35851	0	34344	
35852	0	34340	
35853	0	34460	
35854	0	34668	
35855	0	34600	
35856	0	34504	
35857	0	34944	
35858	0	35856	
35859	0	36548	
35860	0	36888	
35861	0	37212	
35862	0	37484	
35863	0	37564	
35864	0	37556	
35865	0	37452	
35866	0	37684	
35867	0	37888	
35868	0	37880	
35869	0	37804	
35870	0	37380	
35871	0	37016	
35872	0	36944	
35873	0	36508	
35874	0	35740	
35875	0	35524	
35876	0	35556	
35877	0	34948	
35878	0	34168	
35879	0	33176	
35880	0	32352	
35881	0	31984	
35882	0	32016	
35883	0	32320	
35884	0	32652	
35885	0	32692	
35886	0	32524	
35887	0	32920	
35888	0	33240	
35889	0	33516	
35890	0	34056	
35891	0	34656	
35892	0	34944	
35893	0	35216	
35894	0	35188	
35895	0	34952	
35896	0	34128	
35897	0	32752	
35898	0	31312	
35899	0	30616	
35900	0	30632	
35901	0	30268	
35902	0	30336	
35903	0	30636	
35904	0	30688	
35905	0	30640	
35906	0	30640	
35907	0	31204	
35908	0	32160	
35909	0	32280	
35910	0	31948	
35911	0	31340	
35912	0	30516	
35913	0	29420	
35914	0	28494	
35915	0	27856	
35916	0	27976	
35917	0	28090	
35918	0	28516	
35919	0	29368	
35920	0	30344	
35921	0	31560	
35922	0	32480	
35923	0	33724	
35924	0	35260	
35925	0	36380	
35926	0	37052	
35927	0	37216	
35928	0	36680	
35929	0	35864	
35930	0	35104	
35931	0	34392	
35932	0	34122	
35933	0	34132	
35934	0	33828	
35935	0	33696	
35936	0	33800	
35937	0	33424	
35938	0	32964	
35939	0	32412	
35940	0	31924	
35941	0	31336	
35942	0	30732	
35943	0	30472	
35944	0	30948	
35945	0	31544	
35946	0	32100	
35947	0	32578	
35948	0	32736	
35949	0	32520	
35950	0	32180	
35951	0	32260	
35952	0	32120	
35953	0	32192	
35954	0	32088	
35955	0	31852	
35956	0	31988	
35957	0	32652	
35958	0	32832	
35959	0	32836	
35960	0	32788	
35961	0	32900	
35962	0	33440	
35963	0	33840	
35964	0	33920	
35965	0	34176	
35966	0	34776	
35967	0	34916	
35968	0	34648	
35969	0	34128	
35970	0	33672	
35971	0	33434	
35972	0	32896	
35973	0	32124	
35974	0	31548	
35975	0	30716	
35976	0	29912	
35977	0	29336	
35978	0	29076	
35979	0	28732	
35980	0	29218	
35981	0	29412	
35982	0	29256	
35983	0	29236	
35984	0	29344	
35985	0	29688	
35986	0	29880	
35987	0	30420	
35988	0	31204	
35989	0	32040	
35990	0	32704	
35991	0	33352	
35992	0	33224	
35993	0	32904	
35994	0	32644	
35995	0	32288	
35996	0	31704	
35997	0	31116	
35998	0	31040	
35999	0	31264	
36000	0	32196	
36001	0	32496	
36002	0	32516	
36003	0	32132	
36004	0	31444	
36005	0	31298	
36006	0	31212	
36007	0	31260	
36008	0	31476	
36009	0	31736	
36010	0	32084	
36011	0	32620	
36012	0	33064	
36013	0	33376	
36014	0	33484	
36015	0	33452	
36016	0	33580	
36017	0	33202	
36018	0	32712	
36019	0	32452	
36020	0	32680	
36021	0	33260	
36022	0	34164	
36023	0	35268	
36024	0	35972	
36025	0	36752	
36026	0	37176	
36027	0	37408	
36028	0	37268	
36029	0	37140	
36030	0	37300	
36031	0	37440	
36032	0	37000	
36033	0	36260	
36034	0	35776	
36035	0	35384	
36036	0	35268	
36037	0	35496	
36038	0	35208	
36039	0	34524	
36040	0	33724	
36041	0	33268	
36042	0	33120	
36043	0	33316	
36044	0	33352	
36045	0	33368	
36046	0	33730	
36047	0	34156	
36048	0	34360	
36049	0	34596	
36050	0	34956	
36051	0	35364	
36052	0	35508	
36053	0	35060	
36054	0	34700	
36055	0	34224	
36056	0	33648	
36057	0	32880	
36058	0	32316	
36059	0	32100	
36060	0	32128	
36061	0	32288	
36062	0	32384	
36063	0	32892	
36064	0	33928	
36065	0	34596	
36066	0	34880	
36067	0	35284	
36068	0	35584	
36069	0	35996	
36070	0	36144	
36071	0	35496	
36072	0	34400	
36073	0	33636	
36074	0	33360	
36075	0	33096	
36076	0	32990	
36077	0	32768	
36078	0	32794	
36079	0	32488	
36080	0	31908	
36081	0	32052	
36082	0	33104	
36083	0	34768	
36084	0	36444	
36085	0	37376	
36086	0	37864	
36087	0	37852	
36088	0	37320	
36089	0	37072	
36090	0	36416	
36091	0	35464	
36092	0	34756	
36093	0	34160	
36094	0	33776	
36095	0	33144	
36096	0	32536	
36097	0	32384	
36098	0	32160	
36099	0	32384	
36100	0	32264	
36101	0	31860	
36102	0	31814	
36103	0	31968	
36104	0	32368	
36105	0	32528	
36106	0	32724	
36107	0	32652	
36108	0	32172	
36109	0	30856	
36110	0	29492	
36111	0	28632	
36112	0	28448	
36113	0	29688	
36114	0	31564	
36115	0	33426	
36116	0	34572	
36117	0	35364	
36118	0	36312	
36119	0	36800	
36120	0	37120	
36121	0	37560	
36122	0	37996	
36123	0	37896	
36124	0	37496	
36125	0	37116	
36126	0	37124	
36127	0	37528	
36128	0	37916	
36129	0	37732	
36130	0	37068	
36131	0	36660	
36132	0	36460	
36133	0	35076	
36134	0	33760	
36135	0	32532	
36136	0	31072	
36137	0	29720	
36138	0	28572	
36139	0	27876	
36140	0	27812	
36141	0	27500	
36142	0	26848	
36143	0	26336	
36144	0	26032	
36145	0	25632	
36146	0	25384	
36147	0	25560	
36148	0	25764	
36149	0	26020	
36150	0	25994	
36151	0	25924	
36152	0	25768	
36153	0	25828	
36154	0	25656	
36155	0	25772	
36156	0	26172	
36157	0	26724	
36158	0	27244	
36159	0	27196	
36160	0	26640	
36161	0	26004	
36162	0	25164	
36163	0	24740	
36164	0	24634	
36165	0	24760	
36166	0	24597	
36167	0	24588	
36168	0	25164	
36169	0	26344	
36170	0	27648	
36171	0	28432	
36172	0	29096	
36173	0	29868	
36174	0	30100	
36175	0	29480	
36176	0	28720	
36177	0	28400	
36178	0	28116	
36179	0	27504	
36180	0	27584	
36181	0	28000	
36182	0	28710	
36183	0	29108	
36184	0	29308	
36185	0	28960	
36186	0	28364	
36187	0	27820	
36188	0	27422	
36189	0	27336	
36190	0	27052	
36191	0	26520	
36192	0	25896	
36193	0	25480	
36194	0	24800	
36195	0	24064	
36196	0	23320	
36197	0	23328	
36198	0	24572	
36199	0	25984	
36200	0	27104	
36201	0	27776	
36202	0	28012	
36203	0	28860	
36204	0	29426	
36205	0	29540	
36206	0	29012	
36207	0	28656	
36208	0	28928	
36209	0	29438	
36210	0	29768	
36211	0	29772	
36212	0	29784	
36213	0	30584	
36214	0	31048	
36215	0	31296	
36216	0	31272	
36217	0	30921	
36218	0	30336	
36219	0	29440	
36220	0	28864	
36221	0	28640	
36222	0	28184	
36223	0	27808	
36224	0	27898	
36225	0	28156	
36226	0	28340	
36227	0	28300	
36228	0	28584	
36229	0	29296	
36230	0	30538	
36231	0	31500	
36232	0	31616	
36233	0	31116	
36234	0	30432	
36235	0	30528	
36236	0	31324	
36237	0	31896	
36238	0	32180	
36239	0	32836	
36240	0	33444	
36241	0	34000	
36242	0	34032	
36243	0	33696	
36244	0	33304	
36245	0	33148	
36246	0	33064	
36247	0	32792	
36248	0	32232	
36249	0	31880	
36250	0	31596	
36251	0	31268	
36252	0	30860	
36253	0	30552	
36254	0	30432	
36255	0	30432	
36256	0	29976	
36257	0	30040	
36258	0	30952	
36259	0	31720	
36260	0	32252	
36261	0	31936	
36262	0	31072	
36263	0	29656	
36264	0	28732	
36265	0	28536	
36266	0	28504	
36267	0	28820	
36268	0	29516	
36269	0	30616	
36270	0	31428	
36271	0	32172	
36272	0	33060	
36273	0	33832	
36274	0	33548	
36275	0	32768	
36276	0	32188	
36277	0	31492	
36278	0	30948	
36279	0	30528	
36280	0	30430	
36281	0	30648	
36282	0	30784	
36283	0	30520	
36284	0	30120	
36285	0	29100	
36286	0	28196	
36287	0	28314	
36288	0	28468	
36289	0	28512	
36290	0	29028	
36291	0	29672	
36292	0	30148	
36293	0	30570	
36294	0	31184	
36295	0	31612	
36296	0	32332	
36297	0	32892	
36298	0	32716	
36299	0	32216	
36300	0	31884	
36301	0	32024	
36302	0	32132	
36303	0	32568	
36304	0	33084	
36305	0	33444	
36306	0	33180	
36307	0	32316	
36308	0	31844	
36309	0	32532	
36310	0	33280	
36311	0	33868	
36312	0	34412	
36313	0	34360	
36314	0	34344	
36315	0	34140	
36316	0	33820	
36317	0	34032	
36318	0	34060	
36319	0	34368	
36320	0	34948	
36321	0	35088	
36322	0	34760	
36323	0	34312	
36324	0	33280	
36325	0	32232	
36326	0	31592	
36327	0	31180	
36328	0	31456	
36329	0	32292	
36330	0	32856	
36331	0	33272	
36332	0	33228	
36333	0	32728	
36334	0	32112	
36335	0	31316	
36336	0	30644	
36337	0	30004	
36338	0	29746	
36339	0	30020	
36340	0	30372	
36341	0	30426	
36342	0	29920	
36343	0	29348	
36344	0	29492	
36345	0	29788	
36346	0	30060	
36347	0	30096	
36348	0	30484	
36349	0	30848	
36350	0	31112	
36351	0	31588	
36352	0	32232	
36353	0	32896	
36354	0	33396	
36355	0	33920	
36356	0	34284	
36357	0	33932	
36358	0	33044	
36359	0	32492	
36360	0	32628	
36361	0	33028	
36362	0	33484	
36363	0	33620	
36364	0	34080	
36365	0	34152	
36366	0	34396	
36367	0	34500	
36368	0	34344	
36369	0	34368	
36370	0	34340	
36371	0	34328	
36372	0	34500	
36373	0	34636	
36374	0	34756	
36375	0	35144	
36376	0	35416	
36377	0	35708	
36378	0	35716	
36379	0	35808	
36380	0	36472	
36381	0	37312	
36382	0	38028	
36383	0	38488	
36384	0	38688	
36385	0	38024	
36386	0	36952	
36387	0	36936	
36388	0	37584	
36389	0	38284	
36390	0	38788	
36391	0	39268	
36392	0	39348	
36393	0	39060	
36394	0	38784	
36395	0	38596	
36396	0	38500	
36397	0	38464	
36398	0	37980	
36399	0	36312	
36400	0	34816	
36401	0	34192	
36402	0	34560	
36403	0	35368	
36404	0	36088	
36405	0	37140	
36406	0	38296	
36407	0	38816	
36408	0	39064	
36409	0	38416	
36410	0	37432	
36411	0	36456	
36412	0	35444	
36413	0	34624	
36414	0	34212	
36415	0	34200	
36416	0	34168	
36417	0	33708	
36418	0	33008	
36419	0	33032	
36420	0	33064	
36421	0	33048	
36422	0	32944	
36423	0	32576	
36424	0	32200	
36425	0	32058	
36426	0	32448	
36427	0	32124	
36428	0	31684	
36429	0	31472	
36430	0	31688	
36431	0	31488	
36432	0	30888	
36433	0	30988	
36434	0	31124	
36435	0	31252	
36436	0	31032	
36437	0	30632	
36438	0	30520	
36439	0	30792	
36440	0	31592	
36441	0	32576	
36442	0	33692	
36443	0	34164	
36444	0	33988	
36445	0	33360	
36446	0	32604	
36447	0	31868	
36448	0	31368	
36449	0	31372	
36450	0	31552	
36451	0	31640	
36452	0	31686	
36453	0	31552	
36454	0	30544	
36455	0	29582	
36456	0	29056	
36457	0	28704	
36458	0	28588	
36459	0	28420	
36460	0	28588	
36461	0	28644	
36462	0	28796	
36463	0	28620	
36464	0	28296	
36465	0	28604	
36466	0	29140	
36467	0	29836	
36468	0	30988	
36469	0	32000	
36470	0	32640	
36471	0	32880	
36472	0	32784	
36473	0	32356	
36474	0	31912	
36475	0	31812	
36476	0	32004	
36477	0	31804	
36478	0	31450	
36479	0	31244	
36480	0	31660	
36481	0	32064	
36482	0	32636	
36483	0	33012	
36484	0	33096	
36485	0	33008	
36486	0	32872	
36487	0	33536	
36488	0	34216	
36489	0	34628	
36490	0	34452	
36491	0	33708	
36492	0	33224	
36493	0	33708	
36494	0	34212	
36495	0	34176	
36496	0	33892	
36497	0	33632	
36498	0	33370	
36499	0	33544	
36500	0	33692	
36501	0	34272	
36502	0	34888	
36503	0	35436	
36504	0	35952	
36505	0	36288	
36506	0	35864	
36507	0	35040	
36508	0	34164	
36509	0	33512	
36510	0	32976	
36511	0	32744	
36512	0	32668	
36513	0	32900	
36514	0	33340	
36515	0	33864	
36516	0	33872	
36517	0	33436	
36518	0	32752	
36519	0	31972	
36520	0	31376	
36521	0	31164	
36522	0	31392	
36523	0	31812	
36524	0	32392	
36525	0	32992	
36526	0	33620	
36527	0	33800	
36528	0	33944	
36529	0	33708	
36530	0	33912	
36531	0	34020	
36532	0	34480	
36533	0	35560	
36534	0	36144	
36535	0	35752	
36536	0	35300	
36537	0	34788	
36538	0	34988	
36539	0	34944	
36540	0	34958	
36541	0	34988	
36542	0	34992	
36543	0	35008	
36544	0	35168	
36545	0	35696	
36546	0	36552	
36547	0	37640	
36548	0	38256	
36549	0	38480	
36550	0	39152	
36551	0	40164	
36552	0	40880	
36553	0	41032	
36554	0	40272	
36555	0	39624	
36556	0	39320	
36557	0	38800	
36558	0	38192	
36559	0	37954	
36560	0	38352	
36561	0	38992	
36562	0	39740	
36563	0	40352	
36564	0	40230	
36565	0	39448	
36566	0	38408	
36567	0	37552	
36568	0	37096	
36569	0	36888	
36570	0	36264	
36571	0	35808	
36572	0	35848	
36573	0	36524	
36574	0	37016	
36575	0	37180	
36576	0	36764	
36577	0	36176	
36578	0	35568	
36579	0	35400	
36580	0	35400	
36581	0	35648	
36582	0	36208	
36583	0	36588	
36584	0	36872	
36585	0	37080	
36586	0	37196	
36587	0	37560	
36588	0	38028	
36589	0	38140	
36590	0	37928	
36591	0	37128	
36592	0	35944	
36593	0	34980	
36594	0	34192	
36595	0	33668	
36596	0	33296	
36597	0	33160	
36598	0	33104	
36599	0	33032	
36600	0	33012	
36601	0	32892	
36602	0	32896	
36603	0	33252	
36604	0	33808	
36605	0	34152	
36606	0	34304	
36607	0	34504	
36608	0	34664	
36609	0	34736	
36610	0	34468	
36611	0	33928	
36612	0	33312	
36613	0	32944	
36614	0	33056	
36615	0	33648	
36616	0	34324	
36617	0	34888	
36618	0	35272	
36619	0	35128	
36620	0	34856	
36621	0	35064	
36622	0	35328	
36623	0	35360	
36624	0	35276	
36625	0	34812	
36626	0	34656	
36627	0	34724	
36628	0	34528	
36629	0	34592	
36630	0	34772	
36631	0	35268	
36632	0	36076	
36633	0	36600	
36634	0	36064	
36635	0	35400	
36636	0	34412	
36637	0	33456	
36638	0	33120	
36639	0	32760	
36640	0	32629	
36641	0	33108	
36642	0	33080	
36643	0	33224	
36644	0	33424	
36645	0	33844	
36646	0	34556	
36647	0	35044	
36648	0	34780	
36649	0	34084	
36650	0	33464	
36651	0	33204	
36652	0	32996	
36653	0	32684	
36654	0	32420	
36655	0	32288	
36656	0	31792	
36657	0	31332	
36658	0	31120	
36659	0	31008	
36660	0	30772	
36661	0	30748	
36662	0	31244	
36663	0	31736	
36664	0	32264	
36665	0	32244	
36666	0	32172	
36667	0	32136	
36668	0	32104	
36669	0	32168	
36670	0	32400	
36671	0	32748	
36672	0	32828	
36673	0	32156	
36674	0	31276	
36675	0	31088	
36676	0	31264	
36677	0	31624	
36678	0	31864	
36679	0	32344	
36680	0	33072	
36681	0	33520	
36682	0	32956	
36683	0	32600	
36684	0	32624	
36685	0	32692	
36686	0	32976	
36687	0	33500	
36688	0	34544	
36689	0	35560	
36690	0	35888	
36691	0	35840	
36692	0	35972	
36693	0	36304	
36694	0	36616	
36695	0	36956	
36696	0	37364	
36697	0	37556	
36698	0	37652	
36699	0	37608	
36700	0	37216	
36701	0	37082	
36702	0	36944	
36703	0	36584	
36704	0	36428	
36705	0	36064	
36706	0	35876	
36707	0	35620	
36708	0	34972	
36709	0	34992	
36710	0	35944	
36711	0	36432	
36712	0	36868	
36713	0	37044	
36714	0	36868	
36715	0	36328	
36716	0	35508	
36717	0	34136	
36718	0	32842	
36719	0	32100	
36720	0	31868	
36721	0	32488	
36722	0	33040	
36723	0	33824	
36724	0	34800	
36725	0	35588	
36726	0	35732	
36727	0	35568	
36728	0	35400	
36729	0	35744	
36730	0	35936	
36731	0	36468	
36732	0	37056	
36733	0	37952	
36734	0	38812	
36735	0	38712	
36736	0	37784	
36737	0	36452	
36738	0	35096	
36739	0	33528	
36740	0	32108	
36741	0	31736	
36742	0	32352	
36743	0	32980	
36744	0	33620	
36745	0	33908	
36746	0	34216	
36747	0	34404	
36748	0	34272	
36749	0	34384	
36750	0	34312	
36751	0	34792	
36752	0	34732	
36753	0	34444	
36754	0	34564	
36755	0	34700	
36756	0	34592	
36757	0	34668	
36758	0	34846	
36759	0	34876	
36760	0	35048	
36761	0	34792	
36762	0	34444	
36763	0	34200	
36764	0	34064	
36765	0	34072	
36766	0	34416	
36767	0	34636	
36768	0	34676	
36769	0	34264	
36770	0	33592	
36771	0	33368	
36772	0	33544	
36773	0	33388	
36774	0	33264	
36775	0	33736	
36776	0	34072	
36777	0	33720	
36778	0	32848	
36779	0	32308	
36780	0	31824	
36781	0	32116	
36782	0	32052	
36783	0	31840	
36784	0	31736	
36785	0	31624	
36786	0	31288	
36787	0	31162	
36788	0	30828	
36789	0	30832	
36790	0	31708	
36791	0	32568	
36792	0	33084	
36793	0	32724	
36794	0	32084	
36795	0	31412	
36796	0	31156	
36797	0	30508	
36798	0	29876	
36799	0	29330	
36800	0	29048	
36801	0	29140	
36802	0	29832	
36803	0	30812	
36804	0	31728	
36805	0	32392	
36806	0	33016	
36807	0	33744	
36808	0	34440	
36809	0	34680	
36810	0	34016	
36811	0	32828	
36812	0	31596	
36813	0	30522	
36814	0	29656	
36815	0	29188	
36816	0	28588	
36817	0	28112	
36818	0	27648	
36819	0	27284	
36820	0	27212	
36821	0	27416	
36822	0	27624	
36823	0	28560	
36824	0	29016	
36825	0	29190	
36826	0	29300	
36827	0	29608	
36828	0	30480	
36829	0	31224	
36830	0	31860	
36831	0	31812	
36832	0	31392	
36833	0	30584	
36834	0	29680	
36835	0	28792	
36836	0	28384	
36837	0	28052	
36838	0	27500	
36839	0	26938	
36840	0	26692	
36841	0	26788	
36842	0	26724	
36843	0	27256	
36844	0	27900	
36845	0	28740	
36846	0	29424	
36847	0	30104	
36848	0	30776	
36849	0	31524	
36850	0	32388	
36851	0	32968	
36852	0	33000	
36853	0	33348	
36854	0	33850	
36855	0	33820	
36856	0	33504	
36857	0	32400	
36858	0	31548	
36859	0	31324	
36860	0	31292	
36861	0	31440	
36862	0	31736	
36863	0	32084	
36864	0	32144	
36865	0	32172	
36866	0	31860	
36867	0	31088	
36868	0	30460	
36869	0	30352	
36870	0	30936	
36871	0	31776	
36872	0	32652	
36873	0	33372	
36874	0	33860	
36875	0	33940	
36876	0	34392	
36877	0	34536	
36878	0	33952	
36879	0	33656	
36880	0	33484	
36881	0	33416	
36882	0	33292	
36883	0	33376	
36884	0	32736	
36885	0	32064	
36886	0	31252	
36887	0	31164	
36888	0	30832	
36889	0	30240	
36890	0	29864	
36891	0	29792	
36892	0	29848	
36893	0	30040	
36894	0	30644	
36895	0	30692	
36896	0	30580	
36897	0	30656	
36898	0	30764	
36899	0	30320	
36900	0	29632	
36901	0	28864	
36902	0	28620	
36903	0	28820	
36904	0	28976	
36905	0	29104	
36906	0	29656	
36907	0	30124	
36908	0	30280	
36909	0	30320	
36910	0	30240	
36911	0	29588	
36912	0	29336	
36913	0	30044	
36914	0	30576	
36915	0	31228	
36916	0	31336	
36917	0	31112	
36918	0	30596	
36919	0	30564	
36920	0	30856	
36921	0	30920	
36922	0	31288	
36923	0	31696	
36924	0	31880	
36925	0	32036	
36926	0	32080	
36927	0	32612	
36928	0	33636	
36929	0	34524	
36930	0	35168	
36931	0	35304	
36932	0	35048	
36933	0	35408	
36934	0	36060	
36935	0	36004	
36936	0	35288	
36937	0	34320	
36938	0	33528	
36939	0	33310	
36940	0	33676	
36941	0	34284	
36942	0	35232	
36943	0	36168	
36944	0	36416	
36945	0	36424	
36946	0	35972	
36947	0	35472	
36948	0	35032	
36949	0	34912	
36950	0	35120	
36951	0	35760	
36952	0	36616	
36953	0	37820	
36954	0	38876	
36955	0	38924	
36956	0	38456	
36957	0	38008	
36958	0	37324	
36959	0	36568	
36960	0	35872	
36961	0	35396	
36962	0	35288	
36963	0	34944	
36964	0	34584	
36965	0	34388	
36966	0	34248	
36967	0	34512	
36968	0	34688	
36969	0	34504	
36970	0	33536	
36971	0	32688	
36972	0	32316	
36973	0	32504	
36974	0	33012	
36975	0	33492	
36976	0	34104	
36977	0	34600	
36978	0	34864	
36979	0	35264	
36980	0	35848	
36981	0	36360	
36982	0	36676	
36983	0	36768	
36984	0	36968	
36985	0	37148	
36986	0	37300	
36987	0	37944	
36988	0	38248	
36989	0	38700	
36990	0	39752	
36991	0	40956	
36992	0	41428	
36993	0	41184	
36994	0	40488	
36995	0	39824	
36996	0	39880	
36997	0	40074	
36998	0	39472	
36999	0	38848	
37000	0	38168	
37001	0	37524	
37002	0	37384	
37003	0	36984	
37004	0	37160	
37005	0	38048	
37006	0	38448	
37007	0	38660	
37008	0	38356	
37009	0	37964	
37010	0	37900	
37011	0	37560	
37012	0	36884	
37013	0	36160	
37014	0	36120	
37015	0	36484	
37016	0	37160	
37017	0	37568	
37018	0	37864	
37019	0	38056	
37020	0	38224	
37021	0	38372	
37022	0	38488	
37023	0	38704	
37024	0	38968	
37025	0	39504	
37026	0	39896	
37027	0	39048	
37028	0	38468	
37029	0	38324	
37030	0	38352	
37031	0	38736	
37032	0	38560	
37033	0	38112	
37034	0	37540	
37035	0	36504	
37036	0	35656	
37037	0	35248	
37038	0	35408	
37039	0	35708	
37040	0	35736	
37041	0	35328	
37042	0	34956	
37043	0	34472	
37044	0	34328	
37045	0	34564	
37046	0	35520	
37047	0	36800	
37048	0	37568	
37049	0	38280	
37050	0	38680	
37051	0	38820	
37052	0	38764	
37053	0	38456	
37054	0	37944	
37055	0	36960	
37056	0	35796	
37057	0	34896	
37058	0	34868	
37059	0	35042	
37060	0	35448	
37061	0	35260	
37062	0	34460	
37063	0	34176	
37064	0	34332	
37065	0	34624	
37066	0	34840	
37067	0	34796	
37068	0	34936	
37069	0	35868	
37070	0	36808	
37071	0	37152	
37072	0	37260	
37073	0	37316	
37074	0	37188	
37075	0	36940	
37076	0	36704	
37077	0	35960	
37078	0	35080	
37079	0	34536	
37080	0	34368	
37081	0	34352	
37082	0	34748	
37083	0	34924	
37084	0	34056	
37085	0	33316	
37086	0	32624	
37087	0	32316	
37088	0	32428	
37089	0	32176	
37090	0	31868	
37091	0	31800	
37092	0	31784	
37093	0	31846	
37094	0	32160	
37095	0	31972	
37096	0	31844	
37097	0	31528	
37098	0	30980	
37099	0	30216	
37100	0	29392	
37101	0	29208	
37102	0	29612	
37103	0	30608	
37104	0	31136	
37105	0	31512	
37106	0	32080	
37107	0	32628	
37108	0	33064	
37109	0	33040	
37110	0	32684	
37111	0	32104	
37112	0	31616	
37113	0	31620	
37114	0	31272	
37115	0	31244	
37116	0	31748	
37117	0	32264	
37118	0	32344	
37119	0	32412	
37120	0	32024	
37121	0	31644	
37122	0	30432	
37123	0	29224	
37124	0	28816	
37125	0	29068	
37126	0	29720	
37127	0	30596	
37128	0	31672	
37129	0	33082	
37130	0	33896	
37131	0	33972	
37132	0	33304	
37133	0	33128	
37134	0	32992	
37135	0	32548	
37136	0	32088	
37137	0	31928	
37138	0	31684	
37139	0	31152	
37140	0	30554	
37141	0	30308	
37142	0	30336	
37143	0	31112	
37144	0	32312	
37145	0	33284	
37146	0	33884	
37147	0	34116	
37148	0	34168	
37149	0	33672	
37150	0	33544	
37151	0	33724	
37152	0	33540	
37153	0	33476	
37154	0	33472	
37155	0	33000	
37156	0	32624	
37157	0	31896	
37158	0	30812	
37159	0	29996	
37160	0	29136	
37161	0	28460	
37162	0	28164	
37163	0	28768	
37164	0	29516	
37165	0	30396	
37166	0	31132	
37167	0	31300	
37168	0	31148	
37169	0	31356	
37170	0	31280	
37171	0	30772	
37172	0	30032	
37173	0	29076	
37174	0	28680	
37175	0	28172	
37176	0	27440	
37177	0	26836	
37178	0	26704	
37179	0	27008	
37180	0	27596	
37181	0	27508	
37182	0	27556	
37183	0	28108	
37184	0	28180	
37185	0	27952	
37186	0	27972	
37187	0	28324	
37188	0	28628	
37189	0	28800	
37190	0	28516	
37191	0	28156	
37192	0	28284	
37193	0	28768	
37194	0	29466	
37195	0	29560	
37196	0	29240	
37197	0	28962	
37198	0	29128	
37199	0	29480	
37200	0	30128	
37201	0	30824	
37202	0	31268	
37203	0	31720	
37204	0	32164	
37205	0	32224	
37206	0	32208	
37207	0	32436	
37208	0	32488	
37209	0	32108	
37210	0	32204	
37211	0	32464	
37212	0	32416	
37213	0	32088	
37214	0	31760	
37215	0	31824	
37216	0	31884	
37217	0	31344	
37218	0	31000	
37219	0	30624	
37220	0	30460	
37221	0	30608	
37222	0	30992	
37223	0	31396	
37224	0	31968	
37225	0	32312	
37226	0	32576	
37227	0	32916	
37228	0	33368	
37229	0	33280	
37230	0	33184	
37231	0	33268	
37232	0	33432	
37233	0	33052	
37234	0	32584	
37235	0	32126	
37236	0	31876	
37237	0	31856	
37238	0	32160	
37239	0	32752	
37240	0	33380	
37241	0	33660	
37242	0	33608	
37243	0	33440	
37244	0	33164	
37245	0	33048	
37246	0	33104	
37247	0	33636	
37248	0	34392	
37249	0	34496	
37250	0	33932	
37251	0	32872	
37252	0	32116	
37253	0	31584	
37254	0	31280	
37255	0	31216	
37256	0	31576	
37257	0	31716	
37258	0	31684	
37259	0	31712	
37260	0	31576	
37261	0	31868	
37262	0	32348	
37263	0	32916	
37264	0	33768	
37265	0	34424	
37266	0	34918	
37267	0	34940	
37268	0	34832	
37269	0	34896	
37270	0	34708	
37271	0	34684	
37272	0	34476	
37273	0	34628	
37274	0	35300	
37275	0	36052	
37276	0	36664	
37277	0	36808	
37278	0	36600	
37279	0	36492	
37280	0	36464	
37281	0	36260	
37282	0	36028	
37283	0	35848	
37284	0	35896	
37285	0	36080	
37286	0	36136	
37287	0	36092	
37288	0	35868	
37289	0	35744	
37290	0	36132	
37291	0	36780	
37292	0	37180	
37293	0	37364	
37294	0	36728	
37295	0	36228	
37296	0	35608	
37297	0	34834	
37298	0	34696	
37299	0	34884	
37300	0	35472	
37301	0	36120	
37302	0	36560	
37303	0	36540	
37304	0	36064	
37305	0	35416	
37306	0	35276	
37307	0	35632	
37308	0	36392	
37309	0	37060	
37310	0	36956	
37311	0	36468	
37312	0	36168	
37313	0	36152	
37314	0	35896	
37315	0	35800	
37316	0	36040	
37317	0	36152	
37318	0	35996	
37319	0	35756	
37320	0	35452	
37321	0	34456	
37322	0	33888	
37323	0	34348	
37324	0	35056	
37325	0	35944	
37326	0	36740	
37327	0	37044	
37328	0	36888	
37329	0	36472	
37330	0	36184	
37331	0	35668	
37332	0	35472	
37333	0	34806	
37334	0	34028	
37335	0	33384	
37336	0	32468	
37337	0	31692	
37338	0	31408	
37339	0	31548	
37340	0	31676	
37341	0	32032	
37342	0	32440	
37343	0	32800	
37344	0	33248	
37345	0	33868	
37346	0	34528	
37347	0	35392	
37348	0	36240	
37349	0	36912	
37350	0	36676	
37351	0	36188	
37352	0	35744	
37353	0	34700	
37354	0	34068	
37355	0	34400	
37356	0	35328	
37357	0	35636	
37358	0	34916	
37359	0	34344	
37360	0	34128	
37361	0	34524	
37362	0	35324	
37363	0	36272	
37364	0	36752	
37365	0	36852	
37366	0	35980	
37367	0	35440	
37368	0	35252	
37369	0	35392	
37370	0	35300	
37371	0	34524	
37372	0	33708	
37373	0	33036	
37374	0	32976	
37375	0	33284	
37376	0	33424	
37377	0	33176	
37378	0	32440	
37379	0	32040	
37380	0	31732	
37381	0	31400	
37382	0	31034	
37383	0	30676	
37384	0	30144	
37385	0	29568	
37386	0	28868	
37387	0	28404	
37388	0	28148	
37389	0	28304	
37390	0	29044	
37391	0	30056	
37392	0	30824	
37393	0	31372	
37394	0	31524	
37395	0	31352	
37396	0	31360	
37397	0	31332	
37398	0	31120	
37399	0	30956	
37400	0	30544	
37401	0	30872	
37402	0	31404	
37403	0	31384	
37404	0	31132	
37405	0	30944	
37406	0	31004	
37407	0	31532	
37408	0	31968	
37409	0	32556	
37410	0	32952	
37411	0	33066	
37412	0	33408	
37413	0	33712	
37414	0	33704	
37415	0	33156	
37416	0	32444	
37417	0	31460	
37418	0	31072	
37419	0	30840	
37420	0	30392	
37421	0	30104	
37422	0	29832	
37423	0	29632	
37424	0	29316	
37425	0	29436	
37426	0	29904	
37427	0	30544	
37428	0	31636	
37429	0	32552	
37430	0	32984	
37431	0	33020	
37432	0	32892	
37433	0	33088	
37434	0	33552	
37435	0	34092	
37436	0	33860	
37437	0	33834	
37438	0	33852	
37439	0	34144	
37440	0	34852	
37441	0	35684	
37442	0	36288	
37443	0	35792	
37444	0	34196	
37445	0	32196	
37446	0	31096	
37447	0	31092	
37448	0	31628	
37449	0	32432	
37450	0	32672	
37451	0	32600	
37452	0	32528	
37453	0	32472	
37454	0	32020	
37455	0	31620	
37456	0	31308	
37457	0	31408	
37458	0	31628	
37459	0	31448	
37460	0	31248	
37461	0	31028	
37462	0	31048	
37463	0	31464	
37464	0	32260	
37465	0	32864	
37466	0	33580	
37467	0	33946	
37468	0	33648	
37469	0	33104	
37470	0	32632	
37471	0	32404	
37472	0	31838	
37473	0	31688	
37474	0	31540	
37475	0	31284	
37476	0	30888	
37477	0	30256	
37478	0	29576	
37479	0	29260	
37480	0	28936	
37481	0	28580	
37482	0	28040	
37483	0	27920	
37484	0	28316	
37485	0	28692	
37486	0	28784	
37487	0	29020	
37488	0	29036	
37489	0	28986	
37490	0	28760	
37491	0	28696	
37492	0	28696	
37493	0	28332	
37494	0	28236	
37495	0	27932	
37496	0	27644	
37497	0	27568	
37498	0	27180	
37499	0	26784	
37500	0	26756	
37501	0	26592	
37502	0	26632	
37503	0	27316	
37504	0	27816	
37505	0	28564	
37506	0	29380	
37507	0	30324	
37508	0	31112	
37509	0	31580	
37510	0	32004	
37511	0	32020	
37512	0	31720	
37513	0	31544	
37514	0	31704	
37515	0	31360	
37516	0	30740	
37517	0	30224	
37518	0	29912	
37519	0	30060	
37520	0	30392	
37521	0	31188	
37522	0	31492	
37523	0	30680	
37524	0	29916	
37525	0	29124	
37526	0	28864	
37527	0	29028	
37528	0	30308	
37529	0	31816	
37530	0	33004	
37531	0	33660	
37532	0	33424	
37533	0	32740	
37534	0	31760	
37535	0	31276	
37536	0	31200	
37537	0	31132	
37538	0	31016	
37539	0	31002	
37540	0	30748	
37541	0	30228	
37542	0	29552	
37543	0	28424	
37544	0	27468	
37545	0	27416	
37546	0	27776	
37547	0	28012	
37548	0	28248	
37549	0	28432	
37550	0	28580	
37551	0	28788	
37552	0	29304	
37553	0	29808	
37554	0	30200	
37555	0	29884	
37556	0	29780	
37557	0	29744	
37558	0	29556	
37559	0	29456	
37560	0	29654	
37561	0	30232	
37562	0	30568	
37563	0	30844	
37564	0	31040	
37565	0	31644	
37566	0	32144	
37567	0	32240	
37568	0	32328	
37569	0	32600	
37570	0	32184	
37571	0	31396	
37572	0	31112	
37573	0	30836	
37574	0	30256	
37575	0	29920	
37576	0	29752	
37577	0	29408	
37578	0	29192	
37579	0	29080	
37580	0	29176	
37581	0	29468	
37582	0	30010	
37583	0	30568	
37584	0	31416	
37585	0	31768	
37586	0	32172	
37587	0	32432	
37588	0	32748	
37589	0	33004	
37590	0	33080	
37591	0	32856	
37592	0	32436	
37593	0	32344	
37594	0	32548	
37595	0	32908	
37596	0	33560	
37597	0	34044	
37598	0	34276	
37599	0	34192	
37600	0	33724	
37601	0	33272	
37602	0	32840	
37603	0	32364	
37604	0	32548	
37605	0	33572	
37606	0	35182	
37607	0	36856	
37608	0	38456	
37609	0	39100	
37610	0	39628	
37611	0	40056	
37612	0	39752	
37613	0	38852	
37614	0	37344	
37615	0	35688	
37616	0	34248	
37617	0	33144	
37618	0	32872	
37619	0	33200	
37620	0	34028	
37621	0	34920	
37622	0	35716	
37623	0	36292	
37624	0	36128	
37625	0	35860	
37626	0	35008	
37627	0	33748	
37628	0	31932	
37629	0	30196	
37630	0	29356	
37631	0	29048	
37632	0	28388	
37633	0	27432	
37634	0	26936	
37635	0	27008	
37636	0	27016	
37637	0	26645	
37638	0	25792	
37639	0	24720	
37640	0	23340	
37641	0	22260	
37642	0	21696	
37643	0	22106	
37644	0	22924	
37645	0	23800	
37646	0	24324	
37647	0	24298	
37648	0	23448	
37649	0	22172	
37650	0	20600	
37651	0	19736	
37652	0	19564	
37653	0	19361	
37654	0	19320	
37655	0	19160	
37656	0	19468	
37657	0	20204	
37658	0	21008	
37659	0	22104	
37660	0	22712	
37661	0	22740	
37662	0	23052	
37663	0	23416	
37664	0	23210	
37665	0	22352	
37666	0	21336	
37667	0	20936	
37668	0	21340	
37669	0	21400	
37670	0	21826	
37671	0	22584	
37672	0	23224	
37673	0	23540	
37674	0	23744	
37675	0	24376	
37676	0	24828	
37677	0	24624	
37678	0	24532	
37679	0	24612	
37680	0	24784	
37681	0	25020	
37682	0	24846	
37683	0	24508	
37684	0	24100	
37685	0	23624	
37686	0	23372	
37687	0	23312	
37688	0	23496	
37689	0	24012	
37690	0	24732	
37691	0	25276	
37692	0	26524	
37693	0	27704	
37694	0	28316	
37695	0	27980	
37696	0	27440	
37697	0	27464	
37698	0	28000	
37699	0	28402	
37700	0	29000	
37701	0	29752	
37702	0	30305	
37703	0	30592	
37704	0	30764	
37705	0	30752	
37706	0	31128	
37707	0	31976	
37708	0	32760	
37709	0	33232	
37710	0	33676	
37711	0	35458	
37712	0	37912	
37713	0	39560	
37714	0	39188	
37715	0	37872	
37716	0	36880	
37717	0	36500	
37718	0	36120	
37719	0	35484	
37720	0	34188	
37721	0	33250	
37722	0	33244	
37723	0	34140	
37724	0	35176	
37725	0	36388	
37726	0	37332	
37727	0	38282	
37728	0	38680	
37729	0	38408	
37730	0	38368	
37731	0	38016	
37732	0	37424	
37733	0	37192	
37734	0	37364	
37735	0	37928	
37736	0	38256	
37737	0	37976	
37738	0	37732	
37739	0	36960	
37740	0	35992	
37741	0	34884	
37742	0	34432	
37743	0	34796	
37744	0	35312	
37745	0	35728	
37746	0	36580	
37747	0	37932	
37748	0	38928	
37749	0	39060	
37750	0	39268	
37751	0	39928	
37752	0	40516	
37753	0	40400	
37754	0	39280	
37755	0	37768	
37756	0	36688	
37757	0	36184	
37758	0	36744	
37759	0	37776	
37760	0	38600	
37761	0	39080	
37762	0	39052	
37763	0	38360	
37764	0	37920	
37765	0	37820	
37766	0	37960	
37767	0	37216	
37768	0	36052	
37769	0	35340	
37770	0	35276	
37771	0	35708	
37772	0	36276	
37773	0	36532	
37774	0	36032	
37775	0	35152	
37776	0	34752	
37777	0	34364	
37778	0	33704	
37779	0	33160	
37780	0	32984	
37781	0	32908	
37782	0	32908	
37783	0	33196	
37784	0	33376	
37785	0	33676	
37786	0	34336	
37787	0	34560	
37788	0	34900	
37789	0	35060	
37790	0	35040	
37791	0	34612	
37792	0	34244	
37793	0	34204	
37794	0	34324	
37795	0	34336	
37796	0	34232	
37797	0	33688	
37798	0	33076	
37799	0	32768	
37800	0	32432	
37801	0	32124	
37802	0	32116	
37803	0	31984	
37804	0	32116	
37805	0	32548	
37806	0	33044	
37807	0	33416	
37808	0	33028	
37809	0	32660	
37810	0	31790	
37811	0	31076	
37812	0	30804	
37813	0	30728	
37814	0	30796	
37815	0	31144	
37816	0	31096	
37817	0	30784	
37818	0	30868	
37819	0	30892	
37820	0	31192	
37821	0	31876	
37822	0	32892	
37823	0	33848	
37824	0	34160	
37825	0	34104	
37826	0	33880	
37827	0	34092	
37828	0	34756	
37829	0	35784	
37830	0	36552	
37831	0	36688	
37832	0	36096	
37833	0	35424	
37834	0	34964	
37835	0	34368	
37836	0	33968	
37837	0	33528	
37838	0	32992	
37839	0	31896	
37840	0	30944	
37841	0	30768	
37842	0	31016	
37843	0	31388	
37844	0	32000	
37845	0	32608	
37846	0	32952	
37847	0	32928	
37848	0	33040	
37849	0	32592	
37850	0	32300	
37851	0	32416	
37852	0	32624	
37853	0	32512	
37854	0	32412	
37855	0	31984	
37856	0	31300	
37857	0	30836	
37858	0	30404	
37859	0	29596	
37860	0	29484	
37861	0	29952	
37862	0	30592	
37863	0	31416	
37864	0	31704	
37865	0	31376	
37866	0	31460	
37867	0	31836	
37868	0	31760	
37869	0	31992	
37870	0	32344	
37871	0	32440	
37872	0	32224	
37873	0	32240	
37874	0	31720	
37875	0	31104	
37876	0	30936	
37877	0	30572	
37878	0	30228	
37879	0	30252	
37880	0	30724	
37881	0	31368	
37882	0	31932	
37883	0	32620	
37884	0	32644	
37885	0	32264	
37886	0	32740	
37887	0	32992	
37888	0	32508	
37889	0	32148	
37890	0	31788	
37891	0	31528	
37892	0	31148	
37893	0	31092	
37894	0	30846	
37895	0	30504	
37896	0	29788	
37897	0	28712	
37898	0	27684	
37899	0	26944	
37900	0	26896	
37901	0	26980	
37902	0	27276	
37903	0	27704	
37904	0	28072	
37905	0	28200	
37906	0	28484	
37907	0	29124	
37908	0	29412	
37909	0	29488	
37910	0	29620	
37911	0	29512	
37912	0	29144	
37913	0	28984	
37914	0	29352	
37915	0	29948	
37916	0	30324	
37917	0	30872	
37918	0	31292	
37919	0	31184	
37920	0	30820	
37921	0	30668	
37922	0	30856	
37923	0	30820	
37924	0	31000	
37925	0	31868	
37926	0	32568	
37927	0	33048	
37928	0	33386	
37929	0	33684	
37930	0	32944	
37931	0	31236	
37932	0	29224	
37933	0	27664	
37934	0	27628	
37935	0	28224	
37936	0	28576	
37937	0	29044	
37938	0	29848	
37939	0	30588	
37940	0	30556	
37941	0	30296	
37942	0	30544	
37943	0	31272	
37944	0	31820	
37945	0	32136	
37946	0	31900	
37947	0	32020	
37948	0	32572	
37949	0	33176	
37950	0	33544	
37951	0	33396	
37952	0	33164	
37953	0	32972	
37954	0	32848	
37955	0	32648	
37956	0	32248	
37957	0	32068	
37958	0	31884	
37959	0	31532	
37960	0	30952	
37961	0	30676	
37962	0	31000	
37963	0	31616	
37964	0	32148	
37965	0	32848	
37966	0	33396	
37967	0	33892	
37968	0	34384	
37969	0	34436	
37970	0	34644	
37971	0	35088	
37972	0	35396	
37973	0	35068	
37974	0	34596	
37975	0	34624	
37976	0	34904	
37977	0	35520	
37978	0	36024	
37979	0	36748	
37980	0	36896	
37981	0	36468	
37982	0	35828	
37983	0	35476	
37984	0	35136	
37985	0	35152	
37986	0	35580	
37987	0	35800	
37988	0	35620	
37989	0	35424	
37990	0	34968	
37991	0	34448	
37992	0	33832	
37993	0	33820	
37994	0	33560	
37995	0	32808	
37996	0	31904	
37997	0	31428	
37998	0	31528	
37999	0	31828	
38000	0	31944	
38001	0	32384	
38002	0	32972	
38003	0	33852	
38004	0	34544	
38005	0	35372	
38006	0	36256	
38007	0	36492	
38008	0	35900	
38009	0	34868	
38010	0	33932	
38011	0	33648	
38012	0	33801	
38013	0	34108	
38014	0	34992	
38015	0	36764	
38016	0	37640	
38017	0	37944	
38018	0	38192	
38019	0	38000	
38020	0	37860	
38021	0	37712	
38022	0	37080	
38023	0	36524	
38024	0	36484	
38025	0	36184	
38026	0	36032	
38027	0	36324	
38028	0	36584	
38029	0	36492	
38030	0	35868	
38031	0	35172	
38032	0	34084	
38033	0	32820	
38034	0	31608	
38035	0	31208	
38036	0	31424	
38037	0	32228	
38038	0	32784	
38039	0	33180	
38040	0	33968	
38041	0	34844	
38042	0	35528	
38043	0	36176	
38044	0	36944	
38045	0	37288	
38046	0	37428	
38047	0	37672	
38048	0	38352	
38049	0	38744	
38050	0	38304	
38051	0	37856	
38052	0	37228	
38053	0	36708	
38054	0	36688	
38055	0	36268	
38056	0	35996	
38057	0	36496	
38058	0	37024	
38059	0	37056	
38060	0	35984	
38061	0	34522	
38062	0	33584	
38063	0	33224	
38064	0	33634	
38065	0	34040	
38066	0	34476	
38067	0	34816	
38068	0	35072	
38069	0	35112	
38070	0	35068	
38071	0	35004	
38072	0	35138	
38073	0	35640	
38074	0	35992	
38075	0	36340	
38076	0	36364	
38077	0	35948	
38078	0	35308	
38079	0	34520	
38080	0	33944	
38081	0	33768	
38082	0	33864	
38083	0	34276	
38084	0	34576	
38085	0	34612	
38086	0	33780	
38087	0	32892	
38088	0	32192	
38089	0	31904	
38090	0	31900	
38091	0	31888	
38092	0	32420	
38093	0	32852	
38094	0	33096	
38095	0	33632	
38096	0	33976	
38097	0	34116	
38098	0	33920	
38099	0	33436	
38100	0	33852	
38101	0	34408	
38102	0	35016	
38103	0	34676	
38104	0	33544	
38105	0	32620	
38106	0	31756	
38107	0	31404	
38108	0	31464	
38109	0	31480	
38110	0	31925	
38111	0	32172	
38112	0	31908	
38113	0	31604	
38114	0	31032	
38115	0	30184	
38116	0	29760	
38117	0	29464	
38118	0	29012	
38119	0	28740	
38120	0	28392	
38121	0	28456	
38122	0	28872	
38123	0	29144	
38124	0	29600	
38125	0	31036	
38126	0	32608	
38127	0	33952	
38128	0	34724	
38129	0	34824	
38130	0	34616	
38131	0	34604	
38132	0	34684	
38133	0	34700	
38134	0	34548	
38135	0	34052	
38136	0	32924	
38137	0	31652	
38138	0	30642	
38139	0	30198	
38140	0	30344	
38141	0	30904	
38142	0	31200	
38143	0	31116	
38144	0	30360	
38145	0	29260	
38146	0	28552	
38147	0	28232	
38148	0	28062	
38149	0	27768	
38150	0	27961	
38151	0	28276	
38152	0	29040	
38153	0	29176	
38154	0	28648	
38155	0	27864	
38156	0	27264	
38157	0	27636	
38158	0	28268	
38159	0	29184	
38160	0	30384	
38161	0	31600	
38162	0	32004	
38163	0	31840	
38164	0	31692	
38165	0	32112	
38166	0	32392	
38167	0	32434	
38168	0	32472	
38169	0	32168	
38170	0	31576	
38171	0	31184	
38172	0	30812	
38173	0	30608	
38174	0	30748	
38175	0	31000	
38176	0	31092	
38177	0	30980	
38178	0	30072	
38179	0	29076	
38180	0	28944	
38181	0	29240	
38182	0	29796	
38183	0	29880	
38184	0	29776	
38185	0	29754	
38186	0	29892	
38187	0	30592	
38188	0	31212	
38189	0	31360	
38190	0	31404	
38191	0	31132	
38192	0	31084	
38193	0	31388	
38194	0	31644	
38195	0	32064	
38196	0	31748	
38197	0	30224	
38198	0	29028	
38199	0	28402	
38200	0	28016	
38201	0	28472	
38202	0	29012	
38203	0	29250	
38204	0	29568	
38205	0	30108	
38206	0	30580	
38207	0	30680	
38208	0	31392	
38209	0	32040	
38210	0	32044	
38211	0	32124	
38212	0	32556	
38213	0	32640	
38214	0	32460	
38215	0	32112	
38216	0	31600	
38217	0	31140	
38218	0	30792	
38219	0	30164	
38220	0	29280	
38221	0	28912	
38222	0	28580	
38223	0	29316	
38224	0	31108	
38225	0	33320	
38226	0	34776	
38227	0	35900	
38228	0	36004	
38229	0	35468	
38230	0	34892	
38231	0	34544	
38232	0	34356	
38233	0	34400	
38234	0	34796	
38235	0	35212	
38236	0	35580	
38237	0	35688	
38238	0	35316	
38239	0	34816	
38240	0	34460	
38241	0	34220	
38242	0	34208	
38243	0	34152	
38244	0	33916	
38245	0	33968	
38246	0	33720	
38247	0	33284	
38248	0	32720	
38249	0	32436	
38250	0	32292	
38251	0	31888	
38252	0	31808	
38253	0	31716	
38254	0	31308	
38255	0	30444	
38256	0	29658	
38257	0	28976	
38258	0	29344	
38259	0	30048	
38260	0	30400	
38261	0	30164	
38262	0	29964	
38263	0	29884	
38264	0	30224	
38265	0	30880	
38266	0	31760	
38267	0	32512	
38268	0	32992	
38269	0	33076	
38270	0	32504	
38271	0	31856	
38272	0	31668	
38273	0	31722	
38274	0	31596	
38275	0	31288	
38276	0	30620	
38277	0	29736	
38278	0	29480	
38279	0	29688	
38280	0	30160	
38281	0	30756	
38282	0	30652	
38283	0	29760	
38284	0	28752	
38285	0	28724	
38286	0	29040	
38287	0	29876	
38288	0	31188	
38289	0	32056	
38290	0	32684	
38291	0	33296	
38292	0	33400	
38293	0	33728	
38294	0	34652	
38295	0	35484	
38296	0	36200	
38297	0	36700	
38298	0	37064	
38299	0	37180	
38300	0	36576	
38301	0	36096	
38302	0	35812	
38303	0	35740	
38304	0	36008	
38305	0	36332	
38306	0	36316	
38307	0	36312	
38308	0	36600	
38309	0	36952	
38310	0	37596	
38311	0	38232	
38312	0	38588	
38313	0	38676	
38314	0	38276	
38315	0	37824	
38316	0	37204	
38317	0	36488	
38318	0	35596	
38319	0	35180	
38320	0	35108	
38321	0	35336	
38322	0	36244	
38323	0	37320	
38324	0	38132	
38325	0	38896	
38326	0	39492	
38327	0	39664	
38328	0	39464	
38329	0	39064	
38330	0	38864	
38331	0	38956	
38332	0	39080	
38333	0	39668	
38334	0	39860	
38335	0	39552	
38336	0	38516	
38337	0	37480	
38338	0	36568	
38339	0	35820	
38340	0	35108	
38341	0	34380	
38342	0	33896	
38343	0	33668	
38344	0	33888	
38345	0	34624	
38346	0	35012	
38347	0	34660	
38348	0	34600	
38349	0	34924	
38350	0	35088	
38351	0	34816	
38352	0	34468	
38353	0	34520	
38354	0	34704	
38355	0	34952	
38356	0	34724	
38357	0	34348	
38358	0	34340	
38359	0	34244	
38360	0	34884	
38361	0	35152	
38362	0	35164	
38363	0	35340	
38364	0	35536	
38365	0	35484	
38366	0	36090	
38367	0	36440	
38368	0	36872	
38369	0	37592	
38370	0	37360	
38371	0	36968	
38372	0	36464	
38373	0	36288	
38374	0	36432	
38375	0	36112	
38376	0	35572	
38377	0	35124	
38378	0	34672	
38379	0	34352	
38380	0	34284	
38381	0	34368	
38382	0	34496	
38383	0	34492	
38384	0	34724	
38385	0	34880	
38386	0	35508	
38387	0	36240	
38388	0	36740	
38389	0	36880	
38390	0	36796	
38391	0	36364	
38392	0	36072	
38393	0	36224	
38394	0	36380	
38395	0	36116	
38396	0	35888	
38397	0	35232	
38398	0	34408	
38399	0	33932	
38400	0	33840	
38401	0	34280	
38402	0	34912	
38403	0	35228	
38404	0	34736	
38405	0	34116	
38406	0	33624	
38407	0	33084	
38408	0	32760	
38409	0	32820	
38410	0	32896	
38411	0	32820	
38412	0	32688	
38413	0	32476	
38414	0	32600	
38415	0	32832	
38416	0	32960	
38417	0	33020	
38418	0	32676	
38419	0	31832	
38420	0	31432	
38421	0	31052	
38422	0	30880	
38423	0	30420	
38424	0	29596	
38425	0	28872	
38426	0	28596	
38427	0	28904	
38428	0	29804	
38429	0	30668	
38430	0	31732	
38431	0	32548	
38432	0	32696	
38433	0	32500	
38434	0	32296	
38435	0	32516	
38436	0	32884	
38437	0	33000	
38438	0	33768	
38439	0	34384	
38440	0	34792	
38441	0	34892	
38442	0	33984	
38443	0	32532	
38444	0	31656	
38445	0	31884	
38446	0	32650	
38447	0	33716	
38448	0	33828	
38449	0	33644	
38450	0	33420	
38451	0	33420	
38452	0	33272	
38453	0	33352	
38454	0	33764	
38455	0	34004	
38456	0	34228	
38457	0	34360	
38458	0	35076	
38459	0	35072	
38460	0	35072	
38461	0	35148	
38462	0	35128	
38463	0	35290	
38464	0	35168	
38465	0	34856	
38466	0	34304	
38467	0	33932	
38468	0	34000	
38469	0	34116	
38470	0	34344	
38471	0	34560	
38472	0	34372	
38473	0	34196	
38474	0	34244	
38475	0	34084	
38476	0	33956	
38477	0	33632	
38478	0	33008	
38479	0	32208	
38480	0	31768	
38481	0	31584	
38482	0	31820	
38483	0	32420	
38484	0	32812	
38485	0	32744	
38486	0	32324	
38487	0	32432	
38488	0	32872	
38489	0	33096	
38490	0	33352	
38491	0	33252	
38492	0	33036	
38493	0	32436	
38494	0	31596	
38495	0	30800	
38496	0	30712	
38497	0	30932	
38498	0	31096	
38499	0	31104	
38500	0	30616	
38501	0	30368	
38502	0	30556	
38503	0	30570	
38504	0	30520	
38505	0	30668	
38506	0	30712	
38507	0	30940	
38508	0	31308	
38509	0	31788	
38510	0	32184	
38511	0	32568	
38512	0	33290	
38513	0	33864	
38514	0	34436	
38515	0	34424	
38516	0	34068	
38517	0	33556	
38518	0	33828	
38519	0	34340	
38520	0	35064	
38521	0	35724	
38522	0	36140	
38523	0	35916	
38524	0	35588	
38525	0	34568	
38526	0	33584	
38527	0	33356	
38528	0	33932	
38529	0	34032	
38530	0	33964	
38531	0	34256	
38532	0	34888	
38533	0	35452	
38534	0	35716	
38535	0	35508	
38536	0	35176	
38537	0	34936	
38538	0	34740	
38539	0	34264	
38540	0	33672	
38541	0	32684	
38542	0	32144	
38543	0	32528	
38544	0	33628	
38545	0	34420	
38546	0	35268	
38547	0	36080	
38548	0	36996	
38549	0	37928	
38550	0	38228	
38551	0	37832	
38552	0	36848	
38553	0	35372	
38554	0	34096	
38555	0	33576	
38556	0	33420	
38557	0	33392	
38558	0	33428	
38559	0	33528	
38560	0	33700	
38561	0	33520	
38562	0	33272	
38563	0	32968	
38564	0	33128	
38565	0	33452	
38566	0	33460	
38567	0	32964	
38568	0	32392	
38569	0	32404	
38570	0	32156	
38571	0	31980	
38572	0	31620	
38573	0	31540	
38574	0	31452	
38575	0	31728	
38576	0	32252	
38577	0	33148	
38578	0	34368	
38579	0	35304	
38580	0	35768	
38581	0	36020	
38582	0	36204	
38583	0	35964	
38584	0	35716	
38585	0	35160	
38586	0	35124	
38587	0	34980	
38588	0	34856	
38589	0	35076	
38590	0	35308	
38591	0	34780	
38592	0	34124	
38593	0	33332	
38594	0	32156	
38595	0	30764	
38596	0	30108	
38597	0	30236	
38598	0	30776	
38599	0	31712	
38600	0	32072	
38601	0	31632	
38602	0	31272	
38603	0	31320	
38604	0	31124	
38605	0	30752	
38606	0	30884	
38607	0	31464	
38608	0	32116	
38609	0	32408	
38610	0	32412	
38611	0	32356	
38612	0	32200	
38613	0	31824	
38614	0	31348	
38615	0	31264	
38616	0	31168	
38617	0	30832	
38618	0	30096	
38619	0	29476	
38620	0	28996	
38621	0	28776	
38622	0	28660	
38623	0	29148	
38624	0	29592	
38625	0	29796	
38626	0	30064	
38627	0	30892	
38628	0	31488	
38629	0	31268	
38630	0	31208	
38631	0	31120	
38632	0	31212	
38633	0	31096	
38634	0	30680	
38635	0	30072	
38636	0	29660	
38637	0	29668	
38638	0	30042	
38639	0	30552	
38640	0	30628	
38641	0	30768	
38642	0	31396	
38643	0	32396	
38644	0	33172	
38645	0	34304	
38646	0	35252	
38647	0	35628	
38648	0	35444	
38649	0	35032	
38650	0	35268	
38651	0	35720	
38652	0	35252	
38653	0	34416	
38654	0	33660	
38655	0	33418	
38656	0	33140	
38657	0	33080	
38658	0	33268	
38659	0	34120	
38660	0	34552	
38661	0	34908	
38662	0	35208	
38663	0	35500	
38664	0	35424	
38665	0	35420	
38666	0	35048	
38667	0	34848	
38668	0	34720	
38669	0	34840	
38670	0	35404	
38671	0	36184	
38672	0	36708	
38673	0	37176	
38674	0	37740	
38675	0	38060	
38676	0	37980	
38677	0	37236	
38678	0	36364	
38679	0	35560	
38680	0	35376	
38681	0	35648	
38682	0	36130	
38683	0	36556	
38684	0	36776	
38685	0	36720	
38686	0	36986	
38687	0	37168	
38688	0	36756	
38689	0	35964	
38690	0	35332	
38691	0	34980	
38692	0	34924	
38693	0	34636	
38694	0	34088	
38695	0	33880	
38696	0	33300	
38697	0	33128	
38698	0	33176	
38699	0	33064	
38700	0	33212	
38701	0	33432	
38702	0	33108	
38703	0	31720	
38704	0	30148	
38705	0	29080	
38706	0	28336	
38707	0	28292	
38708	0	28620	
38709	0	29208	
38710	0	29976	
38711	0	30512	
38712	0	30772	
38713	0	30828	
38714	0	31272	
38715	0	32244	
38716	0	32912	
38717	0	33120	
38718	0	32956	
38719	0	32748	
38720	0	32672	
38721	0	33016	
38722	0	34044	
38723	0	35056	
38724	0	35592	
38725	0	35948	
38726	0	35672	
38727	0	35856	
38728	0	36469	
38729	0	36696	
38730	0	36496	
38731	0	36388	
38732	0	36112	
38733	0	35388	
38734	0	34388	
38735	0	33588	
38736	0	33088	
38737	0	32856	
38738	0	32504	
38739	0	32516	
38740	0	32764	
38741	0	32940	
38742	0	32800	
38743	0	32284	
38744	0	31488	
38745	0	30682	
38746	0	29948	
38747	0	29188	
38748	0	29660	
38749	0	31144	
38750	0	32648	
38751	0	33932	
38752	0	34776	
38753	0	35144	
38754	0	35240	
38755	0	35088	
38756	0	35012	
38757	0	34804	
38758	0	34280	
38759	0	33688	
38760	0	33784	
38761	0	34176	
38762	0	34644	
38763	0	35292	
38764	0	36228	
38765	0	37000	
38766	0	37472	
38767	0	37232	
38768	0	36564	
38769	0	35452	
38770	0	34280	
38771	0	33592	
38772	0	33334	
38773	0	33232	
38774	0	33232	
38775	0	33392	
38776	0	33532	
38777	0	33936	
38778	0	34076	
38779	0	34076	
38780	0	33832	
38781	0	33596	
38782	0	33228	
38783	0	32572	
38784	0	32188	
38785	0	32298	
38786	0	32712	
38787	0	33530	
38788	0	33328	
38789	0	33004	
38790	0	32784	
38791	0	32636	
38792	0	32740	
38793	0	32592	
38794	0	32204	
38795	0	31952	
38796	0	32128	
38797	0	32548	
38798	0	33364	
38799	0	33696	
38800	0	33276	
38801	0	32508	
38802	0	32088	
38803	0	31712	
38804	0	31976	
38805	0	32136	
38806	0	32212	
38807	0	32524	
38808	0	32852	
38809	0	32712	
38810	0	32300	
38811	0	31908	
38812	0	32116	
38813	0	32480	
38814	0	33312	
38815	0	34108	
38816	0	34096	
38817	0	33536	
38818	0	32756	
38819	0	32208	
38820	0	32112	
38821	0	32484	
38822	0	32392	
38823	0	32184	
38824	0	32248	
38825	0	32400	
38826	0	32320	
38827	0	32412	
38828	0	32536	
38829	0	32500	
38830	0	32058	
38831	0	31944	
38832	0	32396	
38833	0	32852	
38834	0	33402	
38835	0	33396	
38836	0	33008	
38837	0	32660	
38838	0	32572	
38839	0	32796	
38840	0	33344	
38841	0	33472	
38842	0	33200	
38843	0	33376	
38844	0	33496	
38845	0	33440	
38846	0	33288	
38847	0	32684	
38848	0	31944	
38849	0	31220	
38850	0	31128	
38851	0	31920	
38852	0	32452	
38853	0	33132	
38854	0	33500	
38855	0	33380	
38856	0	32884	
38857	0	32304	
38858	0	32096	
38859	0	32080	
38860	0	32712	
38861	0	32996	
38862	0	32816	
38863	0	32520	
38864	0	32584	
38865	0	32868	
38866	0	32852	
38867	0	32364	
38868	0	31548	
38869	0	30320	
38870	0	29440	
38871	0	29176	
38872	0	28876	
38873	0	28800	
38874	0	29184	
38875	0	29612	
38876	0	29480	
38877	0	29268	
38878	0	29272	
38879	0	28848	
38880	0	28892	
38881	0	29006	
38882	0	29008	
38883	0	29576	
38884	0	30212	
38885	0	30708	
38886	0	31608	
38887	0	32732	
38888	0	33276	
38889	0	32012	
38890	0	29260	
38891	0	26244	
38892	0	24525	
38893	0	24284	
38894	0	25654	
38895	0	27784	
38896	0	30242	
38897	0	32416	
38898	0	33936	
38899	0	34692	
38900	0	34644	
38901	0	34816	
38902	0	35180	
38903	0	35540	
38904	0	36064	
38905	0	36616	
38906	0	36920	
38907	0	36844	
38908	0	37118	
38909	0	37628	
38910	0	38264	
38911	0	38612	
38912	0	38164	
38913	0	37372	
38914	0	37272	
38915	0	36658	
38916	0	35652	
38917	0	34028	
38918	0	32352	
38919	0	30560	
38920	0	29360	
38921	0	29678	
38922	0	31152	
38923	0	32876	
38924	0	32572	
38925	0	30624	
38926	0	28572	
38927	0	27772	
38928	0	28308	
38929	0	30064	
38930	0	31984	
38931	0	33668	
38932	0	34640	
38933	0	35160	
38934	0	35864	
38935	0	36800	
38936	0	37988	
38937	0	38952	
38938	0	39304	
38939	0	39668	
38940	0	39660	
38941	0	39192	
38942	0	38808	
38943	0	39296	
38944	0	40368	
38945	0	41008	
38946	0	42136	
38947	0	43484	
38948	0	44224	
38949	0	43984	
38950	0	42684	
38951	0	40972	
38952	0	39400	
38953	0	38064	
38954	0	36288	
38955	0	35032	
38956	0	34472	
38957	0	34296	
38958	0	34076	
38959	0	34352	
38960	0	35064	
38961	0	36328	
38962	0	37692	
38963	0	38648	
38964	0	38832	
38965	0	38328	
38966	0	37972	
38967	0	37844	
38968	0	37980	
38969	0	37544	
38970	0	36828	
38971	0	35996	
38972	0	35308	
38973	0	34860	
38974	0	34358	
38975	0	34124	
38976	0	34238	
38977	0	35016	
38978	0	35920	
38979	0	36744	
38980	0	37436	
38981	0	37744	
38982	0	37744	
38983	0	38024	
38984	0	38536	
38985	0	39148	
38986	0	39392	
38987	0	39144	
38988	0	39028	
38989	0	38744	
38990	0	38876	
38991	0	38744	
38992	0	38444	
38993	0	37660	
38994	0	36840	
38995	0	35512	
38996	0	33916	
38997	0	32788	
38998	0	32632	
38999	0	33116	
39000	0	33936	
39001	0	34310	
39002	0	34028	
39003	0	34090	
39004	0	34472	
39005	0	34608	
39006	0	34968	
39007	0	35248	
39008	0	34812	
39009	0	34292	
39010	0	34448	
39011	0	35276	
39012	0	36056	
39013	0	36820	
39014	0	37288	
39015	0	37784	
39016	0	38232	
39017	0	38488	
39018	0	38488	
39019	0	38536	
39020	0	38636	
39021	0	38748	
39022	0	38908	
39023	0	39108	
39024	0	38908	
39025	0	38586	
39026	0	38500	
39027	0	37896	
39028	0	36768	
39029	0	35728	
39030	0	34340	
39031	0	33036	
39032	0	32144	
39033	0	31624	
39034	0	31220	
39035	0	30624	
39036	0	30256	
39037	0	30272	
39038	0	30200	
39039	0	30376	
39040	0	31204	
39041	0	31840	
39042	0	32712	
39043	0	33580	
39044	0	34372	
39045	0	34440	
39046	0	33840	
39047	0	33152	
39048	0	33064	
39049	0	33130	
39050	0	33424	
39051	0	33632	
39052	0	33496	
39053	0	32968	
39054	0	32320	
39055	0	31896	
39056	0	31512	
39057	0	30868	
39058	0	30276	
39059	0	29516	
39060	0	29212	
39061	0	29212	
39062	0	29584	
39063	0	29908	
39064	0	30128	
39065	0	30024	
39066	0	29336	
39067	0	28476	
39068	0	28148	
39069	0	28168	
39070	0	28828	
39071	0	29412	
39072	0	29700	
39073	0	30100	
39074	0	30208	
39075	0	30400	
39076	0	30680	
39077	0	31216	
39078	0	31684	
39079	0	31788	
39080	0	31712	
39081	0	31368	
39082	0	31072	
39083	0	30536	
39084	0	29712	
39085	0	29036	
39086	0	28556	
39087	0	28192	
39088	0	28520	
39089	0	29244	
39090	0	30416	
39091	0	31176	
39092	0	30680	
39093	0	29540	
39094	0	28188	
39095	0	27552	
39096	0	27384	
39097	0	27566	
39098	0	28312	
39099	0	28760	
39100	0	28886	
39101	0	28916	
39102	0	28864	
39103	0	28200	
39104	0	27280	
39105	0	26540	
39106	0	26384	
39107	0	26320	
39108	0	26102	
39109	0	25896	
39110	0	25892	
39111	0	26296	
39112	0	26004	
39113	0	25768	
39114	0	25504	
39115	0	25160	
39116	0	24840	
39117	0	25176	
39118	0	25444	
39119	0	26108	
39120	0	27044	
39121	0	28104	
39122	0	28588	
39123	0	28964	
39124	0	29556	
39125	0	29488	
39126	0	29208	
39127	0	28904	
39128	0	28856	
39129	0	28808	
39130	0	28184	
39131	0	27648	
39132	0	27384	
39133	0	27512	
39134	0	28088	
39135	0	28960	
39136	0	29784	
39137	0	30288	
39138	0	30556	
39139	0	30872	
39140	0	31248	
39141	0	31360	
39142	0	31136	
39143	0	31208	
39144	0	31524	
39145	0	32148	
39146	0	32748	
39147	0	33420	
39148	0	33912	
39149	0	34072	
39150	0	33676	
39151	0	32992	
39152	0	32688	
39153	0	32496	
39154	0	32248	
39155	0	32156	
39156	0	31656	
39157	0	31024	
39158	0	30448	
39159	0	30088	
39160	0	29604	
39161	0	29516	
39162	0	29348	
39163	0	29344	
39164	0	29740	
39165	0	29784	
39166	0	29788	
39167	0	30196	
39168	0	31032	
39169	0	31212	
39170	0	31004	
39171	0	30388	
39172	0	29520	
39173	0	28868	
39174	0	28252	
39175	0	27858	
39176	0	27864	
39177	0	27668	
39178	0	27328	
39179	0	27516	
39180	0	27700	
39181	0	27700	
39182	0	27108	
39183	0	26656	
39184	0	26152	
39185	0	25804	
39186	0	26236	
39187	0	26992	
39188	0	27540	
39189	0	27908	
39190	0	27832	
39191	0	27664	
39192	0	27756	
39193	0	27480	
39194	0	27600	
39195	0	28240	
39196	0	28872	
39197	0	29156	
39198	0	28840	
39199	0	28520	
39200	0	27844	
39201	0	27188	
39202	0	27256	
39203	0	27528	
39204	0	28044	
39205	0	29196	
39206	0	30004	
39207	0	29716	
39208	0	28864	
39209	0	28256	
39210	0	28556	
39211	0	29624	
39212	0	30328	
39213	0	30472	
39214	0	30444	
39215	0	29880	
39216	0	29116	
39217	0	28276	
39218	0	27732	
39219	0	27768	
39220	0	27896	
39221	0	28620	
39222	0	29588	
39223	0	30320	
39224	0	30626	
39225	0	30512	
39226	0	30704	
39227	0	30568	
39228	0	30356	
39229	0	30956	
39230	0	31572	
39231	0	32176	
39232	0	32864	
39233	0	33088	
39234	0	33272	
39235	0	33248	
39236	0	32508	
39237	0	32192	
39238	0	32828	
39239	0	33212	
39240	0	33764	
39241	0	33912	
39242	0	33592	
39243	0	33164	
39244	0	33088	
39245	0	32660	
39246	0	32104	
39247	0	31488	
39248	0	31452	
39249	0	31808	
39250	0	32212	
39251	0	32488	
39252	0	32236	
39253	0	32048	
39254	0	32056	
39255	0	32370	
39256	0	33216	
39257	0	33204	
39258	0	33004	
39259	0	32882	
39260	0	33112	
39261	0	34000	
39262	0	34884	
39263	0	35488	
39264	0	35864	
39265	0	36292	
39266	0	36748	
39267	0	36748	
39268	0	36580	
39269	0	36332	
39270	0	36168	
39271	0	36312	
39272	0	36352	
39273	0	36164	
39274	0	36100	
39275	0	36184	
39276	0	35988	
39277	0	35784	
39278	0	35888	
39279	0	35640	
39280	0	35204	
39281	0	34760	
39282	0	34960	
39283	0	35280	
39284	0	35076	
39285	0	35084	
39286	0	35148	
39287	0	35692	
39288	0	36504	
39289	0	36944	
39290	0	37048	
39291	0	36900	
39292	0	36504	
39293	0	36128	
39294	0	35784	
39295	0	35244	
39296	0	34516	
39297	0	33744	
39298	0	33304	
39299	0	33144	
39300	0	33000	
39301	0	32816	
39302	0	32720	
39303	0	33064	
39304	0	33744	
39305	0	34424	
39306	0	34888	
39307	0	35112	
39308	0	35164	
39309	0	34624	
39310	0	33576	
39311	0	32856	
39312	0	33044	
39313	0	33496	
39314	0	33736	
39315	0	33688	
39316	0	33504	
39317	0	32900	
39318	0	32392	
39319	0	31592	
39320	0	31020	
39321	0	31020	
39322	0	31976	
39323	0	33088	
39324	0	33834	
39325	0	34104	
39326	0	34028	
39327	0	33804	
39328	0	34204	
39329	0	34520	
39330	0	34624	
39331	0	34464	
39332	0	33586	
39333	0	32712	
39334	0	32328	
39335	0	32936	
39336	0	33644	
39337	0	33988	
39338	0	33562	
39339	0	33316	
39340	0	33892	
39341	0	35136	
39342	0	35828	
39343	0	36420	
39344	0	37072	
39345	0	37540	
39346	0	38028	
39347	0	38368	
39348	0	37988	
39349	0	37048	
39350	0	36816	
39351	0	37184	
39352	0	37796	
39353	0	38316	
39354	0	38304	
39355	0	38044	
39356	0	37596	
39357	0	36916	
39358	0	36508	
39359	0	36832	
39360	0	36940	
39361	0	36912	
39362	0	36832	
39363	0	36432	
39364	0	35844	
39365	0	35440	
39366	0	35528	
39367	0	35412	
39368	0	35068	
39369	0	35190	
39370	0	35156	
39371	0	35120	
39372	0	35128	
39373	0	35184	
39374	0	35840	
39375	0	37044	
39376	0	38196	
39377	0	38600	
39378	0	38384	
39379	0	37496	
39380	0	36040	
39381	0	34728	
39382	0	34008	
39383	0	33960	
39384	0	34780	
39385	0	36848	
39386	0	38360	
39387	0	38896	
39388	0	38368	
39389	0	37060	
39390	0	35556	
39391	0	34312	
39392	0	33000	
39393	0	31756	
39394	0	31488	
39395	0	31964	
39396	0	32424	
39397	0	32876	
39398	0	33312	
39399	0	33018	
39400	0	32628	
39401	0	32168	
39402	0	31648	
39403	0	31596	
39404	0	31576	
39405	0	31688	
39406	0	32176	
39407	0	32972	
39408	0	33432	
39409	0	33528	
39410	0	33920	
39411	0	34640	
39412	0	34872	
39413	0	34764	
39414	0	34944	
39415	0	35140	
39416	0	35636	
39417	0	35880	
39418	0	36420	
39419	0	37476	
39420	0	38264	
39421	0	38108	
39422	0	37824	
39423	0	37300	
39424	0	36732	
39425	0	36376	
39426	0	35708	
39427	0	34692	
39428	0	33732	
39429	0	33200	
39430	0	33100	
39431	0	33210	
39432	0	33364	
39433	0	33492	
39434	0	33730	
39435	0	33696	
39436	0	33668	
39437	0	33932	
39438	0	34360	
39439	0	35032	
39440	0	35836	
39441	0	36668	
39442	0	37152	
39443	0	37024	
39444	0	36852	
39445	0	36596	
39446	0	36316	
39447	0	36074	
39448	0	35832	
39449	0	36084	
39450	0	36468	
39451	0	36552	
39452	0	36044	
39453	0	35512	
39454	0	34956	
39455	0	34356	
39456	0	34068	
39457	0	34172	
39458	0	34592	
39459	0	35008	
39460	0	34824	
39461	0	34616	
39462	0	34516	
39463	0	34616	
39464	0	34416	
39465	0	34640	
39466	0	35192	
39467	0	35904	
39468	0	36580	
39469	0	37448	
39470	0	38184	
39471	0	38856	
39472	0	39504	
39473	0	39472	
39474	0	38432	
39475	0	36752	
39476	0	35594	
39477	0	34776	
39478	0	34364	
39479	0	34256	
39480	0	34512	
39481	0	35188	
39482	0	36040	
39483	0	36698	
39484	0	36992	
39485	0	37464	
39486	0	38024	
39487	0	38120	
39488	0	37968	
39489	0	37810	
39490	0	37900	
39491	0	38392	
39492	0	39160	
39493	0	39572	
39494	0	39628	
39495	0	39054	
39496	0	37948	
39497	0	37040	
39498	0	36564	
39499	0	36604	
39500	0	36628	
39501	0	36448	
39502	0	35960	
39503	0	35472	
39504	0	34792	
39505	0	34376	
39506	0	33984	
39507	0	33680	
39508	0	33696	
39509	0	33844	
39510	0	33660	
39511	0	33632	
39512	0	33532	
39513	0	33388	
39514	0	32784	
39515	0	32668	
39516	0	32716	
39517	0	32856	
39518	0	33308	
39519	0	33912	
39520	0	34312	
39521	0	34696	
39522	0	35360	
39523	0	35828	
39524	0	35956	
39525	0	35592	
39526	0	35560	
39527	0	36496	
39528	0	37800	
39529	0	38492	
39530	0	38152	
39531	0	36624	
39532	0	34800	
39533	0	33356	
39534	0	32832	
39535	0	32576	
39536	0	32388	
39537	0	32224	
39538	0	32144	
39539	0	32392	
39540	0	32592	
39541	0	32732	
39542	0	33388	
39543	0	33788	
39544	0	33856	
39545	0	33828	
39546	0	33804	
39547	0	33780	
39548	0	33900	
39549	0	33760	
39550	0	33780	
39551	0	34084	
39552	0	34204	
39553	0	33860	
39554	0	33864	
39555	0	33860	
39556	0	33888	
39557	0	33936	
39558	0	33568	
39559	0	32720	
39560	0	32468	
39561	0	32632	
39562	0	32352	
39563	0	31640	
39564	0	30812	
39565	0	30664	
39566	0	30508	
39567	0	30440	
39568	0	30500	
39569	0	30660	
39570	0	30506	
39571	0	30276	
39572	0	29440	
39573	0	28988	
39574	0	28580	
39575	0	28506	
39576	0	28460	
39577	0	28284	
39578	0	28464	
39579	0	28820	
39580	0	29700	
39581	0	30220	
39582	0	30296	
39583	0	30088	
39584	0	30108	
39585	0	30288	
39586	0	30520	
39587	0	30560	
39588	0	30400	
39589	0	30112	
39590	0	30004	
39591	0	29864	
39592	0	29912	
39593	0	29816	
39594	0	29892	
39595	0	30180	
39596	0	30380	
39597	0	30048	
39598	0	29640	
39599	0	29960	
39600	0	30176	
39601	0	30224	
39602	0	30388	
39603	0	31356	
39604	0	32372	
39605	0	33784	
39606	0	35444	
39607	0	36788	
39608	0	37536	
39609	0	37872	
39610	0	38444	
39611	0	38772	
39612	0	39708	
39613	0	40576	
39614	0	38816	
39615	0	35096	
39616	0	33068	
39617	0	34436	
39618	0	36092	
39619	0	37216	
39620	0	38644	
39621	0	39960	
39622	0	41168	
39623	0	41152	
39624	0	40732	
39625	0	39504	
39626	0	39444	
39627	0	39864	
39628	0	39912	
39629	0	39532	
39630	0	39356	
39631	0	39448	
39632	0	39492	
39633	0	40276	
39634	0	40764	
39635	0	39880	
39636	0	38012	
39637	0	37336	
39638	0	37264	
39639	0	37832	
39640	0	39824	
39641	0	41992	
39642	0	42868	
39643	0	44208	
39644	0	46268	
39645	0	48364	
39646	0	50636	
39647	0	53184	
39648	0	55044	
39649	0	56184	
39650	0	55936	
39651	0	54920	
39652	0	53876	
39653	0	52964	
39654	0	52252	
39655	0	51860	
39656	0	52088	
39657	0	53056	
39658	0	54288	
39659	0	55700	
39660	0	56480	
39661	0	56536	
39662	0	56544	
39663	0	56428	
39664	0	56284	
39665	0	56856	
39666	0	58360	
39667	0	60096	
39668	0	60628	
39669	0	60736	
39670	0	60008	
39671	0	58916	
39672	0	57516	
39673	0	56436	
39674	0	56440	
39675	0	56352	
39676	0	55584	
39677	0	55072	
39678	0	54436	
39679	0	53748	
39680	0	52796	
39681	0	52300	
39682	0	52304	
39683	0	52180	
39684	0	52228	
39685	0	52620	
39686	0	53268	
39687	0	53796	
39688	0	53508	
39689	0	52360	
39690	0	50756	
39691	0	48952	
39692	0	47452	
39693	0	45980	
39694	0	45232	
39695	0	44396	
39696	0	43992	
39697	0	44264	
39698	0	45024	
39699	0	45912	
39700	0	45612	
39701	0	43816	
39702	0	42112	
39703	0	40716	
39704	0	39676	
39705	0	38952	
39706	0	38700	
39707	0	38976	
39708	0	39276	
39709	0	38892	
39710	0	38404	
39711	0	37928	
39712	0	37540	
39713	0	37448	
39714	0	37492	
39715	0	38254	
39716	0	39194	
39717	0	39308	
39718	0	38724	
39719	0	37948	
39720	0	37528	
39721	0	37132	
39722	0	37136	
39723	0	37340	
39724	0	37164	
39725	0	36404	
39726	0	34592	
39727	0	32256	
39728	0	30200	
39729	0	29252	
39730	0	29224	
39731	0	29020	
39732	0	28640	
39733	0	27792	
39734	0	26728	
39735	0	25944	
39736	0	25004	
39737	0	24288	
39738	0	23912	
39739	0	23792	
39740	0	23784	
39741	0	24172	
39742	0	24692	
39743	0	24964	
39744	0	25088	
39745	0	25017	
39746	0	24376	
39747	0	23800	
39748	0	23940	
39749	0	24016	
39750	0	24104	
39751	0	23984	
39752	0	23836	
39753	0	23516	
39754	0	22820	
39755	0	22004	
39756	0	21462	
39757	0	21180	
39758	0	20850	
39759	0	20732	
39760	0	20736	
39761	0	21184	
39762	0	21864	
39763	0	22768	
39764	0	23440	
39765	0	23496	
39766	0	23092	
39767	0	22596	
39768	0	22332	
39769	0	22360	
39770	0	22912	
39771	0	24000	
39772	0	25304	
39773	0	26000	
39774	0	26112	
39775	0	26176	
39776	0	26436	
39777	0	26712	
39778	0	26556	
39779	0	26264	
39780	0	25880	
39781	0	25502	
39782	0	24912	
39783	0	24012	
39784	0	23592	
39785	0	23740	
39786	0	24020	
39787	0	24208	
39788	0	24496	
39789	0	24732	
39790	0	24088	
39791	0	23308	
39792	0	22740	
39793	0	22400	
39794	0	22370	
39795	0	22472	
39796	0	22088	
39797	0	21464	
39798	0	20632	
39799	0	20226	
39800	0	20164	
39801	0	20100	
39802	0	19936	
39803	0	19300	
39804	0	18632	
39805	0	18189	
39806	0	18078	
39807	0	18560	
39808	0	19292	
39809	0	19801	
39810	0	19832	
39811	0	19732	
39812	0	19872	
39813	0	20248	
39814	0	20844	
39815	0	21340	
39816	0	21580	
39817	0	22132	
39818	0	22548	
39819	0	22644	
39820	0	22568	
39821	0	22280	
39822	0	22488	
39823	0	22808	
39824	0	22956	
39825	0	23124	
39826	0	23244	
39827	0	23130	
39828	0	22788	
39829	0	22480	
39830	0	22072	
39831	0	22048	
39832	0	21940	
39833	0	22084	
39834	0	22260	
39835	0	22656	
39836	0	22796	
39837	0	22700	
39838	0	22444	
39839	0	21592	
39840	0	20636	
39841	0	19300	
39842	0	18824	
39843	0	19018	
39844	0	19456	
39845	0	19752	
39846	0	20136	
39847	0	20356	
39848	0	20436	
39849	0	20580	
39850	0	20812	
39851	0	21436	
39852	0	22172	
39853	0	22216	
39854	0	22236	
39855	0	22196	
39856	0	22532	
39857	0	23024	
39858	0	23436	
39859	0	23676	
39860	0	23732	
39861	0	24360	
39862	0	25252	
39863	0	26272	
39864	0	26524	
39865	0	26696	
39866	0	26972	
39867	0	26796	
39868	0	26920	
39869	0	27586	
39870	0	28020	
39871	0	27992	
39872	0	27860	
39873	0	27616	
39874	0	26976	
39875	0	26408	
39876	0	26457	
39877	0	26620	
39878	0	26184	
39879	0	25036	
39880	0	24220	
39881	0	24092	
39882	0	24710	
39883	0	25344	
39884	0	26004	
39885	0	26344	
39886	0	26756	
39887	0	27100	
39888	0	26904	
39889	0	26656	
39890	0	26236	
39891	0	26056	
39892	0	25966	
39893	0	26184	
39894	0	26556	
39895	0	26720	
39896	0	26928	
39897	0	26612	
39898	0	26358	
39899	0	26488	
39900	0	26474	
39901	0	26508	
39902	0	26284	
39903	0	25880	
39904	0	25448	
39905	0	24820	
39906	0	24260	
39907	0	23884	
39908	0	23852	
39909	0	24096	
39910	0	24160	
39911	0	24292	
39912	0	24508	
39913	0	24750	
39914	0	24776	
39915	0	24692	
39916	0	24564	
39917	0	24508	
39918	0	24776	
39919	0	24968	
39920	0	25168	
39921	0	25648	
39922	0	26132	
39923	0	26772	
39924	0	27056	
39925	0	27132	
39926	0	27168	
39927	0	27188	
39928	0	27224	
39929	0	27208	
39930	0	27418	
39931	0	28000	
39932	0	28744	
39933	0	28988	
39934	0	28512	
39935	0	28196	
39936	0	28108	
39937	0	27892	
39938	0	27672	
39939	0	27322	
39940	0	27116	
39941	0	27424	
39942	0	28524	
39943	0	29536	
39944	0	30572	
39945	0	30972	
39946	0	31128	
39947	0	31196	
39948	0	31128	
39949	0	31280	
39950	0	31400	
39951	0	31764	
39952	0	32012	
39953	0	32024	
39954	0	31944	
39955	0	31688	
39956	0	31792	
39957	0	32120	
39958	0	32280	
39959	0	32096	
39960	0	31512	
39961	0	31072	
39962	0	30664	
39963	0	30356	
39964	0	30184	
39965	0	29552	
39966	0	28940	
39967	0	28260	
39968	0	27788	
39969	0	27408	
39970	0	27264	
39971	0	27520	
39972	0	27456	
39973	0	27552	
39974	0	27946	
39975	0	28532	
39976	0	29266	
39977	0	29868	
39978	0	30377	
39979	0	30836	
39980	0	31064	
39981	0	30960	
39982	0	30812	
39983	0	30548	
39984	0	30336	
39985	0	30592	
39986	0	31080	
39987	0	31628	
39988	0	31968	
39989	0	32428	
39990	0	33232	
39991	0	33600	
39992	0	33976	
39993	0	34456	
39994	0	34476	
39995	0	34540	
39996	0	34824	
39997	0	34424	
39998	0	33576	
39999	0	32928	
40000	0	32784	
40001	0	33344	
40002	0	33896	
40003	0	34440	
40004	0	34600	
40005	0	35072	
40006	0	35360	
40007	0	35332	
40008	0	35308	
40009	0	35224	
40010	0	35420	
40011	0	35576	
40012	0	35784	
40013	0	36140	
40014	0	36012	
40015	0	35264	
40016	0	34836	
40017	0	34344	
40018	0	33908	
40019	0	33284	
40020	0	32684	
40021	0	32100	
40022	0	31460	
40023	0	31296	
40024	0	31372	
40025	0	31080	
40026	0	30844	
40027	0	31184	
40028	0	31476	
40029	0	31916	
40030	0	31696	
40031	0	31308	
40032	0	31072	
40033	0	31120	
40034	0	31252	
40035	0	31248	
40036	0	31084	
40037	0	30644	
40038	0	30448	
40039	0	30624	
40040	0	30696	
40041	0	30508	
40042	0	30420	
40043	0	30524	
40044	0	30344	
40045	0	30544	
40046	0	30836	
40047	0	31296	
40048	0	31664	
40049	0	31880	
40050	0	31822	
40051	0	31584	
40052	0	31384	
40053	0	31152	
40054	0	31016	
40055	0	31152	
40056	0	31412	
40057	0	31876	
40058	0	32100	
40059	0	32088	
40060	0	32208	
40061	0	32016	
40062	0	31876	
40063	0	31444	
40064	0	30620	
40065	0	29744	
40066	0	29408	
40067	0	29176	
40068	0	28952	
40069	0	28968	
40070	0	28948	
40071	0	28994	
40072	0	29112	
40073	0	29000	
40074	0	29036	
40075	0	29376	
40076	0	29724	
40077	0	30244	
40078	0	30720	
40079	0	31368	
40080	0	31464	
40081	0	31128	
40082	0	31164	
40083	0	31052	
40084	0	31212	
40085	0	31464	
40086	0	31772	
40087	0	32128	
40088	0	32716	
40089	0	33540	
40090	0	34000	
40091	0	34088	
40092	0	34192	
40093	0	33984	
40094	0	34054	
40095	0	34298	
40096	0	34928	
40097	0	35336	
40098	0	35904	
40099	0	36060	
40100	0	36088	
40101	0	35816	
40102	0	34872	
40103	0	33936	
40104	0	33664	
40105	0	33968	
40106	0	34700	
40107	0	35316	
40108	0	35872	
40109	0	36424	
40110	0	36672	
40111	0	36596	
40112	0	36424	
40113	0	35900	
40114	0	35284	
40115	0	34936	
40116	0	34544	
40117	0	34816	
40118	0	35424	
40119	0	35776	
40120	0	35824	
40121	0	35728	
40122	0	35908	
40123	0	35988	
40124	0	35716	
40125	0	35028	
40126	0	35040	
40127	0	35148	
40128	0	35292	
40129	0	35660	
40130	0	35928	
40131	0	36032	
40132	0	36320	
40133	0	36488	
40134	0	36424	
40135	0	35980	
40136	0	35932	
40137	0	36320	
40138	0	36596	
40139	0	36784	
40140	0	36456	
40141	0	35568	
40142	0	34480	
40143	0	33448	
40144	0	32760	
40145	0	32236	
40146	0	32184	
40147	0	32464	
40148	0	33132	
40149	0	33960	
40150	0	34048	
40151	0	33816	
40152	0	33480	
40153	0	33228	
40154	0	32632	
40155	0	31724	
40156	0	30900	
40157	0	30448	
40158	0	30612	
40159	0	30944	
40160	0	31444	
40161	0	32096	
40162	0	33076	
40163	0	33756	
40164	0	33768	
40165	0	33644	
40166	0	33552	
40167	0	33520	
40168	0	33164	
40169	0	32576	
40170	0	31404	
40171	0	30264	
40172	0	29548	
40173	0	28768	
40174	0	27634	
40175	0	26952	
40176	0	27556	
40177	0	28888	
40178	0	30066	
40179	0	30580	
40180	0	30504	
40181	0	30196	
40182	0	29856	
40183	0	30008	
40184	0	30360	
40185	0	30404	
40186	0	30612	
40187	0	30676	
40188	0	31344	
40189	0	32352	
40190	0	33472	
40191	0	34048	
40192	0	34524	
40193	0	34672	
40194	0	34332	
40195	0	34104	
40196	0	34036	
40197	0	33632	
40198	0	33144	
40199	0	32804	
40200	0	33224	
40201	0	33968	
40202	0	34704	
40203	0	35132	
40204	0	35444	
40205	0	35732	
40206	0	35768	
40207	0	35816	
40208	0	35600	
40209	0	35108	
40210	0	34680	
40211	0	34544	
40212	0	34660	
40213	0	34600	
40214	0	34432	
40215	0	34756	
40216	0	34912	
40217	0	34696	
40218	0	34620	
40219	0	34804	
40220	0	34464	
40221	0	33088	
40222	0	32164	
40223	0	31576	
40224	0	31080	
40225	0	30412	
40226	0	29856	
40227	0	29548	
40228	0	29652	
40229	0	30248	
40230	0	30160	
40231	0	29948	
40232	0	30288	
40233	0	30496	
40234	0	30652	
40235	0	30220	
40236	0	29744	
40237	0	29524	
40238	0	29344	
40239	0	28766	
40240	0	28304	
40241	0	27856	
40242	0	27344	
40243	0	27288	
40244	0	27560	
40245	0	27676	
40246	0	28096	
40247	0	28840	
40248	0	29452	
40249	0	29972	
40250	0	30048	
40251	0	30176	
40252	0	30344	
40253	0	30344	
40254	0	30144	
40255	0	29936	
40256	0	29564	
40257	0	29320	
40258	0	29220	
40259	0	29556	
40260	0	30032	
40261	0	30548	
40262	0	31116	
40263	0	31420	
40264	0	31624	
40265	0	32140	
40266	0	32884	
40267	0	33532	
40268	0	34136	
40269	0	34544	
40270	0	35008	
40271	0	35376	
40272	0	35248	
40273	0	35604	
40274	0	35700	
40275	0	36144	
40276	0	36760	
40277	0	37440	
40278	0	38088	
40279	0	38324	
40280	0	38232	
40281	0	37664	
40282	0	37416	
40283	0	37756	
40284	0	38204	
40285	0	38796	
40286	0	39356	
40287	0	39584	
40288	0	39656	
40289	0	40064	
40290	0	40688	
40291	0	40628	
40292	0	39496	
40293	0	37872	
40294	0	36560	
40295	0	35996	
40296	0	36248	
40297	0	36984	
40298	0	37900	
40299	0	39044	
40300	0	40128	
40301	0	40316	
40302	0	39664	
40303	0	38740	
40304	0	38336	
40305	0	37592	
40306	0	37184	
40307	0	36696	
40308	0	36408	
40309	0	36672	
40310	0	38560	
40311	0	40088	
40312	0	41604	
40313	0	42288	
40314	0	41588	
40315	0	40312	
40316	0	39592	
40317	0	39424	
40318	0	38668	
40319	0	36056	
40320	0	33692	
40321	0	33896	
40322	0	36536	
40323	0	38580	
40324	0	38164	
40325	0	36152	
40326	0	34780	
40327	0	36432	
40328	0	41496	
40329	0	47364	
40330	0	49864	
40331	0	49172	
40332	0	47432	
40333	0	44368	
40334	0	40820	
40335	0	38300	
40336	0	36704	
40337	0	35040	
40338	0	34068	
40339	0	34528	
40340	0	37584	
40341	0	41964	
40342	0	45540	
40343	0	48400	
40344	0	50644	
40345	0	52040	
40346	0	53024	
40347	0	54016	
40348	0	54804	
40349	0	55560	
40350	0	56672	
40351	0	58036	
40352	0	59548	
40353	0	60996	
40354	0	61252	
40355	0	61308	
40356	0	62384	
40357	0	64656	
40358	0	65480	
40359	0	65472	
40360	0	65480	
40361	0	65476	
40362	0	65464	
40363	0	65480	
40364	0	65484	
40365	0	65468	
40366	0	65472	
40367	0	65480	
40368	0	65472	
40369	0	65472	
40370	0	65464	
40371	0	65468	
40372	0	65472	
40373	0	65460	
40374	0	65472	
40375	0	65472	
40376	0	65484	
40377	0	65480	
40378	0	65460	
40379	0	64320	
40380	0	64688	
40381	0	64256	
40382	0	63320	
40383	0	62084	
40384	0	60332	
40385	0	58120	
40386	0	56576	
40387	0	55768	
40388	0	55184	
40389	0	54392	
40390	0	53900	
40391	0	53304	
40392	0	52268	
40393	0	50888	
40394	0	49264	
40395	0	47864	
40396	0	47168	
40397	0	47624	
40398	0	49180	
40399	0	50444	
40400	0	50912	
40401	0	50360	
40402	0	49184	
40403	0	48012	
40404	0	47104	
40405	0	46400	
40406	0	45368	
40407	0	44136	
40408	0	43436	
40409	0	43208	
40410	0	43688	
40411	0	44492	
40412	0	44752	
40413	0	44388	
40414	0	44176	
40415	0	43940	
40416	0	43256	
40417	0	42160	
40418	0	40384	
40419	0	37800	
40420	0	35392	
40421	0	34080	
40422	0	33644	
40423	0	34432	
40424	0	35644	
40425	0	37408	
40426	0	38368	
40427	0	38912	
40428	0	38916	
40429	0	37872	
40430	0	36560	
40431	0	35888	
40432	0	34636	
40433	0	33956	
40434	0	34228	
40435	0	35260	
40436	0	35964	
40437	0	36052	
40438	0	35368	
40439	0	33848	
40440	0	32237	
40441	0	31504	
40442	0	31476	
40443	0	31296	
40444	0	31500	
40445	0	31528	
40446	0	31100	
40447	0	30000	
40448	0	28424	
40449	0	25552	
40450	0	22452	
40451	0	20130	
40452	0	19188	
40453	0	19232	
40454	0	19696	
40455	0	19832	
40456	0	18908	
40457	0	18096	
40458	0	18170	
40459	0	18624	
40460	0	19154	
40461	0	19536	
40462	0	19248	
40463	0	17960	
40464	0	16360	
40465	0	14652	
40466	0	13268	
40467	0	13248	
40468	0	14464	
40469	0	15708	
40470	0	16844	
40471	0	17260	
40472	0	16850	
40473	0	16412	
40474	0	15584	
40475	0	14666	
40476	0	14312	
40477	0	14104	
40478	0	14364	
40479	0	14304	
40480	0	13052	
40481	0	11676	
40482	0	10940	
40483	0	10566	
40484	0	10264	
40485	0	9360	
40486	0	8302	
40487	0	6801	
40488	0	5958	
40489	0	6007	
40490	0	6933	
40491	0	7836	
40492	0	8577	
40493	0	9384	
40494	0	9896	
40495	0	10354	
40496	0	11137	
40497	0	11208	
40498	0	10604	
40499	0	9700	
40500	0	8731	
40501	0	7616	
40502	0	6984	
40503	0	6881	
40504	0	7266	
40505	0	7604	
40506	0	8090	
40507	0	8682	
40508	0	9032	
40509	0	8674	
40510	0	7595	
40511	0	6749	
40512	0	6172	
40513	0	5930	
40514	0	6297	
40515	0	6890	
40516	0	6540	
40517	0	6688	
40518	0	7188	
40519	0	7164	
40520	0	7272	
40521	0	7402	
40522	0	7788	
40523	0	8847	
40524	0	10042	
40525	0	11162	
40526	0	11680	
40527	0	12196	
40528	0	12716	
40529	0	13770	
40530	0	14360	
40531	0	14612	
40532	0	14572	
40533	0	14036	
40534	0	13600	
40535	0	12636	
40536	0	11236	
40537	0	10026	
40538	0	9492	
40539	0	9146	
40540	0	9436	
40541	0	10325	
40542	0	10797	
40543	0	10948	
40544	0	10938	
40545	0	11276	
40546	0	11226	
40547	0	11269	
40548	0	11950	
40549	0	12405	
40550	0	12618	
40551	0	13204	
40552	0	14018	
40553	0	14578	
40554	0	13836	
40555	0	12638	
40556	0	11525	
40557	0	11344	
40558	0	11772	
40559	0	12522	
40560	0	13704	
40561	0	14788	
40562	0	15772	
40563	0	17056	
40564	0	17868	
40565	0	17832	
40566	0	17996	
40567	0	17900	
40568	0	18008	
40569	0	17842	
40570	0	17274	
40571	0	16316	
40572	0	15593	
40573	0	15582	
40574	0	15917	
40575	0	15850	
40576	0	15040	
40577	0	13800	
40578	0	13104	
40579	0	13498	
40580	0	14677	
40581	0	16384	
40582	0	17844	
40583	0	18608	
40584	0	19500	
40585	0	20504	
40586	0	21260	
40587	0	21556	
40588	0	22244	
40589	0	22813	
40590	0	22776	
40591	0	22532	
40592	0	21472	
40593	0	20316	
40594	0	19341	
40595	0	18320	
40596	0	18460	
40597	0	19328	
40598	0	19928	
40599	0	20004	
40600	0	20072	
40601	0	20616	
40602	0	21228	
40603	0	21904	
40604	0	22656	
40605	0	23416	
40606	0	23372	
40607	0	23740	
40608	0	24128	
40609	0	24200	
40610	0	23892	
40611	0	23329	
40612	0	22312	
40613	0	22024	
40614	0	22036	
40615	0	22288	
40616	0	22436	
40617	0	23292	
40618	0	24506	
40619	0	24920	
40620	0	24908	
40621	0	24836	
40622	0	24372	
40623	0	24466	
40624	0	24640	
40625	0	25296	
40626	0	25568	
40627	0	26384	
40628	0	27748	
40629	0	28132	
40630	0	27796	
40631	0	27900	
40632	0	28324	
40633	0	28466	
40634	0	28056	
40635	0	26740	
40636	0	25060	
40637	0	23880	
40638	0	23680	
40639	0	23852	
40640	0	24172	
40641	0	25080	
40642	0	25648	
40643	0	26272	
40644	0	27092	
40645	0	28016	
40646	0	28548	
40647	0	28164	
40648	0	28184	
40649	0	28240	
40650	0	28204	
40651	0	28472	
40652	0	28356	
40653	0	27524	
40654	0	26772	
40655	0	26678	
40656	0	26716	
40657	0	27176	
40658	0	27348	
40659	0	27532	
40660	0	27744	
40661	0	28044	
40662	0	28288	
40663	0	28348	
40664	0	28360	
40665	0	28212	
40666	0	28372	
40667	0	29304	
40668	0	30896	
40669	0	32264	
40670	0	33176	
40671	0	34304	
40672	0	35696	
40673	0	37456	
40674	0	39020	
40675	0	40008	
40676	0	40492	
40677	0	40956	
40678	0	40144	
40679	0	38072	
40680	0	35200	
40681	0	31752	
40682	0	28244	
40683	0	25193	
40684	0	22752	
40685	0	21146	
40686	0	21018	
40687	0	22212	
40688	0	24480	
40689	0	27534	
40690	0	30868	
40691	0	34068	
40692	0	36688	
40693	0	38580	
40694	0	38936	
40695	0	38432	
40696	0	37920	
40697	0	37480	
40698	0	37696	
40699	0	38620	
40700	0	39176	
40701	0	39936	
40702	0	40964	
40703	0	41640	
40704	0	42240	
40705	0	42600	
40706	0	42712	
40707	0	42624	
40708	0	41916	
40709	0	41524	
40710	0	41532	
40711	0	41672	
40712	0	41192	
40713	0	40800	
40714	0	40176	
40715	0	39672	
40716	0	39116	
40717	0	38704	
40718	0	39720	
40719	0	41636	
40720	0	42864	
40721	0	43000	
40722	0	42360	
40723	0	41672	
40724	0	40768	
40725	0	39700	
40726	0	38976	
40727	0	38884	
40728	0	38960	
40729	0	39176	
40730	0	39860	
40731	0	40528	
40732	0	41584	
40733	0	43080	
40734	0	44096	
40735	0	43756	
40736	0	43060	
40737	0	42052	
40738	0	41032	
40739	0	40724	
40740	0	40172	
40741	0	39432	
40742	0	39276	
40743	0	39564	
40744	0	39976	
40745	0	40464	
40746	0	40824	
40747	0	40800	
40748	0	41200	
40749	0	41672	
40750	0	41684	
40751	0	40888	
40752	0	39836	
40753	0	39152	
40754	0	38452	
40755	0	38000	
40756	0	38418	
40757	0	38836	
40758	0	38900	
40759	0	39056	
40760	0	39668	
40761	0	40600	
40762	0	41984	
40763	0	43640	
40764	0	44640	
40765	0	44908	
40766	0	44472	
40767	0	43664	
40768	0	43176	
40769	0	42992	
40770	0	43632	
40771	0	43680	
40772	0	43604	
40773	0	43616	
40774	0	43316	
40775	0	42268	
40776	0	40628	
40777	0	39852	
40778	0	40620	
40779	0	41784	
40780	0	42388	
40781	0	42236	
40782	0	42116	
40783	0	42396	
40784	0	42048	
40785	0	41068	
40786	0	40624	
40787	0	39892	
40788	0	38536	
40789	0	37960	
40790	0	37864	
40791	0	37528	
40792	0	37188	
40793	0	37248	
40794	0	37196	
40795	0	37200	
40796	0	36420	
40797	0	35640	
40798	0	35604	
40799	0	35444	
40800	0	34392	
40801	0	34024	
40802	0	34892	
40803	0	36588	
40804	0	37944	
40805	0	39044	
40806	0	40116	
40807	0	40312	
40808	0	38892	
40809	0	37028	
40810	0	35568	
40811	0	35296	
40812	0	36036	
40813	0	36860	
40814	0	37508	
40815	0	37624	
40816	0	37204	
40817	0	36488	
40818	0	35820	
40819	0	34988	
40820	0	34328	
40821	0	33452	
40822	0	32992	
40823	0	33216	
40824	0	34008	
40825	0	34728	
40826	0	35672	
40827	0	37484	
40828	0	39304	
40829	0	40656	
40830	0	40528	
40831	0	38900	
40832	0	36896	
40833	0	35716	
40834	0	34732	
40835	0	33748	
40836	0	33360	
40837	0	33036	
40838	0	32666	
40839	0	32356	
40840	0	32596	
40841	0	32900	
40842	0	33228	
40843	0	33884	
40844	0	34892	
40845	0	35912	
40846	0	36424	
40847	0	36136	
40848	0	35946	
40849	0	35768	
40850	0	35188	
40851	0	34384	
40852	0	33768	
40853	0	33428	
40854	0	32976	
40855	0	32826	
40856	0	33572	
40857	0	34168	
40858	0	34464	
40859	0	35152	
40860	0	35836	
40861	0	36056	
40862	0	35548	
40863	0	35044	
40864	0	34372	
40865	0	33940	
40866	0	33980	
40867	0	34236	
40868	0	34340	
40869	0	33812	
40870	0	33780	
40871	0	33904	
40872	0	33884	
40873	0	33600	
40874	0	33208	
40875	0	33128	
40876	0	33336	
40877	0	33528	
40878	0	32824	
40879	0	31728	
40880	0	31296	
40881	0	31400	
40882	0	32196	
40883	0	33292	
40884	0	34088	
40885	0	34552	
40886	0	34988	
40887	0	35528	
40888	0	35648	
40889	0	35204	
40890	0	34768	
40891	0	35536	
40892	0	37416	
40893	0	38640	
40894	0	38380	
40895	0	37864	
40896	0	37808	
40897	0	38080	
40898	0	38532	
40899	0	38416	
40900	0	38172	
40901	0	37940	
40902	0	37344	
40903	0	36572	
40904	0	36084	
40905	0	35552	
40906	0	34900	
40907	0	34332	
40908	0	34024	
40909	0	34032	
40910	0	33612	
40911	0	33128	
40912	0	32828	
40913	0	33092	
40914	0	33564	
40915	0	33738	
40916	0	33328	
40917	0	32772	
40918	0	31728	
40919	0	31360	
40920	0	31664	
40921	0	32916	
40922	0	34708	
40923	0	36092	
40924	0	36764	
40925	0	38200	
40926	0	38732	
40927	0	38376	
40928	0	37992	
40929	0	38032	
40930	0	38608	
40931	0	38656	
40932	0	37068	
40933	0	34832	
40934	0	33204	
40935	0	31216	
40936	0	29560	
40937	0	28228	
40938	0	27428	
40939	0	27340	
40940	0	27852	
40941	0	28312	
40942	0	29016	
40943	0	30384	
40944	0	31560	
40945	0	32132	
40946	0	32224	
40947	0	32348	
40948	0	32472	
40949	0	32256	
40950	0	31456	
40951	0	30144	
40952	0	29240	
40953	0	28836	
40954	0	29208	
40955	0	29784	
40956	0	30328	
40957	0	30628	
40958	0	30656	
40959	0	30656	
40960	0	30732	
40961	0	30996	
40962	0	30732	
40963	0	30284	
40964	0	29380	
40965	0	29424	
40966	0	29864	
40967	0	30044	
40968	0	29776	
40969	0	30120	
40970	0	31464	
40971	0	33220	
40972	0	33940	
40973	0	33404	
40974	0	32586	
40975	0	31924	
40976	0	31448	
40977	0	31872	
40978	0	31848	
40979	0	31388	
40980	0	30768	
40981	0	30548	
40982	0	31184	
40983	0	32700	
40984	0	33776	
40985	0	33920	
40986	0	33376	
40987	0	32960	
40988	0	32720	
40989	0	33320	
40990	0	34372	
40991	0	36040	
40992	0	37448	
40993	0	39148	
40994	0	40672	
40995	0	40808	
40996	0	40176	
40997	0	38592	
40998	0	36460	
40999	0	35456	
41000	0	35932	
41001	0	37244	
41002	0	37840	
41003	0	37408	
41004	0	35956	
41005	0	34372	
41006	0	33708	
41007	0	34696	
41008	0	35456	
41009	0	34784	
41010	0	34256	
41011	0	34332	
41012	0	32928	
41013	0	31332	
41014	0	30016	
41015	0	29772	
41016	0	30032	
41017	0	30556	
41018	0	31876	
41019	0	33152	
41020	0	34396	
41021	0	36212	
41022	0	37560	
41023	0	38512	
41024	0	38696	
41025	0	39308	
41026	0	39512	
41027	0	38260	
41028	0	36404	
41029	0	35796	
41030	0	35624	
41031	0	35912	
41032	0	36820	
41033	0	37024	
41034	0	36400	
41035	0	34692	
41036	0	32876	
41037	0	31572	
41038	0	32412	
41039	0	34004	
41040	0	34768	
41041	0	33792	
41042	0	32352	
41043	0	30632	
41044	0	29160	
41045	0	28652	
41046	0	28656	
41047	0	28476	
41048	0	28208	
41049	0	28724	
41050	0	29576	
41051	0	30160	
41052	0	31268	
41053	0	32004	
41054	0	32916	
41055	0	33274	
41056	0	32728	
41057	0	31928	
41058	0	31872	
41059	0	32524	
41060	0	32952	
41061	0	33080	
41062	0	32552	
41063	0	32248	
41064	0	32720	
41065	0	33088	
41066	0	33688	
41067	0	34084	
41068	0	33896	
41069	0	34408	
41070	0	35108	
41071	0	35992	
41072	0	36532	
41073	0	36744	
41074	0	36860	
41075	0	36692	
41076	0	35432	
41077	0	33620	
41078	0	31976	
41079	0	30702	
41080	0	30016	
41081	0	29784	
41082	0	29824	
41083	0	30512	
41084	0	31260	
41085	0	31760	
41086	0	31972	
41087	0	31948	
41088	0	32704	
41089	0	34068	
41090	0	34944	
41091	0	35224	
41092	0	35588	
41093	0	35216	
41094	0	34488	
41095	0	34126	
41096	0	34020	
41097	0	34404	
41098	0	34184	
41099	0	33850	
41100	0	33144	
41101	0	32916	
41102	0	32948	
41103	0	32432	
41104	0	31800	
41105	0	30428	
41106	0	29084	
41107	0	28700	
41108	0	29188	
41109	0	30860	
41110	0	32552	
41111	0	33156	
41112	0	33976	
41113	0	34680	
41114	0	34392	
41115	0	33648	
41116	0	33080	
41117	0	32636	
41118	0	32960	
41119	0	32888	
41120	0	32800	
41121	0	32752	
41122	0	32760	
41123	0	32712	
41124	0	32572	
41125	0	32532	
41126	0	32904	
41127	0	33180	
41128	0	33156	
41129	0	32396	
41130	0	32036	
41131	0	32532	
41132	0	33424	
41133	0	34828	
41134	0	36344	
41135	0	36924	
41136	0	36764	
41137	0	36012	
41138	0	35212	
41139	0	34548	
41140	0	34128	
41141	0	32912	
41142	0	31384	
41143	0	31256	
41144	0	31588	
41145	0	32266	
41146	0	32744	
41147	0	32564	
41148	0	32396	
41149	0	31916	
41150	0	31592	
41151	0	31648	
41152	0	31684	
41153	0	31504	
41154	0	31532	
41155	0	32112	
41156	0	32232	
41157	0	31880	
41158	0	31128	
41159	0	30076	
41160	0	29444	
41161	0	30128	
41162	0	31396	
41163	0	32288	
41164	0	32062	
41165	0	30664	
41166	0	28904	
41167	0	28472	
41168	0	29160	
41169	0	29668	
41170	0	29158	
41171	0	28024	
41172	0	27376	
41173	0	28300	
41174	0	29616	
41175	0	31056	
41176	0	32540	
41177	0	33408	
41178	0	33740	
41179	0	33680	
41180	0	33616	
41181	0	33216	
41182	0	32764	
41183	0	32496	
41184	0	32928	
41185	0	33344	
41186	0	33476	
41187	0	33180	
41188	0	33512	
41189	0	34412	
41190	0	35000	
41191	0	34836	
41192	0	34424	
41193	0	33516	
41194	0	32612	
41195	0	31792	
41196	0	31672	
41197	0	31772	
41198	0	32204	
41199	0	32636	
41200	0	32984	
41201	0	32832	
41202	0	34056	
41203	0	34988	
41204	0	33828	
41205	0	31552	
41206	0	30372	
41207	0	30136	
41208	0	30336	
41209	0	30788	
41210	0	30844	
41211	0	30644	
41212	0	32136	
41213	0	34404	
41214	0	34988	
41215	0	35060	
41216	0	34920	
41217	0	34920	
41218	0	34392	
41219	0	33744	
41220	0	32684	
41221	0	32360	
41222	0	32536	
41223	0	33484	
41224	0	34680	
41225	0	36208	
41226	0	37592	
41227	0	38536	
41228	0	37748	
41229	0	36984	
41230	0	37904	
41231	0	39780	
41232	0	40708	
41233	0	40384	
41234	0	39360	
41235	0	37872	
41236	0	36852	
41237	0	35444	
41238	0	34556	
41239	0	35328	
41240	0	36268	
41241	0	36656	
41242	0	36148	
41243	0	34488	
41244	0	32348	
41245	0	31772	
41246	0	32196	
41247	0	32464	
41248	0	33460	
41249	0	33685	
41250	0	33480	
41251	0	34664	
41252	0	35960	
41253	0	35640	
41254	0	34280	
41255	0	33000	
41256	0	32500	
41257	0	32360	
41258	0	31852	
41259	0	31912	
41260	0	32768	
41261	0	33896	
41262	0	35008	
41263	0	35020	
41264	0	33592	
41265	0	31992	
41266	0	30648	
41267	0	30308	
41268	0	30544	
41269	0	31676	
41270	0	32632	
41271	0	32616	
41272	0	31996	
41273	0	31112	
41274	0	30784	
41275	0	30768	
41276	0	30604	
41277	0	30452	
41278	0	30992	
41279	0	31418	
41280	0	32660	
41281	0	34112	
41282	0	34800	
41283	0	34412	
41284	0	32956	
41285	0	31340	
41286	0	30560	
41287	0	30540	
41288	0	31024	
41289	0	32304	
41290	0	32968	
41291	0	32288	
41292	0	31200	
41293	0	29914	
41294	0	29160	
41295	0	29480	
41296	0	30756	
41297	0	32112	
41298	0	33464	
41299	0	34424	
41300	0	34708	
41301	0	35652	
41302	0	36076	
41303	0	35888	
41304	0	34944	
41305	0	33328	
41306	0	31572	
41307	0	30960	
41308	0	31752	
41309	0	33504	
41310	0	35720	
41311	0	37008	
41312	0	37188	
41313	0	36944	
41314	0	36460	
41315	0	35836	
41316	0	35268	
41317	0	35240	
41318	0	35096	
41319	0	34292	
41320	0	33500	
41321	0	33552	
41322	0	33496	
41323	0	34576	
41324	0	35076	
41325	0	34772	
41326	0	34512	
41327	0	34836	
41328	0	34822	
41329	0	35444	
41330	0	36064	
41331	0	35576	
41332	0	34964	
41333	0	34724	
41334	0	34604	
41335	0	34556	
41336	0	33748	
41337	0	32816	
41338	0	32384	
41339	0	32224	
41340	0	32140	
41341	0	31992	
41342	0	31760	
41343	0	31752	
41344	0	32300	
41345	0	33164	
41346	0	33940	
41347	0	34316	
41348	0	34964	
41349	0	35620	
41350	0	35616	
41351	0	35292	
41352	0	35144	
41353	0	35308	
41354	0	34812	
41355	0	34912	
41356	0	35924	
41357	0	35680	
41358	0	34252	
41359	0	33096	
41360	0	30600	
41361	0	26412	
41362	0	25081	
41363	0	25344	
41364	0	26565	
41365	0	27232	
41366	0	26228	
41367	0	24760	
41368	0	25424	
41369	0	27700	
41370	0	30576	
41371	0	32708	
41372	0	34304	
41373	0	34928	
41374	0	34336	
41375	0	32896	
41376	0	32192	
41377	0	31988	
41378	0	31500	
41379	0	30596	
41380	0	30212	
41381	0	30284	
41382	0	30096	
41383	0	30336	
41384	0	31048	
41385	0	31972	
41386	0	32372	
41387	0	32168	
41388	0	31680	
41389	0	31608	
41390	0	31720	
41391	0	31528	
41392	0	30762	
41393	0	30080	
41394	0	29412	
41395	0	28800	
41396	0	28858	
41397	0	29480	
41398	0	30896	
41399	0	33696	
41400	0	37312	
41401	0	38988	
41402	0	38148	
41403	0	36090	
41404	0	34096	
41405	0	32528	
41406	0	31940	
41407	0	32556	
41408	0	32336	
41409	0	31580	
41410	0	30336	
41411	0	30260	
41412	0	30056	
41413	0	30112	
41414	0	30096	
41415	0	30276	
41416	0	30268	
41417	0	30364	
41418	0	30840	
41419	0	31184	
41420	0	31440	
41421	0	32008	
41422	0	32840	
41423	0	33960	
41424	0	34992	
41425	0	35436	
41426	0	35576	
41427	0	35664	
41428	0	35742	
41429	0	36488	
41430	0	37760	
41431	0	39284	
41432	0	40488	
41433	0	41620	
41434	0	41450	
41435	0	38432	
41436	0	35384	
41437	0	33600	
41438	0	32452	
41439	0	32672	
41440	0	33144	
41441	0	32176	
41442	0	32176	
41443	0	31840	
41444	0	31960	
41445	0	32000	
41446	0	32112	
41447	0	32908	
41448	0	33440	
41449	0	32762	
41450	0	32776	
41451	0	33188	
41452	0	33288	
41453	0	33168	
41454	0	33272	
41455	0	34332	
41456	0	34704	
41457	0	35700	
41458	0	36648	
41459	0	36436	
41460	0	35784	
41461	0	34636	
41462	0	33792	
41463	0	33444	
41464	0	33932	
41465	0	34804	
41466	0	35120	
41467	0	34516	
41468	0	34196	
41469	0	34308	
41470	0	34088	
41471	0	34456	
41472	0	35264	
41473	0	36080	
41474	0	36340	
41475	0	36980	
41476	0	38588	
41477	0	39152	
41478	0	38372	
41479	0	35548	
41480	0	31852	
41481	0	29552	
41482	0	29068	
41483	0	29812	
41484	0	31284	
41485	0	31240	
41486	0	32356	
41487	0	34248	
41488	0	35636	
41489	0	35512	
41490	0	34804	
41491	0	33968	
41492	0	34012	
41493	0	33824	
41494	0	33984	
41495	0	34532	
41496	0	35260	
41497	0	36172	
41498	0	36508	
41499	0	35880	
41500	0	35476	
41501	0	35516	
41502	0	35762	
41503	0	36876	
41504	0	38516	
41505	0	39848	
41506	0	40784	
41507	0	40856	
41508	0	40368	
41509	0	39392	
41510	0	38252	
41511	0	36860	
41512	0	35648	
41513	0	35680	
41514	0	36616	
41515	0	36752	
41516	0	36428	
41517	0	36132	
41518	0	36080	
41519	0	37264	
41520	0	38232	
41521	0	38432	
41522	0	38564	
41523	0	38632	
41524	0	37328	
41525	0	35024	
41526	0	32624	
41527	0	31392	
41528	0	31604	
41529	0	32240	
41530	0	32800	
41531	0	33112	
41532	0	33040	
41533	0	32496	
41534	0	32056	
41535	0	32832	
41536	0	34712	
41537	0	36920	
41538	0	37876	
41539	0	37440	
41540	0	35916	
41541	0	34036	
41542	0	32984	
41543	0	32924	
41544	0	33212	
41545	0	34100	
41546	0	35312	
41547	0	37048	
41548	0	38388	
41549	0	38928	
41550	0	39612	
41551	0	40268	
41552	0	40076	
41553	0	39432	
41554	0	38752	
41555	0	38420	
41556	0	37840	
41557	0	37324	
41558	0	37284	
41559	0	36624	
41560	0	35992	
41561	0	35544	
41562	0	35096	
41563	0	34392	
41564	0	33392	
41565	0	32673	
41566	0	33273	
41567	0	34288	
41568	0	35092	
41569	0	35648	
41570	0	34756	
41571	0	33396	
41572	0	32008	
41573	0	31064	
41574	0	31564	
41575	0	32980	
41576	0	34640	
41577	0	35408	
41578	0	35540	
41579	0	35328	
41580	0	35300	
41581	0	34592	
41582	0	33572	
41583	0	32856	
41584	0	32344	
41585	0	32096	
41586	0	32352	
41587	0	32716	
41588	0	32420	
41589	0	31724	
41590	0	31256	
41591	0	30392	
41592	0	29072	
41593	0	28492	
41594	0	29596	
41595	0	30016	
41596	0	29560	
41597	0	30096	
41598	0	30776	
41599	0	30924	
41600	0	31272	
41601	0	31964	
41602	0	32584	
41603	0	32900	
41604	0	32540	
41605	0	31312	
41606	0	30108	
41607	0	29780	
41608	0	29920	
41609	0	29808	
41610	0	29232	
41611	0	28460	
41612	0	29040	
41613	0	31048	
41614	0	32932	
41615	0	34144	
41616	0	34688	
41617	0	34800	
41618	0	34236	
41619	0	32836	
41620	0	31624	
41621	0	30960	
41622	0	30712	
41623	0	32060	
41624	0	33840	
41625	0	34392	
41626	0	33376	
41627	0	31448	
41628	0	29632	
41629	0	28176	
41630	0	26620	
41631	0	25196	
41632	0	25296	
41633	0	26052	
41634	0	27212	
41635	0	30380	
41636	0	34624	
41637	0	38552	
41638	0	38880	
41639	0	36008	
41640	0	32604	
41641	0	30328	
41642	0	28372	
41643	0	26724	
41644	0	26556	
41645	0	27128	
41646	0	28584	
41647	0	29932	
41648	0	30544	
41649	0	30324	
41650	0	29604	
41651	0	29554	
41652	0	30560	
41653	0	31764	
41654	0	31984	
41655	0	30860	
41656	0	29368	
41657	0	29232	
41658	0	30724	
41659	0	32748	
41660	0	34036	
41661	0	34328	
41662	0	34580	
41663	0	34420	
41664	0	34378	
41665	0	34336	
41666	0	34732	
41667	0	34460	
41668	0	34616	
41669	0	34240	
41670	0	32372	
41671	0	30896	
41672	0	30664	
41673	0	32000	
41674	0	33616	
41675	0	35140	
41676	0	35616	
41677	0	35008	
41678	0	34428	
41679	0	34432	
41680	0	34852	
41681	0	34488	
41682	0	33500	
41683	0	32460	
41684	0	32228	
41685	0	32758	
41686	0	32961	
41687	0	34132	
41688	0	35856	
41689	0	37116	
41690	0	36176	
41691	0	32952	
41692	0	29996	
41693	0	28544	
41694	0	29946	
41695	0	32900	
41696	0	36000	
41697	0	37088	
41698	0	36584	
41699	0	35776	
41700	0	35136	
41701	0	34708	
41702	0	34296	
41703	0	34492	
41704	0	35116	
41705	0	34592	
41706	0	33948	
41707	0	34168	
41708	0	34144	
41709	0	33312	
41710	0	32224	
41711	0	31984	
41712	0	31724	
41713	0	31208	
41714	0	30338	
41715	0	29924	
41716	0	30416	
41717	0	30724	
41718	0	30952	
41719	0	31672	
41720	0	31900	
41721	0	32712	
41722	0	33416	
41723	0	33720	
41724	0	33612	
41725	0	32744	
41726	0	32740	
41727	0	33568	
41728	0	34080	
41729	0	34333	
41730	0	33930	
41731	0	33232	
41732	0	32888	
41733	0	34044	
41734	0	35012	
41735	0	35368	
41736	0	35160	
41737	0	34332	
41738	0	32416	
41739	0	30208	
41740	0	29312	
41741	0	29436	
41742	0	30520	
41743	0	31268	
41744	0	31000	
41745	0	30376	
41746	0	30224	
41747	0	29712	
41748	0	29352	
41749	0	29356	
41750	0	29212	
41751	0	30060	
41752	0	31992	
41753	0	33433	
41754	0	33352	
41755	0	32216	
41756	0	30884	
41757	0	30784	
41758	0	31232	
41759	0	31776	
41760	0	32256	
41761	0	32456	
41762	0	32544	
41763	0	32132	
41764	0	31900	
41765	0	31920	
41766	0	32068	
41767	0	32012	
41768	0	30648	
41769	0	29312	
41770	0	28740	
41771	0	28876	
41772	0	29196	
41773	0	29470	
41774	0	29188	
41775	0	28684	
41776	0	28380	
41777	0	28632	
41778	0	28560	
41779	0	28100	
41780	0	27548	
41781	0	27568	
41782	0	27844	
41783	0	28432	
41784	0	29208	
41785	0	29744	
41786	0	30192	
41787	0	31160	
41788	0	32024	
41789	0	32736	
41790	0	33192	
41791	0	33184	
41792	0	33192	
41793	0	33304	
41794	0	34036	
41795	0	34912	
41796	0	35488	
41797	0	34868	
41798	0	33776	
41799	0	32692	
41800	0	31848	
41801	0	31304	
41802	0	31488	
41803	0	32056	
41804	0	32484	
41805	0	32752	
41806	0	33072	
41807	0	33172	
41808	0	33184	
41809	0	31828	
41810	0	29924	
41811	0	28796	
41812	0	28556	
41813	0	28848	
41814	0	29288	
41815	0	29696	
41816	0	30408	
41817	0	30420	
41818	0	29300	
41819	0	28560	
41820	0	28928	
41821	0	30324	
41822	0	32084	
41823	0	33420	
41824	0	33516	
41825	0	32256	
41826	0	30608	
41827	0	30116	
41828	0	31080	
41829	0	32008	
41830	0	31436	
41831	0	30424	
41832	0	28808	
41833	0	27736	
41834	0	27168	
41835	0	28848	
41836	0	31924	
41837	0	33060	
41838	0	32364	
41839	0	31500	
41840	0	31224	
41841	0	30352	
41842	0	28920	
41843	0	28492	
41844	0	29452	
41845	0	30160	
41846	0	30368	
41847	0	29676	
41848	0	28344	
41849	0	27268	
41850	0	26532	
41851	0	26372	
41852	0	26398	
41853	0	26480	
41854	0	26856	
41855	0	27740	
41856	0	28460	
41857	0	28816	
41858	0	27920	
41859	0	26832	
41860	0	26128	
41861	0	26456	
41862	0	27480	
41863	0	28940	
41864	0	30364	
41865	0	30072	
41866	0	28756	
41867	0	27600	
41868	0	27532	
41869	0	27968	
41870	0	28560	
41871	0	28564	
41872	0	28436	
41873	0	27984	
41874	0	27036	
41875	0	26764	
41876	0	26594	
41877	0	25648	
41878	0	25124	
41879	0	25056	
41880	0	25820	
41881	0	27580	
41882	0	30308	
41883	0	32108	
41884	0	32628	
41885	0	33176	
41886	0	33312	
41887	0	32864	
41888	0	32504	
41889	0	31864	
41890	0	30956	
41891	0	30232	
41892	0	29544	
41893	0	29081	
41894	0	28812	
41895	0	29348	
41896	0	30636	
41897	0	32056	
41898	0	33060	
41899	0	34116	
41900	0	34832	
41901	0	33648	
41902	0	31652	
41903	0	30064	
41904	0	27528	
41905	0	24412	
41906	0	23540	
41907	0	25464	
41908	0	28036	
41909	0	30712	
41910	0	33312	
41911	0	34276	
41912	0	34308	
41913	0	32712	
41914	0	31512	
41915	0	30740	
41916	0	31008	
41917	0	32020	
41918	0	32456	
41919	0	32836	
41920	0	32928	
41921	0	32336	
41922	0	30912	
41923	0	28588	
41924	0	26388	
41925	0	24520	
41926	0	23380	
41927	0	22826	
41928	0	22804	
41929	0	23624	
41930	0	24064	
41931	0	23904	
41932	0	23098	
41933	0	21676	
41934	0	21412	
41935	0	22252	
41936	0	21280	
41937	0	19676	
41938	0	18612	
41939	0	19260	
41940	0	19128	
41941	0	19060	
41942	0	20750	
41943	0	24376	
41944	0	28496	
41945	0	32836	
41946	0	37320	
41947	0	42516	
41948	0	46700	
41949	0	47148	
41950	0	41964	
41951	0	37824	
41952	0	35600	
41953	0	36464	
41954	0	37752	
41955	0	37652	
41956	0	36544	
41957	0	34396	
41958	0	31432	
41959	0	28088	
41960	0	26160	
41961	0	27052	
41962	0	29100	
41963	0	31244	
41964	0	32840	
41965	0	33276	
41966	0	33040	
41967	0	32500	
41968	0	32056	
41969	0	32252	
41970	0	33128	
41971	0	32700	
41972	0	31664	
41973	0	30784	
41974	0	29880	
41975	0	29052	
41976	0	29496	
41977	0	31220	
41978	0	32144	
41979	0	31780	
41980	0	31532	
41981	0	31788	
41982	0	32532	
41983	0	33512	
41984	0	33848	
41985	0	34864	
41986	0	34824	
41987	0	32648	
41988	0	30412	
41989	0	28640	
41990	0	28000	
41991	0	27840	
41992	0	26842	
41993	0	24896	
41994	0	23944	
41995	0	23920	
41996	0	23228	
41997	0	22754	
41998	0	22952	
41999	0	21952	
42000	0	20012	
42001	0	18509	
42002	0	19088	
42003	0	20436	
42004	0	21468	
42005	0	22552	
42006	0	24192	
42007	0	26152	
42008	0	26352	
42009	0	26116	
42010	0	26168	
42011	0	26232	
42012	0	26044	
42013	0	25876	
42014	0	25560	
42015	0	25272	
42016	0	24896	
42017	0	24212	
42018	0	23468	
42019	0	23308	
42020	0	23642	
42021	0	24444	
42022	0	24320	
42023	0	23668	
42024	0	22932	
42025	0	22832	
42026	0	22972	
42027	0	22908	
42028	0	23176	
42029	0	24036	
42030	0	24548	
42031	0	24578	
42032	0	23416	
42033	0	20752	
42034	0	18620	
42035	0	18356	
42036	0	20270	
42037	0	21612	
42038	0	22192	
42039	0	22244	
42040	0	22044	
42041	0	23376	
42042	0	24020	
42043	0	23204	
42044	0	22740	
42045	0	22400	
42046	0	23028	
42047	0	23110	
42048	0	23136	
42049	0	22848	
42050	0	22736	
42051	0	23284	
42052	0	22944	
42053	0	21692	
42054	0	20796	
42055	0	20760	
42056	0	21640	
42057	0	22680	
42058	0	24068	
42059	0	26068	
42060	0	28496	
42061	0	30404	
42062	0	31020	
42063	0	31200	
42064	0	31448	
42065	0	32252	
42066	0	33832	
42067	0	35428	
42068	0	36788	
42069	0	37180	
42070	0	37120	
42071	0	37208	
42072	0	37268	
42073	0	36708	
42074	0	36924	
42075	0	36432	
42076	0	34924	
42077	0	33400	
42078	0	32820	
42079	0	33836	
42080	0	35444	
42081	0	36100	
42082	0	36276	
42083	0	35920	
42084	0	35342	
42085	0	34784	
42086	0	35032	
42087	0	36832	
42088	0	38340	
42089	0	37680	
42090	0	34828	
42091	0	31504	
42092	0	29056	
42093	0	28192	
42094	0	28608	
42095	0	30204	
42096	0	31408	
42097	0	31596	
42098	0	32064	
42099	0	31776	
42100	0	30352	
42101	0	27904	
42102	0	25560	
42103	0	24764	
42104	0	25912	
42105	0	27828	
42106	0	29276	
42107	0	30076	
42108	0	31180	
42109	0	32506	
42110	0	32430	
42111	0	32596	
42112	0	32920	
42113	0	33584	
42114	0	34808	
42115	0	35460	
42116	0	36224	
42117	0	36708	
42118	0	37020	
42119	0	35484	
42120	0	34036	
42121	0	32360	
42122	0	30332	
42123	0	30212	
42124	0	32592	
42125	0	35856	
42126	0	38200	
42127	0	39392	
42128	0	39952	
42129	0	40008	
42130	0	40288	
42131	0	41052	
42132	0	42408	
42133	0	42584	
42134	0	41912	
42135	0	39900	
42136	0	36764	
42137	0	33684	
42138	0	32220	
42139	0	31108	
42140	0	30296	
42141	0	30480	
42142	0	30812	
42143	0	30052	
42144	0	30360	
42145	0	32196	
42146	0	33800	
42147	0	34900	
42148	0	36188	
42149	0	36908	
42150	0	36940	
42151	0	37356	
42152	0	37856	
42153	0	38104	
42154	0	38116	
42155	0	37512	
42156	0	36004	
42157	0	35476	
42158	0	35544	
42159	0	36508	
42160	0	38312	
42161	0	38864	
42162	0	38152	
42163	0	37080	
42164	0	36824	
42165	0	37248	
42166	0	38300	
42167	0	38116	
42168	0	37732	
42169	0	38572	
42170	0	38164	
42171	0	34808	
42172	0	29844	
42173	0	27124	
42174	0	26904	
42175	0	27204	
42176	0	27436	
42177	0	29648	
42178	0	32560	
42179	0	36204	
42180	0	40232	
42181	0	43744	
42182	0	46252	
42183	0	47616	
42184	0	47888	
42185	0	47504	
42186	0	45768	
42187	0	43960	
42188	0	40464	
42189	0	35288	
42190	0	29780	
42191	0	25076	
42192	0	22556	
42193	0	22824	
42194	0	25868	
42195	0	29504	
42196	0	32120	
42197	0	35108	
42198	0	37300	
42199	0	39584	
42200	0	39980	
42201	0	39392	
42202	0	40052	
42203	0	40992	
42204	0	41920	
42205	0	43080	
42206	0	45508	
42207	0	48048	
42208	0	49132	
42209	0	48388	
42210	0	47668	
42211	0	47680	
42212	0	47344	
42213	0	47152	
42214	0	48308	
42215	0	49620	
42216	0	49920	
42217	0	48800	
42218	0	46816	
42219	0	43632	
42220	0	40460	
42221	0	39088	
42222	0	39316	
42223	0	39288	
42224	0	38280	
42225	0	36500	
42226	0	35576	
42227	0	35764	
42228	0	36712	
42229	0	37944	
42230	0	39584	
42231	0	40824	
42232	0	40860	
42233	0	40192	
42234	0	38728	
42235	0	37160	
42236	0	36728	
42237	0	36824	
42238	0	38028	
42239	0	39376	
42240	0	39948	
42241	0	39800	
42242	0	39752	
42243	0	40116	
42244	0	41360	
42245	0	43324	
42246	0	43976	
42247	0	42024	
42248	0	37240	
42249	0	31412	
42250	0	28426	
42251	0	29224	
42252	0	31936	
42253	0	35936	
42254	0	39352	
42255	0	40896	
42256	0	42928	
42257	0	45688	
42258	0	48148	
42259	0	49176	
42260	0	49344	
42261	0	49184	
42262	0	48552	
42263	0	47720	
42264	0	45864	
42265	0	44064	
42266	0	43976	
42267	0	44888	
42268	0	46136	
42269	0	46732	
42270	0	46596	
42271	0	44252	
42272	0	40960	
42273	0	38120	
42274	0	35788	
42275	0	35080	
42276	0	35592	
42277	0	36840	
42278	0	38688	
42279	0	39920	
42280	0	39524	
42281	0	38008	
42282	0	37000	
42283	0	36276	
42284	0	35784	
42285	0	36312	
42286	0	37466	
42287	0	38360	
42288	0	38804	
42289	0	38472	
42290	0	37232	
42291	0	35548	
42292	0	33148	
42293	0	31112	
42294	0	29752	
42295	0	29380	
42296	0	29472	
42297	0	30044	
42298	0	30860	
42299	0	31340	
42300	0	31136	
42301	0	31728	
42302	0	33880	
42303	0	35868	
42304	0	36340	
42305	0	35920	
42306	0	35156	
42307	0	35056	
42308	0	36312	
42309	0	37240	
42310	0	37396	
42311	0	37332	
42312	0	37704	
42313	0	37984	
42314	0	37208	
42315	0	35788	
42316	0	34924	
42317	0	34912	
42318	0	35096	
42319	0	35086	
42320	0	34280	
42321	0	33944	
42322	0	34156	
42323	0	35032	
42324	0	36220	
42325	0	37480	
42326	0	38388	
42327	0	38104	
42328	0	36912	
42329	0	35924	
42330	0	34532	
42331	0	33860	
42332	0	34824	
42333	0	36424	
42334	0	38382	
42335	0	40356	
42336	0	42356	
42337	0	43000	
42338	0	43788	
42339	0	44668	
42340	0	43920	
42341	0	42540	
42342	0	40692	
42343	0	38292	
42344	0	36036	
42345	0	34232	
42346	0	33076	
42347	0	32632	
42348	0	33340	
42349	0	35188	
42350	0	37612	
42351	0	39764	
42352	0	40584	
42353	0	40336	
42354	0	38848	
42355	0	36084	
42356	0	33256	
42357	0	31288	
42358	0	30696	
42359	0	31812	
42360	0	33556	
42361	0	35056	
42362	0	36000	
42363	0	37336	
42364	0	37948	
42365	0	36876	
42366	0	34628	
42367	0	32952	
42368	0	32364	
42369	0	32332	
42370	0	32172	
42371	0	33544	
42372	0	35640	
42373	0	36744	
42374	0	37596	
42375	0	36804	
42376	0	34988	
42377	0	33288	
42378	0	32040	
42379	0	32308	
42380	0	33760	
42381	0	34984	
42382	0	36072	
42383	0	36780	
42384	0	37116	
42385	0	37260	
42386	0	37388	
42387	0	38296	
42388	0	39604	
42389	0	40944	
42390	0	42036	
42391	0	42620	
42392	0	42156	
42393	0	40672	
42394	0	39264	
42395	0	38416	
42396	0	38000	
42397	0	37056	
42398	0	36012	
42399	0	34944	
42400	0	34068	
42401	0	32736	
42402	0	30402	
42403	0	28166	
42404	0	26640	
42405	0	25568	
42406	0	24064	
42407	0	22124	
42408	0	21904	
42409	0	23524	
42410	0	25804	
42411	0	28052	
42412	0	30692	
42413	0	33568	
42414	0	35136	
42415	0	35292	
42416	0	33536	
42417	0	30736	
42418	0	27296	
42419	0	25520	
42420	0	26200	
42421	0	28288	
42422	0	30744	
42423	0	32836	
42424	0	34208	
42425	0	35696	
42426	0	36064	
42427	0	35560	
42428	0	34652	
42429	0	33592	
42430	0	32688	
42431	0	32816	
42432	0	33412	
42433	0	34644	
42434	0	35596	
42435	0	35396	
42436	0	34392	
42437	0	32796	
42438	0	31076	
42439	0	30056	
42440	0	29504	
42441	0	28760	
42442	0	28220	
42443	0	27792	
42444	0	27376	
42445	0	26944	
42446	0	26628	
42447	0	27072	
42448	0	27944	
42449	0	28920	
42450	0	29512	
42451	0	29452	
42452	0	28420	
42453	0	27714	
42454	0	27904	
42455	0	27844	
42456	0	27760	
42457	0	27476	
42458	0	27448	
42459	0	27000	
42460	0	26884	
42461	0	27064	
42462	0	27480	
42463	0	28604	
42464	0	29404	
42465	0	28960	
42466	0	27848	
42467	0	26772	
42468	0	26456	
42469	0	26616	
42470	0	25748	
42471	0	24260	
42472	0	23576	
42473	0	24156	
42474	0	26644	
42475	0	29836	
42476	0	32152	
42477	0	32836	
42478	0	32620	
42479	0	32768	
42480	0	33476	
42481	0	33716	
42482	0	33412	
42483	0	32892	
42484	0	32768	
42485	0	33656	
42486	0	35604	
42487	0	38392	
42488	0	40216	
42489	0	39560	
42490	0	36640	
42491	0	34362	
42492	0	34168	
42493	0	34068	
42494	0	33540	
42495	0	31668	
42496	0	29496	
42497	0	27496	
42498	0	25904	
42499	0	24800	
42500	0	24472	
42501	0	24458	
42502	0	24712	
42503	0	25396	
42504	0	26552	
42505	0	27020	
42506	0	26444	
42507	0	26084	
42508	0	26208	
42509	0	27136	
42510	0	28352	
42511	0	30052	
42512	0	31352	
42513	0	32484	
42514	0	32964	
42515	0	33308	
42516	0	33556	
42517	0	33796	
42518	0	33994	
42519	0	33892	
42520	0	33524	
42521	0	32948	
42522	0	32116	
42523	0	31984	
42524	0	31888	
42525	0	31444	
42526	0	30848	
42527	0	30132	
42528	0	29320	
42529	0	28376	
42530	0	27196	
42531	0	25954	
42532	0	25132	
42533	0	24956	
42534	0	24752	
42535	0	24356	
42536	0	24644	
42537	0	25760	
42538	0	27952	
42539	0	30756	
42540	0	33236	
42541	0	34488	
42542	0	35016	
42543	0	34112	
42544	0	33244	
42545	0	32864	
42546	0	32740	
42547	0	31712	
42548	0	30664	
42549	0	28792	
42550	0	27108	
42551	0	27044	
42552	0	28108	
42553	0	29380	
42554	0	30796	
42555	0	32052	
42556	0	32922	
42557	0	32860	
42558	0	31800	
42559	0	30600	
42560	0	29807	
42561	0	30044	
42562	0	30920	
42563	0	31724	
42564	0	33460	
42565	0	34832	
42566	0	35668	
42567	0	36808	
42568	0	37660	
42569	0	38132	
42570	0	37736	
42571	0	37128	
42572	0	35904	
42573	0	34920	
42574	0	34234	
42575	0	33784	
42576	0	33132	
42577	0	32004	
42578	0	30924	
42579	0	30460	
42580	0	30264	
42581	0	30288	
42582	0	30360	
42583	0	30152	
42584	0	29520	
42585	0	28836	
42586	0	28656	
42587	0	29316	
42588	0	29492	
42589	0	28304	
42590	0	25924	
42591	0	23248	
42592	0	21380	
42593	0	21284	
42594	0	23032	
42595	0	25358	
42596	0	26876	
42597	0	27476	
42598	0	27544	
42599	0	28620	
42600	0	30336	
42601	0	32116	
42602	0	33000	
42603	0	33032	
42604	0	33448	
42605	0	33584	
42606	0	33428	
42607	0	33592	
42608	0	33856	
42609	0	34528	
42610	0	34292	
42611	0	33492	
42612	0	32712	
42613	0	31736	
42614	0	30800	
42615	0	30548	
42616	0	31344	
42617	0	32708	
42618	0	33560	
42619	0	33764	
42620	0	33720	
42621	0	33652	
42622	0	33016	
42623	0	32532	
42624	0	32632	
42625	0	31952	
42626	0	31020	
42627	0	30008	
42628	0	28414	
42629	0	26696	
42630	0	24920	
42631	0	24104	
42632	0	23816	
42633	0	23898	
42634	0	24936	
42635	0	27084	
42636	0	29504	
42637	0	32088	
42638	0	33592	
42639	0	33692	
42640	0	34084	
42641	0	34712	
42642	0	34588	
42643	0	34452	
42644	0	33392	
42645	0	32184	
42646	0	31248	
42647	0	30360	
42648	0	28608	
42649	0	26808	
42650	0	25956	
42651	0	25092	
42652	0	24444	
42653	0	25560	
42654	0	28200	
42655	0	31072	
42656	0	34236	
42657	0	36900	
42658	0	38332	
42659	0	39104	
42660	0	39312	
42661	0	38448	
42662	0	36556	
42663	0	34504	
42664	0	32824	
42665	0	31976	
42666	0	31164	
42667	0	30672	
42668	0	30680	
42669	0	30504	
42670	0	29724	
42671	0	28985	
42672	0	28666	
42673	0	28016	
42674	0	27408	
42675	0	26888	
42676	0	26248	
42677	0	26364	
42678	0	26136	
42679	0	25468	
42680	0	24952	
42681	0	24992	
42682	0	25696	
42683	0	26328	
42684	0	27328	
42685	0	28072	
42686	0	28324	
42687	0	28648	
42688	0	29306	
42689	0	30068	
42690	0	30824	
42691	0	31224	
42692	0	30984	
42693	0	30144	
42694	0	29664	
42695	0	30084	
42696	0	30528	
42697	0	30876	
42698	0	31924	
42699	0	32332	
42700	0	32328	
42701	0	31792	
42702	0	31704	
42703	0	31736	
42704	0	31152	
42705	0	30564	
42706	0	29716	
42707	0	29020	
42708	0	28080	
42709	0	27008	
42710	0	26136	
42711	0	25352	
42712	0	25276	
42713	0	25524	
42714	0	25776	
42715	0	25369	
42716	0	24648	
42717	0	24524	
42718	0	25592	
42719	0	27100	
42720	0	28612	
42721	0	29880	
42722	0	30676	
42723	0	30968	
42724	0	30504	
42725	0	29704	
42726	0	29620	
42727	0	30488	
42728	0	31432	
42729	0	31928	
42730	0	31992	
42731	0	31800	
42732	0	31588	
42733	0	30840	
42734	0	30156	
42735	0	29852	
42736	0	29504	
42737	0	29924	
42738	0	30456	
42739	0	30200	
42740	0	29572	
42741	0	28844	
42742	0	28556	
42743	0	28692	
42744	0	29332	
42745	0	29796	
42746	0	30224	
42747	0	31376	
42748	0	33144	
42749	0	34804	
42750	0	35896	
42751	0	36148	
42752	0	36248	
42753	0	36064	
42754	0	35796	
42755	0	35420	
42756	0	35432	
42757	0	35392	
42758	0	35112	
42759	0	35276	
42760	0	35116	
42761	0	34908	
42762	0	34540	
42763	0	33448	
42764	0	31744	
42765	0	30970	
42766	0	30712	
42767	0	30792	
42768	0	30696	
42769	0	30408	
42770	0	30336	
42771	0	29728	
42772	0	28648	
42773	0	27360	
42774	0	26476	
42775	0	26796	
42776	0	27616	
42777	0	27656	
42778	0	27568	
42779	0	27758	
42780	0	28096	
42781	0	28584	
42782	0	29378	
42783	0	30228	
42784	0	30388	
42785	0	30324	
42786	0	30336	
42787	0	30724	
42788	0	31516	
42789	0	32208	
42790	0	32692	
42791	0	33028	
42792	0	33824	
42793	0	34360	
42794	0	34760	
42795	0	35572	
42796	0	36224	
42797	0	36340	
42798	0	35740	
42799	0	34456	
42800	0	33236	
42801	0	31516	
42802	0	29800	
42803	0	28052	
42804	0	27244	
42805	0	27372	
42806	0	28200	
42807	0	28810	
42808	0	28888	
42809	0	27652	
42810	0	26244	
42811	0	25588	
42812	0	25568	
42813	0	25900	
42814	0	26764	
42815	0	28328	
42816	0	30436	
42817	0	32388	
42818	0	34360	
42819	0	35860	
42820	0	37088	
42821	0	38056	
42822	0	38688	
42823	0	38368	
42824	0	37536	
42825	0	37008	
42826	0	36028	
42827	0	35100	
42828	0	34332	
42829	0	33344	
42830	0	31544	
42831	0	29632	
42832	0	28448	
42833	0	28316	
42834	0	29036	
42835	0	29440	
42836	0	29050	
42837	0	28604	
42838	0	28140	
42839	0	27600	
42840	0	27308	
42841	0	26664	
42842	0	26056	
42843	0	25208	
42844	0	24392	
42845	0	24100	
42846	0	23836	
42847	0	23928	
42848	0	24560	
42849	0	25016	
42850	0	25452	
42851	0	26724	
42852	0	28310	
42853	0	29688	
42854	0	30424	
42855	0	30416	
42856	0	30184	
42857	0	30252	
42858	0	30732	
42859	0	31368	
42860	0	31576	
42861	0	31352	
42862	0	30192	
42863	0	28876	
42864	0	27848	
42865	0	27650	
42866	0	28436	
42867	0	30604	
42868	0	33512	
42869	0	36906	
42870	0	39928	
42871	0	42496	
42872	0	44512	
42873	0	45780	
42874	0	46008	
42875	0	43940	
42876	0	39704	
42877	0	34636	
42878	0	29812	
42879	0	25890	
42880	0	23764	
42881	0	22492	
42882	0	22504	
42883	0	22784	
42884	0	22984	
42885	0	22608	
42886	0	21556	
42887	0	21404	
42888	0	22314	
42889	0	24064	
42890	0	25428	
42891	0	26392	
42892	0	26128	
42893	0	25708	
42894	0	26524	
42895	0	27976	
42896	0	28890	
42897	0	29664	
42898	0	30532	
42899	0	31360	
42900	0	31844	
42901	0	31056	
42902	0	29560	
42903	0	28404	
42904	0	27544	
42905	0	27706	
42906	0	28156	
42907	0	28792	
42908	0	30124	
42909	0	31084	
42910	0	31496	
42911	0	32042	
42912	0	32268	
42913	0	32314	
42914	0	32040	
42915	0	30996	
42916	0	29796	
42917	0	28996	
42918	0	28596	
42919	0	28388	
42920	0	29080	
42921	0	30032	
42922	0	31040	
42923	0	31616	
42924	0	31580	
42925	0	31068	
42926	0	30680	
42927	0	30404	
42928	0	30644	
42929	0	30908	
42930	0	31444	
42931	0	32632	
42932	0	32816	
42933	0	32024	
42934	0	30970	
42935	0	30138	
42936	0	29808	
42937	0	30120	
42938	0	31888	
42939	0	34240	
42940	0	36320	
42941	0	37884	
42942	0	39000	
42943	0	39632	
42944	0	39732	
42945	0	39208	
42946	0	37736	
42947	0	36512	
42948	0	35608	
42949	0	35212	
42950	0	35028	
42951	0	34640	
42952	0	33904	
42953	0	32948	
42954	0	31896	
42955	0	30924	
42956	0	30800	
42957	0	31320	
42958	0	32552	
42959	0	33704	
42960	0	34920	
42961	0	35892	
42962	0	35892	
42963	0	35084	
42964	0	34280	
42965	0	33600	
42966	0	32712	
42967	0	32432	
42968	0	31994	
42969	0	31864	
42970	0	32284	
42971	0	32448	
42972	0	31992	
42973	0	31600	
42974	0	31192	
42975	0	30796	
42976	0	31384	
42977	0	32852	
42978	0	34344	
42979	0	35844	
42980	0	36696	
42981	0	36804	
42982	0	36056	
42983	0	35312	
42984	0	35036	
42985	0	34068	
42986	0	32388	
42987	0	31028	
42988	0	30328	
42989	0	29856	
42990	0	29932	
42991	0	30436	
42992	0	30202	
42993	0	30332	
42994	0	31348	
42995	0	32832	
42996	0	34688	
42997	0	35720	
42998	0	36932	
42999	0	38568	
43000	0	40616	
43001	0	42612	
43002	0	43976	
43003	0	44520	
43004	0	44764	
43005	0	44660	
43006	0	43856	
43007	0	42260	
43008	0	40888	
43009	0	39908	
43010	0	39524	
43011	0	38772	
43012	0	37216	
43013	0	35776	
43014	0	34756	
43015	0	34624	
43016	0	35400	
43017	0	36156	
43018	0	36784	
43019	0	37880	
43020	0	38768	
43021	0	39192	
43022	0	39320	
43023	0	39064	
43024	0	38820	
43025	0	38932	
43026	0	38864	
43027	0	38072	
43028	0	37336	
43029	0	36820	
43030	0	36528	
43031	0	36192	
43032	0	35992	
43033	0	35980	
43034	0	35688	
43035	0	35992	
43036	0	36416	
43037	0	36860	
43038	0	37112	
43039	0	37116	
43040	0	36836	
43041	0	36456	
43042	0	36424	
43043	0	36600	
43044	0	36208	
43045	0	35872	
43046	0	35532	
43047	0	35180	
43048	0	34596	
43049	0	34072	
43050	0	33552	
43051	0	33088	
43052	0	32890	
43053	0	33088	
43054	0	32864	
43055	0	32588	
43056	0	32188	
43057	0	32108	
43058	0	31960	
43059	0	31680	
43060	0	31556	
43061	0	31608	
43062	0	32232	
43063	0	32928	
43064	0	33764	
43065	0	34884	
43066	0	36068	
43067	0	37212	
43068	0	38104	
43069	0	38604	
43070	0	38884	
43071	0	38456	
43072	0	37136	
43073	0	35440	
43074	0	33116	
43075	0	30425	
43076	0	27888	
43077	0	26032	
43078	0	24662	
43079	0	24070	
43080	0	24608	
43081	0	25084	
43082	0	26040	
43083	0	27008	
43084	0	27632	
43085	0	28364	
43086	0	29120	
43087	0	28980	
43088	0	28208	
43089	0	27284	
43090	0	26456	
43091	0	26280	
43092	0	27128	
43093	0	28348	
43094	0	28936	
43095	0	29128	
43096	0	28960	
43097	0	28496	
43098	0	28600	
43099	0	28764	
43100	0	28716	
43101	0	28948	
43102	0	29376	
43103	0	30104	
43104	0	31184	
43105	0	32472	
43106	0	33528	
43107	0	34266	
43108	0	34668	
43109	0	34728	
43110	0	35084	
43111	0	35824	
43112	0	36388	
43113	0	37032	
43114	0	37188	
43115	0	36908	
43116	0	36504	
43117	0	35720	
43118	0	34792	
43119	0	33964	
43120	0	33584	
43121	0	33656	
43122	0	34008	
43123	0	34416	
43124	0	34568	
43125	0	34528	
43126	0	33916	
43127	0	33248	
43128	0	31984	
43129	0	30904	
43130	0	30324	
43131	0	30436	
43132	0	30936	
43133	0	31232	
43134	0	31292	
43135	0	31288	
43136	0	31296	
43137	0	30996	
43138	0	31036	
43139	0	30968	
43140	0	30544	
43141	0	30248	
43142	0	30548	
43143	0	30924	
43144	0	31616	
43145	0	31996	
43146	0	31988	
43147	0	32080	
43148	0	32024	
43149	0	31896	
43150	0	31776	
43151	0	31796	
43152	0	32176	
43153	0	32340	
43154	0	33104	
43155	0	34032	
43156	0	35092	
43157	0	36460	
43158	0	37480	
43159	0	36976	
43160	0	36132	
43161	0	34948	
43162	0	33404	
43163	0	32060	
43164	0	30716	
43165	0	29704	
43166	0	29332	
43167	0	29192	
43168	0	29544	
43169	0	29368	
43170	0	28976	
43171	0	28680	
43172	0	28368	
43173	0	28112	
43174	0	28024	
43175	0	27964	
43176	0	27952	
43177	0	28404	
43178	0	29276	
43179	0	30712	
43180	0	32492	
43181	0	34232	
43182	0	34732	
43183	0	34464	
43184	0	33492	
43185	0	31832	
43186	0	30908	
43187	0	30636	
43188	0	30992	
43189	0	31596	
43190	0	31664	
43191	0	31580	
43192	0	31440	
43193	0	31652	
43194	0	31960	
43195	0	32512	
43196	0	33260	
43197	0	33856	
43198	0	34280	
43199	0	34736	
43200	0	35552	
43201	0	36016	
43202	0	36272	
43203	0	36688	
43204	0	37504	
43205	0	37956	
43206	0	38428	
43207	0	39004	
43208	0	39208	
43209	0	38848	
43210	0	37488	
43211	0	36236	
43212	0	36204	
43213	0	36720	
43214	0	37624	
43215	0	38556	
43216	0	38992	
43217	0	38884	
43218	0	37584	
43219	0	36528	
43220	0	35784	
43221	0	35512	
43222	0	35188	
43223	0	34616	
43224	0	33772	
43225	0	33108	
43226	0	32624	
43227	0	32352	
43228	0	32576	
43229	0	32612	
43230	0	32584	
43231	0	32896	
43232	0	32808	
43233	0	32384	
43234	0	31984	
43235	0	32120	
43236	0	32488	
43237	0	32632	
43238	0	33348	
43239	0	34220	
43240	0	34784	
43241	0	34860	
43242	0	34744	
43243	0	34860	
43244	0	34696	
43245	0	33920	
43246	0	33128	
43247	0	32492	
43248	0	31924	
43249	0	31736	
43250	0	31528	
43251	0	31360	
43252	0	31188	
43253	0	31384	
43254	0	31372	
43255	0	30700	
43256	0	29972	
43257	0	29296	
43258	0	28780	
43259	0	28828	
43260	0	29626	
43261	0	30692	
43262	0	31252	
43263	0	31200	
43264	0	31368	
43265	0	31152	
43266	0	31040	
43267	0	31316	
43268	0	31884	
43269	0	32168	
43270	0	32344	
43271	0	32524	
43272	0	33100	
43273	0	33610	
43274	0	33804	
43275	0	34160	
43276	0	34832	
43277	0	34972	
43278	0	34812	
43279	0	34400	
43280	0	33732	
43281	0	33025	
43282	0	32064	
43283	0	31124	
43284	0	30176	
43285	0	30052	
43286	0	30712	
43287	0	31540	
43288	0	32556	
43289	0	34184	
43290	0	35088	
43291	0	34652	
43292	0	33784	
43293	0	34076	
43294	0	34424	
43295	0	34704	
43296	0	34980	
43297	0	35288	
43298	0	36256	
43299	0	37512	
43300	0	38060	
43301	0	37948	
43302	0	37320	
43303	0	36016	
43304	0	34776	
43305	0	33776	
43306	0	32760	
43307	0	31920	
43308	0	31224	
43309	0	31064	
43310	0	30908	
43311	0	30480	
43312	0	30176	
43313	0	30388	
43314	0	31344	
43315	0	32464	
43316	0	33130	
43317	0	33284	
43318	0	32560	
43319	0	31972	
43320	0	32184	
43321	0	32890	
43322	0	33732	
43323	0	33972	
43324	0	33480	
43325	0	32904	
43326	0	32104	
43327	0	31576	
43328	0	31276	
43329	0	30816	
43330	0	30140	
43331	0	29568	
43332	0	29364	
43333	0	29312	
43334	0	29696	
43335	0	30732	
43336	0	32072	
43337	0	33330	
43338	0	34336	
43339	0	35052	
43340	0	34744	
43341	0	33604	
43342	0	31924	
43343	0	30480	
43344	0	29480	
43345	0	29314	
43346	0	29140	
43347	0	28914	
43348	0	28160	
43349	0	27028	
43350	0	26685	
43351	0	26724	
43352	0	26564	
43353	0	26474	
43354	0	26938	
43355	0	26760	
43356	0	25776	
43357	0	24808	
43358	0	24080	
43359	0	23984	
43360	0	24292	
43361	0	24274	
43362	0	23772	
43363	0	23640	
43364	0	23344	
43365	0	23308	
43366	0	24520	
43367	0	26556	
43368	0	28556	
43369	0	29744	
43370	0	30444	
43371	0	30684	
43372	0	31152	
43373	0	31612	
43374	0	32112	
43375	0	32040	
43376	0	31812	
43377	0	31712	
43378	0	31912	
43379	0	31912	
43380	0	30976	
43381	0	29820	
43382	0	29332	
43383	0	30048	
43384	0	31208	
43385	0	31840	
43386	0	31760	
43387	0	30272	
43388	0	28136	
43389	0	27072	
43390	0	27020	
43391	0	27724	
43392	0	28644	
43393	0	29508	
43394	0	30728	
43395	0	32000	
43396	0	32684	
43397	0	33444	
43398	0	34544	
43399	0	35612	
43400	0	36640	
43401	0	36996	
43402	0	36536	
43403	0	35080	
43404	0	32864	
43405	0	31276	
43406	0	30748	
43407	0	30948	
43408	0	31088	
43409	0	30452	
43410	0	29912	
43411	0	29780	
43412	0	30184	
43413	0	30568	
43414	0	30452	
43415	0	30380	
43416	0	30936	
43417	0	30752	
43418	0	30204	
43419	0	30128	
43420	0	29920	
43421	0	30068	
43422	0	30456	
43423	0	30968	
43424	0	31560	
43425	0	32100	
43426	0	32192	
43427	0	31460	
43428	0	29940	
43429	0	28410	
43430	0	27388	
43431	0	27684	
43432	0	28768	
43433	0	30024	
43434	0	30484	
43435	0	30408	
43436	0	30064	
43437	0	29568	
43438	0	29084	
43439	0	28764	
43440	0	29136	
43441	0	29730	
43442	0	30084	
43443	0	30268	
43444	0	30900	
43445	0	31544	
43446	0	32260	
43447	0	32868	
43448	0	32674	
43449	0	32128	
43450	0	31736	
43451	0	31776	
43452	0	32456	
43453	0	32536	
43454	0	32064	
43455	0	31200	
43456	0	30908	
43457	0	30688	
43458	0	30736	
43459	0	30376	
43460	0	30044	
43461	0	30080	
43462	0	30044	
43463	0	29940	
43464	0	29916	
43465	0	30876	
43466	0	31940	
43467	0	33360	
43468	0	34448	
43469	0	34844	
43470	0	34992	
43471	0	34216	
43472	0	33800	
43473	0	33392	
43474	0	32980	
43475	0	32200	
43476	0	31760	
43477	0	32016	
43478	0	32236	
43479	0	32268	
43480	0	32000	
43481	0	31752	
43482	0	31500	
43483	0	31644	
43484	0	32544	
43485	0	33168	
43486	0	33440	
43487	0	33824	
43488	0	33544	
43489	0	32616	
43490	0	32100	
43491	0	32384	
43492	0	33288	
43493	0	34064	
43494	0	34476	
43495	0	34452	
43496	0	34328	
43497	0	34540	
43498	0	34664	
43499	0	34816	
43500	0	34908	
43501	0	35480	
43502	0	35816	
43503	0	36116	
43504	0	36684	
43505	0	36880	
43506	0	36748	
43507	0	36016	
43508	0	35148	
43509	0	34432	
43510	0	33668	
43511	0	33178	
43512	0	32908	
43513	0	32776	
43514	0	32704	
43515	0	31932	
43516	0	30652	
43517	0	30048	
43518	0	30104	
43519	0	30316	
43520	0	30324	
43521	0	30952	
43522	0	32292	
43523	0	33636	
43524	0	34360	
43525	0	35200	
43526	0	36160	
43527	0	36836	
43528	0	37436	
43529	0	38208	
43530	0	38520	
43531	0	37896	
43532	0	36556	
43533	0	35084	
43534	0	34324	
43535	0	33712	
43536	0	33480	
43537	0	33204	
43538	0	32880	
43539	0	31824	
43540	0	31156	
43541	0	31636	
43542	0	31928	
43543	0	32748	
43544	0	33760	
43545	0	33744	
43546	0	33096	
43547	0	32508	
43548	0	31200	
43549	0	29756	
43550	0	28178	
43551	0	27524	
43552	0	27364	
43553	0	27988	
43554	0	28528	
43555	0	28712	
43556	0	28172	
43557	0	27332	
43558	0	26940	
43559	0	27272	
43560	0	27860	
43561	0	28204	
43562	0	28040	
43563	0	27364	
43564	0	27488	
43565	0	28216	
43566	0	29188	
43567	0	30268	
43568	0	31032	
43569	0	30836	
43570	0	29992	
43571	0	29612	
43572	0	29548	
43573	0	29492	
43574	0	28648	
43575	0	28308	
43576	0	28176	
43577	0	27476	
43578	0	26736	
43579	0	26092	
43580	0	25336	
43581	0	24872	
43582	0	24380	
43583	0	23748	
43584	0	23260	
43585	0	23360	
43586	0	23928	
43587	0	24532	
43588	0	25224	
43589	0	25448	
43590	0	25280	
43591	0	25260	
43592	0	25476	
43593	0	25852	
43594	0	26537	
43595	0	27940	
43596	0	29208	
43597	0	29816	
43598	0	29708	
43599	0	29600	
43600	0	29240	
43601	0	29016	
43602	0	28320	
43603	0	27952	
43604	0	27828	
43605	0	28150	
43606	0	28172	
43607	0	27692	
43608	0	27208	
43609	0	27128	
43610	0	27496	
43611	0	28368	
43612	0	29364	
43613	0	29640	
43614	0	29420	
43615	0	29216	
43616	0	29072	
43617	0	29340	
43618	0	29684	
43619	0	29496	
43620	0	29072	
43621	0	28664	
43622	0	28228	
43623	0	27976	
43624	0	27948	
43625	0	28300	
43626	0	29122	
43627	0	30128	
43628	0	30484	
43629	0	29944	
43630	0	29728	
43631	0	29670	
43632	0	29940	
43633	0	30804	
43634	0	31728	
43635	0	32532	
43636	0	32856	
43637	0	32292	
43638	0	31220	
43639	0	30488	
43640	0	30284	
43641	0	30680	
43642	0	31136	
43643	0	31404	
43644	0	31068	
43645	0	30620	
43646	0	30448	
43647	0	30500	
43648	0	30864	
43649	0	32040	
43650	0	33416	
43651	0	33940	
43652	0	33324	
43653	0	32212	
43654	0	30072	
43655	0	28632	
43656	0	28344	
43657	0	28500	
43658	0	29044	
43659	0	28988	
43660	0	28312	
43661	0	27832	
43662	0	27288	
43663	0	27508	
43664	0	28052	
43665	0	28828	
43666	0	29836	
43667	0	31280	
43668	0	31936	
43669	0	31496	
43670	0	30548	
43671	0	30432	
43672	0	30874	
43673	0	31016	
43674	0	30816	
43675	0	30208	
43676	0	29704	
43677	0	29632	
43678	0	29568	
43679	0	29644	
43680	0	29448	
43681	0	29768	
43682	0	30160	
43683	0	30728	
43684	0	30948	
43685	0	31160	
43686	0	31416	
43687	0	31480	
43688	0	31660	
43689	0	32148	
43690	0	32172	
43691	0	31532	
43692	0	30512	
43693	0	30000	
43694	0	30084	
43695	0	30356	
43696	0	30344	
43697	0	30060	
43698	0	29472	
43699	0	29056	
43700	0	29060	
43701	0	29616	
43702	0	30016	
43703	0	30232	
43704	0	29928	
43705	0	29888	
43706	0	30496	
43707	0	31172	
43708	0	31384	
43709	0	31160	
43710	0	30552	
43711	0	29748	
43712	0	28484	
43713	0	27936	
43714	0	27560	
43715	0	26812	
43716	0	26456	
43717	0	26956	
43718	0	27668	
43719	0	27968	
43720	0	28252	
43721	0	29188	
43722	0	30072	
43723	0	30740	
43724	0	31480	
43725	0	32048	
43726	0	32714	
43727	0	32960	
43728	0	32828	
43729	0	32580	
43730	0	32492	
43731	0	32672	
43732	0	32664	
43733	0	32604	
43734	0	32396	
43735	0	32532	
43736	0	32364	
43737	0	32096	
43738	0	31880	
43739	0	31496	
43740	0	31808	
43741	0	32600	
43742	0	33132	
43743	0	33420	
43744	0	33156	
43745	0	32744	
43746	0	32764	
43747	0	33216	
43748	0	33372	
43749	0	33440	
43750	0	33048	
43751	0	32064	
43752	0	30976	
43753	0	30224	
43754	0	30024	
43755	0	30640	
43756	0	31404	
43757	0	32184	
43758	0	32740	
43759	0	32824	
43760	0	32416	
43761	0	31441	
43762	0	30532	
43763	0	29816	
43764	0	29628	
43765	0	30304	
43766	0	31448	
43767	0	32328	
43768	0	33172	
43769	0	33936	
43770	0	34040	
43771	0	33412	
43772	0	32852	
43773	0	32116	
43774	0	31828	
43775	0	32408	
43776	0	33288	
43777	0	34052	
43778	0	34176	
43779	0	34172	
43780	0	34360	
43781	0	34072	
43782	0	33736	
43783	0	33328	
43784	0	32424	
43785	0	31744	
43786	0	31428	
43787	0	30760	
43788	0	30608	
43789	0	30672	
43790	0	31164	
43791	0	32032	
43792	0	32888	
43793	0	33380	
43794	0	33608	
43795	0	34200	
43796	0	34952	
43797	0	35488	
43798	0	34968	
43799	0	34208	
43800	0	33316	
43801	0	33036	
43802	0	32764	
43803	0	32320	
43804	0	31400	
43805	0	30728	
43806	0	30572	
43807	0	30940	
43808	0	31668	
43809	0	32760	
43810	0	34080	
43811	0	34964	
43812	0	34916	
43813	0	33772	
43814	0	32376	
43815	0	31792	
43816	0	31944	
43817	0	32684	
43818	0	33696	
43819	0	34620	
43820	0	34988	
43821	0	34936	
43822	0	34704	
43823	0	34644	
43824	0	34212	
43825	0	33560	
43826	0	32916	
43827	0	32416	
43828	0	32120	
43829	0	31992	
43830	0	32252	
43831	0	33180	
43832	0	33716	
43833	0	33640	
43834	0	33512	
43835	0	32928	
43836	0	32128	
43837	0	32120	
43838	0	32464	
43839	0	32120	
43840	0	31932	
43841	0	31480	
43842	0	30668	
43843	0	29964	
43844	0	30272	
43845	0	31168	
43846	0	32260	
43847	0	33656	
43848	0	34388	
43849	0	34816	
43850	0	35048	
43851	0	35496	
43852	0	36164	
43853	0	36596	
43854	0	36840	
43855	0	36652	
43856	0	35844	
43857	0	35064	
43858	0	35068	
43859	0	35260	
43860	0	35288	
43861	0	35216	
43862	0	35320	
43863	0	35412	
43864	0	34824	
43865	0	34016	
43866	0	33120	
43867	0	32688	
43868	0	32956	
43869	0	33612	
43870	0	34556	
43871	0	35444	
43872	0	36040	
43873	0	36708	
43874	0	37332	
43875	0	37884	
43876	0	38272	
43877	0	38168	
43878	0	37956	
43879	0	37944	
43880	0	37776	
43881	0	37440	
43882	0	37280	
43883	0	37204	
43884	0	37280	
43885	0	36884	
43886	0	36440	
43887	0	35932	
43888	0	34824	
43889	0	33760	
43890	0	32996	
43891	0	32496	
43892	0	31884	
43893	0	30776	
43894	0	29668	
43895	0	29036	
43896	0	29492	
43897	0	30448	
43898	0	31364	
43899	0	32104	
43900	0	32112	
43901	0	31192	
43902	0	30764	
43903	0	30376	
43904	0	29900	
43905	0	30000	
43906	0	30320	
43907	0	31204	
43908	0	31980	
43909	0	32768	
43910	0	33652	
43911	0	34512	
43912	0	35276	
43913	0	35180	
43914	0	34348	
43915	0	33420	
43916	0	32556	
43917	0	32192	
43918	0	32172	
43919	0	32532	
43920	0	32916	
43921	0	33336	
43922	0	33480	
43923	0	33440	
43924	0	33324	
43925	0	32878	
43926	0	31960	
43927	0	31216	
43928	0	31260	
43929	0	31780	
43930	0	32396	
43931	0	32586	
43932	0	33232	
43933	0	34392	
43934	0	34960	
43935	0	34788	
43936	0	34554	
43937	0	34248	
43938	0	33716	
43939	0	33636	
43940	0	33624	
43941	0	33928	
43942	0	34460	
43943	0	33872	
43944	0	33136	
43945	0	32764	
43946	0	32940	
43947	0	33772	
43948	0	34304	
43949	0	34616	
43950	0	34940	
43951	0	35408	
43952	0	35832	
43953	0	35880	
43954	0	35528	
43955	0	35332	
43956	0	35876	
43957	0	36812	
43958	0	37808	
43959	0	38300	
43960	0	38456	
43961	0	38052	
43962	0	37112	
43963	0	36212	
43964	0	35784	
43965	0	35632	
43966	0	35408	
43967	0	35240	
43968	0	35136	
43969	0	34708	
43970	0	34476	
43971	0	34836	
43972	0	35480	
43973	0	35664	
43974	0	35560	
43975	0	35708	
43976	0	35636	
43977	0	35496	
43978	0	35368	
43979	0	35016	
43980	0	34952	
43981	0	35064	
43982	0	34884	
43983	0	34952	
43984	0	35416	
43985	0	35692	
43986	0	35876	
43987	0	35672	
43988	0	35384	
43989	0	35056	
43990	0	34976	
43991	0	34980	
43992	0	34964	
43993	0	34760	
43994	0	34224	
43995	0	33468	
43996	0	33024	
43997	0	33068	
43998	0	33116	
43999	0	33272	
44000	0	34432	
44001	0	36160	
44002	0	37576	
44003	0	38976	
44004	0	40360	
44005	0	41832	
44006	0	42340	
44007	0	42188	
44008	0	41808	
44009	0	40592	
44010	0	39472	
44011	0	38540	
44012	0	37640	
44013	0	36564	
44014	0	35536	
44015	0	34960	
44016	0	34968	
44017	0	35212	
44018	0	35956	
44019	0	36172	
44020	0	36132	
44021	0	35868	
44022	0	36504	
44023	0	37896	
44024	0	39092	
44025	0	39840	
44026	0	40688	
44027	0	41224	
44028	0	41056	
44029	0	40480	
44030	0	39636	
44031	0	39112	
44032	0	39516	
44033	0	39856	
44034	0	40124	
44035	0	39796	
44036	0	38800	
44037	0	37698	
44038	0	36776	
44039	0	35572	
44040	0	34904	
44041	0	35012	
44042	0	35354	
44043	0	35336	
44044	0	35488	
44045	0	35344	
44046	0	36088	
44047	0	36744	
44048	0	37272	
44049	0	37410	
44050	0	37508	
44051	0	37716	
44052	0	37664	
44053	0	37080	
44054	0	36512	
44055	0	36552	
44056	0	37300	
44057	0	38156	
44058	0	38156	
44059	0	37892	
44060	0	37760	
44061	0	37808	
44062	0	38024	
44063	0	38368	
44064	0	38488	
44065	0	37820	
44066	0	36848	
44067	0	35876	
44068	0	34880	
44069	0	33940	
44070	0	32832	
44071	0	32316	
44072	0	32352	
44073	0	32234	
44074	0	32584	
44075	0	33496	
44076	0	34864	
44077	0	35656	
44078	0	36500	
44079	0	37156	
44080	0	37584	
44081	0	37568	
44082	0	37764	
44083	0	37936	
44084	0	38240	
44085	0	38980	
44086	0	39408	
44087	0	39208	
44088	0	38706	
44089	0	37968	
44090	0	37168	
44091	0	36568	
44092	0	35764	
44093	0	34784	
44094	0	34436	
44095	0	34940	
44096	0	36024	
44097	0	37288	
44098	0	38896	
44099	0	40220	
44100	0	40944	
44101	0	41956	
44102	0	42472	
44103	0	42476	
44104	0	42072	
44105	0	41312	
44106	0	40196	
44107	0	39100	
44108	0	38856	
44109	0	38844	
44110	0	38544	
44111	0	38136	
44112	0	37952	
44113	0	38044	
44114	0	38672	
44115	0	39162	
44116	0	39064	
44117	0	38324	
44118	0	37360	
44119	0	36796	
44120	0	36464	
44121	0	36104	
44122	0	35576	
44123	0	35216	
44124	0	35148	
44125	0	35688	
44126	0	36488	
44127	0	37032	
44128	0	37252	
44129	0	37624	
44130	0	37528	
44131	0	37160	
44132	0	37044	
44133	0	36672	
44134	0	36244	
44135	0	35972	
44136	0	36212	
44137	0	36488	
44138	0	36756	
44139	0	37292	
44140	0	37936	
44141	0	38216	
44142	0	38880	
44143	0	38924	
44144	0	38304	
44145	0	37184	
44146	0	36160	
44147	0	35876	
44148	0	35180	
44149	0	34800	
44150	0	34784	
44151	0	35112	
44152	0	35432	
44153	0	35620	
44154	0	35892	
44155	0	35640	
44156	0	35876	
44157	0	36152	
44158	0	36116	
44159	0	36288	
44160	0	36748	
44161	0	37332	
44162	0	37760	
44163	0	38100	
44164	0	38928	
44165	0	39284	
44166	0	39354	
44167	0	39236	
44168	0	39192	
44169	0	39128	
44170	0	39288	
44171	0	39712	
44172	0	40200	
44173	0	40432	
44174	0	39576	
44175	0	38204	
44176	0	37288	
44177	0	37032	
44178	0	37196	
44179	0	36892	
44180	0	36840	
44181	0	37104	
44182	0	37120	
44183	0	37280	
44184	0	37748	
44185	0	38060	
44186	0	38380	
44187	0	38848	
44188	0	40344	
44189	0	41936	
44190	0	42976	
44191	0	43580	
44192	0	42932	
44193	0	41564	
44194	0	40416	
44195	0	39660	
44196	0	39604	
44197	0	40584	
44198	0	42124	
44199	0	43192	
44200	0	44144	
44201	0	44544	
44202	0	44976	
44203	0	46136	
44204	0	45804	
44205	0	43244	
44206	0	39860	
44207	0	36564	
44208	0	32828	
44209	0	29714	
44210	0	29084	
44211	0	31044	
44212	0	35616	
44213	0	40888	
44214	0	42616	
44215	0	41160	
44216	0	38828	
44217	0	36904	
44218	0	35700	
44219	0	36656	
44220	0	38324	
44221	0	39512	
44222	0	40700	
44223	0	43260	
44224	0	46136	
44225	0	48192	
44226	0	48824	
44227	0	48160	
44228	0	47272	
44229	0	46440	
44230	0	46984	
44231	0	50528	
44232	0	53848	
44233	0	53372	
44234	0	49824	
44235	0	47568	
44236	0	46812	
44237	0	48024	
44238	0	50408	
44239	0	52692	
44240	0	55080	
44241	0	58520	
44242	0	61864	
44243	0	64768	
44244	0	65472	
44245	0	65464	
44246	0	65464	
44247	0	65472	
44248	0	65472	
44249	0	61568	
44250	0	61744	
44251	0	63648	
44252	0	65468	
44253	0	65472	
44254	0	65476	
44255	0	65480	
44256	0	65464	
44257	0	65484	
44258	0	65472	
44259	0	65472	
44260	0	65480	
44261	0	65472	
44262	0	65492	
44263	0	65472	
44264	0	65476	
44265	0	65472	
44266	0	65492	
44267	0	65472	
44268	0	65472	
44269	0	65464	
44270	0	65468	
44271	0	65484	
44272	0	65472	
44273	0	65472	
44274	0	65480	
44275	0	65472	
44276	0	65468	
44277	0	65480	
44278	0	65468	
44279	0	65472	
44280	0	65472	
44281	0	65464	
44282	0	65472	
44283	0	65464	
44284	0	65464	
44285	0	65480	
44286	0	65464	
44287	0	65472	
44288	0	65480	
44289	0	65468	
44290	0	65472	
44291	0	65472	
44292	0	65472	
44293	0	65476	
44294	0	65480	
44295	0	65472	
44296	0	65480	
44297	0	65476	
44298	0	65468	
44299	0	65476	
44300	0	65480	
44301	0	65488	
44302	0	65472	
44303	0	65472	
44304	0	65464	
44305	0	59456	
44306	0	56984	
44307	0	55432	
44308	0	55628	
44309	0	57248	
44310	0	58720	
44311	0	59840	
44312	0	59576	
44313	0	58552	
44314	0	57768	
44315	0	57016	
44316	0	56344	
44317	0	55544	
44318	0	54156	
44319	0	52316	
44320	0	49824	
44321	0	47424	
44322	0	45720	
44323	0	45088	
44324	0	45448	
44325	0	46840	
44326	0	47944	
44327	0	48672	
44328	0	48756	
44329	0	49140	
44330	0	49992	
44331	0	49824	
44332	0	48264	
44333	0	46412	
44334	0	44940	
44335	0	44180	
44336	0	43588	
44337	0	42412	
44338	0	41032	
44339	0	40216	
44340	0	40384	
44341	0	41072	
44342	0	41044	
44343	0	39580	
44344	0	37640	
44345	0	36248	
44346	0	36280	
44347	0	36824	
44348	0	37148	
44349	0	37048	
44350	0	36820	
44351	0	36292	
44352	0	35226	
44353	0	34508	
44354	0	34272	
44355	0	34200	
44356	0	33752	
44357	0	32976	
44358	0	32828	
44359	0	33160	
44360	0	33804	
44361	0	34048	
44362	0	33320	
44363	0	32276	
44364	0	30720	
44365	0	29640	
44366	0	29084	
44367	0	28296	
44368	0	27516	
44369	0	26648	
44370	0	25620	
44371	0	25640	
44372	0	25948	
44373	0	25953	
44374	0	25368	
44375	0	24600	
44376	0	23628	
44377	0	22698	
44378	0	21896	
44379	0	20700	
44380	0	20420	
44381	0	20588	
44382	0	20668	
44383	0	21048	
44384	0	21216	
44385	0	20904	
44386	0	20312	
44387	0	19434	
44388	0	19184	
44389	0	19632	
44390	0	20192	
44391	0	20672	
44392	0	20828	
44393	0	20848	
44394	0	19952	
44395	0	18244	
44396	0	17158	
44397	0	16440	
44398	0	16416	
44399	0	16394	
44400	0	17229	
44401	0	18660	
44402	0	19496	
44403	0	19773	
44404	0	19444	
44405	0	18496	
44406	0	17536	
44407	0	16080	
44408	0	15088	
44409	0	14708	
44410	0	14908	
44411	0	15640	
44412	0	16740	
44413	0	17548	
44414	0	17722	
44415	0	17429	
44416	0	16966	
44417	0	16232	
44418	0	15772	
44419	0	15642	
44420	0	16072	
44421	0	17224	
44422	0	18664	
44423	0	20492	
44424	0	21312	
44425	0	21896	
44426	0	21784	
44427	0	20756	
44428	0	19004	
44429	0	17716	
44430	0	16992	
44431	0	16940	
44432	0	17044	
44433	0	16480	
44434	0	15732	
44435	0	14782	
44436	0	13937	
44437	0	12725	
44438	0	12142	
44439	0	12444	
44440	0	13412	
44441	0	14600	
44442	0	15989	
44443	0	16373	
44444	0	15952	
44445	0	15020	
44446	0	14180	
44447	0	14132	
44448	0	14364	
44449	0	14504	
44450	0	14504	
44451	0	15104	
44452	0	16072	
44453	0	17054	
44454	0	17480	
44455	0	16888	
44456	0	15664	
44457	0	14796	
44458	0	15106	
44459	0	15909	
44460	0	16564	
44461	0	16976	
44462	0	17458	
44463	0	17165	
44464	0	16368	
44465	0	15876	
44466	0	15804	
44467	0	15729	
44468	0	15800	
44469	0	16204	
44470	0	16184	
44471	0	16002	
44472	0	15982	
44473	0	16836	
44474	0	17266	
44475	0	17264	
44476	0	16924	
44477	0	16540	
44478	0	16028	
44479	0	16385	
44480	0	17038	
44481	0	17104	
44482	0	16784	
44483	0	17012	
44484	0	17728	
44485	0	18742	
44486	0	19588	
44487	0	19788	
44488	0	20256	
44489	0	21186	
44490	0	22000	
44491	0	22068	
44492	0	21572	
44493	0	21097	
44494	0	21360	
44495	0	21992	
44496	0	21940	
44497	0	21376	
44498	0	20560	
44499	0	19516	
44500	0	18548	
44501	0	17924	
44502	0	17844	
44503	0	18312	
44504	0	19340	
44505	0	20428	
44506	0	21252	
44507	0	21500	
44508	0	21120	
44509	0	20474	
44510	0	20320	
44511	0	20608	
44512	0	20832	
44513	0	20768	
44514	0	21138	
44515	0	21920	
44516	0	22852	
44517	0	22816	
44518	0	22572	
44519	0	22688	
44520	0	23092	
44521	0	23038	
44522	0	22588	
44523	0	22544	
44524	0	22872	
44525	0	23660	
44526	0	25540	
44527	0	27032	
44528	0	27376	
44529	0	27272	
44530	0	26948	
44531	0	26360	
44532	0	25978	
44533	0	25364	
44534	0	25190	
44535	0	25888	
44536	0	26180	
44537	0	25592	
44538	0	24872	
44539	0	24376	
44540	0	24228	
44541	0	24668	
44542	0	25232	
44543	0	25456	
44544	0	25204	
44545	0	25352	
44546	0	25404	
44547	0	24956	
44548	0	24216	
44549	0	23200	
44550	0	22408	
44551	0	22008	
44552	0	22128	
44553	0	22312	
44554	0	22028	
44555	0	20830	
44556	0	19388	
44557	0	18936	
44558	0	19537	
44559	0	21448	
44560	0	23772	
44561	0	26340	
44562	0	28276	
44563	0	29044	
44564	0	28632	
44565	0	27840	
44566	0	27524	
44567	0	27616	
44568	0	28336	
44569	0	29300	
44570	0	30108	
44571	0	30560	
44572	0	30964	
44573	0	31100	
44574	0	30716	
44575	0	29896	
44576	0	29292	
44577	0	29168	
44578	0	29244	
44579	0	29424	
44580	0	29452	
44581	0	29744	
44582	0	30128	
44583	0	30812	
44584	0	31712	
44585	0	31982	
44586	0	31976	
44587	0	31916	
44588	0	31776	
44589	0	31832	
44590	0	32032	
44591	0	31876	
44592	0	31520	
44593	0	31312	
44594	0	31152	
44595	0	30640	
44596	0	29864	
44597	0	28712	
44598	0	27600	
44599	0	26964	
44600	0	26980	
44601	0	27760	
44602	0	28724	
44603	0	29208	
44604	0	28888	
44605	0	27848	
44606	0	27140	
44607	0	26784	
44608	0	26384	
44609	0	26384	
44610	0	26482	
44611	0	26228	
44612	0	26128	
44613	0	26640	
44614	0	27524	
44615	0	28752	
44616	0	29468	
44617	0	29344	
44618	0	29128	
44619	0	28384	
44620	0	27676	
44621	0	26920	
44622	0	26264	
44623	0	25912	
44624	0	26120	
44625	0	27712	
44626	0	29812	
44627	0	31800	
44628	0	33424	
44629	0	34584	
44630	0	35236	
44631	0	35316	
44632	0	34720	
44633	0	34132	
44634	0	33320	
44635	0	32608	
44636	0	31656	
44637	0	31064	
44638	0	30300	
44639	0	29956	
44640	0	29616	
44641	0	29376	
44642	0	28924	
44643	0	28714	
44644	0	28808	
44645	0	28652	
44646	0	28056	
44647	0	27628	
44648	0	28312	
44649	0	30048	
44650	0	31824	
44651	0	32948	
44652	0	33392	
44653	0	33228	
44654	0	32716	
44655	0	31888	
44656	0	31400	
44657	0	31492	
44658	0	32012	
44659	0	32956	
44660	0	33968	
44661	0	34128	
44662	0	33952	
44663	0	34140	
44664	0	33844	
44665	0	32948	
44666	0	31636	
44667	0	30888	
44668	0	30568	
44669	0	30192	
44670	0	30028	
44671	0	30144	
44672	0	30128	
44673	0	30464	
44674	0	31708	
44675	0	32872	
44676	0	33440	
44677	0	33516	
44678	0	32380	
44679	0	31576	
44680	0	31332	
44681	0	32304	
44682	0	33540	
44683	0	34620	
44684	0	35496	
44685	0	35620	
44686	0	35228	
44687	0	34542	
44688	0	33720	
44689	0	32304	
44690	0	31032	
44691	0	30564	
44692	0	30416	
44693	0	30256	
44694	0	30620	
44695	0	30536	
44696	0	30040	
44697	0	28772	
44698	0	26856	
44699	0	26248	
44700	0	27164	
44701	0	29488	
44702	0	31156	
44703	0	32108	
44704	0	33096	
44705	0	34168	
44706	0	34904	
44707	0	34572	
44708	0	34712	
44709	0	35472	
44710	0	35256	
44711	0	34004	
44712	0	32448	
44713	0	31004	
44714	0	30448	
44715	0	30452	
44716	0	31456	
44717	0	32628	
44718	0	33704	
44719	0	34536	
44720	0	34944	
44721	0	34352	
44722	0	32720	
44723	0	30220	
44724	0	27744	
44725	0	26024	
44726	0	25152	
44727	0	25180	
44728	0	25860	
44729	0	26792	
44730	0	27808	
44731	0	29604	
44732	0	31598	
44733	0	32900	
44734	0	33588	
44735	0	33848	
44736	0	33184	
44737	0	32096	
44738	0	30776	
44739	0	29496	
44740	0	28872	
44741	0	28388	
44742	0	28552	
44743	0	29676	
44744	0	31696	
44745	0	34356	
44746	0	36840	
44747	0	37956	
44748	0	37828	
44749	0	37288	
44750	0	37116	
44751	0	37392	
44752	0	37764	
44753	0	37688	
44754	0	38104	
44755	0	39188	
44756	0	40408	
44757	0	41476	
44758	0	42824	
44759	0	43412	
44760	0	42512	
44761	0	41288	
44762	0	40584	
44763	0	41356	
44764	0	42184	
44765	0	42416	
44766	0	42132	
44767	0	41848	
44768	0	41684	
44769	0	42344	
44770	0	42800	
44771	0	42832	
44772	0	42432	
44773	0	41976	
44774	0	42144	
44775	0	42068	
44776	0	42952	
44777	0	44080	
44778	0	44672	
44779	0	44472	
44780	0	43992	
44781	0	43528	
44782	0	43040	
44783	0	42636	
44784	0	42388	
44785	0	42380	
44786	0	42668	
44787	0	43492	
44788	0	45048	
44789	0	46364	
44790	0	47132	
44791	0	47264	
44792	0	46704	
44793	0	44964	
44794	0	43408	
44795	0	42652	
44796	0	42292	
44797	0	41824	
44798	0	41420	
44799	0	41008	
44800	0	40596	
44801	0	40280	
44802	0	40504	
44803	0	41368	
44804	0	42672	
44805	0	44144	
44806	0	45204	
44807	0	44952	
44808	0	43764	
44809	0	42232	
44810	0	40976	
44811	0	40324	
44812	0	40072	
44813	0	39476	
44814	0	39216	
44815	0	39356	
44816	0	39852	
44817	0	39688	
44818	0	39216	
44819	0	38904	
44820	0	39072	
44821	0	39932	
44822	0	40832	
44823	0	42004	
44824	0	42888	
44825	0	43016	
44826	0	42008	
44827	0	39984	
44828	0	38504	
44829	0	38840	
44830	0	39692	
44831	0	40172	
44832	0	40192	
44833	0	39936	
44834	0	39056	
44835	0	38596	
44836	0	38524	
44837	0	38624	
44838	0	39180	
44839	0	39604	
44840	0	40056	
44841	0	39812	
44842	0	39296	
44843	0	38348	
44844	0	37108	
44845	0	35760	
44846	0	35204	
44847	0	35816	
44848	0	36776	
44849	0	37824	
44850	0	38816	
44851	0	40384	
44852	0	41916	
44853	0	42800	
44854	0	42260	
44855	0	40684	
44856	0	38556	
44857	0	36224	
44858	0	35224	
44859	0	35236	
44860	0	35028	
44861	0	35040	
44862	0	34904	
44863	0	33892	
44864	0	32532	
44865	0	31048	
44866	0	30416	
44867	0	29796	
44868	0	29552	
44869	0	29216	
44870	0	29652	
44871	0	30204	
44872	0	30500	
44873	0	31044	
44874	0	31460	
44875	0	31188	
44876	0	30740	
44877	0	30688	
44878	0	30416	
44879	0	30192	
44880	0	30664	
44881	0	31388	
44882	0	31724	
44883	0	31224	
44884	0	30372	
44885	0	29528	
44886	0	29568	
44887	0	29732	
44888	0	28900	
44889	0	26536	
44890	0	23220	
44891	0	19656	
44892	0	17412	
44893	0	16356	
44894	0	17144	
44895	0	20704	
44896	0	26368	
44897	0	31684	
44898	0	35356	
44899	0	37096	
44900	0	37740	
44901	0	36964	
44902	0	34384	
44903	0	31384	
44904	0	30266	
44905	0	31192	
44906	0	32240	
44907	0	33312	
44908	0	34776	
44909	0	35264	
44910	0	34832	
44911	0	33564	
44912	0	31036	
44913	0	27792	
44914	0	25416	
44915	0	24725	
44916	0	24984	
44917	0	26036	
44918	0	27316	
44919	0	28748	
44920	0	30012	
44921	0	30704	
44922	0	30168	
44923	0	29256	
44924	0	28392	
44925	0	28105	
44926	0	28000	
44927	0	27208	
44928	0	25656	
44929	0	25280	
44930	0	27488	
44931	0	32652	
44932	0	38340	
44933	0	41848	
44934	0	42128	
44935	0	39192	
44936	0	35632	
44937	0	32020	
44938	0	29656	
44939	0	30228	
44940	0	33144	
44941	0	35448	
44942	0	35872	
44943	0	29900	
44944	0	16008	
44945	0	379	
44946	0	59	
44947	0	59	
44948	0	61	
44949	0	6038	
44950	0	10180	
44951	0	14302	
44952	0	18690	
44953	0	25336	
44954	0	33208	
44955	0	38768	
44956	0	39460	
44957	0	37640	
44958	0	36044	
44959	0	36452	
44960	0	36100	
44961	0	36280	
44962	0	37848	
44963	0	40052	
44964	0	41648	
44965	0	40752	
44966	0	36832	
44967	0	34544	
44968	0	36168	
44969	0	39760	
44970	0	42100	
44971	0	43056	
44972	0	42584	
44973	0	41432	
44974	0	40504	
44975	0	38368	
44976	0	36064	
44977	0	31896	
44978	0	26894	
44979	0	24380	
44980	0	25864	
44981	0	28912	
44982	0	31152	
44983	0	34136	
44984	0	36488	
44985	0	37788	
44986	0	40480	
44987	0	45368	
44988	0	49492	
44989	0	51184	
44990	0	50108	
44991	0	47552	
44992	0	45604	
44993	0	43736	
44994	0	41824	
44995	0	38768	
44996	0	35416	
44997	0	32962	
44998	0	32422	
44999	0	32448	
45000	0	32464	
45001	0	31948	
45002	0	30212	
45003	0	28692	
45004	0	28140	
45005	0	27588	
45006	0	26856	
45007	0	26560	
45008	0	27000	
45009	0	28272	
45010	0	29712	
45011	0	28520	
45012	0	25176	
45013	0	21656	
45014	0	20536	
45015	0	20888	
45016	0	23282	
45017	0	28548	
45018	0	34456	
45019	0	39378	
45020	0	42092	
45021	0	43272	
45022	0	43196	
45023	0	42464	
45024	0	41572	
45025	0	41544	
45026	0	42560	
45027	0	44904	
45028	0	47856	
45029	0	48192	
45030	0	45096	
45031	0	39440	
45032	0	33256	
45033	0	28636	
45034	0	26384	
45035	0	25732	
45036	0	26736	
45037	0	29196	
45038	0	31808	
45039	0	34012	
45040	0	35664	
45041	0	37700	
45042	0	39480	
45043	0	39836	
45044	0	38656	
45045	0	37152	
45046	0	37900	
45047	0	40264	
45048	0	41376	
45049	0	40588	
45050	0	39296	
45051	0	37228	
45052	0	34132	
45053	0	29832	
45054	0	23608	
45055	0	14928	
45056	0	10356	
45057	0	12013	
45058	0	18560	
45059	0	24392	
45060	0	26320	
45061	0	24132	
45062	0	21564	
45063	0	19248	
45064	0	17940	
45065	0	21282	
45066	0	29172	
45067	0	38352	
45068	0	45456	
45069	0	51112	
45070	0	54420	
45071	0	56128	
45072	0	57076	
45073	0	56836	
45074	0	55300	
45075	0	53024	
45076	0	50256	
45077	0	47564	
45078	0	45040	
45079	0	42100	
45080	0	38712	
45081	0	34456	
45082	0	29188	
45083	0	23788	
45084	0	18980	
45085	0	16780	
45086	0	19100	
45087	0	24498	
45088	0	30016	
45089	0	34784	
45090	0	39512	
45091	0	42928	
45092	0	43780	
45093	0	43244	
45094	0	41892	
45095	0	40780	
45096	0	41056	
45097	0	42672	
45098	0	45616	
45099	0	50120	
45100	0	55716	
45101	0	59920	
45102	0	60208	
45103	0	57184	
45104	0	51680	
45105	0	44664	
45106	0	37176	
45107	0	30940	
45108	0	26544	
45109	0	22262	
45110	0	18136	
45111	0	11118	
45112	0	4858	
45113	0	3885	
45114	0	8540	
45115	0	12292	
45116	0	13468	
45117	0	14428	
45118	0	16312	
45119	0	21720	
45120	0	29320	
45121	0	36248	
45122	0	42332	
45123	0	47668	
45124	0	50232	
45125	0	46780	
45126	0	39452	
45127	0	31844	
45128	0	24880	
45129	0	20508	
45130	0	20788	
45131	0	24832	
45132	0	30832	
45133	0	35144	
45134	0	37072	
45135	0	37820	
45136	0	39068	
45137	0	40052	
45138	0	41628	
45139	0	43452	
45140	0	44764	
45141	0	45400	
45142	0	45060	
45143	0	43312	
45144	0	41016	
45145	0	38660	
45146	0	36492	
45147	0	34328	
45148	0	33112	
45149	0	33952	
45150	0	37864	
45151	0	43404	
45152	0	48372	
45153	0	50400	
45154	0	49752	
45155	0	48232	
45156	0	48168	
45157	0	49008	
45158	0	49472	
45159	0	47776	
45160	0	44860	
45161	0	43372	
45162	0	40820	
45163	0	38064	
45164	0	37016	
45165	0	38584	
45166	0	39884	
45167	0	41032	
45168	0	41252	
45169	0	40164	
45170	0	40048	
45171	0	43460	
45172	0	49024	
45173	0	54032	
45174	0	57840	
45175	0	59184	
45176	0	57832	
45177	0	51504	
45178	0	41584	
45179	0	31468	
45180	0	24788	
45181	0	23648	
45182	0	27536	
45183	0	32568	
45184	0	37740	
45185	0	44688	
45186	0	50572	
45187	0	54108	
45188	0	56028	
45189	0	57552	
45190	0	57872	
45191	0	55896	
45192	0	52188	
45193	0	48572	
45194	0	45344	
45195	0	42344	
45196	0	38876	
45197	0	35024	
45198	0	32512	
45199	0	33220	
45200	0	33676	
45201	0	35104	
45202	0	39408	
45203	0	46064	
45204	0	50740	
45205	0	50736	
45206	0	47784	
45207	0	44304	
45208	0	41720	
45209	0	39340	
45210	0	38228	
45211	0	38216	
45212	0	38624	
45213	0	39080	
45214	0	39248	
45215	0	38860	
45216	0	37740	
45217	0	37184	
45218	0	36032	
45219	0	33968	
45220	0	30922	
45221	0	28000	
45222	0	25348	
45223	0	24596	
45224	0	24758	
45225	0	25176	
45226	0	25512	
45227	0	25634	
45228	0	25364	
45229	0	23784	
45230	0	21457	
45231	0	19580	
45232	0	18324	
45233	0	18264	
45234	0	19949	
45235	0	22032	
45236	0	24484	
45237	0	28720	
45238	0	33944	
45239	0	37388	
45240	0	36348	
45241	0	31656	
45242	0	27092	
45243	0	23664	
45244	0	22816	
45245	0	23800	
45246	0	26728	
45247	0	30474	
45248	0	33632	
45249	0	36580	
45250	0	39336	
45251	0	42116	
45252	0	43956	
45253	0	44644	
45254	0	44832	
45255	0	45184	
45256	0	45592	
45257	0	44904	
45258	0	42164	
45259	0	39364	
45260	0	38036	
45261	0	37728	
45262	0	37104	
45263	0	35916	
45264	0	34728	
45265	0	34784	
45266	0	35520	
45267	0	37356	
45268	0	38832	
45269	0	39464	
45270	0	39248	
45271	0	38944	
45272	0	39216	
45273	0	39388	
45274	0	38928	
45275	0	38420	
45276	0	37096	
45277	0	34716	
45278	0	32472	
45279	0	30536	
45280	0	28880	
45281	0	28384	
45282	0	28272	
45283	0	28712	
45284	0	28784	
45285	0	27764	
45286	0	27320	
45287	0	28620	
45288	0	29192	
45289	0	26504	
45290	0	19856	
45291	0	13612	
45292	0	9284	
45293	0	6762	
45294	0	7036	
45295	0	8410	
45296	0	10310	
45297	0	13124	
45298	0	16168	
45299	0	19516	
45300	0	22096	
45301	0	22640	
45302	0	21544	
45303	0	19352	
45304	0	17900	
45305	0	17284	
45306	0	17394	
45307	0	17096	
45308	0	15793	
45309	0	13828	
45310	0	12408	
45311	0	12092	
45312	0	12052	
45313	0	12632	
45314	0	13621	
45315	0	15008	
45316	0	16212	
45317	0	17665	
45318	0	18820	
45319	0	18470	
45320	0	17208	
45321	0	15992	
45322	0	13738	
45323	0	11822	
45324	0	10472	
45325	0	9542	
45326	0	9118	
45327	0	8652	
45328	0	8722	
45329	0	8588	
45330	0	7930	
45331	0	7208	
45332	0	5609	
45333	0	3836	
45334	0	1682	
45335	0	94	
45336	0	60	
45337	0	61	
45338	0	60	
45339	0	60	
45340	0	59	
45341	0	60	
45342	0	60	
45343	0	60	
45344	0	60	
45345	0	4354	
45346	0	6880	
45347	0	8500	
45348	0	9800	
45349	0	10440	
45350	0	10362	
45351	0	8462	
45352	0	3610	
45353	0	60	
45354	0	59	
45355	0	61	
45356	0	61	
45357	0	60	
45358	0	61	
45359	0	12048	
45360	0	17110	
45361	0	19664	
45362	0	20128	
45363	0	18560	
45364	0	13970	
45365	0	8544	
45366	0	4212	
45367	0	969	
45368	0	61	
45369	0	61	
45370	0	61	
45371	0	59	
45372	0	60	
45373	0	3192	
45374	0	4154	
45375	0	4712	
45376	0	5081	
45377	0	5333	
45378	0	5424	
45379	0	5092	
45380	0	4561	
45381	0	4620	
45382	0	5568	
45383	0	7184	
45384	0	8240	
45385	0	7748	
45386	0	6928	
45387	0	6928	
45388	0	8261	
45389	0	10364	
45390	0	12068	
45391	0	12997	
45392	0	13370	
45393	0	13428	
45394	0	13076	
45395	0	12324	
45396	0	11172	
45397	0	10394	
45398	0	9876	
45399	0	9200	
45400	0	7850	
45401	0	7064	
45402	0	7156	
45403	0	7849	
45404	0	8676	
45405	0	9904	
45406	0	11082	
45407	0	11688	
45408	0	12178	
45409	0	12772	
45410	0	12916	
45411	0	13389	
45412	0	13802	
45413	0	12381	
45414	0	9970	
45415	0	7580	
45416	0	5338	
45417	0	2758	
45418	0	1488	
45419	0	1459	
45420	0	819	
45421	0	788	
45422	0	1301	
45423	0	2454	
45424	0	4900	
45425	0	8246	
45426	0	12206	
45427	0	16056	
45428	0	19396	
45429	0	21376	
45430	0	22152	
45431	0	22156	
45432	0	22524	
45433	0	23140	
45434	0	23752	
45435	0	24012	
45436	0	23200	
45437	0	22004	
45438	0	21712	
45439	0	21128	
45440	0	20384	
45441	0	18744	
45442	0	16916	
45443	0	15144	
45444	0	13640	
45445	0	12566	
45446	0	11984	
45447	0	12452	
45448	0	13524	
45449	0	14688	
45450	0	15852	
45451	0	17250	
45452	0	19136	
45453	0	20708	
45454	0	21784	
45455	0	22560	
45456	0	22392	
45457	0	21568	
45458	0	21808	
45459	0	22828	
45460	0	24284	
45461	0	25988	
45462	0	27024	
45463	0	27404	
45464	0	26512	
45465	0	25588	
45466	0	24380	
45467	0	22896	
45468	0	22098	
45469	0	22172	
45470	0	23064	
45471	0	23920	
45472	0	25756	
45473	0	28192	
45474	0	29620	
45475	0	29816	
45476	0	28296	
45477	0	24556	
45478	0	20112	
45479	0	16416	
45480	0	15076	
45481	0	16004	
45482	0	18236	
45483	0	20732	
45484	0	23584	
45485	0	25780	
45486	0	26872	
45487	0	27792	
45488	0	29428	
45489	0	31572	
45490	0	32936	
45491	0	32976	
45492	0	32000	
45493	0	31156	
45494	0	30600	
45495	0	29796	
45496	0	28584	
45497	0	27240	
45498	0	26664	
45499	0	26752	
45500	0	26688	
45501	0	26704	
45502	0	26812	
45503	0	26928	
45504	0	27300	
45505	0	27764	
45506	0	28408	
45507	0	29056	
45508	0	29984	
45509	0	30844	
45510	0	31268	
45511	0	31500	
45512	0	32244	
45513	0	33616	
45514	0	35044	
45515	0	36256	
45516	0	36716	
45517	0	35904	
45518	0	34248	
45519	0	32976	
45520	0	32180	
45521	0	31218	
45522	0	31428	
45523	0	32216	
45524	0	32452	
45525	0	32120	
45526	0	30580	
45527	0	28204	
45528	0	26428	
45529	0	26400	
45530	0	27464	
45531	0	28448	
45532	0	29440	
45533	0	30248	
45534	0	31004	
45535	0	31568	
45536	0	31616	
45537	0	31236	
45538	0	30632	
45539	0	30172	
45540	0	30176	
45541	0	30384	
45542	0	31274	
45543	0	32304	
45544	0	33056	
45545	0	33148	
45546	0	33008	
45547	0	32880	
45548	0	32440	
45549	0	31844	
45550	0	32352	
45551	0	33420	
45552	0	34428	
45553	0	35500	
45554	0	36044	
45555	0	36044	
45556	0	36128	
45557	0	35708	
45558	0	35084	
45559	0	34260	
45560	0	33744	
45561	0	34128	
45562	0	34544	
45563	0	35412	
45564	0	36624	
45565	0	37704	
45566	0	40040	
45567	0	43232	
45568	0	45564	
45569	0	46088	
45570	0	44384	
45571	0	41380	
45572	0	37488	
45573	0	33572	
45574	0	30088	
45575	0	27872	
45576	0	27120	
45577	0	28344	
45578	0	30884	
45579	0	32678	
45580	0	34049	
45581	0	35128	
45582	0	35840	
45583	0	36328	
45584	0	36564	
45585	0	36904	
45586	0	37472	
45587	0	37148	
45588	0	35544	
45589	0	33792	
45590	0	32408	
45591	0	31592	
45592	0	31224	
45593	0	30980	
45594	0	31356	
45595	0	31824	
45596	0	32188	
45597	0	32316	
45598	0	32076	
45599	0	31892	
45600	0	31872	
45601	0	31662	
45602	0	30408	
45603	0	28496	
45604	0	27012	
45605	0	26992	
45606	0	28008	
45607	0	30348	
45608	0	32976	
45609	0	34932	
45610	0	36672	
45611	0	38312	
45612	0	39844	
45613	0	40516	
45614	0	40468	
45615	0	40160	
45616	0	39248	
45617	0	38648	
45618	0	38504	
45619	0	38768	
45620	0	39224	
45621	0	39964	
45622	0	39836	
45623	0	39152	
45624	0	37752	
45625	0	36356	
45626	0	35640	
45627	0	35944	
45628	0	37280	
45629	0	39416	
45630	0	41136	
45631	0	41816	
45632	0	41296	
45633	0	41336	
45634	0	42020	
45635	0	42180	
45636	0	41460	
45637	0	40608	
45638	0	39872	
45639	0	38796	
45640	0	37504	
45641	0	36372	
45642	0	35588	
45643	0	34976	
45644	0	35076	
45645	0	35760	
45646	0	36596	
45647	0	38008	
45648	0	39400	
45649	0	40504	
45650	0	40992	
45651	0	41348	
45652	0	41412	
45653	0	41700	
45654	0	41460	
45655	0	40356	
45656	0	39368	
45657	0	38740	
45658	0	38796	
45659	0	39272	
45660	0	39784	
45661	0	39904	
45662	0	38820	
45663	0	36412	
45664	0	34032	
45665	0	32476	
45666	0	32668	
45667	0	33716	
45668	0	34400	
45669	0	34148	
45670	0	33408	
45671	0	32688	
45672	0	32632	
45673	0	33084	
45674	0	33172	
45675	0	33452	
45676	0	34012	
45677	0	34426	
45678	0	34988	
45679	0	35424	
45680	0	35944	
45681	0	36972	
45682	0	37496	
45683	0	37808	
45684	0	38100	
45685	0	38144	
45686	0	37688	
45687	0	36844	
45688	0	36320	
45689	0	36212	
45690	0	36560	
45691	0	36832	
45692	0	36504	
45693	0	35464	
45694	0	34968	
45695	0	35600	
45696	0	36556	
45697	0	37264	
45698	0	37736	
45699	0	37500	
45700	0	36884	
45701	0	36116	
45702	0	35684	
45703	0	35704	
45704	0	35448	
45705	0	35164	
45706	0	34672	
45707	0	34164	
45708	0	33424	
45709	0	32928	
45710	0	32604	
45711	0	32304	
45712	0	32112	
45713	0	31460	
45714	0	30784	
45715	0	29868	
45716	0	29336	
45717	0	29976	
45718	0	30844	
45719	0	31970	
45720	0	32864	
45721	0	33760	
45722	0	34760	
45723	0	35624	
45724	0	36536	
45725	0	37068	
45726	0	36788	
45727	0	36248	
45728	0	35196	
45729	0	34584	
45730	0	34696	
45731	0	35544	
45732	0	36748	
45733	0	37588	
45734	0	37608	
45735	0	36624	
45736	0	35696	
45737	0	34724	
45738	0	33732	
45739	0	33368	
45740	0	32560	
45741	0	32300	
45742	0	32336	
45743	0	32788	
45744	0	33312	
45745	0	34080	
45746	0	35088	
45747	0	36160	
45748	0	36742	
45749	0	36420	
45750	0	35240	
45751	0	33800	
45752	0	33536	
45753	0	34432	
45754	0	35452	
45755	0	36224	
45756	0	37378	
45757	0	38712	
45758	0	39600	
45759	0	39564	
45760	0	38856	
45761	0	37812	
45762	0	37176	
45763	0	36824	
45764	0	36612	
45765	0	37488	
45766	0	39076	
45767	0	39900	
45768	0	40396	
45769	0	40464	
45770	0	40196	
45771	0	40332	
45772	0	41096	
45773	0	41804	
45774	0	42200	
45775	0	42108	
45776	0	41076	
45777	0	39860	
45778	0	38196	
45779	0	36088	
45780	0	33540	
45781	0	30992	
45782	0	29424	
45783	0	29972	
45784	0	31592	
45785	0	33692	
45786	0	35996	
45787	0	37880	
45788	0	39196	
45789	0	39980	
45790	0	40588	
45791	0	40808	
45792	0	40892	
45793	0	40804	
45794	0	40212	
45795	0	39948	
45796	0	40276	
45797	0	41220	
45798	0	42176	
45799	0	42084	
45800	0	40904	
45801	0	39756	
45802	0	39380	
45803	0	39656	
45804	0	39716	
45805	0	38496	
45806	0	36564	
45807	0	34636	
45808	0	33256	
45809	0	33024	
45810	0	33632	
45811	0	35012	
45812	0	36888	
45813	0	39152	
45814	0	41120	
45815	0	42504	
45816	0	43412	
45817	0	44272	
45818	0	44716	
45819	0	44484	
45820	0	43432	
45821	0	42144	
45822	0	40632	
45823	0	39738	
45824	0	39340	
45825	0	39376	
45826	0	39488	
45827	0	40140	
45828	0	40960	
45829	0	41780	
45830	0	42320	
45831	0	42872	
45832	0	43216	
45833	0	42372	
45834	0	40864	
45835	0	39048	
45836	0	38252	
45837	0	39296	
45838	0	40648	
45839	0	41312	
45840	0	41080	
45841	0	40776	
45842	0	40760	
45843	0	40496	
45844	0	39528	
45845	0	38924	
45846	0	38720	
45847	0	38044	
45848	0	36720	
45849	0	35036	
45850	0	33676	
45851	0	33460	
45852	0	33760	
45853	0	34120	
45854	0	33016	
45855	0	31580	
45856	0	30836	
45857	0	31064	
45858	0	31076	
45859	0	31152	
45860	0	31452	
45861	0	32424	
45862	0	33780	
45863	0	35096	
45864	0	35352	
45865	0	34820	
45866	0	33584	
45867	0	32328	
45868	0	30952	
45869	0	29280	
45870	0	28384	
45871	0	28400	
45872	0	29296	
45873	0	30720	
45874	0	32000	
45875	0	31956	
45876	0	31908	
45877	0	32464	
45878	0	33208	
45879	0	33512	
45880	0	33584	
45881	0	33760	
45882	0	34176	
45883	0	34928	
45884	0	35840	
45885	0	37016	
45886	0	37628	
45887	0	37420	
45888	0	37192	
45889	0	36852	
45890	0	36176	
45891	0	35944	
45892	0	36812	
45893	0	38164	
45894	0	39256	
45895	0	39900	
45896	0	40124	
45897	0	40328	
45898	0	40148	
45899	0	39628	
45900	0	38764	
45901	0	37896	
45902	0	37560	
45903	0	37876	
45904	0	38712	
45905	0	39912	
45906	0	41040	
45907	0	41776	
45908	0	41220	
45909	0	39780	
45910	0	38836	
45911	0	38140	
45912	0	37876	
45913	0	37904	
45914	0	37332	
45915	0	36064	
45916	0	34972	
45917	0	34388	
45918	0	33912	
45919	0	33952	
45920	0	34892	
45921	0	36064	
45922	0	36936	
45923	0	37368	
45924	0	36752	
45925	0	35768	
45926	0	34276	
45927	0	33200	
45928	0	32140	
45929	0	31992	
45930	0	32928	
45931	0	34228	
45932	0	34736	
45933	0	34984	
45934	0	34896	
45935	0	34936	
45936	0	35748	
45937	0	37088	
45938	0	38748	
45939	0	39256	
45940	0	39032	
45941	0	38956	
45942	0	38832	
45943	0	37912	
45944	0	37132	
45945	0	36756	
45946	0	36676	
45947	0	37084	
45948	0	37084	
45949	0	37488	
45950	0	38108	
45951	0	38636	
45952	0	38312	
45953	0	37656	
45954	0	37456	
45955	0	38052	
45956	0	39200	
45957	0	40164	
45958	0	40664	
45959	0	40448	
45960	0	39244	
45961	0	37112	
45962	0	35640	
45963	0	35656	
45964	0	36800	
45965	0	38136	
45966	0	38592	
45967	0	37632	
45968	0	35456	
45969	0	33224	
45970	0	31256	
45971	0	30080	
45972	0	29216	
45973	0	27712	
45974	0	27284	
45975	0	27984	
45976	0	29540	
45977	0	31908	
45978	0	34808	
45979	0	36944	
45980	0	38424	
45981	0	39688	
45982	0	41152	
45983	0	42060	
45984	0	42724	
45985	0	42700	
45986	0	40888	
45987	0	38752	
45988	0	37928	
45989	0	38436	
45990	0	39440	
45991	0	40368	
45992	0	40248	
45993	0	39144	
45994	0	37888	
45995	0	36476	
45996	0	35384	
45997	0	34324	
45998	0	32960	
45999	0	30448	
46000	0	27122	
46001	0	24996	
46002	0	24626	
46003	0	25856	
46004	0	28732	
46005	0	32612	
46006	0	36164	
46007	0	39324	
46008	0	41508	
46009	0	43076	
46010	0	43800	
46011	0	43816	
46012	0	43836	
46013	0	43660	
46014	0	43144	
46015	0	42648	
46016	0	41976	
46017	0	41616	
46018	0	41560	
46019	0	41536	
46020	0	40664	
46021	0	39196	
46022	0	38224	
46023	0	37676	
46024	0	37576	
46025	0	37308	
46026	0	37208	
46027	0	37732	
46028	0	38136	
46029	0	37912	
46030	0	37968	
46031	0	38504	
46032	0	38884	
46033	0	39216	
46034	0	39184	
46035	0	38840	
46036	0	38572	
46037	0	38088	
46038	0	37660	
46039	0	37328	
46040	0	37248	
46041	0	37360	
46042	0	37016	
46043	0	36236	
46044	0	35980	
46045	0	36828	
46046	0	38216	
46047	0	40072	
46048	0	41344	
46049	0	41896	
46050	0	42212	
46051	0	42548	
46052	0	42264	
46053	0	41676	
46054	0	41744	
46055	0	42140	
46056	0	41864	
46057	0	41384	
46058	0	40612	
46059	0	39544	
46060	0	38560	
46061	0	37660	
46062	0	36888	
46063	0	36796	
46064	0	37176	
46065	0	37372	
46066	0	37592	
46067	0	38368	
46068	0	40236	
46069	0	42660	
46070	0	44276	
46071	0	44612	
46072	0	43992	
46073	0	42832	
46074	0	41492	
46075	0	39952	
46076	0	37824	
46077	0	35536	
46078	0	33580	
46079	0	31984	
46080	0	31348	
46081	0	31532	
46082	0	32628	
46083	0	33640	
46084	0	33900	
46085	0	33700	
46086	0	33484	
46087	0	33908	
46088	0	34328	
46089	0	34416	
46090	0	33356	
46091	0	31920	
46092	0	30504	
46093	0	29872	
46094	0	29888	
46095	0	30948	
46096	0	31972	
46097	0	31704	
46098	0	29940	
46099	0	27712	
46100	0	25648	
46101	0	24800	
46102	0	25912	
46103	0	28288	
46104	0	30700	
46105	0	32300	
46106	0	32656	
46107	0	32876	
46108	0	33780	
46109	0	35352	
46110	0	37116	
46111	0	38064	
46112	0	38056	
46113	0	36872	
46114	0	35420	
46115	0	34540	
46116	0	34448	
46117	0	34866	
46118	0	35472	
46119	0	36428	
46120	0	37588	
46121	0	37628	
46122	0	37088	
46123	0	36276	
46124	0	35308	
46125	0	34388	
46126	0	33828	
46127	0	33244	
46128	0	32666	
46129	0	32456	
46130	0	33096	
46131	0	34768	
46132	0	36408	
46133	0	38072	
46134	0	40216	
46135	0	41432	
46136	0	42344	
46137	0	42828	
46138	0	42984	
46139	0	42736	
46140	0	42200	
46141	0	41092	
46142	0	39768	
46143	0	38008	
46144	0	36372	
46145	0	35764	
46146	0	35392	
46147	0	34812	
46148	0	34516	
46149	0	34630	
46150	0	34592	
46151	0	34648	
46152	0	34388	
46153	0	33468	
46154	0	32024	
46155	0	31252	
46156	0	31244	
46157	0	31856	
46158	0	32896	
46159	0	34028	
46160	0	34624	
46161	0	35388	
46162	0	35892	
46163	0	36660	
46164	0	36524	
46165	0	36052	
46166	0	35908	
46167	0	35560	
46168	0	34848	
46169	0	34284	
46170	0	33952	
46171	0	33892	
46172	0	33896	
46173	0	33000	
46174	0	32140	
46175	0	31960	
46176	0	32052	
46177	0	32320	
46178	0	32548	
46179	0	32108	
46180	0	31624	
46181	0	31628	
46182	0	31748	
46183	0	31872	
46184	0	31568	
46185	0	30658	
46186	0	29608	
46187	0	29520	
46188	0	30552	
46189	0	31672	
46190	0	32436	
46191	0	33016	
46192	0	33148	
46193	0	32972	
46194	0	32964	
46195	0	33128	
46196	0	33416	
46197	0	33936	
46198	0	34572	
46199	0	35344	
46200	0	35752	
46201	0	35840	
46202	0	36076	
46203	0	36992	
46204	0	37352	
46205	0	37396	
46206	0	36872	
46207	0	35954	
46208	0	34736	
46209	0	33316	
46210	0	32120	
46211	0	31240	
46212	0	30248	
46213	0	29992	
46214	0	29540	
46215	0	28840	
46216	0	28584	
46217	0	29404	
46218	0	30316	
46219	0	30912	
46220	0	31576	
46221	0	31920	
46222	0	31660	
46223	0	31056	
46224	0	30640	
46225	0	30192	
46226	0	29944	
46227	0	29056	
46228	0	28522	
46229	0	28372	
46230	0	28312	
46231	0	28236	
46232	0	28257	
46233	0	28088	
46234	0	27708	
46235	0	27412	
46236	0	27568	
46237	0	28560	
46238	0	29624	
46239	0	30836	
46240	0	32036	
46241	0	32424	
46242	0	32220	
46243	0	32072	
46244	0	32552	
46245	0	33396	
46246	0	34040	
46247	0	34520	
46248	0	35124	
46249	0	36032	
46250	0	37036	
46251	0	37884	
46252	0	37948	
46253	0	37496	
46254	0	37068	
46255	0	36464	
46256	0	35372	
46257	0	33992	
46258	0	32700	
46259	0	31908	
46260	0	32144	
46261	0	32660	
46262	0	33340	
46263	0	34144	
46264	0	34872	
46265	0	35072	
46266	0	34836	
46267	0	34920	
46268	0	35272	
46269	0	35588	
46270	0	35120	
46271	0	34420	
46272	0	33808	
46273	0	33496	
46274	0	33544	
46275	0	33556	
46276	0	33696	
46277	0	33872	
46278	0	33732	
46279	0	33556	
46280	0	33748	
46281	0	33892	
46282	0	33590	
46283	0	33552	
46284	0	33744	
46285	0	34000	
46286	0	33648	
46287	0	32080	
46288	0	30944	
46289	0	30880	
46290	0	30920	
46291	0	31136	
46292	0	31008	
46293	0	29680	
46294	0	27932	
46295	0	26348	
46296	0	25236	
46297	0	25072	
46298	0	25610	
46299	0	26244	
46300	0	26524	
46301	0	26844	
46302	0	27252	
46303	0	27580	
46304	0	27584	
46305	0	27128	
46306	0	26520	
46307	0	25949	
46308	0	25184	
46309	0	24556	
46310	0	24100	
46311	0	24072	
46312	0	24196	
46313	0	23944	
46314	0	24028	
46315	0	24596	
46316	0	24984	
46317	0	24412	
46318	0	24232	
46319	0	24122	
46320	0	23852	
46321	0	23642	
46322	0	23980	
46323	0	24984	
46324	0	26480	
46325	0	27784	
46326	0	28880	
46327	0	29724	
46328	0	30360	
46329	0	29984	
46330	0	29492	
46331	0	29468	
46332	0	29296	
46333	0	28472	
46334	0	28136	
46335	0	28728	
46336	0	29480	
46337	0	29768	
46338	0	30072	
46339	0	30464	
46340	0	31400	
46341	0	32520	
46342	0	33360	
46343	0	34084	
46344	0	34800	
46345	0	35844	
46346	0	37132	
46347	0	38776	
46348	0	40228	
46349	0	40760	
46350	0	41024	
46351	0	40840	
46352	0	40220	
46353	0	39240	
46354	0	38216	
46355	0	37192	
46356	0	37176	
46357	0	37332	
46358	0	37244	
46359	0	37208	
46360	0	37720	
46361	0	38624	
46362	0	39836	
46363	0	40920	
46364	0	41688	
46365	0	42384	
46366	0	42888	
46367	0	42741	
46368	0	41368	
46369	0	39232	
46370	0	37244	
46371	0	36352	
46372	0	35720	
46373	0	34696	
46374	0	34252	
46375	0	34304	
46376	0	35372	
46377	0	36336	
46378	0	36736	
46379	0	36960	
46380	0	36824	
46381	0	36140	
46382	0	35276	
46383	0	34804	
46384	0	34244	
46385	0	33728	
46386	0	33736	
46387	0	34164	
46388	0	34800	
46389	0	35440	
46390	0	35996	
46391	0	36124	
46392	0	35512	
46393	0	34916	
46394	0	34080	
46395	0	32796	
46396	0	31466	
46397	0	29952	
46398	0	28948	
46399	0	28968	
46400	0	30296	
46401	0	31516	
46402	0	32428	
46403	0	32676	
46404	0	32204	
46405	0	32208	
46406	0	32200	
46407	0	32216	
46408	0	32380	
46409	0	32426	
46410	0	32508	
46411	0	32468	
46412	0	32620	
46413	0	33192	
46414	0	34088	
46415	0	34596	
46416	0	34436	
46417	0	34124	
46418	0	33684	
46419	0	33296	
46420	0	32712	
46421	0	31956	
46422	0	30956	
46423	0	30284	
46424	0	30460	
46425	0	31236	
46426	0	31788	
46427	0	31952	
46428	0	31820	
46429	0	32356	
46430	0	34520	
46431	0	36860	
46432	0	38472	
46433	0	39476	
46434	0	40092	
46435	0	40568	
46436	0	40644	
46437	0	40844	
46438	0	41000	
46439	0	41516	
46440	0	41672	
46441	0	40940	
46442	0	40152	
46443	0	39620	
46444	0	39032	
46445	0	38480	
46446	0	37440	
46447	0	36660	
46448	0	35744	
46449	0	34496	
46450	0	33552	
46451	0	33620	
46452	0	34380	
46453	0	36032	
46454	0	38132	
46455	0	40236	
46456	0	41488	
46457	0	42532	
46458	0	43056	
46459	0	42612	
46460	0	41400	
46461	0	39024	
46462	0	36348	
46463	0	34160	
46464	0	32888	
46465	0	32700	
46466	0	34176	
46467	0	35968	
46468	0	36948	
46469	0	36980	
46470	0	36484	
46471	0	36192	
46472	0	36012	
46473	0	35820	
46474	0	35272	
46475	0	34392	
46476	0	33352	
46477	0	32072	
46478	0	31472	
46479	0	30982	
46480	0	30912	
46481	0	31400	
46482	0	32504	
46483	0	33768	
46484	0	34756	
46485	0	35940	
46486	0	36432	
46487	0	36400	
46488	0	36720	
46489	0	37168	
46490	0	37240	
46491	0	36600	
46492	0	36056	
46493	0	35392	
46494	0	34648	
46495	0	33168	
46496	0	32040	
46497	0	32132	
46498	0	33140	
46499	0	34504	
46500	0	35784	
46501	0	36692	
46502	0	37768	
46503	0	38284	
46504	0	38564	
46505	0	38932	
46506	0	39360	
46507	0	38628	
46508	0	37640	
46509	0	37176	
46510	0	36680	
46511	0	35868	
46512	0	34532	
46513	0	33208	
46514	0	32512	
46515	0	32252	
46516	0	32740	
46517	0	33732	
46518	0	34712	
46519	0	34620	
46520	0	34396	
46521	0	34436	
46522	0	34992	
46523	0	36416	
46524	0	37568	
46525	0	37772	
46526	0	37216	
46527	0	36528	
46528	0	36608	
46529	0	36532	
46530	0	36152	
46531	0	35380	
46532	0	34628	
46533	0	34568	
46534	0	34012	
46535	0	31988	
46536	0	30080	
46537	0	28628	
46538	0	27520	
46539	0	27181	
46540	0	28496	
46541	0	30936	
46542	0	33548	
46543	0	35896	
46544	0	37416	
46545	0	37936	
46546	0	38376	
46547	0	39060	
46548	0	39372	
46549	0	38848	
46550	0	37760	
46551	0	36804	
46552	0	36588	
46553	0	36448	
46554	0	36448	
46555	0	36712	
46556	0	36640	
46557	0	36792	
46558	0	36984	
46559	0	36868	
46560	0	36112	
46561	0	34616	
46562	0	33300	
46563	0	33300	
46564	0	34112	
46565	0	35376	
46566	0	36328	
46567	0	36724	
46568	0	36844	
46569	0	37012	
46570	0	36960	
46571	0	36556	
46572	0	35712	
46573	0	34392	
46574	0	33312	
46575	0	32602	
46576	0	32268	
46577	0	31968	
46578	0	31544	
46579	0	31176	
46580	0	31060	
46581	0	31064	
46582	0	31616	
46583	0	32204	
46584	0	32908	
46585	0	33144	
46586	0	32764	
46587	0	32700	
46588	0	32736	
46589	0	32612	
46590	0	32356	
46591	0	32208	
46592	0	32832	
46593	0	33592	
46594	0	33984	
46595	0	33452	
46596	0	32388	
46597	0	30896	
46598	0	30108	
46599	0	30388	
46600	0	30914	
46601	0	31472	
46602	0	31568	
46603	0	31202	
46604	0	30952	
46605	0	30988	
46606	0	31268	
46607	0	31960	
46608	0	32216	
46609	0	32308	
46610	0	33024	
46611	0	33672	
46612	0	33380	
46613	0	33012	
46614	0	33176	
46615	0	33952	
46616	0	34632	
46617	0	34632	
46618	0	33300	
46619	0	31384	
46620	0	30232	
46621	0	29624	
46622	0	29868	
46623	0	30820	
46624	0	31544	
46625	0	32096	
46626	0	32504	
46627	0	33260	
46628	0	34160	
46629	0	34848	
46630	0	35608	
46631	0	35848	
46632	0	35288	
46633	0	34772	
46634	0	34522	
46635	0	34636	
46636	0	34604	
46637	0	34580	
46638	0	34312	
46639	0	33872	
46640	0	33112	
46641	0	32152	
46642	0	31912	
46643	0	31880	
46644	0	31548	
46645	0	30684	
46646	0	30452	
46647	0	30864	
46648	0	31992	
46649	0	32664	
46650	0	32584	
46651	0	31736	
46652	0	30812	
46653	0	30888	
46654	0	31508	
46655	0	32348	
46656	0	32504	
46657	0	32196	
46658	0	31968	
46659	0	32416	
46660	0	33040	
46661	0	32888	
46662	0	32184	
46663	0	30496	
46664	0	27968	
46665	0	25440	
46666	0	24284	
46667	0	23868	
46668	0	24220	
46669	0	25052	
46670	0	25720	
46671	0	26528	
46672	0	27804	
46673	0	29656	
46674	0	31772	
46675	0	33012	
46676	0	33432	
46677	0	34252	
46678	0	35012	
46679	0	35656	
46680	0	36440	
46681	0	36640	
46682	0	36656	
46683	0	36256	
46684	0	35572	
46685	0	35816	
46686	0	36520	
46687	0	37104	
46688	0	37284	
46689	0	36532	
46690	0	35608	
46691	0	35020	
46692	0	34412	
46693	0	33488	
46694	0	31912	
46695	0	29992	
46696	0	28552	
46697	0	28748	
46698	0	29996	
46699	0	31892	
46700	0	33088	
46701	0	33220	
46702	0	32912	
46703	0	31740	
46704	0	30356	
46705	0	29284	
46706	0	28664	
46707	0	27956	
46708	0	27576	
46709	0	27130	
46710	0	27416	
46711	0	28248	
46712	0	29576	
46713	0	30728	
46714	0	31236	
46715	0	31312	
46716	0	31444	
46717	0	31296	
46718	0	30636	
46719	0	29692	
46720	0	29016	
46721	0	28824	
46722	0	29160	
46723	0	29712	
46724	0	30236	
46725	0	30360	
46726	0	30480	
46727	0	30436	
46728	0	30548	
46729	0	30340	
46730	0	29802	
46731	0	29240	
46732	0	28752	
46733	0	28752	
46734	0	29356	
46735	0	30320	
46736	0	31188	
46737	0	31688	
46738	0	31716	
46739	0	31532	
46740	0	31860	
46741	0	32748	
46742	0	33540	
46743	0	34248	
46744	0	35184	
46745	0	35964	
46746	0	36972	
46747	0	37484	
46748	0	37680	
46749	0	37424	
46750	0	36484	
46751	0	36132	
46752	0	36440	
46753	0	36724	
46754	0	36676	
46755	0	36064	
46756	0	34980	
46757	0	34520	
46758	0	34448	
46759	0	34272	
46760	0	33956	
46761	0	33296	
46762	0	33432	
46763	0	33628	
46764	0	33796	
46765	0	33928	
46766	0	33212	
46767	0	32388	
46768	0	31772	
46769	0	31450	
46770	0	31508	
46771	0	31456	
46772	0	31892	
46773	0	33204	
46774	0	34976	
46775	0	36008	
46776	0	36312	
46777	0	35528	
46778	0	34200	
46779	0	33104	
46780	0	32320	
46781	0	31632	
46782	0	31520	
46783	0	31940	
46784	0	32728	
46785	0	33738	
46786	0	35016	
46787	0	35984	
46788	0	36136	
46789	0	35008	
46790	0	33344	
46791	0	31800	
46792	0	31080	
46793	0	30884	
46794	0	31060	
46795	0	31760	
46796	0	33076	
46797	0	33968	
46798	0	34948	
46799	0	35576	
46800	0	35844	
46801	0	35976	
46802	0	36228	
46803	0	36488	
46804	0	36600	
46805	0	37180	
46806	0	37348	
46807	0	37340	
46808	0	36784	
46809	0	35604	
46810	0	34900	
46811	0	34684	
46812	0	35400	
46813	0	36268	
46814	0	36984	
46815	0	37128	
46816	0	36696	
46817	0	36420	
46818	0	35900	
46819	0	35616	
46820	0	35812	
46821	0	36140	
46822	0	35984	
46823	0	35468	
46824	0	35540	
46825	0	35640	
46826	0	36412	
46827	0	36996	
46828	0	36836	
46829	0	37076	
46830	0	37348	
46831	0	37116	
46832	0	36460	
46833	0	36044	
46834	0	35092	
46835	0	34016	
46836	0	32052	
46837	0	30152	
46838	0	29396	
46839	0	28876	
46840	0	28056	
46841	0	27980	
46842	0	28600	
46843	0	29628	
46844	0	30424	
46845	0	31352	
46846	0	32048	
46847	0	32684	
46848	0	32720	
46849	0	32420	
46850	0	32376	
46851	0	32660	
46852	0	33372	
46853	0	34456	
46854	0	35136	
46855	0	35400	
46856	0	35888	
46857	0	36096	
46858	0	36120	
46859	0	35956	
46860	0	35468	
46861	0	34332	
46862	0	32792	
46863	0	30926	
46864	0	29074	
46865	0	27252	
46866	0	26248	
46867	0	25884	
46868	0	26609	
46869	0	27764	
46870	0	29244	
46871	0	31064	
46872	0	33348	
46873	0	34744	
46874	0	35784	
46875	0	36344	
46876	0	36328	
46877	0	35276	
46878	0	32724	
46879	0	29444	
46880	0	25114	
46881	0	21004	
46882	0	18212	
46883	0	16708	
46884	0	16080	
46885	0	17052	
46886	0	19796	
46887	0	23148	
46888	0	25016	
46889	0	25440	
46890	0	25504	
46891	0	27116	
46892	0	29548	
46893	0	31840	
46894	0	34040	
46895	0	35784	
46896	0	37720	
46897	0	40360	
46898	0	43196	
46899	0	44852	
46900	0	45344	
46901	0	45572	
46902	0	44864	
46903	0	43150	
46904	0	41644	
46905	0	39920	
46906	0	38024	
46907	0	36756	
46908	0	36192	
46909	0	36736	
46910	0	37712	
46911	0	39040	
46912	0	39800	
46913	0	39808	
46914	0	39396	
46915	0	38904	
46916	0	38332	
46917	0	38240	
46918	0	38592	
46919	0	39152	
46920	0	39212	
46921	0	38832	
46922	0	37244	
46923	0	32960	
46924	0	27364	
46925	0	22176	
46926	0	19210	
46927	0	19308	
46928	0	21592	
46929	0	25092	
46930	0	29040	
46931	0	32896	
46932	0	35780	
46933	0	37600	
46934	0	38548	
46935	0	38668	
46936	0	37960	
46937	0	38060	
46938	0	40064	
46939	0	40640	
46940	0	38640	
46941	0	34916	
46942	0	30836	
46943	0	27496	
46944	0	24712	
46945	0	23384	
46946	0	24436	
46947	0	25448	
46948	0	25128	
46949	0	23964	
46950	0	22664	
46951	0	22032	
46952	0	22296	
46953	0	21018	
46954	0	19208	
46955	0	18060	
46956	0	18752	
46957	0	21992	
46958	0	26068	
46959	0	31504	
46960	0	36980	
46961	0	41472	
46962	0	44504	
46963	0	46872	
46964	0	47944	
46965	0	48024	
46966	0	47668	
46967	0	47116	
46968	0	46420	
46969	0	44816	
46970	0	42232	
46971	0	40004	
46972	0	38440	
46973	0	36768	
46974	0	34996	
46975	0	32396	
46976	0	29224	
46977	0	26586	
46978	0	25492	
46979	0	24692	
46980	0	24964	
46981	0	27192	
46982	0	29572	
46983	0	31668	
46984	0	33444	
46985	0	35372	
46986	0	36996	
46987	0	37736	
46988	0	37892	
46989	0	37848	
46990	0	37792	
46991	0	38240	
46992	0	38824	
46993	0	39464	
46994	0	39280	
46995	0	38732	
46996	0	38384	
46997	0	38376	
46998	0	38104	
46999	0	37704	
47000	0	37564	
47001	0	37428	
47002	0	37280	
47003	0	36908	
47004	0	36788	
47005	0	36552	
47006	0	35700	
47007	0	34372	
47008	0	33416	
47009	0	33098	
47010	0	33344	
47011	0	33900	
47012	0	34196	
47013	0	34184	
47014	0	34896	
47015	0	36096	
47016	0	36496	
47017	0	36640	
47018	0	36316	
47019	0	35732	
47020	0	35824	
47021	0	35712	
47022	0	35308	
47023	0	34640	
47024	0	34152	
47025	0	33748	
47026	0	33932	
47027	0	34212	
47028	0	33748	
47029	0	32972	
47030	0	32636	
47031	0	32584	
47032	0	33014	
47033	0	32856	
47034	0	32008	
47035	0	32260	
47036	0	32984	
47037	0	33656	
47038	0	33800	
47039	0	33264	
47040	0	32484	
47041	0	31880	
47042	0	30836	
47043	0	29544	
47044	0	28804	
47045	0	29156	
47046	0	30596	
47047	0	31484	
47048	0	31992	
47049	0	32344	
47050	0	31052	
47051	0	28172	
47052	0	24604	
47053	0	22000	
47054	0	21574	
47055	0	23172	
47056	0	25070	
47057	0	27040	
47058	0	29208	
47059	0	30708	
47060	0	31516	
47061	0	31984	
47062	0	32272	
47063	0	33020	
47064	0	33416	
47065	0	32812	
47066	0	32232	
47067	0	31928	
47068	0	32132	
47069	0	32664	
47070	0	33268	
47071	0	34764	
47072	0	35964	
47073	0	36404	
47074	0	36576	
47075	0	36492	
47076	0	35988	
47077	0	35352	
47078	0	35028	
47079	0	34320	
47080	0	33456	
47081	0	31944	
47082	0	29468	
47083	0	26448	
47084	0	24204	
47085	0	24220	
47086	0	26036	
47087	0	26788	
47088	0	27104	
47089	0	28684	
47090	0	30292	
47091	0	32304	
47092	0	33824	
47093	0	34252	
47094	0	33924	
47095	0	33724	
47096	0	33788	
47097	0	33556	
47098	0	32968	
47099	0	32212	
47100	0	31960	
47101	0	32012	
47102	0	31894	
47103	0	31784	
47104	0	31400	
47105	0	30700	
47106	0	29984	
47107	0	29248	
47108	0	29276	
47109	0	30004	
47110	0	30996	
47111	0	31688	
47112	0	31732	
47113	0	31452	
47114	0	30796	
47115	0	30148	
47116	0	29460	
47117	0	29036	
47118	0	28240	
47119	0	27512	
47120	0	26968	
47121	0	26928	
47122	0	27260	
47123	0	27908	
47124	0	29044	
47125	0	29916	
47126	0	29956	
47127	0	29140	
47128	0	28908	
47129	0	28904	
47130	0	28868	
47131	0	29048	
47132	0	30140	
47133	0	31912	
47134	0	34357	
47135	0	35852	
47136	0	36184	
47137	0	35216	
47138	0	33524	
47139	0	31424	
47140	0	29856	
47141	0	29448	
47142	0	29716	
47143	0	30312	
47144	0	31492	
47145	0	32460	
47146	0	32876	
47147	0	32800	
47148	0	31992	
47149	0	30928	
47150	0	30060	
47151	0	29000	
47152	0	28188	
47153	0	28392	
47154	0	29276	
47155	0	30337	
47156	0	30844	
47157	0	30920	
47158	0	31344	
47159	0	31600	
47160	0	31816	
47161	0	32796	
47162	0	33548	
47163	0	33280	
47164	0	32410	
47165	0	32588	
47166	0	33012	
47167	0	33212	
47168	0	33684	
47169	0	33588	
47170	0	32372	
47171	0	30964	
47172	0	30384	
47173	0	29772	
47174	0	29596	
47175	0	30168	
47176	0	30476	
47177	0	30466	
47178	0	30252	
47179	0	29944	
47180	0	29708	
47181	0	29792	
47182	0	29748	
47183	0	30216	
47184	0	31028	
47185	0	32172	
47186	0	32968	
47187	0	33336	
47188	0	32996	
47189	0	32728	
47190	0	32856	
47191	0	33252	
47192	0	33432	
47193	0	33568	
47194	0	33796	
47195	0	33772	
47196	0	33872	
47197	0	34148	
47198	0	34344	
47199	0	33956	
47200	0	33092	
47201	0	31952	
47202	0	31040	
47203	0	30840	
47204	0	31112	
47205	0	31868	
47206	0	32552	
47207	0	32728	
47208	0	32764	
47209	0	32896	
47210	0	33080	
47211	0	33360	
47212	0	33452	
47213	0	33880	
47214	0	34088	
47215	0	33856	
47216	0	33824	
47217	0	33588	
47218	0	33844	
47219	0	34116	
47220	0	34092	
47221	0	33680	
47222	0	32708	
47223	0	31768	
47224	0	32036	
47225	0	33004	
47226	0	32608	
47227	0	31176	
47228	0	30552	
47229	0	30644	
47230	0	30398	
47231	0	30088	
47232	0	29384	
47233	0	29280	
47234	0	29600	
47235	0	30436	
47236	0	31208	
47237	0	31856	
47238	0	32500	
47239	0	32604	
47240	0	32192	
47241	0	32232	
47242	0	32460	
47243	0	32608	
47244	0	32652	
47245	0	32772	
47246	0	32980	
47247	0	32832	
47248	0	32236	
47249	0	30844	
47250	0	29424	
47251	0	28452	
47252	0	27928	
47253	0	27080	
47254	0	26324	
47255	0	27020	
47256	0	28833	
47257	0	30160	
47258	0	30536	
47259	0	31232	
47260	0	31756	
47261	0	32160	
47262	0	32356	
47263	0	32056	
47264	0	31948	
47265	0	32768	
47266	0	34608	
47267	0	36120	
47268	0	37004	
47269	0	38076	
47270	0	39052	
47271	0	39268	
47272	0	38792	
47273	0	38404	
47274	0	37528	
47275	0	36884	
47276	0	36108	
47277	0	34316	
47278	0	32908	
47279	0	32560	
47280	0	32612	
47281	0	34292	
47282	0	36144	
47283	0	36744	
47284	0	36480	
47285	0	36444	
47286	0	36156	
47287	0	35212	
47288	0	34280	
47289	0	34904	
47290	0	36160	
47291	0	36880	
47292	0	37112	
47293	0	36288	
47294	0	35380	
47295	0	34864	
47296	0	34996	
47297	0	35316	
47298	0	35694	
47299	0	36376	
47300	0	37584	
47301	0	39028	
47302	0	39936	
47303	0	39684	
47304	0	38992	
47305	0	38156	
47306	0	37120	
47307	0	36248	
47308	0	35284	
47309	0	34460	
47310	0	34056	
47311	0	33888	
47312	0	33692	
47313	0	32720	
47314	0	31464	
47315	0	30700	
47316	0	30136	
47317	0	29632	
47318	0	29200	
47319	0	29568	
47320	0	29772	
47321	0	29896	
47322	0	29840	
47323	0	30044	
47324	0	29964	
47325	0	29916	
47326	0	30228	
47327	0	30980	
47328	0	32268	
47329	0	32932	
47330	0	33304	
47331	0	33372	
47332	0	32820	
47333	0	31984	
47334	0	31116	
47335	0	30208	
47336	0	29264	
47337	0	29388	
47338	0	30104	
47339	0	31152	
47340	0	31728	
47341	0	31608	
47342	0	31152	
47343	0	30320	
47344	0	29860	
47345	0	29828	
47346	0	29884	
47347	0	31392	
47348	0	31960	
47349	0	31480	
47350	0	31200	
47351	0	31560	
47352	0	31600	
47353	0	31168	
47354	0	30856	
47355	0	30596	
47356	0	30152	
47357	0	29428	
47358	0	29914	
47359	0	33016	
47360	0	36556	
47361	0	39920	
47362	0	42212	
47363	0	42696	
47364	0	41848	
47365	0	40468	
47366	0	39396	
47367	0	38416	
47368	0	37260	
47369	0	36376	
47370	0	35456	
47371	0	33760	
47372	0	31786	
47373	0	30492	
47374	0	29592	
47375	0	29716	
47376	0	31060	
47377	0	32648	
47378	0	33888	
47379	0	36060	
47380	0	39056	
47381	0	40948	
47382	0	40536	
47383	0	37456	
47384	0	34428	
47385	0	31296	
47386	0	29346	
47387	0	28956	
47388	0	28952	
47389	0	29248	
47390	0	28440	
47391	0	27552	
47392	0	29920	
47393	0	35032	
47394	0	39552	
47395	0	40832	
47396	0	38832	
47397	0	34784	
47398	0	30364	
47399	0	27360	
47400	0	25316	
47401	0	24784	
47402	0	25796	
47403	0	26752	
47404	0	26816	
47405	0	26088	
47406	0	25036	
47407	0	24328	
47408	0	23948	
47409	0	24044	
47410	0	24144	
47411	0	24160	
47412	0	25000	
47413	0	25404	
47414	0	25796	
47415	0	26324	
47416	0	26692	
47417	0	26500	
47418	0	26144	
47419	0	25904	
47420	0	25312	
47421	0	24636	
47422	0	24612	
47423	0	25456	
47424	0	26484	
47425	0	26728	
47426	0	26600	
47427	0	26612	
47428	0	26968	
47429	0	27340	
47430	0	27996	
47431	0	29564	
47432	0	31092	
47433	0	32428	
47434	0	33372	
47435	0	34020	
47436	0	34760	
47437	0	35832	
47438	0	36508	
47439	0	36816	
47440	0	36780	
47441	0	36860	
47442	0	36756	
47443	0	36552	
47444	0	36688	
47445	0	36416	
47446	0	36328	
47447	0	36636	
47448	0	36872	
47449	0	36772	
47450	0	36100	
47451	0	36464	
47452	0	37036	
47453	0	37244	
47454	0	36744	
47455	0	36424	
47456	0	36344	
47457	0	36452	
47458	0	36760	
47459	0	36468	
47460	0	35196	
47461	0	33952	
47462	0	32652	
47463	0	31020	
47464	0	29784	
47465	0	28672	
47466	0	27632	
47467	0	26770	
47468	0	26272	
47469	0	26404	
47470	0	26724	
47471	0	26928	
47472	0	27104	
47473	0	26842	
47474	0	26156	
47475	0	25764	
47476	0	25440	
47477	0	25912	
47478	0	27150	
47479	0	28556	
47480	0	29978	
47481	0	31868	
47482	0	33408	
47483	0	33992	
47484	0	33024	
47485	0	30692	
47486	0	27400	
47487	0	24116	
47488	0	21660	
47489	0	20308	
47490	0	20904	
47491	0	22928	
47492	0	26008	
47493	0	29088	
47494	0	30564	
47495	0	31032	
47496	0	30564	
47497	0	29592	
47498	0	28692	
47499	0	28092	
47500	0	28312	
47501	0	28776	
47502	0	28768	
47503	0	27896	
47504	0	27408	
47505	0	27792	
47506	0	28744	
47507	0	29996	
47508	0	31360	
47509	0	31664	
47510	0	32080	
47511	0	33100	
47512	0	34312	
47513	0	35600	
47514	0	37064	
47515	0	38352	
47516	0	38784	
47517	0	38056	
47518	0	35960	
47519	0	33768	
47520	0	32920	
47521	0	33024	
47522	0	33500	
47523	0	33668	
47524	0	34148	
47525	0	34192	
47526	0	34080	
47527	0	34240	
47528	0	34312	
47529	0	33832	
47530	0	33240	
47531	0	33378	
47532	0	33856	
47533	0	33984	
47534	0	33412	
47535	0	33024	
47536	0	32836	
47537	0	32880	
47538	0	33164	
47539	0	33448	
47540	0	34388	
47541	0	35904	
47542	0	37452	
47543	0	38344	
47544	0	38440	
47545	0	38404	
47546	0	38052	
47547	0	37276	
47548	0	37260	
47549	0	37556	
47550	0	37552	
47551	0	37308	
47552	0	37088	
47553	0	36688	
47554	0	36284	
47555	0	36104	
47556	0	35640	
47557	0	34612	
47558	0	33940	
47559	0	33548	
47560	0	33120	
47561	0	32716	
47562	0	32088	
47563	0	31848	
47564	0	31100	
47565	0	30004	
47566	0	30494	
47567	0	32106	
47568	0	34196	
47569	0	36236	
47570	0	37276	
47571	0	37652	
47572	0	37820	
47573	0	37456	
47574	0	36968	
47575	0	36944	
47576	0	37128	
47577	0	37312	
47578	0	37128	
47579	0	36404	
47580	0	35380	
47581	0	34068	
47582	0	32752	
47583	0	31564	
47584	0	30656	
47585	0	29972	
47586	0	29752	
47587	0	30280	
47588	0	30862	
47589	0	31284	
47590	0	31636	
47591	0	32152	
47592	0	32072	
47593	0	31008	
47594	0	30364	
47595	0	30588	
47596	0	31000	
47597	0	31384	
47598	0	31640	
47599	0	31728	
47600	0	32206	
47601	0	33008	
47602	0	34068	
47603	0	35112	
47604	0	35156	
47605	0	34472	
47606	0	34056	
47607	0	34412	
47608	0	34856	
47609	0	35668	
47610	0	36200	
47611	0	36584	
47612	0	36944	
47613	0	37308	
47614	0	37416	
47615	0	37212	
47616	0	37484	
47617	0	37564	
47618	0	36968	
47619	0	36184	
47620	0	35856	
47621	0	36304	
47622	0	36880	
47623	0	37448	
47624	0	37784	
47625	0	37652	
47626	0	37496	
47627	0	37808	
47628	0	37880	
47629	0	37176	
47630	0	36356	
47631	0	35476	
47632	0	34832	
47633	0	34220	
47634	0	34376	
47635	0	35492	
47636	0	35776	
47637	0	35408	
47638	0	35172	
47639	0	35756	
47640	0	36568	
47641	0	37656	
47642	0	39088	
47643	0	40448	
47644	0	41872	
47645	0	42424	
47646	0	42116	
47647	0	41604	
47648	0	41212	
47649	0	39832	
47650	0	37376	
47651	0	35460	
47652	0	34616	
47653	0	34752	
47654	0	34912	
47655	0	35384	
47656	0	36060	
47657	0	36264	
47658	0	36068	
47659	0	36036	
47660	0	35892	
47661	0	35600	
47662	0	35344	
47663	0	34784	
47664	0	34340	
47665	0	34352	
47666	0	34248	
47667	0	34224	
47668	0	34764	
47669	0	35604	
47670	0	36596	
47671	0	37332	
47672	0	37596	
47673	0	37240	
47674	0	36440	
47675	0	35460	
47676	0	34720	
47677	0	34056	
47678	0	34044	
47679	0	32876	
47680	0	31288	
47681	0	30720	
47682	0	31610	
47683	0	32240	
47684	0	32888	
47685	0	33296	
47686	0	33712	
47687	0	34216	
47688	0	34236	
47689	0	32808	
47690	0	31288	
47691	0	29604	
47692	0	30012	
47693	0	31192	
47694	0	31972	
47695	0	32772	
47696	0	34048	
47697	0	35464	
47698	0	35172	
47699	0	33100	
47700	0	31712	
47701	0	32008	
47702	0	33656	
47703	0	35072	
47704	0	34924	
47705	0	34292	
47706	0	33628	
47707	0	33424	
47708	0	33544	
47709	0	32868	
47710	0	31664	
47711	0	32192	
47712	0	33896	
47713	0	35408	
47714	0	36008	
47715	0	34292	
47716	0	32232	
47717	0	31488	
47718	0	30200	
47719	0	28144	
47720	0	27888	
47721	0	28484	
47722	0	28568	
47723	0	28572	
47724	0	29968	
47725	0	32788	
47726	0	35328	
47727	0	36544	
47728	0	36512	
47729	0	36296	
47730	0	35708	
47731	0	34528	
47732	0	32828	
47733	0	31896	
47734	0	33534	
47735	0	36296	
47736	0	37844	
47737	0	38504	
47738	0	38156	
47739	0	37296	
47740	0	36730	
47741	0	36628	
47742	0	37032	
47743	0	37104	
47744	0	37088	
47745	0	37308	
47746	0	37088	
47747	0	36628	
47748	0	36272	
47749	0	35888	
47750	0	34936	
47751	0	34372	
47752	0	34324	
47753	0	34184	
47754	0	33916	
47755	0	33388	
47756	0	32020	
47757	0	30472	
47758	0	29472	
47759	0	29400	
47760	0	30288	
47761	0	31600	
47762	0	31744	
47763	0	30600	
47764	0	29432	
47765	0	28956	
47766	0	28360	
47767	0	27872	
47768	0	27920	
47769	0	28680	
47770	0	29564	
47771	0	30188	
47772	0	30540	
47773	0	30684	
47774	0	30832	
47775	0	31080	
47776	0	31300	
47777	0	31132	
47778	0	30484	
47779	0	29956	
47780	0	29992	
47781	0	30928	
47782	0	32464	
47783	0	33684	
47784	0	34448	
47785	0	35008	
47786	0	35880	
47787	0	36696	
47788	0	36904	
47789	0	36616	
47790	0	36360	
47791	0	36752	
47792	0	37896	
47793	0	39312	
47794	0	40256	
47795	0	41028	
47796	0	41352	
47797	0	40972	
47798	0	40076	
47799	0	38996	
47800	0	38104	
47801	0	38200	
47802	0	38312	
47803	0	38580	
47804	0	38264	
47805	0	36692	
47806	0	34676	
47807	0	32384	
47808	0	29800	
47809	0	28480	
47810	0	28584	
47811	0	29108	
47812	0	29848	
47813	0	30932	
47814	0	31880	
47815	0	32140	
47816	0	32452	
47817	0	32276	
47818	0	32004	
47819	0	31744	
47820	0	32016	
47821	0	32884	
47822	0	33756	
47823	0	34408	
47824	0	34888	
47825	0	35064	
47826	0	34072	
47827	0	32896	
47828	0	32212	
47829	0	32120	
47830	0	31688	
47831	0	31136	
47832	0	30048	
47833	0	29152	
47834	0	29488	
47835	0	30570	
47836	0	31496	
47837	0	32300	
47838	0	32288	
47839	0	32208	
47840	0	32048	
47841	0	31608	
47842	0	31284	
47843	0	31060	
47844	0	31400	
47845	0	32380	
47846	0	33492	
47847	0	34220	
47848	0	35040	
47849	0	35664	
47850	0	35616	
47851	0	34744	
47852	0	33300	
47853	0	32048	
47854	0	31264	
47855	0	31016	
47856	0	31364	
47857	0	32192	
47858	0	33408	
47859	0	33760	
47860	0	34424	
47861	0	35324	
47862	0	36308	
47863	0	36816	
47864	0	37148	
47865	0	36836	
47866	0	35700	
47867	0	35108	
47868	0	35872	
47869	0	37184	
47870	0	37432	
47871	0	37528	
47872	0	37992	
47873	0	38928	
47874	0	39256	
47875	0	38336	
47876	0	36528	
47877	0	34916	
47878	0	33788	
47879	0	33680	
47880	0	34432	
47881	0	35428	
47882	0	35936	
47883	0	36072	
47884	0	36204	
47885	0	37060	
47886	0	37996	
47887	0	38568	
47888	0	38864	
47889	0	38536	
47890	0	37020	
47891	0	35044	
47892	0	33540	
47893	0	32944	
47894	0	33544	
47895	0	34748	
47896	0	35728	
47897	0	35732	
47898	0	35308	
47899	0	35428	
47900	0	36740	
47901	0	38272	
47902	0	39388	
47903	0	39840	
47904	0	38884	
47905	0	37316	
47906	0	35972	
47907	0	35436	
47908	0	35008	
47909	0	34428	
47910	0	33792	
47911	0	33732	
47912	0	33444	
47913	0	32592	
47914	0	33168	
47915	0	35620	
47916	0	37104	
47917	0	37144	
47918	0	36148	
47919	0	35344	
47920	0	33824	
47921	0	33128	
47922	0	34000	
47923	0	35852	
47924	0	37132	
47925	0	36516	
47926	0	34052	
47927	0	30500	
47928	0	26172	
47929	0	21248	
47930	0	18338	
47931	0	18004	
47932	0	18538	
47933	0	19540	
47934	0	22856	
47935	0	27548	
47936	0	33204	
47937	0	38708	
47938	0	41396	
47939	0	40824	
47940	0	36916	
47941	0	32224	
47942	0	30872	
47943	0	30992	
47944	0	28440	
47945	0	27364	
47946	0	27424	
47947	0	28380	
47948	0	28696	
47949	0	29358	
47950	0	29748	
47951	0	30112	
47952	0	30832	
47953	0	32076	
47954	0	32856	
47955	0	32568	
47956	0	32298	
47957	0	33096	
47958	0	34228	
47959	0	35400	
47960	0	35896	
47961	0	35420	
47962	0	34312	
47963	0	33768	
47964	0	33712	
47965	0	34020	
47966	0	33048	
47967	0	32944	
47968	0	34600	
47969	0	35744	
47970	0	35840	
47971	0	37716	
47972	0	38980	
47973	0	38780	
47974	0	36188	
47975	0	32480	
47976	0	29280	
47977	0	27184	
47978	0	25012	
47979	0	24012	
47980	0	25056	
47981	0	26264	
47982	0	27348	
47983	0	28192	
47984	0	28992	
47985	0	29404	
47986	0	28872	
47987	0	27956	
47988	0	26976	
47989	0	27012	
47990	0	27104	
47991	0	27420	
47992	0	28364	
47993	0	29284	
47994	0	29744	
47995	0	30228	
47996	0	30764	
47997	0	30768	
47998	0	29488	
47999	0	27756	
48000	0	27168	
48001	0	27472	
48002	0	28480	
48003	0	30452	
48004	0	32512	
48005	0	34516	
48006	0	36104	
48007	0	36660	
48008	0	35828	
48009	0	34664	
48010	0	34464	
48011	0	34996	
48012	0	35700	
48013	0	36524	
48014	0	36388	
48015	0	35380	
48016	0	34576	
48017	0	33852	
48018	0	33096	
48019	0	31784	
48020	0	31524	
48021	0	31944	
48022	0	32714	
48023	0	33660	
48024	0	34852	
48025	0	36028	
48026	0	37068	
48027	0	37544	
48028	0	37828	
48029	0	37764	
48030	0	36660	
48031	0	34884	
48032	0	33436	
48033	0	32572	
48034	0	32980	
48035	0	33384	
48036	0	33552	
48037	0	34124	
48038	0	34600	
48039	0	35080	
48040	0	36404	
48041	0	38416	
48042	0	40556	
48043	0	42536	
48044	0	44268	
48045	0	45860	
48046	0	46764	
48047	0	47056	
48048	0	45996	
48049	0	43612	
48050	0	39728	
48051	0	35824	
48052	0	32980	
48053	0	31072	
48054	0	30720	
48055	0	30572	
48056	0	31644	
48057	0	32600	
48058	0	32336	
48059	0	31750	
48060	0	31580	
48061	0	32648	
48062	0	33976	
48063	0	35944	
48064	0	37888	
48065	0	39876	
48066	0	41984	
48067	0	43948	
48068	0	45448	
48069	0	45716	
48070	0	44656	
48071	0	42836	
48072	0	40796	
48073	0	39348	
48074	0	38304	
48075	0	36428	
48076	0	35160	
48077	0	33316	
48078	0	28864	
48079	0	23716	
48080	0	20960	
48081	0	21060	
48082	0	23124	
48083	0	25648	
48084	0	27960	
48085	0	28816	
48086	0	28744	
48087	0	29688	
48088	0	32800	
48089	0	37292	
48090	0	42108	
48091	0	46112	
48092	0	48996	
48093	0	50596	
48094	0	51384	
48095	0	52392	
48096	0	53636	
48097	0	54696	
48098	0	55496	
48099	0	56784	
48100	0	58264	
48101	0	58904	
48102	0	57952	
48103	0	56768	
48104	0	55648	
48105	0	54296	
48106	0	52372	
48107	0	50700	
48108	0	50328	
48109	0	51204	
48110	0	52356	
48111	0	52604	
48112	0	51736	
48113	0	51024	
48114	0	50368	
48115	0	49860	
48116	0	49008	
48117	0	48480	
48118	0	49252	
48119	0	50760	
48120	0	51944	
48121	0	52576	
48122	0	52864	
48123	0	52608	
48124	0	52160	
48125	0	51760	
48126	0	51664	
48127	0	51656	
48128	0	51540	
48129	0	51984	
48130	0	52504	
48131	0	52688	
48132	0	51624	
48133	0	49628	
48134	0	47636	
48135	0	45920	
48136	0	44896	
48137	0	44056	
48138	0	44148	
48139	0	44420	
48140	0	44564	
48141	0	45016	
48142	0	45476	
48143	0	45652	
48144	0	45132	
48145	0	44324	
48146	0	43120	
48147	0	42236	
48148	0	41448	
48149	0	40828	
48150	0	40520	
48151	0	40272	
48152	0	39832	
48153	0	39692	
48154	0	39484	
48155	0	40004	
48156	0	40940	
48157	0	41824	
48158	0	42108	
48159	0	42832	
48160	0	43436	
48161	0	43996	
48162	0	43948	
48163	0	43448	
48164	0	42496	
48165	0	41348	
48166	0	39908	
48167	0	38768	
48168	0	39236	
48169	0	40472	
48170	0	41112	
48171	0	41452	
48172	0	41848	
48173	0	41884	
48174	0	41440	
48175	0	40716	
48176	0	39856	
48177	0	39396	
48178	0	39396	
48179	0	39572	
48180	0	39592	
48181	0	39448	
48182	0	38876	
48183	0	37620	
48184	0	36122	
48185	0	35120	
48186	0	35400	
48187	0	36284	
48188	0	37184	
48189	0	37616	
48190	0	37992	
48191	0	38496	
48192	0	38064	
48193	0	37132	
48194	0	36344	
48195	0	35772	
48196	0	34936	
48197	0	34512	
48198	0	34500	
48199	0	33952	
48200	0	33360	
48201	0	33428	
48202	0	33744	
48203	0	33748	
48204	0	32910	
48205	0	31324	
48206	0	30076	
48207	0	29824	
48208	0	29976	
48209	0	30468	
48210	0	31280	
48211	0	31940	
48212	0	32456	
48213	0	32924	
48214	0	33060	
48215	0	33184	
48216	0	33400	
48217	0	33428	
48218	0	33132	
48219	0	33384	
48220	0	33976	
48221	0	34464	
48222	0	34776	
48223	0	35300	
48224	0	35664	
48225	0	35612	
48226	0	34612	
48227	0	33176	
48228	0	32144	
48229	0	30972	
48230	0	29420	
48231	0	28056	
48232	0	26820	
48233	0	25908	
48234	0	25530	
48235	0	25384	
48236	0	24812	
48237	0	24104	
48238	0	23034	
48239	0	22396	
48240	0	22724	
48241	0	23480	
48242	0	23828	
48243	0	24772	
48244	0	26508	
48245	0	28540	
48246	0	30260	
48247	0	32356	
48248	0	35308	
48249	0	37936	
48250	0	39172	
48251	0	39180	
48252	0	37856	
48253	0	35720	
48254	0	34096	
48255	0	31772	
48256	0	29672	
48257	0	29096	
48258	0	29568	
48259	0	30764	
48260	0	32112	
48261	0	33528	
48262	0	34548	
48263	0	35604	
48264	0	36308	
48265	0	36956	
48266	0	37920	
48267	0	38440	
48268	0	38816	
48269	0	38444	
48270	0	37296	
48271	0	36248	
48272	0	35236	
48273	0	34180	
48274	0	33488	
48275	0	32648	
48276	0	30776	
48277	0	28688	
48278	0	27312	
48279	0	26308	
48280	0	25620	
48281	0	24856	
48282	0	24964	
48283	0	25552	
48284	0	26532	
48285	0	27292	
48286	0	27994	
48287	0	28704	
48288	0	29396	
48289	0	30312	
48290	0	31018	
48291	0	32144	
48292	0	32668	
48293	0	32588	
48294	0	32540	
48295	0	32616	
48296	0	32908	
48297	0	32908	
48298	0	32456	
48299	0	30856	
48300	0	28784	
48301	0	27692	
48302	0	27428	
48303	0	27580	
48304	0	28146	
48305	0	28824	
48306	0	29208	
48307	0	29408	
48308	0	29664	
48309	0	29784	
48310	0	29904	
48311	0	30236	
48312	0	30232	
48313	0	29976	
48314	0	29960	
48315	0	30388	
48316	0	30880	
48317	0	31440	
48318	0	31832	
48319	0	32000	
48320	0	31644	
48321	0	31284	
48322	0	30828	
48323	0	30700	
48324	0	31296	
48325	0	31844	
48326	0	32212	
48327	0	32608	
48328	0	33456	
48329	0	34608	
48330	0	35556	
48331	0	35196	
48332	0	33776	
48333	0	32256	
48334	0	30908	
48335	0	29936	
48336	0	29536	
48337	0	30096	
48338	0	31984	
48339	0	34264	
48340	0	36064	
48341	0	37112	
48342	0	36896	
48343	0	35660	
48344	0	34148	
48345	0	32920	
48346	0	31580	
48347	0	30592	
48348	0	30132	
48349	0	30060	
48350	0	30092	
48351	0	30104	
48352	0	30208	
48353	0	30436	
48354	0	30576	
48355	0	30768	
48356	0	31312	
48357	0	31748	
48358	0	31032	
48359	0	29792	
48360	0	28784	
48361	0	28492	
48362	0	28820	
48363	0	29464	
48364	0	29980	
48365	0	30952	
48366	0	31676	
48367	0	31780	
48368	0	31476	
48369	0	31276	
48370	0	31568	
48371	0	32004	
48372	0	32756	
48373	0	33128	
48374	0	33288	
48375	0	32820	
48376	0	32320	
48377	0	31544	
48378	0	31020	
48379	0	30956	
48380	0	30704	
48381	0	30144	
48382	0	29336	
48383	0	29040	
48384	0	29844	
48385	0	31480	
48386	0	33216	
48387	0	34752	
48388	0	34508	
48389	0	32376	
48390	0	29344	
48391	0	27400	
48392	0	26830	
48393	0	26996	
48394	0	27292	
48395	0	28208	
48396	0	29768	
48397	0	31272	
48398	0	32456	
48399	0	32752	
48400	0	32672	
48401	0	32472	
48402	0	32440	
48403	0	33192	
48404	0	33456	
48405	0	33552	
48406	0	33164	
48407	0	32092	
48408	0	31268	
48409	0	30752	
48410	0	30364	
48411	0	30028	
48412	0	29832	
48413	0	29444	
48414	0	28920	
48415	0	28460	
48416	0	28328	
48417	0	28448	
48418	0	28264	
48419	0	27974	
48420	0	27876	
48421	0	27736	
48422	0	26904	
48423	0	26432	
48424	0	26880	
48425	0	28344	
48426	0	30048	
48427	0	31696	
48428	0	33144	
48429	0	34160	
48430	0	34504	
48431	0	34256	
48432	0	32764	
48433	0	30548	
48434	0	29044	
48435	0	28968	
48436	0	29188	
48437	0	29776	
48438	0	30508	
48439	0	30552	
48440	0	29900	
48441	0	28760	
48442	0	27400	
48443	0	25892	
48444	0	24752	
48445	0	24264	
48446	0	25296	
48447	0	27256	
48448	0	29404	
48449	0	30984	
48450	0	31548	
48451	0	31056	
48452	0	29760	
48453	0	27768	
48454	0	25840	
48455	0	24476	
48456	0	23796	
48457	0	24122	
48458	0	25300	
48459	0	26476	
48460	0	27776	
48461	0	28940	
48462	0	29616	
48463	0	29588	
48464	0	29160	
48465	0	29412	
48466	0	29740	
48467	0	30096	
48468	0	29920	
48469	0	29628	
48470	0	28932	
48471	0	27488	
48472	0	25340	
48473	0	23016	
48474	0	21360	
48475	0	20608	
48476	0	21364	
48477	0	22944	
48478	0	24938	
48479	0	27980	
48480	0	31656	
48481	0	35176	
48482	0	36928	
48483	0	36116	
48484	0	34340	
48485	0	32884	
48486	0	32104	
48487	0	31368	
48488	0	31064	
48489	0	30920	
48490	0	30672	
48491	0	30308	
48492	0	30700	
48493	0	31464	
48494	0	32692	
48495	0	34456	
48496	0	36052	
48497	0	37516	
48498	0	37856	
48499	0	36808	
48500	0	34996	
48501	0	33160	
48502	0	30940	
48503	0	29084	
48504	0	28308	
48505	0	29368	
48506	0	31548	
48507	0	34872	
48508	0	38052	
48509	0	40400	
48510	0	41696	
48511	0	41084	
48512	0	39084	
48513	0	36184	
48514	0	32892	
48515	0	29908	
48516	0	27364	
48517	0	25184	
48518	0	23656	
48519	0	23408	
48520	0	23740	
48521	0	24736	
48522	0	25732	
48523	0	26372	
48524	0	26386	
48525	0	25820	
48526	0	26032	
48527	0	26816	
48528	0	27588	
48529	0	28640	
48530	0	29828	
48531	0	31264	
48532	0	31892	
48533	0	31732	
48534	0	31392	
48535	0	31760	
48536	0	32684	
48537	0	33648	
48538	0	34232	
48539	0	34328	
48540	0	34440	
48541	0	34648	
48542	0	35052	
48543	0	35840	
48544	0	35980	
48545	0	35020	
48546	0	34300	
48547	0	33286	
48548	0	32964	
48549	0	32736	
48550	0	31800	
48551	0	30748	
48552	0	30120	
48553	0	29096	
48554	0	27708	
48555	0	26716	
48556	0	26412	
48557	0	25822	
48558	0	25041	
48559	0	25264	
48560	0	25936	
48561	0	25969	
48562	0	25512	
48563	0	25956	
48564	0	26524	
48565	0	26872	
48566	0	26744	
48567	0	26264	
48568	0	25912	
48569	0	26126	
48570	0	26296	
48571	0	25816	
48572	0	25850	
48573	0	26336	
48574	0	26944	
48575	0	27120	
48576	0	27792	
48577	0	29328	
48578	0	31220	
48579	0	32996	
48580	0	34036	
48581	0	33248	
48582	0	30536	
48583	0	28756	
48584	0	28020	
48585	0	27680	
48586	0	27472	
48587	0	27360	
48588	0	27596	
48589	0	27604	
48590	0	27928	
48591	0	27528	
48592	0	25588	
48593	0	23448	
48594	0	22620	
48595	0	22400	
48596	0	22964	
48597	0	24188	
48598	0	24728	
48599	0	23468	
48600	0	22524	
48601	0	22664	
48602	0	24712	
48603	0	28684	
48604	0	32432	
48605	0	34296	
48606	0	34260	
48607	0	33164	
48608	0	32044	
48609	0	30744	
48610	0	29432	
48611	0	28640	
48612	0	28072	
48613	0	27828	
48614	0	27586	
48615	0	26612	
48616	0	25656	
48617	0	25636	
48618	0	25400	
48619	0	25042	
48620	0	24938	
48621	0	25100	
48622	0	25460	
48623	0	25768	
48624	0	25840	
48625	0	26024	
48626	0	26376	
48627	0	27360	
48628	0	28364	
48629	0	29216	
48630	0	30008	
48631	0	31176	
48632	0	31536	
48633	0	31848	
48634	0	31920	
48635	0	31812	
48636	0	31544	
48637	0	31072	
48638	0	30720	
48639	0	29692	
48640	0	28400	
48641	0	27356	
48642	0	27148	
48643	0	27320	
48644	0	28232	
48645	0	29132	
48646	0	30112	
48647	0	30296	
48648	0	29468	
48649	0	28104	
48650	0	26368	
48651	0	25018	
48652	0	24508	
48653	0	24740	
48654	0	25112	
48655	0	25536	
48656	0	25848	
48657	0	26068	
48658	0	26352	
48659	0	27204	
48660	0	27992	
48661	0	28464	
48662	0	28580	
48663	0	28812	
48664	0	28716	
48665	0	28648	
48666	0	29428	
48667	0	30376	
48668	0	30528	
48669	0	30140	
48670	0	29528	
48671	0	29292	
48672	0	29012	
48673	0	28572	
48674	0	28400	
48675	0	28672	
48676	0	29288	
48677	0	30012	
48678	0	30256	
48679	0	30348	
48680	0	29736	
48681	0	28988	
48682	0	28728	
48683	0	28284	
48684	0	28264	
48685	0	28308	
48686	0	28904	
48687	0	30088	
48688	0	31676	
48689	0	33456	
48690	0	34584	
48691	0	34808	
48692	0	33836	
48693	0	32700	
48694	0	31608	
48695	0	30936	
48696	0	30652	
48697	0	30440	
48698	0	30356	
48699	0	29852	
48700	0	29268	
48701	0	28520	
48702	0	28320	
48703	0	28461	
48704	0	28620	
48705	0	29268	
48706	0	30668	
48707	0	32300	
48708	0	33284	
48709	0	33180	
48710	0	32512	
48711	0	31732	
48712	0	30684	
48713	0	30116	
48714	0	30180	
48715	0	30352	
48716	0	30660	
48717	0	30882	
48718	0	31728	
48719	0	31980	
48720	0	32096	
48721	0	31688	
48722	0	30216	
48723	0	29192	
48724	0	28040	
48725	0	27520	
48726	0	28272	
48727	0	28864	
48728	0	29156	
48729	0	29368	
48730	0	29508	
48731	0	29396	
48732	0	29720	
48733	0	30100	
48734	0	29352	
48735	0	28218	
48736	0	27576	
48737	0	26832	
48738	0	27184	
48739	0	28520	
48740	0	29920	
48741	0	30700	
48742	0	30554	
48743	0	30364	
48744	0	29988	
48745	0	30104	
48746	0	30674	
48747	0	31384	
48748	0	32424	
48749	0	33328	
48750	0	33952	
48751	0	33724	
48752	0	32072	
48753	0	29392	
48754	0	26596	
48755	0	23956	
48756	0	22408	
48757	0	22232	
48758	0	23158	
48759	0	25404	
48760	0	28264	
48761	0	30481	
48762	0	31272	
48763	0	31500	
48764	0	31504	
48765	0	31372	
48766	0	31232	
48767	0	30992	
48768	0	30700	
48769	0	30680	
48770	0	31090	
48771	0	31348	
48772	0	31552	
48773	0	31700	
48774	0	31792	
48775	0	31600	
48776	0	31184	
48777	0	30660	
48778	0	30264	
48779	0	29832	
48780	0	29380	
48781	0	29632	
48782	0	30196	
48783	0	31072	
48784	0	31948	
48785	0	32340	
48786	0	31792	
48787	0	31508	
48788	0	31976	
48789	0	32268	
48790	0	32696	
48791	0	32772	
48792	0	32328	
48793	0	31688	
48794	0	31800	
48795	0	31844	
48796	0	31872	
48797	0	31836	
48798	0	32208	
48799	0	32504	
48800	0	32372	
48801	0	32212	
48802	0	32572	
48803	0	33284	
48804	0	34304	
48805	0	34848	
48806	0	34216	
48807	0	33314	
48808	0	32364	
48809	0	31608	
48810	0	30880	
48811	0	30804	
48812	0	30936	
48813	0	30976	
48814	0	31404	
48815	0	32108	
48816	0	32808	
48817	0	33404	
48818	0	34088	
48819	0	35232	
48820	0	35608	
48821	0	35744	
48822	0	35948	
48823	0	35424	
48824	0	34964	
48825	0	34444	
48826	0	34260	
48827	0	34476	
48828	0	34912	
48829	0	35096	
48830	0	34412	
48831	0	33252	
48832	0	32350	
48833	0	31964	
48834	0	32428	
48835	0	33648	
48836	0	34928	
48837	0	36144	
48838	0	36932	
48839	0	37784	
48840	0	39324	
48841	0	40792	
48842	0	41384	
48843	0	40592	
48844	0	39216	
48845	0	37904	
48846	0	36052	
48847	0	34500	
48848	0	33924	
48849	0	33444	
48850	0	32856	
48851	0	32928	
48852	0	33280	
48853	0	33880	
48854	0	34688	
48855	0	35316	
48856	0	34948	
48857	0	34628	
48858	0	34660	
48859	0	34952	
48860	0	35424	
48861	0	35604	
48862	0	35828	
48863	0	35380	
48864	0	34844	
48865	0	34592	
48866	0	34396	
48867	0	34664	
48868	0	35116	
48869	0	35616	
48870	0	35536	
48871	0	34520	
48872	0	33356	
48873	0	32636	
48874	0	32368	
48875	0	32476	
48876	0	32240	
48877	0	32252	
48878	0	32814	
48879	0	32904	
48880	0	32376	
48881	0	32512	
48882	0	32900	
48883	0	33340	
48884	0	33452	
48885	0	32840	
48886	0	32764	
48887	0	32524	
48888	0	31976	
48889	0	31216	
48890	0	30452	
48891	0	30436	
48892	0	30428	
48893	0	30548	
48894	0	31468	
48895	0	32436	
48896	0	32284	
48897	0	31500	
48898	0	30352	
48899	0	29912	
48900	0	29658	
48901	0	30012	
48902	0	30400	
48903	0	30372	
48904	0	29672	
48905	0	29328	
48906	0	29440	
48907	0	30724	
48908	0	31920	
48909	0	32480	
48910	0	32600	
48911	0	32548	
48912	0	32508	
48913	0	32680	
48914	0	32648	
48915	0	32100	
48916	0	31220	
48917	0	30632	
48918	0	30208	
48919	0	29744	
48920	0	29368	
48921	0	29620	
48922	0	30232	
48923	0	30762	
48924	0	31632	
48925	0	33108	
48926	0	34832	
48927	0	36252	
48928	0	36824	
48929	0	36460	
48930	0	35900	
48931	0	35076	
48932	0	34100	
48933	0	33372	
48934	0	33408	
48935	0	34120	
48936	0	34784	
48937	0	35464	
48938	0	35768	
48939	0	35936	
48940	0	35948	
48941	0	35928	
48942	0	36124	
48943	0	36528	
48944	0	37676	
48945	0	38664	
48946	0	39168	
48947	0	39372	
48948	0	39320	
48949	0	38480	
48950	0	37032	
48951	0	35828	
48952	0	35152	
48953	0	35216	
48954	0	35136	
48955	0	34984	
48956	0	35232	
48957	0	35336	
48958	0	34980	
48959	0	34248	
48960	0	33440	
48961	0	33464	
48962	0	34604	
48963	0	36160	
48964	0	36904	
48965	0	37248	
48966	0	37320	
48967	0	37424	
48968	0	37972	
48969	0	38804	
48970	0	39704	
48971	0	40320	
48972	0	39948	
48973	0	38712	
48974	0	37484	
48975	0	36992	
48976	0	36464	
48977	0	36440	
48978	0	37264	
48979	0	37988	
48980	0	37276	
48981	0	35992	
48982	0	34572	
48983	0	33216	
48984	0	32940	
48985	0	33868	
48986	0	35128	
48987	0	36176	
48988	0	36400	
48989	0	36440	
48990	0	35788	
48991	0	34496	
48992	0	33132	
48993	0	32428	
48994	0	32192	
48995	0	32856	
48996	0	34148	
48997	0	35564	
48998	0	36896	
48999	0	37424	
49000	0	37532	
49001	0	36540	
49002	0	35760	
49003	0	35704	
49004	0	35416	
49005	0	35324	
49006	0	35116	
49007	0	34984	
49008	0	34812	
49009	0	34656	
49010	0	34940	
49011	0	34872	
49012	0	34088	
49013	0	33384	
49014	0	33092	
49015	0	33276	
49016	0	33204	
49017	0	32944	
49018	0	32116	
49019	0	30772	
49020	0	29592	
49021	0	29172	
49022	0	29512	
49023	0	30216	
49024	0	30532	
49025	0	30480	
49026	0	29916	
49027	0	28716	
49028	0	27596	
49029	0	26612	
49030	0	25176	
49031	0	23696	
49032	0	22424	
49033	0	21380	
49034	0	20688	
49035	0	20128	
49036	0	19834	
49037	0	20228	
49038	0	20748	
49039	0	20632	
49040	0	19898	
49041	0	19392	
49042	0	18920	
49043	0	18068	
49044	0	17032	
49045	0	16528	
49046	0	16705	
49047	0	17386	
49048	0	18748	
49049	0	21312	
49050	0	23428	
49051	0	23580	
49052	0	22236	
49053	0	20636	
49054	0	19700	
49055	0	19752	
49056	0	20821	
49057	0	22332	
49058	0	22644	
49059	0	21932	
49060	0	20596	
49061	0	19428	
49062	0	19328	
49063	0	19936	
49064	0	20868	
49065	0	22048	
49066	0	22678	
49067	0	22504	
49068	0	22072	
49069	0	21642	
49070	0	21260	
49071	0	20808	
49072	0	20662	
49073	0	21170	
49074	0	21632	
49075	0	22348	
49076	0	22628	
49077	0	23164	
49078	0	24140	
49079	0	25328	
49080	0	26512	
49081	0	27656	
49082	0	27792	
49083	0	27524	
49084	0	27588	
49085	0	28052	
49086	0	27724	
49087	0	26628	
49088	0	25064	
49089	0	23632	
49090	0	22500	
49091	0	22022	
49092	0	21992	
49093	0	22900	
49094	0	24448	
49095	0	25576	
49096	0	26380	
49097	0	26476	
49098	0	26698	
49099	0	26988	
49100	0	27392	
49101	0	27808	
49102	0	28204	
49103	0	28308	
49104	0	28504	
49105	0	28870	
49106	0	29424	
49107	0	30252	
49108	0	30968	
49109	0	31600	
49110	0	32164	
49111	0	32900	
49112	0	33338	
49113	0	33368	
49114	0	33112	
49115	0	32880	
49116	0	32936	
49117	0	33616	
49118	0	34296	
49119	0	35404	
49120	0	36424	
49121	0	37300	
49122	0	37984	
49123	0	37696	
49124	0	37188	
49125	0	36816	
49126	0	35928	
49127	0	34640	
49128	0	33400	
49129	0	32312	
49130	0	31796	
49131	0	31420	
49132	0	30944	
49133	0	30468	
49134	0	29908	
49135	0	30228	
49136	0	30484	
49137	0	29920	
49138	0	28744	
49139	0	27596	
49140	0	27764	
49141	0	28642	
49142	0	28964	
49143	0	28844	
49144	0	28600	
49145	0	28280	
49146	0	28172	
49147	0	28444	
49148	0	29648	
49149	0	31620	
49150	0	33452	
49151	0	34800	
49152	0	35648	
49153	0	35944	
49154	0	36136	
49155	0	36916	
49156	0	37420	
49157	0	37820	
49158	0	38276	
49159	0	37868	
49160	0	36608	
49161	0	34904	
49162	0	33416	
49163	0	32728	
49164	0	31884	
49165	0	31400	
49166	0	31264	
49167	0	31652	
49168	0	32080	
49169	0	32544	
49170	0	32872	
49171	0	32576	
49172	0	31952	
49173	0	31880	
49174	0	32544	
49175	0	33536	
49176	0	34040	
49177	0	34082	
49178	0	33752	
49179	0	33168	
49180	0	32580	
49181	0	32684	
49182	0	33616	
49183	0	34732	
49184	0	35500	
49185	0	36124	
49186	0	36400	
49187	0	36228	
49188	0	35212	
49189	0	33768	
49190	0	32688	
49191	0	32204	
49192	0	32184	
49193	0	32064	
49194	0	32064	
49195	0	32940	
49196	0	33564	
49197	0	32892	
49198	0	32600	
49199	0	33100	
49200	0	33828	
49201	0	34368	
49202	0	34216	
49203	0	33788	
49204	0	33104	
49205	0	33220	
49206	0	33568	
49207	0	33640	
49208	0	33420	
49209	0	33352	
49210	0	33528	
49211	0	34080	
49212	0	34244	
49213	0	34192	
49214	0	33948	
49215	0	33944	
49216	0	34136	
49217	0	34180	
49218	0	33692	
49219	0	33252	
49220	0	32512	
49221	0	31956	
49222	0	32284	
49223	0	32864	
49224	0	32796	
49225	0	32580	
49226	0	32620	
49227	0	32748	
49228	0	32692	
49229	0	33428	
49230	0	34484	
49231	0	34848	
49232	0	34320	
49233	0	33372	
49234	0	32356	
49235	0	31920	
49236	0	32040	
49237	0	32336	
49238	0	32132	
49239	0	31720	
49240	0	31652	
49241	0	32024	
49242	0	32536	
49243	0	32968	
49244	0	33280	
49245	0	33616	
49246	0	33416	
49247	0	32996	
49248	0	33072	
49249	0	33544	
49250	0	33924	
49251	0	34208	
49252	0	35280	
49253	0	36308	
49254	0	36632	
49255	0	36596	
49256	0	36816	
49257	0	37260	
49258	0	37520	
49259	0	38116	
49260	0	39368	
49261	0	39592	
49262	0	38608	
49263	0	37284	
49264	0	35932	
49265	0	35168	
49266	0	35120	
49267	0	35096	
49268	0	35340	
49269	0	35888	
49270	0	36332	
49271	0	37270	
49272	0	37944	
49273	0	38228	
49274	0	38264	
49275	0	37504	
49276	0	36352	
49277	0	35920	
49278	0	35864	
49279	0	36336	
49280	0	36512	
49281	0	36720	
49282	0	36748	
49283	0	36612	
49284	0	36888	
49285	0	37288	
49286	0	37600	
49287	0	37648	
49288	0	37488	
49289	0	36928	
49290	0	35960	
49291	0	34728	
49292	0	33448	
49293	0	32712	
49294	0	32744	
49295	0	32728	
49296	0	32824	
49297	0	32852	
49298	0	32884	
49299	0	33036	
49300	0	33160	
49301	0	33640	
49302	0	34416	
49303	0	35756	
49304	0	36592	
49305	0	37596	
49306	0	38168	
49307	0	38312	
49308	0	37880	
49309	0	37772	
49310	0	37608	
49311	0	36872	
49312	0	36460	
49313	0	36372	
49314	0	36560	
49315	0	36408	
49316	0	36176	
49317	0	35412	
49318	0	34700	
49319	0	33964	
49320	0	33056	
49321	0	32556	
49322	0	32772	
49323	0	32828	
49324	0	32800	
49325	0	32544	
49326	0	32320	
49327	0	32592	
49328	0	33308	
49329	0	34024	
49330	0	34340	
49331	0	34436	
49332	0	34572	
49333	0	35752	
49334	0	37000	
49335	0	37772	
49336	0	37888	
49337	0	37592	
49338	0	37176	
49339	0	36720	
49340	0	36944	
49341	0	37368	
49342	0	37296	
49343	0	37456	
49344	0	37660	
49345	0	37456	
49346	0	36552	
49347	0	35952	
49348	0	35600	
49349	0	35600	
49350	0	35468	
49351	0	34576	
49352	0	34130	
49353	0	34216	
49354	0	34564	
49355	0	35004	
49356	0	34296	
49357	0	33376	
49358	0	32912	
49359	0	33444	
49360	0	34224	
49361	0	34848	
49362	0	34764	
49363	0	33368	
49364	0	32276	
49365	0	31592	
49366	0	31900	
49367	0	32880	
49368	0	34284	
49369	0	35376	
49370	0	35700	
49371	0	35888	
49372	0	36612	
49373	0	37524	
49374	0	38436	
49375	0	39448	
49376	0	40092	
49377	0	39536	
49378	0	38472	
49379	0	37600	
49380	0	36644	
49381	0	36136	
49382	0	36336	
49383	0	37408	
49384	0	38532	
49385	0	39344	
49386	0	39356	
49387	0	38180	
49388	0	37254	
49389	0	37296	
49390	0	38236	
49391	0	40904	
49392	0	43864	
49393	0	45464	
49394	0	45576	
49395	0	43872	
49396	0	40776	
49397	0	37056	
49398	0	33488	
49399	0	31020	
49400	0	29388	
49401	0	28880	
49402	0	28224	
49403	0	27374	
49404	0	26984	
49405	0	26934	
49406	0	27208	
49407	0	28408	
49408	0	29248	
49409	0	30200	
49410	0	32128	
49411	0	34170	
49412	0	35024	
49413	0	35424	
49414	0	35964	
49415	0	36496	
49416	0	37320	
49417	0	38052	
49418	0	38384	
49419	0	37796	
49420	0	36856	
49421	0	35868	
49422	0	35520	
49423	0	35832	
49424	0	35496	
49425	0	34236	
49426	0	31156	
49427	0	26908	
49428	0	23608	
49429	0	22516	
49430	0	23624	
49431	0	25930	
49432	0	28848	
49433	0	31472	
49434	0	33188	
49435	0	33604	
49436	0	34100	
49437	0	34632	
49438	0	35132	
49439	0	35048	
49440	0	34586	
49441	0	33520	
49442	0	32028	
49443	0	30252	
49444	0	28316	
49445	0	27444	
49446	0	27884	
49447	0	29392	
49448	0	30984	
49449	0	32528	
49450	0	33916	
49451	0	35136	
49452	0	36048	
49453	0	36600	
49454	0	37312	
49455	0	37992	
49456	0	37932	
49457	0	37178	
49458	0	36874	
49459	0	36692	
49460	0	36384	
49461	0	36316	
49462	0	36416	
49463	0	36264	
49464	0	36116	
49465	0	36124	
49466	0	35648	
49467	0	35480	
49468	0	36140	
49469	0	37216	
49470	0	38304	
49471	0	39304	
49472	0	39148	
49473	0	37692	
49474	0	35408	
49475	0	33204	
49476	0	32352	
49477	0	32036	
49478	0	31732	
49479	0	30940	
49480	0	29848	
49481	0	28964	
49482	0	28860	
49483	0	29900	
49484	0	32176	
49485	0	34864	
49486	0	36552	
49487	0	37748	
49488	0	38992	
49489	0	39512	
49490	0	39792	
49491	0	39580	
49492	0	38208	
49493	0	36560	
49494	0	35156	
49495	0	34680	
49496	0	34940	
49497	0	35928	
49498	0	36532	
49499	0	35876	
49500	0	35400	
49501	0	35864	
49502	0	36200	
49503	0	36474	
49504	0	36248	
49505	0	36304	
49506	0	36676	
49507	0	37164	
49508	0	37964	
49509	0	38764	
49510	0	38952	
49511	0	38484	
49512	0	37324	
49513	0	35976	
49514	0	34940	
49515	0	34392	
49516	0	34280	
49517	0	34252	
49518	0	34468	
49519	0	34868	
49520	0	35360	
49521	0	35428	
49522	0	34912	
49523	0	34552	
49524	0	34692	
49525	0	35048	
49526	0	35450	
49527	0	35928	
49528	0	36772	
49529	0	37920	
49530	0	37896	
49531	0	37328	
49532	0	36420	
49533	0	35268	
49534	0	34014	
49535	0	33252	
49536	0	32284	
49537	0	31992	
49538	0	32724	
49539	0	33904	
49540	0	34476	
49541	0	34312	
49542	0	33840	
49543	0	33048	
49544	0	32760	
49545	0	32872	
49546	0	33144	
49547	0	33620	
49548	0	33824	
49549	0	32592	
49550	0	31368	
49551	0	30232	
49552	0	29772	
49553	0	30400	
49554	0	32104	
49555	0	33980	
49556	0	35416	
49557	0	36996	
49558	0	38260	
49559	0	39308	
49560	0	40428	
49561	0	40368	
49562	0	39380	
49563	0	38328	
49564	0	37408	
49565	0	37104	
49566	0	37144	
49567	0	36940	
49568	0	36060	
49569	0	35096	
49570	0	34352	
49571	0	34240	
49572	0	35256	
49573	0	36064	
49574	0	36412	
49575	0	35852	
49576	0	34472	
49577	0	33168	
49578	0	32708	
49579	0	32816	
49580	0	33348	
49581	0	33944	
49582	0	34364	
49583	0	34244	
49584	0	33840	
49585	0	33136	
49586	0	32584	
49587	0	32536	
49588	0	33210	
49589	0	34264	
49590	0	35260	
49591	0	36120	
49592	0	36276	
49593	0	35584	
49594	0	34620	
49595	0	34100	
49596	0	34200	
49597	0	34740	
49598	0	35344	
49599	0	36516	
49600	0	37524	
49601	0	38468	
49602	0	38644	
49603	0	37896	
49604	0	36392	
49605	0	35376	
49606	0	35092	
49607	0	35020	
49608	0	34392	
49609	0	33632	
49610	0	32608	
49611	0	31956	
49612	0	31828	
49613	0	31668	
49614	0	31424	
49615	0	31428	
49616	0	31936	
49617	0	32540	
49618	0	33140	
49619	0	33784	
49620	0	34556	
49621	0	35152	
49622	0	35072	
49623	0	34404	
49624	0	33572	
49625	0	32365	
49626	0	31128	
49627	0	30468	
49628	0	31598	
49629	0	32584	
49630	0	33328	
49631	0	33720	
49632	0	33644	
49633	0	33484	
49634	0	32972	
49635	0	32464	
49636	0	32408	
49637	0	31892	
49638	0	31128	
49639	0	30448	
49640	0	30152	
49641	0	30554	
49642	0	30872	
49643	0	30700	
49644	0	30712	
49645	0	31424	
49646	0	32276	
49647	0	33548	
49648	0	34356	
49649	0	35004	
49650	0	35384	
49651	0	35560	
49652	0	36124	
49653	0	36520	
49654	0	36592	
49655	0	36108	
49656	0	35044	
49657	0	34080	
49658	0	32988	
49659	0	31616	
49660	0	30124	
49661	0	29040	
49662	0	28488	
49663	0	28820	
49664	0	29616	
49665	0	30876	
49666	0	31508	
49667	0	31868	
49668	0	32512	
49669	0	33512	
49670	0	34260	
49671	0	34110	
49672	0	33768	
49673	0	33576	
49674	0	33420	
49675	0	33500	
49676	0	33400	
49677	0	33024	
49678	0	32956	
49679	0	32632	
49680	0	31700	
49681	0	31400	
49682	0	31128	
49683	0	30948	
49684	0	30932	
49685	0	31324	
49686	0	32136	
49687	0	32768	
49688	0	32196	
49689	0	31068	
49690	0	30052	
49691	0	29944	
49692	0	30800	
49693	0	31944	
49694	0	33104	
49695	0	33728	
49696	0	33512	
49697	0	33276	
49698	0	33496	
49699	0	34476	
49700	0	35724	
49701	0	36932	
49702	0	36968	
49703	0	35796	
49704	0	34214	
49705	0	32869	
49706	0	32096	
49707	0	31252	
49708	0	31018	
49709	0	30940	
49710	0	30736	
49711	0	29960	
49712	0	29400	
49713	0	28528	
49714	0	27224	
49715	0	25677	
49716	0	24448	
49717	0	24124	
49718	0	25292	
49719	0	27192	
49720	0	28672	
49721	0	29720	
49722	0	30848	
49723	0	31784	
49724	0	32664	
49725	0	33564	
49726	0	34348	
49727	0	34632	
49728	0	34120	
49729	0	33368	
49730	0	32996	
49731	0	32752	
49732	0	33352	
49733	0	34240	
49734	0	35340	
49735	0	35924	
49736	0	36060	
49737	0	35836	
49738	0	35569	
49739	0	34976	
49740	0	34084	
49741	0	33656	
49742	0	33316	
49743	0	33194	
49744	0	32840	
49745	0	32312	
49746	0	30924	
49747	0	29308	
49748	0	27718	
49749	0	26680	
49750	0	26600	
49751	0	26944	
49752	0	27480	
49753	0	28052	
49754	0	28720	
49755	0	29312	
49756	0	29720	
49757	0	30728	
49758	0	32044	
49759	0	32484	
49760	0	31852	
49761	0	31760	
49762	0	31728	
49763	0	31802	
49764	0	31740	
49765	0	31920	
49766	0	32328	
49767	0	32128	
49768	0	32220	
49769	0	32164	
49770	0	32224	
49771	0	32356	
49772	0	32204	
49773	0	31296	
49774	0	29634	
49775	0	28188	
49776	0	27996	
49777	0	28564	
49778	0	29580	
49779	0	30728	
49780	0	31796	
49781	0	32724	
49782	0	33776	
49783	0	34600	
49784	0	34912	
49785	0	35368	
49786	0	35808	
49787	0	35972	
49788	0	36584	
49789	0	37416	
49790	0	37976	
49791	0	38040	
49792	0	37616	
49793	0	36720	
49794	0	35648	
49795	0	35044	
49796	0	34896	
49797	0	34324	
49798	0	33528	
49799	0	33080	
49800	0	33096	
49801	0	33356	
49802	0	33960	
49803	0	34452	
49804	0	34884	
49805	0	34508	
49806	0	33422	
49807	0	32744	
49808	0	32824	
49809	0	33136	
49810	0	33762	
49811	0	34696	
49812	0	36520	
49813	0	38580	
49814	0	39992	
49815	0	40088	
49816	0	39364	
49817	0	38120	
49818	0	36268	
49819	0	35032	
49820	0	34684	
49821	0	35056	
49822	0	35448	
49823	0	36104	
49824	0	36436	
49825	0	36676	
49826	0	36576	
49827	0	35988	
49828	0	35168	
49829	0	34356	
49830	0	33120	
49831	0	31796	
49832	0	31372	
49833	0	31904	
49834	0	33544	
49835	0	34232	
49836	0	34504	
49837	0	34224	
49838	0	33888	
49839	0	33696	
49840	0	33284	
49841	0	32392	
49842	0	31424	
49843	0	30684	
49844	0	29824	
49845	0	29176	
49846	0	29244	
49847	0	30024	
49848	0	31036	
49849	0	31744	
49850	0	32304	
49851	0	33616	
49852	0	35152	
49853	0	35928	
49854	0	36660	
49855	0	37416	
49856	0	37152	
49857	0	35316	
49858	0	33088	
49859	0	32096	
49860	0	31468	
49861	0	31016	
49862	0	30824	
49863	0	31088	
49864	0	32200	
49865	0	33452	
49866	0	33664	
49867	0	33456	
49868	0	33316	
49869	0	32832	
49870	0	32496	
49871	0	31896	
49872	0	31672	
49873	0	32392	
49874	0	32732	
49875	0	32376	
49876	0	32056	
49877	0	31688	
49878	0	31620	
49879	0	31836	
49880	0	32356	
49881	0	32392	
49882	0	31976	
49883	0	31892	
49884	0	32076	
49885	0	32368	
49886	0	32816	
49887	0	32894	
49888	0	32872	
49889	0	33384	
49890	0	34136	
49891	0	34260	
49892	0	33692	
49893	0	32430	
49894	0	31520	
49895	0	30908	
49896	0	30880	
49897	0	31128	
49898	0	31920	
49899	0	32456	
49900	0	32808	
49901	0	32796	
49902	0	31924	
49903	0	30920	
49904	0	30384	
49905	0	29406	
49906	0	28172	
49907	0	27404	
49908	0	26420	
49909	0	25416	
49910	0	25320	
49911	0	25376	
49912	0	24676	
49913	0	23820	
49914	0	23716	
49915	0	24192	
49916	0	25608	
49917	0	27420	
49918	0	28720	
49919	0	29336	
49920	0	29784	
49921	0	30340	
49922	0	31228	
49923	0	32224	
49924	0	33144	
49925	0	33256	
49926	0	32936	
49927	0	32184	
49928	0	31588	
49929	0	31028	
49930	0	30792	
49931	0	31024	
49932	0	31224	
49933	0	31748	
49934	0	32548	
49935	0	33196	
49936	0	33708	
49937	0	34388	
49938	0	35128	
49939	0	35404	
49940	0	35448	
49941	0	35284	
49942	0	34728	
49943	0	34508	
49944	0	34552	
49945	0	34216	
49946	0	33560	
49947	0	33280	
49948	0	33612	
49949	0	34352	
49950	0	34960	
49951	0	35396	
49952	0	35344	
49953	0	35288	
49954	0	35820	
49955	0	36224	
49956	0	35656	
49957	0	34404	
49958	0	32276	
49959	0	30920	
49960	0	31348	
49961	0	31800	
49962	0	32153	
49963	0	32760	
49964	0	33800	
49965	0	35388	
49966	0	37620	
49967	0	40144	
49968	0	42484	
49969	0	44408	
49970	0	44852	
49971	0	43196	
49972	0	40508	
49973	0	36704	
49974	0	32272	
49975	0	28568	
49976	0	26284	
49977	0	24688	
49978	0	23772	
49979	0	23812	
49980	0	24112	
49981	0	24194	
49982	0	25300	
49983	0	27096	
49984	0	29456	
49985	0	32032	
49986	0	33684	
49987	0	34012	
49988	0	33300	
49989	0	32196	
49990	0	31260	
49991	0	30376	
49992	0	29392	
49993	0	28368	
49994	0	27432	
49995	0	27284	
49996	0	28696	
49997	0	31368	
49998	0	34056	
49999	0	36480	
50000	0	36728	
50001	0	35388	
50002	0	32856	
50003	0	29692	
50004	0	27144	
50005	0	25568	
50006	0	24416	
50007	0	23434	
50008	0	23348	
50009	0	23732	
50010	0	24588	
50011	0	25656	
50012	0	26292	
50013	0	27256	
50014	0	27924	
50015	0	28164	
50016	0	27872	
50017	0	27568	
50018	0	28028	
50019	0	28992	
50020	0	30172	
50021	0	31056	
50022	0	31000	
50023	0	30380	
50024	0	29936	
50025	0	29388	
50026	0	28936	
50027	0	28936	
50028	0	29272	
50029	0	29464	
50030	0	29796	
50031	0	30208	
50032	0	31024	
50033	0	32132	
50034	0	32956	
50035	0	32968	
50036	0	32352	
50037	0	31120	
50038	0	30020	
50039	0	28912	
50040	0	27688	
50041	0	27076	
50042	0	27216	
50043	0	27652	
50044	0	28262	
50045	0	30200	
50046	0	33000	
50047	0	34748	
50048	0	35980	
50049	0	36688	
50050	0	37132	
50051	0	36840	
50052	0	36512	
50053	0	35776	
50054	0	35116	
50055	0	34680	
50056	0	34392	
50057	0	34144	
50058	0	33724	
50059	0	33376	
50060	0	33220	
50061	0	32720	
50062	0	31884	
50063	0	30972	
50064	0	30844	
50065	0	31532	
50066	0	32356	
50067	0	33028	
50068	0	34064	
50069	0	34536	
50070	0	34028	
50071	0	32604	
50072	0	31296	
50073	0	30276	
50074	0	29368	
50075	0	28980	
50076	0	29388	
50077	0	29724	
50078	0	30300	
50079	0	31470	
50080	0	32468	
50081	0	32348	
50082	0	32012	
50083	0	32076	
50084	0	32288	
50085	0	31900	
50086	0	31200	
50087	0	30100	
50088	0	29308	
50089	0	29548	
50090	0	29736	
50091	0	29904	
50092	0	30248	
50093	0	30388	
50094	0	30500	
50095	0	31124	
50096	0	32228	
50097	0	32532	
50098	0	32080	
50099	0	31200	
50100	0	30856	
50101	0	31352	
50102	0	32360	
50103	0	33208	
50104	0	34056	
50105	0	34928	
50106	0	35052	
50107	0	34732	
50108	0	34268	
50109	0	34012	
50110	0	33736	
50111	0	32832	
50112	0	31844	
50113	0	31160	
50114	0	30460	
50115	0	29356	
50116	0	28064	
50117	0	26896	
50118	0	26660	
50119	0	27658	
50120	0	29316	
50121	0	30052	
50122	0	30836	
50123	0	31136	
50124	0	31304	
50125	0	31540	
50126	0	31984	
50127	0	32412	
50128	0	32600	
50129	0	32624	
50130	0	32084	
50131	0	31308	
50132	0	31158	
50133	0	31400	
50134	0	31884	
50135	0	32356	
50136	0	33192	
50137	0	33976	
50138	0	34144	
50139	0	33456	
50140	0	32808	
50141	0	32272	
50142	0	32180	
50143	0	31984	
50144	0	32128	
50145	0	32248	
50146	0	32004	
50147	0	31960	
50148	0	32288	
50149	0	32240	
50150	0	31912	
50151	0	31792	
50152	0	31568	
50153	0	31568	
50154	0	31688	
50155	0	31692	
50156	0	31872	
50157	0	31960	
50158	0	31644	
50159	0	31648	
50160	0	32272	
50161	0	33840	
50162	0	34808	
50163	0	34796	
50164	0	34276	
50165	0	33672	
50166	0	32936	
50167	0	32244	
50168	0	32420	
50169	0	32148	
50170	0	31704	
50171	0	31612	
50172	0	31480	
50173	0	31416	
50174	0	31468	
50175	0	31748	
50176	0	32100	
50177	0	32504	
50178	0	32736	
50179	0	33064	
50180	0	33776	
50181	0	33976	
50182	0	33908	
50183	0	34276	
50184	0	34960	
50185	0	34880	
50186	0	34184	
50187	0	33872	
50188	0	34520	
50189	0	34832	
50190	0	34896	
50191	0	35348	
50192	0	35432	
50193	0	34812	
50194	0	33872	
50195	0	33160	
50196	0	32512	
50197	0	31468	
50198	0	30568	
50199	0	30300	
50200	0	30224	
50201	0	30084	
50202	0	31072	
50203	0	32312	
50204	0	32476	
50205	0	31828	
50206	0	31320	
50207	0	30452	
50208	0	30516	
50209	0	31260	
50210	0	31176	
50211	0	31000	
50212	0	30284	
50213	0	29064	
50214	0	28440	
50215	0	28214	
50216	0	27876	
50217	0	27448	
50218	0	27148	
50219	0	27240	
50220	0	28278	
50221	0	29572	
50222	0	31100	
50223	0	32048	
50224	0	32008	
50225	0	31808	
50226	0	31804	
50227	0	31040	
50228	0	29484	
50229	0	28232	
50230	0	27516	
50231	0	26980	
50232	0	27000	
50233	0	27476	
50234	0	28244	
50235	0	28652	
50236	0	29376	
50237	0	30756	
50238	0	32772	
50239	0	34988	
50240	0	35756	
50241	0	35536	
50242	0	34704	
50243	0	34224	
50244	0	34240	
50245	0	34140	
50246	0	33408	
50247	0	32332	
50248	0	31160	
50249	0	30188	
50250	0	29588	
50251	0	29144	
50252	0	29544	
50253	0	30276	
50254	0	31020	
50255	0	31672	
50256	0	32600	
50257	0	33504	
50258	0	33564	
50259	0	33424	
50260	0	32620	
50261	0	31656	
50262	0	31928	
50263	0	33412	
50264	0	35296	
50265	0	36592	
50266	0	36648	
50267	0	36000	
50268	0	34880	
50269	0	33028	
50270	0	31076	
50271	0	29904	
50272	0	29344	
50273	0	29436	
50274	0	29616	
50275	0	29966	
50276	0	30204	
50277	0	30512	
50278	0	30648	
50279	0	31704	
50280	0	32452	
50281	0	32280	
50282	0	31628	
50283	0	31324	
50284	0	31532	
50285	0	31732	
50286	0	32708	
50287	0	33768	
50288	0	34668	
50289	0	35192	
50290	0	35676	
50291	0	35688	
50292	0	34776	
50293	0	33756	
50294	0	33212	
50295	0	32888	
50296	0	32560	
50297	0	32544	
50298	0	32704	
50299	0	33048	
50300	0	33368	
50301	0	33760	
50302	0	34548	
50303	0	35656	
50304	0	36408	
50305	0	37528	
50306	0	38816	
50307	0	39896	
50308	0	40120	
50309	0	39828	
50310	0	38912	
50311	0	37628	
50312	0	36552	
50313	0	35736	
50314	0	34496	
50315	0	33508	
50316	0	33408	
50317	0	33876	
50318	0	34500	
50319	0	34784	
50320	0	34852	
50321	0	35476	
50322	0	36200	
50323	0	36992	
50324	0	37496	
50325	0	37396	
50326	0	37232	
50327	0	37576	
50328	0	37728	
50329	0	38268	
50330	0	38936	
50331	0	39312	
50332	0	39312	
50333	0	38800	
50334	0	38184	
50335	0	37752	
50336	0	37240	
50337	0	36028	
50338	0	34732	
50339	0	33556	
50340	0	32216	
50341	0	31462	
50342	0	31452	
50343	0	32380	
50344	0	33892	
50345	0	35704	
50346	0	36372	
50347	0	35972	
50348	0	35812	
50349	0	35908	
50350	0	36148	
50351	0	36748	
50352	0	37232	
50353	0	37040	
50354	0	36764	
50355	0	36456	
50356	0	35456	
50357	0	34776	
50358	0	34576	
50359	0	34692	
50360	0	34948	
50361	0	35016	
50362	0	34696	
50363	0	34384	
50364	0	34432	
50365	0	34656	
50366	0	34276	
50367	0	33912	
50368	0	33196	
50369	0	32692	
50370	0	32716	
50371	0	33176	
50372	0	33548	
50373	0	34144	
50374	0	34676	
50375	0	34448	
50376	0	33960	
50377	0	33500	
50378	0	33452	
50379	0	33712	
50380	0	34092	
50381	0	34668	
50382	0	35668	
50383	0	37016	
50384	0	37896	
50385	0	38476	
50386	0	38716	
50387	0	39120	
50388	0	38968	
50389	0	38772	
50390	0	38136	
50391	0	36196	
50392	0	35656	
50393	0	36232	
50394	0	37228	
50395	0	38152	
50396	0	38108	
50397	0	37216	
50398	0	36276	
50399	0	35892	
50400	0	36404	
50401	0	36832	
50402	0	36680	
50403	0	36554	
50404	0	36868	
50405	0	37176	
50406	0	37480	
50407	0	37812	
50408	0	37180	
50409	0	36164	
50410	0	34812	
50411	0	33760	
50412	0	33584	
50413	0	33536	
50414	0	34236	
50415	0	35124	
50416	0	35928	
50417	0	36532	
50418	0	36792	
50419	0	37188	
50420	0	37892	
50421	0	37716	
50422	0	37072	
50423	0	36680	
50424	0	37188	
50425	0	38020	
50426	0	38624	
50427	0	38936	
50428	0	39360	
50429	0	39936	
50430	0	39776	
50431	0	39256	
50432	0	38820	
50433	0	39136	
50434	0	39520	
50435	0	39060	
50436	0	37668	
50437	0	37024	
50438	0	37304	
50439	0	37644	
50440	0	38428	
50441	0	38432	
50442	0	37408	
50443	0	36052	
50444	0	34944	
50445	0	34820	
50446	0	35336	
50447	0	35980	
50448	0	36448	
50449	0	37160	
50450	0	38148	
50451	0	39184	
50452	0	39264	
50453	0	37924	
50454	0	36096	
50455	0	34780	
50456	0	34024	
50457	0	33404	
50458	0	33144	
50459	0	33664	
50460	0	34504	
50461	0	35108	
50462	0	35344	
50463	0	35328	
50464	0	35726	
50465	0	36124	
50466	0	36292	
50467	0	36356	
50468	0	36340	
50469	0	35796	
50470	0	35288	
50471	0	35020	
50472	0	35356	
50473	0	36244	
50474	0	37384	
50475	0	38720	
50476	0	39040	
50477	0	38664	
50478	0	38032	
50479	0	37448	
50480	0	36472	
50481	0	35616	
50482	0	35332	
50483	0	35140	
50484	0	34592	
50485	0	34592	
50486	0	34824	
50487	0	35384	
50488	0	36096	
50489	0	36300	
50490	0	36124	
50491	0	35404	
50492	0	35220	
50493	0	35556	
50494	0	36248	
50495	0	37104	
50496	0	37120	
50497	0	36752	
50498	0	36400	
50499	0	36724	
50500	0	37724	
50501	0	39020	
50502	0	40312	
50503	0	41700	
50504	0	42264	
50505	0	42016	
50506	0	41428	
50507	0	41100	
50508	0	40764	
50509	0	39904	
50510	0	37484	
50511	0	33728	
50512	0	29264	
50513	0	25328	
50514	0	22148	
50515	0	20602	
50516	0	20936	
50517	0	22480	
50518	0	25040	
50519	0	27228	
50520	0	28852	
50521	0	30792	
50522	0	32868	
50523	0	34152	
50524	0	34692	
50525	0	34932	
50526	0	34912	
50527	0	34764	
50528	0	35224	
50529	0	36052	
50530	0	36924	
50531	0	36696	
50532	0	36310	
50533	0	36292	
50534	0	36168	
50535	0	35564	
50536	0	34492	
50537	0	33960	
50538	0	33832	
50539	0	34232	
50540	0	34884	
50541	0	35808	
50542	0	35928	
50543	0	34840	
50544	0	33156	
50545	0	32084	
50546	0	32064	
50547	0	32732	
50548	0	33512	
50549	0	34948	
50550	0	36212	
50551	0	37216	
50552	0	37848	
50553	0	38048	
50554	0	38416	
50555	0	38224	
50556	0	37692	
50557	0	37380	
50558	0	37408	
50559	0	37320	
50560	0	37180	
50561	0	37452	
50562	0	37836	
50563	0	37668	
50564	0	37200	
50565	0	36520	
50566	0	35892	
50567	0	35496	
50568	0	35376	
50569	0	36016	
50570	0	36792	
50571	0	37512	
50572	0	38052	
50573	0	38128	
50574	0	38092	
50575	0	37688	
50576	0	37292	
50577	0	36936	
50578	0	37058	
50579	0	37292	
50580	0	37432	
50581	0	37120	
50582	0	36496	
50583	0	36152	
50584	0	36108	
50585	0	36388	
50586	0	36108	
50587	0	35388	
50588	0	35668	
50589	0	36144	
50590	0	36668	
50591	0	37288	
50592	0	37728	
50593	0	37884	
50594	0	37300	
50595	0	36116	
50596	0	35440	
50597	0	35064	
50598	0	34324	
50599	0	33800	
50600	0	34176	
50601	0	35792	
50602	0	37176	
50603	0	38284	
50604	0	38896	
50605	0	38616	
50606	0	37808	
50607	0	37616	
50608	0	37888	
50609	0	38576	
50610	0	39248	
50611	0	39536	
50612	0	39944	
50613	0	40324	
50614	0	40364	
50615	0	40168	
50616	0	39248	
50617	0	37820	
50618	0	36896	
50619	0	36964	
50620	0	36868	
50621	0	36592	
50622	0	36240	
50623	0	36368	
50624	0	36560	
50625	0	36256	
50626	0	35540	
50627	0	35168	
50628	0	35368	
50629	0	35896	
50630	0	36152	
50631	0	36448	
50632	0	37132	
50633	0	37888	
50634	0	38452	
50635	0	38644	
50636	0	38216	
50637	0	37992	
50638	0	37576	
50639	0	37032	
50640	0	36156	
50641	0	35240	
50642	0	34828	
50643	0	34560	
50644	0	34136	
50645	0	33780	
50646	0	33492	
50647	0	33252	
50648	0	32636	
50649	0	32056	
50650	0	31568	
50651	0	31396	
50652	0	31256	
50653	0	31376	
50654	0	31424	
50655	0	31488	
50656	0	31560	
50657	0	31872	
50658	0	32156	
50659	0	32520	
50660	0	32544	
50661	0	32612	
50662	0	32864	
50663	0	33444	
50664	0	34248	
50665	0	34592	
50666	0	34272	
50667	0	34008	
50668	0	33932	
50669	0	33860	
50670	0	33960	
50671	0	34124	
50672	0	33608	
50673	0	32764	
50674	0	32024	
50675	0	30996	
50676	0	30216	
50677	0	29612	
50678	0	29476	
50679	0	29888	
50680	0	30376	
50681	0	30712	
50682	0	31024	
50683	0	31188	
50684	0	31740	
50685	0	32092	
50686	0	32632	
50687	0	32660	
50688	0	32332	
50689	0	31728	
50690	0	31076	
50691	0	30128	
50692	0	29048	
50693	0	28256	
50694	0	28152	
50695	0	28396	
50696	0	28784	
50697	0	28748	
50698	0	28796	
50699	0	28808	
50700	0	29160	
50701	0	29956	
50702	0	30156	
50703	0	30252	
50704	0	30600	
50705	0	31104	
50706	0	31560	
50707	0	31908	
50708	0	32588	
50709	0	33336	
50710	0	33936	
50711	0	33712	
50712	0	32876	
50713	0	31768	
50714	0	30824	
50715	0	30336	
50716	0	29948	
50717	0	29652	
50718	0	29296	
50719	0	28964	
50720	0	29072	
50721	0	29652	
50722	0	30228	
50723	0	30024	
50724	0	29556	
50725	0	29232	
50726	0	28916	
50727	0	28708	
50728	0	28820	
50729	0	29700	
50730	0	31176	
50731	0	32570	
50732	0	34560	
50733	0	35324	
50734	0	34616	
50735	0	33140	
50736	0	32188	
50737	0	31520	
50738	0	30508	
50739	0	29560	
50740	0	28904	
50741	0	28480	
50742	0	28760	
50743	0	29900	
50744	0	30600	
50745	0	30444	
50746	0	29836	
50747	0	29596	
50748	0	28876	
50749	0	28232	
50750	0	27896	
50751	0	28102	
50752	0	28424	
50753	0	28604	
50754	0	29052	
50755	0	30126	
50756	0	31264	
50757	0	32240	
50758	0	32716	
50759	0	32244	
50760	0	31904	
50761	0	31276	
50762	0	30620	
50763	0	29728	
50764	0	28140	
50765	0	25612	
50766	0	23992	
50767	0	23192	
50768	0	22960	
50769	0	22756	
50770	0	22704	
50771	0	22940	
50772	0	23200	
50773	0	23620	
50774	0	24184	
50775	0	25352	
50776	0	26690	
50777	0	27752	
50778	0	28420	
50779	0	28676	
50780	0	28380	
50781	0	27916	
50782	0	27092	
50783	0	25976	
50784	0	25348	
50785	0	25048	
50786	0	25660	
50787	0	26920	
50788	0	28052	
50789	0	28532	
50790	0	28212	
50791	0	28300	
50792	0	28988	
50793	0	30048	
50794	0	31104	
50795	0	31836	
50796	0	31656	
50797	0	30240	
50798	0	28344	
50799	0	26208	
50800	0	24488	
50801	0	23176	
50802	0	22616	
50803	0	23004	
50804	0	24260	
50805	0	25424	
50806	0	26556	
50807	0	27292	
50808	0	27568	
50809	0	27520	
50810	0	27384	
50811	0	27432	
50812	0	27098	
50813	0	26604	
50814	0	25996	
50815	0	25480	
50816	0	25214	
50817	0	25064	
50818	0	25076	
50819	0	25398	
50820	0	25708	
50821	0	26648	
50822	0	28008	
50823	0	28608	
50824	0	28540	
50825	0	27820	
50826	0	27576	
50827	0	28004	
50828	0	28396	
50829	0	28320	
50830	0	28380	
50831	0	28112	
50832	0	27528	
50833	0	26688	
50834	0	26444	
50835	0	25840	
50836	0	25244	
50837	0	25368	
50838	0	26032	
50839	0	26268	
50840	0	26704	
50841	0	27164	
50842	0	27444	
50843	0	27008	
50844	0	25852	
50845	0	24928	
50846	0	25352	
50847	0	26628	
50848	0	28112	
50849	0	29688	
50850	0	31584	
50851	0	32188	
50852	0	31208	
50853	0	30000	
50854	0	29080	
50855	0	28496	
50856	0	28804	
50857	0	29688	
50858	0	30268	
50859	0	30840	
50860	0	31548	
50861	0	31900	
50862	0	32182	
50863	0	32848	
50864	0	33604	
50865	0	34096	
50866	0	34020	
50867	0	33360	
50868	0	32680	
50869	0	32172	
50870	0	31264	
50871	0	30296	
50872	0	29512	
50873	0	28972	
50874	0	29192	
50875	0	30336	
50876	0	31624	
50877	0	32820	
50878	0	33372	
50879	0	33812	
50880	0	34288	
50881	0	34672	
50882	0	35164	
50883	0	34816	
50884	0	33156	
50885	0	31612	
50886	0	31238	
50887	0	31868	
50888	0	33168	
50889	0	34468	
50890	0	35492	
50891	0	35828	
50892	0	35884	
50893	0	35944	
50894	0	35864	
50895	0	35816	
50896	0	36164	
50897	0	36960	
50898	0	38004	
50899	0	37984	
50900	0	37688	
50901	0	36562	
50902	0	35060	
50903	0	33740	
50904	0	32800	
50905	0	32712	
50906	0	33120	
50907	0	33530	
50908	0	34058	
50909	0	34384	
50910	0	34604	
50911	0	34760	
50912	0	34656	
50913	0	34900	
50914	0	34712	
50915	0	34028	
50916	0	33616	
50917	0	33216	
50918	0	33160	
50919	0	32968	
50920	0	32256	
50921	0	31052	
50922	0	30572	
50923	0	31068	
50924	0	31864	
50925	0	32796	
50926	0	34048	
50927	0	35588	
50928	0	36276	
50929	0	36340	
50930	0	36524	
50931	0	36460	
50932	0	36008	
50933	0	35660	
50934	0	35720	
50935	0	36312	
50936	0	36304	
50937	0	35504	
50938	0	34368	
50939	0	33008	
50940	0	31756	
50941	0	31112	
50942	0	31112	
50943	0	31384	
50944	0	31852	
50945	0	32268	
50946	0	32536	
50947	0	32672	
50948	0	33160	
50949	0	33456	
50950	0	33336	
50951	0	33136	
50952	0	32676	
50953	0	31620	
50954	0	30964	
50955	0	30864	
50956	0	31596	
50957	0	32260	
50958	0	32696	
50959	0	32496	
50960	0	32724	
50961	0	33408	
50962	0	34068	
50963	0	34752	
50964	0	34708	
50965	0	33720	
50966	0	32648	
50967	0	31972	
50968	0	31400	
50969	0	31368	
50970	0	31832	
50971	0	32442	
50972	0	33512	
50973	0	33716	
50974	0	33096	
50975	0	31572	
50976	0	30420	
50977	0	29784	
50978	0	29872	
50979	0	30664	
50980	0	31392	
50981	0	31452	
50982	0	31420	
50983	0	31788	
50984	0	32424	
50985	0	32914	
50986	0	33176	
50987	0	33040	
50988	0	32888	
50989	0	33080	
50990	0	33496	
50991	0	34168	
50992	0	34392	
50993	0	34420	
50994	0	34536	
50995	0	34376	
50996	0	34024	
50997	0	33072	
50998	0	32128	
50999	0	31656	
51000	0	32280	
51001	0	33684	
51002	0	35228	
51003	0	35960	
51004	0	36740	
51005	0	37376	
51006	0	37480	
51007	0	36992	
51008	0	36824	
51009	0	37608	
51010	0	38936	
51011	0	39272	
51012	0	39124	
51013	0	38276	
51014	0	37648	
51015	0	37604	
51016	0	37608	
51017	0	37664	
51018	0	37272	
51019	0	37264	
51020	0	36892	
51021	0	36288	
51022	0	35296	
51023	0	34648	
51024	0	34328	
51025	0	34300	
51026	0	34104	
51027	0	34208	
51028	0	34076	
51029	0	32764	
51030	0	31608	
51031	0	31120	
51032	0	31224	
51033	0	32012	
51034	0	33156	
51035	0	33040	
51036	0	32772	
51037	0	33120	
51038	0	33492	
51039	0	33632	
51040	0	33464	
51041	0	33412	
51042	0	33484	
51043	0	33364	
51044	0	32760	
51045	0	31340	
51046	0	29976	
51047	0	29216	
51048	0	29164	
51049	0	29536	
51050	0	29264	
51051	0	28516	
51052	0	28096	
51053	0	27804	
51054	0	27701	
51055	0	28520	
51056	0	30984	
51057	0	33236	
51058	0	35332	
51059	0	36248	
51060	0	35868	
51061	0	34384	
51062	0	32864	
51063	0	31772	
51064	0	31192	
51065	0	31676	
51066	0	33220	
51067	0	34560	
51068	0	35528	
51069	0	35956	
51070	0	35828	
51071	0	34864	
51072	0	33656	
51073	0	32828	
51074	0	32480	
51075	0	31960	
51076	0	32160	
51077	0	32888	
51078	0	33608	
51079	0	33928	
51080	0	34048	
51081	0	34092	
51082	0	33832	
51083	0	33272	
51084	0	32864	
51085	0	33100	
51086	0	33576	
51087	0	34192	
51088	0	34548	
51089	0	34692	
51090	0	34520	
51091	0	34236	
51092	0	33684	
51093	0	33212	
51094	0	33032	
51095	0	33132	
51096	0	33360	
51097	0	33980	
51098	0	33808	
51099	0	32748	
51100	0	31420	
51101	0	30572	
51102	0	30488	
51103	0	30768	
51104	0	30820	
51105	0	30912	
51106	0	30952	
51107	0	30904	
51108	0	30662	
51109	0	31016	
51110	0	31900	
51111	0	33212	
51112	0	34540	
51113	0	35940	
51114	0	37120	
51115	0	38616	
51116	0	39008	
51117	0	37872	
51118	0	36288	
51119	0	35340	
51120	0	34520	
51121	0	33440	
51122	0	32412	
51123	0	31808	
51124	0	32100	
51125	0	32524	
51126	0	31812	
51127	0	30804	
51128	0	30468	
51129	0	30232	
51130	0	30152	
51131	0	30228	
51132	0	30020	
51133	0	29648	
51134	0	29520	
51135	0	29818	
51136	0	29896	
51137	0	30376	
51138	0	31244	
51139	0	31760	
51140	0	32248	
51141	0	32660	
51142	0	32868	
51143	0	33060	
51144	0	33064	
51145	0	33384	
51146	0	33696	
51147	0	34002	
51148	0	34044	
51149	0	33404	
51150	0	32172	
51151	0	31176	
51152	0	30732	
51153	0	30208	
51154	0	29796	
51155	0	29822	
51156	0	30216	
51157	0	30456	
51158	0	30420	
51159	0	30104	
51160	0	29052	
51161	0	27804	
51162	0	27872	
51163	0	28272	
51164	0	29236	
51165	0	29876	
51166	0	30256	
51167	0	30608	
51168	0	30244	
51169	0	28964	
51170	0	26972	
51171	0	25376	
51172	0	24720	
51173	0	25216	
51174	0	26106	
51175	0	27200	
51176	0	28376	
51177	0	29320	
51178	0	30184	
51179	0	30412	
51180	0	30572	
51181	0	30904	
51182	0	31500	
51183	0	31600	
51184	0	31128	
51185	0	30360	
51186	0	29312	
51187	0	28436	
51188	0	28104	
51189	0	28472	
51190	0	29600	
51191	0	30884	
51192	0	32196	
51193	0	33500	
51194	0	34544	
51195	0	34646	
51196	0	34060	
51197	0	33288	
51198	0	32372	
51199	0	31248	
51200	0	30504	
51201	0	30476	
51202	0	30820	
51203	0	30324	
51204	0	29792	
51205	0	29028	
51206	0	28272	
51207	0	28000	
51208	0	28852	
51209	0	30232	
51210	0	31464	
51211	0	31912	
51212	0	31584	
51213	0	31152	
51214	0	30456	
51215	0	29704	
51216	0	29288	
51217	0	29280	
51218	0	29536	
51219	0	29960	
51220	0	29920	
51221	0	29512	
51222	0	28916	
51223	0	28272	
51224	0	28040	
51225	0	28408	
51226	0	29256	
51227	0	30464	
51228	0	31612	
51229	0	32440	
51230	0	33060	
51231	0	33056	
51232	0	33072	
51233	0	33184	
51234	0	33680	
51235	0	34040	
51236	0	33278	
51237	0	31640	
51238	0	29568	
51239	0	29008	
51240	0	30092	
51241	0	31896	
51242	0	32976	
51243	0	32464	
51244	0	31012	
51245	0	29844	
51246	0	29944	
51247	0	30492	
51248	0	30940	
51249	0	31532	
51250	0	31944	
51251	0	31928	
51252	0	31692	
51253	0	31384	
51254	0	31328	
51255	0	32516	
51256	0	35540	
51257	0	38548	
51258	0	40364	
51259	0	39396	
51260	0	35812	
51261	0	29996	
51262	0	24692	
51263	0	22780	
51264	0	24042	
51265	0	30044	
51266	0	38280	
51267	0	43328	
51268	0	43832	
51269	0	42552	
51270	0	40256	
51271	0	38008	
51272	0	37496	
51273	0	39528	
51274	0	42092	
51275	0	41524	
51276	0	35912	
51277	0	27044	
51278	0	20452	
51279	0	18332	
51280	0	19596	
51281	0	25596	
51282	0	33192	
51283	0	36680	
51284	0	35272	
51285	0	31728	
51286	0	30260	
51287	0	31668	
51288	0	35304	
51289	0	37236	
51290	0	35472	
51291	0	32456	
51292	0	29844	
51293	0	27216	
51294	0	26152	
51295	0	26344	
51296	0	26160	
51297	0	24952	
51298	0	24012	
51299	0	26580	
51300	0	31100	
51301	0	35344	
51302	0	37956	
51303	0	38504	
51304	0	37924	
51305	0	37600	
51306	0	36928	
51307	0	35736	
51308	0	34664	
51309	0	34192	
51310	0	35052	
51311	0	35576	
51312	0	35000	
51313	0	33280	
51314	0	31028	
51315	0	31056	
51316	0	32972	
51317	0	35928	
51318	0	37276	
51319	0	36488	
51320	0	34536	
51321	0	32024	
51322	0	29968	
51323	0	28636	
51324	0	26376	
51325	0	23280	
51326	0	20468	
51327	0	19328	
51328	0	20036	
51329	0	23544	
51330	0	28200	
51331	0	32132	
51332	0	34408	
51333	0	34640	
51334	0	33504	
51335	0	31216	
51336	0	28564	
51337	0	26216	
51338	0	23912	
51339	0	22416	
51340	0	21452	
51341	0	19624	
51342	0	18004	
51343	0	17258	
51344	0	17462	
51345	0	18816	
51346	0	20252	
51347	0	21960	
51348	0	24000	
51349	0	25376	
51350	0	25882	
51351	0	27504	
51352	0	30100	
51353	0	33596	
51354	0	38912	
51355	0	42120	
51356	0	42528	
51357	0	41156	
51358	0	38720	
51359	0	35964	
51360	0	34352	
51361	0	34056	
51362	0	34684	
51363	0	34936	
51364	0	33424	
51365	0	31276	
51366	0	31152	
51367	0	31424	
51368	0	30604	
51369	0	30644	
51370	0	29280	
51371	0	24556	
51372	0	19928	
51373	0	17688	
51374	0	16829	
51375	0	14400	
51376	0	12708	
51377	0	15714	
51378	0	22240	
51379	0	28892	
51380	0	32688	
51381	0	33320	
51382	0	32672	
51383	0	30876	
51384	0	27780	
51385	0	25812	
51386	0	29340	
51387	0	35668	
51388	0	40116	
51389	0	41372	
51390	0	43520	
51391	0	46524	
51392	0	45944	
51393	0	39524	
51394	0	29688	
51395	0	23376	
51396	0	22656	
51397	0	27508	
51398	0	32596	
51399	0	29216	
51400	0	21720	
51401	0	17292	
51402	0	16776	
51403	0	17329	
51404	0	15456	
51405	0	12540	
51406	0	9340	
51407	0	8035	
51408	0	12056	
51409	0	18058	
51410	0	23204	
51411	0	24540	
51412	0	23696	
51413	0	23048	
51414	0	23332	
51415	0	28944	
51416	0	34624	
51417	0	38588	
51418	0	35880	
51419	0	27112	
51420	0	18928	
51421	0	14620	
51422	0	15896	
51423	0	23456	
51424	0	36120	
51425	0	44200	
51426	0	43968	
51427	0	38140	
51428	0	30548	
51429	0	24384	
51430	0	21473	
51431	0	20648	
51432	0	20964	
51433	0	21384	
51434	0	21768	
51435	0	20356	
51436	0	18932	
51437	0	20000	
51438	0	24344	
51439	0	30232	
51440	0	35924	
51441	0	39604	
51442	0	40936	
51443	0	40116	
51444	0	38740	
51445	0	38292	
51446	0	39784	
51447	0	44744	
51448	0	51584	
51449	0	55104	
51450	0	54508	
51451	0	50968	
51452	0	47184	
51453	0	43580	
51454	0	41992	
51455	0	43200	
51456	0	45104	
51457	0	47148	
51458	0	49288	
51459	0	50128	
51460	0	51476	
51461	0	53128	
51462	0	54036	
51463	0	53912	
51464	0	53808	
51465	0	55576	
51466	0	58924	
51467	0	61784	
51468	0	62748	
51469	0	61816	
51470	0	57984	
51471	0	52996	
51472	0	49888	
51473	0	50040	
51474	0	51400	
51475	0	50600	
51476	0	49136	
51477	0	47872	
51478	0	46032	
51479	0	43804	
51480	0	40972	
51481	0	38756	
51482	0	38940	
51483	0	40772	
51484	0	43432	
51485	0	46260	
51486	0	48340	
51487	0	48504	
51488	0	47268	
51489	0	45525	
51490	0	44732	
51491	0	44920	
51492	0	45784	
51493	0	46376	
51494	0	46872	
51495	0	47304	
51496	0	46832	
51497	0	45644	
51498	0	44604	
51499	0	44416	
51500	0	44164	
51501	0	44174	
51502	0	44904	
51503	0	46392	
51504	0	47668	
51505	0	47960	
51506	0	47492	
51507	0	46536	
51508	0	45672	
51509	0	44936	
51510	0	43904	
51511	0	42952	
51512	0	42384	
51513	0	42248	
51514	0	42440	
51515	0	43052	
51516	0	43336	
51517	0	43712	
51518	0	44832	
51519	0	45664	
51520	0	45508	
51521	0	44568	
51522	0	43056	
51523	0	42024	
51524	0	41612	
51525	0	41216	
51526	0	41072	
51527	0	40964	
51528	0	40832	
51529	0	41116	
51530	0	40480	
51531	0	38224	
51532	0	36312	
51533	0	35220	
51534	0	34588	
51535	0	33828	
51536	0	33940	
51537	0	34732	
51538	0	35048	
51539	0	35144	
51540	0	35176	
51541	0	34936	
51542	0	33988	
51543	0	32664	
51544	0	31824	
51545	0	32300	
51546	0	33340	
51547	0	35040	
51548	0	36696	
51549	0	37768	
51550	0	38484	
51551	0	38268	
51552	0	37808	
51553	0	37036	
51554	0	35944	
51555	0	35040	
51556	0	34496	
51557	0	34120	
51558	0	33476	
51559	0	32756	
51560	0	32012	
51561	0	31556	
51562	0	30744	
51563	0	30080	
51564	0	29428	
51565	0	29076	
51566	0	29372	
51567	0	29508	
51568	0	27724	
51569	0	25724	
51570	0	24176	
51571	0	23444	
51572	0	23280	
51573	0	22984	
51574	0	23236	
51575	0	23876	
51576	0	25004	
51577	0	25724	
51578	0	25756	
51579	0	25568	
51580	0	25452	
51581	0	26328	
51582	0	27184	
51583	0	27268	
51584	0	26392	
51585	0	25516	
51586	0	25228	
51587	0	25548	
51588	0	25172	
51589	0	24450	
51590	0	24788	
51591	0	26072	
51592	0	27196	
51593	0	28064	
51594	0	29164	
51595	0	30740	
51596	0	33864	
51597	0	36732	
51598	0	37040	
51599	0	35208	
51600	0	32536	
51601	0	29628	
51602	0	27421	
51603	0	26964	
51604	0	28304	
51605	0	31048	
51606	0	33768	
51607	0	34616	
51608	0	31744	
51609	0	27880	
51610	0	26284	
51611	0	27924	
51612	0	33616	
51613	0	39632	
51614	0	39056	
51615	0	35044	
51616	0	31480	
51617	0	30232	
51618	0	31260	
51619	0	33140	
51620	0	35576	
51621	0	36956	
51622	0	36352	
51623	0	35000	
51624	0	34600	
51625	0	34828	
51626	0	32840	
51627	0	29008	
51628	0	24936	
51629	0	21992	
51630	0	20436	
51631	0	20556	
51632	0	21876	
51633	0	23670	
51634	0	25108	
51635	0	25330	
51636	0	24860	
51637	0	24524	
51638	0	25196	
51639	0	26984	
51640	0	28912	
51641	0	30696	
51642	0	31708	
51643	0	31592	
51644	0	31108	
51645	0	30864	
51646	0	31228	
51647	0	31840	
51648	0	31808	
51649	0	31084	
51650	0	30080	
51651	0	29272	
51652	0	29296	
51653	0	30504	
51654	0	31412	
51655	0	31276	
51656	0	30136	
51657	0	28788	
51658	0	27808	
51659	0	26644	
51660	0	25456	
51661	0	24736	
51662	0	24636	
51663	0	25988	
51664	0	28048	
51665	0	29184	
51666	0	28964	
51667	0	30248	
51668	0	31768	
51669	0	32564	
51670	0	32172	
51671	0	31026	
51672	0	29628	
51673	0	28812	
51674	0	28476	
51675	0	28356	
51676	0	28352	
51677	0	27956	
51678	0	27832	
51679	0	27890	
51680	0	28532	
51681	0	29236	
51682	0	29156	
51683	0	28912	
51684	0	28836	
51685	0	29472	
51686	0	30632	
51687	0	30776	
51688	0	31488	
51689	0	32276	
51690	0	32372	
51691	0	31420	
51692	0	31596	
51693	0	33122	
51694	0	35076	
51695	0	36712	
51696	0	38984	
51697	0	40608	
51698	0	40488	
51699	0	39676	
51700	0	39100	
51701	0	38072	
51702	0	37172	
51703	0	37368	
51704	0	37188	
51705	0	35416	
51706	0	33152	
51707	0	30546	
51708	0	28880	
51709	0	28492	
51710	0	28912	
51711	0	29136	
51712	0	29860	
51713	0	30908	
51714	0	31388	
51715	0	31340	
51716	0	30712	
51717	0	29320	
51718	0	28388	
51719	0	27996	
51720	0	27888	
51721	0	27916	
51722	0	28024	
51723	0	27877	
51724	0	27600	
51725	0	27312	
51726	0	26516	
51727	0	25808	
51728	0	25520	
51729	0	25888	
51730	0	25976	
51731	0	25596	
51732	0	24896	
51733	0	23944	
51734	0	23252	
51735	0	22980	
51736	0	23780	
51737	0	24320	
51738	0	24616	
51739	0	24916	
51740	0	25352	
51741	0	25004	
51742	0	24920	
51743	0	25320	
51744	0	25584	
51745	0	25212	
51746	0	24924	
51747	0	25352	
51748	0	26102	
51749	0	26304	
51750	0	26328	
51751	0	27448	
51752	0	28512	
51753	0	26880	
51754	0	23340	
51755	0	19880	
51756	0	17624	
51757	0	17128	
51758	0	17240	
51759	0	17372	
51760	0	17746	
51761	0	19128	
51762	0	20224	
51763	0	20537	
51764	0	20445	
51765	0	20524	
51766	0	20498	
51767	0	21138	
51768	0	21912	
51769	0	22388	
51770	0	22444	
51771	0	21748	
51772	0	22640	
51773	0	26436	
51774	0	29308	
51775	0	29480	
51776	0	27756	
51777	0	26004	
51778	0	25448	
51779	0	24948	
51780	0	23864	
51781	0	22836	
51782	0	22432	
51783	0	22550	
51784	0	21820	
51785	0	20464	
51786	0	19200	
51787	0	19208	
51788	0	20408	
51789	0	21864	
51790	0	22744	
51791	0	22544	
51792	0	22108	
51793	0	22000	
51794	0	22456	
51795	0	22744	
51796	0	22432	
51797	0	22488	
51798	0	22570	
51799	0	22924	
51800	0	23672	
51801	0	23732	
51802	0	23404	
51803	0	22840	
51804	0	23032	
51805	0	24772	
51806	0	26160	
51807	0	26712	
51808	0	26716	
51809	0	26396	
51810	0	25928	
51811	0	25856	
51812	0	26780	
51813	0	28752	
51814	0	32132	
51815	0	34672	
51816	0	35416	
51817	0	33764	
51818	0	31016	
51819	0	28724	
51820	0	27706	
51821	0	26568	
51822	0	25842	
51823	0	25616	
51824	0	25952	
51825	0	26664	
51826	0	28396	
51827	0	30920	
51828	0	32780	
51829	0	32720	
51830	0	31360	
51831	0	29628	
51832	0	28296	
51833	0	27076	
51834	0	26948	
51835	0	28540	
51836	0	30640	
51837	0	32388	
51838	0	32428	
51839	0	30892	
51840	0	29312	
51841	0	28412	
51842	0	28304	
51843	0	28900	
51844	0	29696	
51845	0	30920	
51846	0	32720	
51847	0	34200	
51848	0	34392	
51849	0	33848	
51850	0	32664	
51851	0	31092	
51852	0	30524	
51853	0	30280	
51854	0	30452	
51855	0	30580	
51856	0	30536	
51857	0	30768	
51858	0	31936	
51859	0	33056	
51860	0	33744	
51861	0	34432	
51862	0	34560	
51863	0	34264	
51864	0	36340	
51865	0	38628	
51866	0	39096	
51867	0	38610	
51868	0	37324	
51869	0	35840	
51870	0	34012	
51871	0	32096	
51872	0	30560	
51873	0	30512	
51874	0	31564	
51875	0	32440	
51876	0	32652	
51877	0	32536	
51878	0	31944	
51879	0	31140	
51880	0	29592	
51881	0	27552	
51882	0	26100	
51883	0	26272	
51884	0	28472	
51885	0	32464	
51886	0	35720	
51887	0	34640	
51888	0	30656	
51889	0	26612	
51890	0	24180	
51891	0	22408	
51892	0	20824	
51893	0	20444	
51894	0	21068	
51895	0	21896	
51896	0	22896	
51897	0	25660	
51898	0	28788	
51899	0	31280	
51900	0	32912	
51901	0	33240	
51902	0	33700	
51903	0	35224	
51904	0	37396	
51905	0	40532	
51906	0	43600	
51907	0	44972	
51908	0	43076	
51909	0	38468	
51910	0	34408	
51911	0	32492	
51912	0	31448	
51913	0	29516	
51914	0	28252	
51915	0	27576	
51916	0	27540	
51917	0	27672	
51918	0	27924	
51919	0	28920	
51920	0	31112	
51921	0	33764	
51922	0	35880	
51923	0	34536	
51924	0	31772	
51925	0	29450	
51926	0	28328	
51927	0	27532	
51928	0	27396	
51929	0	29560	
51930	0	33972	
51931	0	37924	
51932	0	40660	
51933	0	41864	
51934	0	40048	
51935	0	36976	
51936	0	33680	
51937	0	31204	
51938	0	29264	
51939	0	27916	
51940	0	27532	
51941	0	28536	
51942	0	29592	
51943	0	30264	
51944	0	30640	
51945	0	31540	
51946	0	32688	
51947	0	34064	
51948	0	34980	
51949	0	35116	
51950	0	35112	
51951	0	35260	
51952	0	35480	
51953	0	35225	
51954	0	34356	
51955	0	33800	
51956	0	34098	
51957	0	36304	
51958	0	39232	
51959	0	40208	
51960	0	38576	
51961	0	36052	
51962	0	33976	
51963	0	33108	
51964	0	32768	
51965	0	33112	
51966	0	34536	
51967	0	36068	
51968	0	37568	
51969	0	38712	
51970	0	39416	
51971	0	38504	
51972	0	36688	
51973	0	34480	
51974	0	33168	
51975	0	33640	
51976	0	36460	
51977	0	39124	
51978	0	39940	
51979	0	39216	
51980	0	38232	
51981	0	38000	
51982	0	37908	
51983	0	38236	
51984	0	38508	
51985	0	38192	
51986	0	37440	
51987	0	36052	
51988	0	35424	
51989	0	35756	
51990	0	36664	
51991	0	37488	
51992	0	37888	
51993	0	38048	
51994	0	38156	
51995	0	38652	
51996	0	39068	
51997	0	39080	
51998	0	38304	
51999	0	38112	
52000	0	38484	
52001	0	38828	
52002	0	38712	
52003	0	37864	
52004	0	36920	
52005	0	36676	
52006	0	36500	
52007	0	35760	
52008	0	35952	
52009	0	36964	
52010	0	37760	
52011	0	38520	
52012	0	38284	
52013	0	37232	
52014	0	38188	
52015	0	41560	
52016	0	45192	
52017	0	49100	
52018	0	54068	
52019	0	58880	
52020	0	60468	
52021	0	58556	
52022	0	54720	
52023	0	49628	
52024	0	43676	
52025	0	38252	
52026	0	35368	
52027	0	34932	
52028	0	35508	
52029	0	35892	
52030	0	36440	
52031	0	37248	
52032	0	38784	
52033	0	40144	
52034	0	40072	
52035	0	39048	
52036	0	37972	
52037	0	38816	
52038	0	40572	
52039	0	42800	
52040	0	45652	
52041	0	47352	
52042	0	47620	
52043	0	46120	
52044	0	43664	
52045	0	41868	
52046	0	40692	
52047	0	40736	
52048	0	40592	
52049	0	38736	
