# OpenSignals Text File Format. Version 1
# {"00:07:80:4D:33:A1": {"position": 0, "device": "biosignalsplux", "device name": "00:07:80:4D:33:A1", "device connection": "BTH00:07:80:4D:33:A1", "sampling rate": 1000, "resolution": [16], "firmware version": 775, "comments": "", "keywords": "", "mode": 0, "sync interval": 2, "date": "2026-6-2", "time": "13:1:35.986", "channels": [1], "sensor": ["EEG"], "label": ["CH1"], "column": ["nSeq", "DI", "CH1"], "special": [{"SpO2": [80, 40, 5, 4, 3, 3]}, {"SpO2": [80, 40, 5, 4, 3, 3]}, {"SpO2": [80, 40, 5, 4, 3, 3]}, {"SpO2": [80, 40, 5, 4, 3, 3]}, {"SpO2": [80, 40, 5, 4, 3, 3]}, {"SpO2": [80, 40, 5, 4, 3, 3]}, {"SpO2": [80, 40, 5, 4, 3, 3]}, {"SpO2": [80, 40, 5, 4, 3, 3]}], "digital IO": [0, 1], "sleeve color": ["green"]}}
# EndOfHeader
0	0	35280	
1	0	35900	
2	0	35686	
3	0	35192	
4	0	34248	
5	0	33856	
6	0	34476	
7	0	36060	
8	0	37712	
9	0	38216	
10	0	38440	
11	0	38528	
12	0	38136	
13	0	37260	
14	0	36616	
15	0	36988	
16	0	36732	
17	0	36052	
18	0	35412	
19	0	35010	
20	0	35456	
21	0	36660	
22	0	37700	
23	0	38808	
24	0	39740	
25	0	40384	
26	0	40632	
27	0	39880	
28	0	38500	
29	0	37804	
30	0	37404	
31	0	36656	
32	0	36132	
33	0	36288	
34	0	36112	
35	0	36032	
36	0	35856	
37	0	35592	
38	0	35320	
39	0	35120	
40	0	34904	
41	0	34592	
42	0	34300	
43	0	34448	
44	0	34636	
45	0	33836	
46	0	32740	
47	0	32432	
48	0	32488	
49	0	33044	
50	0	33088	
51	0	32944	
52	0	32556	
53	0	31500	
54	0	30300	
55	0	29536	
56	0	29488	
57	0	29984	
58	0	31000	
59	0	31856	
60	0	31948	
61	0	32356	
62	0	31916	
63	0	30804	
64	0	29460	
65	0	28256	
66	0	27773	
67	0	28972	
68	0	30212	
69	0	31040	
70	0	31464	
71	0	31128	
72	0	30340	
73	0	29924	
74	0	29832	
75	0	30544	
76	0	31752	
77	0	32520	
78	0	31896	
79	0	30368	
80	0	29940	
81	0	30184	
82	0	30632	
83	0	31536	
84	0	32824	
85	0	33292	
86	0	33104	
87	0	32424	
88	0	31708	
89	0	31184	
90	0	30824	
91	0	30780	
92	0	31308	
93	0	31432	
94	0	31464	
95	0	32072	
96	0	32480	
97	0	32744	
98	0	33024	
99	0	33244	
100	0	33268	
101	0	33960	
102	0	34644	
103	0	34784	
104	0	33712	
105	0	31912	
106	0	30304	
107	0	28852	
108	0	27192	
109	0	25836	
110	0	25476	
111	0	25842	
112	0	26096	
113	0	27388	
114	0	29720	
115	0	31400	
116	0	32224	
117	0	32612	
118	0	32992	
119	0	32612	
120	0	30968	
121	0	29600	
122	0	29392	
123	0	29132	
124	0	29092	
125	0	29240	
126	0	29920	
127	0	30996	
128	0	31996	
129	0	31752	
130	0	30872	
131	0	29380	
132	0	27208	
133	0	25280	
134	0	24100	
135	0	23804	
136	0	23728	
137	0	24316	
138	0	25508	
139	0	26636	
140	0	27624	
141	0	28172	
142	0	28084	
143	0	27760	
144	0	27692	
145	0	27858	
146	0	28380	
147	0	28656	
148	0	29252	
149	0	29976	
150	0	30136	
151	0	30604	
152	0	30809	
153	0	30296	
154	0	29956	
155	0	30228	
156	0	31080	
157	0	32104	
158	0	32812	
159	0	32680	
160	0	32440	
161	0	32376	
162	0	32216	
163	0	31672	
164	0	31512	
165	0	31364	
166	0	31394	
167	0	31238	
168	0	31364	
169	0	31808	
170	0	32436	
171	0	32792	
172	0	33116	
173	0	33396	
174	0	33600	
175	0	33840	
176	0	34008	
177	0	33292	
178	0	31962	
179	0	30968	
180	0	31640	
181	0	32696	
182	0	33172	
183	0	32824	
184	0	31768	
185	0	30312	
186	0	29016	
187	0	28832	
188	0	29456	
189	0	29872	
190	0	29864	
191	0	30248	
192	0	30596	
193	0	30636	
194	0	30712	
195	0	31084	
196	0	31764	
197	0	32480	
198	0	32448	
199	0	32416	
200	0	32356	
201	0	32696	
202	0	33440	
203	0	34000	
204	0	34420	
205	0	35140	
206	0	35490	
207	0	35824	
208	0	36020	
209	0	36168	
210	0	35984	
211	0	35992	
212	0	36644	
213	0	36724	
214	0	36116	
215	0	35440	
216	0	35100	
217	0	34328	
218	0	33244	
219	0	32312	
220	0	31272	
221	0	30312	
222	0	29060	
223	0	27428	
224	0	26106	
225	0	25048	
226	0	25368	
227	0	26540	
228	0	28104	
229	0	29436	
230	0	30264	
231	0	30520	
232	0	30928	
233	0	32156	
234	0	33636	
235	0	34656	
236	0	35096	
237	0	35408	
238	0	35204	
239	0	34260	
240	0	33616	
241	0	33538	
242	0	33376	
243	0	33212	
244	0	32652	
245	0	32132	
246	0	31460	
247	0	30836	
248	0	30360	
249	0	30416	
250	0	30920	
251	0	31724	
252	0	32408	
253	0	32668	
254	0	32660	
255	0	32836	
256	0	33472	
257	0	33892	
258	0	33636	
259	0	33796	
260	0	33748	
261	0	33368	
262	0	32972	
263	0	33136	
264	0	33192	
265	0	33712	
266	0	34080	
267	0	33674	
268	0	33524	
269	0	33572	
270	0	33812	
271	0	34048	
272	0	34208	
273	0	34056	
274	0	34384	
275	0	35732	
276	0	37040	
277	0	38164	
278	0	39064	
279	0	39536	
280	0	39120	
281	0	38028	
282	0	36668	
283	0	35888	
284	0	35588	
285	0	35136	
286	0	34628	
287	0	33984	
288	0	32588	
289	0	30676	
290	0	28844	
291	0	27552	
292	0	27428	
293	0	28640	
294	0	30584	
295	0	32372	
296	0	33852	
297	0	34560	
298	0	34428	
299	0	34076	
300	0	33360	
301	0	32468	
302	0	31324	
303	0	30560	
304	0	30368	
305	0	30808	
306	0	31532	
307	0	32028	
308	0	31952	
309	0	31500	
310	0	31416	
311	0	31556	
312	0	31384	
313	0	31052	
314	0	30764	
315	0	30520	
316	0	30588	
317	0	31264	
318	0	31520	
319	0	31328	
320	0	31548	
321	0	32200	
322	0	33072	
323	0	34056	
324	0	34816	
325	0	34788	
326	0	33572	
327	0	32056	
328	0	31036	
329	0	30776	
330	0	31084	
331	0	31576	
332	0	31424	
333	0	30608	
334	0	30232	
335	0	29260	
336	0	28396	
337	0	28596	
338	0	29676	
339	0	31092	
340	0	32212	
341	0	32900	
342	0	32860	
343	0	32576	
344	0	32420	
345	0	32320	
346	0	32628	
347	0	33112	
348	0	33264	
349	0	33036	
350	0	32926	
351	0	32608	
352	0	31740	
353	0	31124	
354	0	30716	
355	0	30676	
356	0	30948	
357	0	30766	
358	0	30666	
359	0	31052	
360	0	32000	
361	0	32664	
362	0	32872	
363	0	32872	
364	0	33004	
365	0	33380	
366	0	33736	
367	0	33964	
368	0	33724	
369	0	32600	
370	0	31128	
371	0	29616	
372	0	28240	
373	0	27636	
374	0	28300	
375	0	29116	
376	0	29460	
377	0	29356	
378	0	29400	
379	0	29492	
380	0	29676	
381	0	29804	
382	0	29752	
383	0	30148	
384	0	30688	
385	0	31352	
386	0	32160	
387	0	32604	
388	0	33144	
389	0	33304	
390	0	32876	
391	0	32230	
392	0	31621	
393	0	30596	
394	0	28896	
395	0	27016	
396	0	25680	
397	0	25288	
398	0	25364	
399	0	25074	
400	0	24560	
401	0	24708	
402	0	24808	
403	0	25268	
404	0	26412	
405	0	28228	
406	0	30100	
407	0	31138	
408	0	31608	
409	0	31944	
410	0	32544	
411	0	33060	
412	0	33212	
413	0	33548	
414	0	33796	
415	0	33780	
416	0	33984	
417	0	33824	
418	0	33364	
419	0	32612	
420	0	31728	
421	0	31452	
422	0	31828	
423	0	32380	
424	0	32632	
425	0	32500	
426	0	32224	
427	0	32436	
428	0	32768	
429	0	33056	
430	0	32940	
431	0	32736	
432	0	31908	
433	0	31160	
434	0	30836	
435	0	30952	
436	0	30792	
437	0	30996	
438	0	30728	
439	0	30356	
440	0	30168	
441	0	30620	
442	0	31400	
443	0	32440	
444	0	32852	
445	0	32500	
446	0	32270	
447	0	32400	
448	0	32396	
449	0	31864	
450	0	30960	
451	0	30440	
452	0	30908	
453	0	30856	
454	0	29682	
455	0	27950	
456	0	27056	
457	0	27068	
458	0	28512	
459	0	30780	
460	0	32760	
461	0	34752	
462	0	35736	
463	0	35076	
464	0	33748	
465	0	31960	
466	0	30608	
467	0	30160	
468	0	31452	
469	0	33720	
470	0	35864	
471	0	37952	
472	0	38872	
473	0	38108	
474	0	36104	
475	0	33520	
476	0	32176	
477	0	31864	
478	0	32084	
479	0	32340	
480	0	32168	
481	0	31564	
482	0	30568	
483	0	30544	
484	0	31116	
485	0	32060	
486	0	33000	
487	0	33532	
488	0	33688	
489	0	33392	
490	0	33514	
491	0	33872	
492	0	34232	
493	0	34080	
494	0	33276	
495	0	31904	
496	0	30392	
497	0	29568	
498	0	29976	
499	0	31080	
500	0	32032	
501	0	32608	
502	0	32236	
503	0	31140	
504	0	30152	
505	0	30256	
506	0	31328	
507	0	32628	
508	0	33480	
509	0	33676	
510	0	33600	
511	0	33292	
512	0	33048	
513	0	33128	
514	0	33292	
515	0	32412	
516	0	30448	
517	0	28944	
518	0	28216	
519	0	27896	
520	0	27352	
521	0	27184	
522	0	27240	
523	0	27592	
524	0	27520	
525	0	27604	
526	0	28102	
527	0	28880	
528	0	29528	
529	0	29572	
530	0	28880	
531	0	29360	
532	0	31328	
533	0	32396	
534	0	32000	
535	0	29384	
536	0	26436	
537	0	24506	
538	0	23164	
539	0	22820	
540	0	23272	
541	0	24316	
542	0	25364	
543	0	26736	
544	0	29120	
545	0	32336	
546	0	35060	
547	0	36716	
548	0	37056	
549	0	36896	
550	0	36332	
551	0	35996	
552	0	35296	
553	0	34984	
554	0	35452	
555	0	36220	
556	0	36960	
557	0	37584	
558	0	37544	
559	0	36236	
560	0	34480	
561	0	33288	
562	0	34324	
563	0	35980	
564	0	36336	
565	0	36008	
566	0	35120	
567	0	33316	
568	0	31192	
569	0	30104	
570	0	29812	
571	0	30956	
572	0	33176	
573	0	34648	
574	0	34124	
575	0	32008	
576	0	29480	
577	0	27256	
578	0	25768	
579	0	25240	
580	0	25228	
581	0	25952	
582	0	26940	
583	0	28088	
584	0	28936	
585	0	28972	
586	0	28960	
587	0	28648	
588	0	28468	
589	0	28620	
590	0	29212	
591	0	30048	
592	0	30737	
593	0	31816	
594	0	32628	
595	0	33608	
596	0	34580	
597	0	34772	
598	0	34748	
599	0	34752	
600	0	34760	
601	0	34732	
602	0	34560	
603	0	34616	
604	0	34452	
605	0	34744	
606	0	35192	
607	0	35640	
608	0	36296	
609	0	36668	
610	0	36816	
611	0	36648	
612	0	36044	
613	0	35148	
614	0	34504	
615	0	33800	
616	0	33428	
617	0	32824	
618	0	32136	
619	0	31420	
620	0	31332	
621	0	32160	
622	0	33736	
623	0	35752	
624	0	37348	
625	0	38964	
626	0	39064	
627	0	38092	
628	0	36236	
629	0	34240	
630	0	32976	
631	0	32084	
632	0	31988	
633	0	32448	
634	0	33273	
635	0	34352	
636	0	35400	
637	0	36864	
638	0	37996	
639	0	38488	
640	0	37980	
641	0	37316	
642	0	36816	
643	0	37216	
644	0	37512	
645	0	37348	
646	0	37080	
647	0	36740	
648	0	36536	
649	0	35648	
650	0	35012	
651	0	34660	
652	0	34176	
653	0	33760	
654	0	33424	
655	0	33420	
656	0	33804	
657	0	33904	
658	0	33404	
659	0	32596	
660	0	32116	
661	0	32252	
662	0	32704	
663	0	33432	
664	0	33768	
665	0	33928	
666	0	33808	
667	0	33824	
668	0	33920	
669	0	34304	
670	0	34208	
671	0	33976	
672	0	33464	
673	0	32096	
674	0	30764	
675	0	30040	
676	0	29932	
677	0	30048	
678	0	30480	
679	0	31812	
680	0	33360	
681	0	34680	
682	0	36084	
683	0	36984	
684	0	37172	
685	0	37240	
686	0	36924	
687	0	36428	
688	0	35660	
689	0	35288	
690	0	34794	
691	0	33884	
692	0	32968	
693	0	32052	
694	0	31380	
695	0	30672	
696	0	30064	
697	0	29904	
698	0	29960	
699	0	30672	
700	0	31584	
701	0	32332	
702	0	32296	
703	0	32164	
704	0	32388	
705	0	33056	
706	0	33648	
707	0	34796	
708	0	35852	
709	0	36728	
710	0	36712	
711	0	35764	
712	0	33764	
713	0	32280	
714	0	31840	
715	0	31516	
716	0	31668	
717	0	32048	
718	0	32636	
719	0	33104	
720	0	33624	
721	0	33236	
722	0	32164	
723	0	30980	
724	0	30108	
725	0	29676	
726	0	30050	
727	0	31204	
728	0	32808	
729	0	33560	
730	0	32804	
731	0	31244	
732	0	29464	
733	0	28341	
734	0	27860	
735	0	27608	
736	0	27384	
737	0	26620	
738	0	26176	
739	0	26760	
740	0	27820	
741	0	29196	
742	0	31324	
743	0	33576	
744	0	35568	
745	0	37048	
746	0	37936	
747	0	38136	
748	0	37680	
749	0	36640	
750	0	35312	
751	0	33620	
752	0	31888	
753	0	30912	
754	0	30388	
755	0	30160	
756	0	30932	
757	0	31344	
758	0	31637	
759	0	31940	
760	0	32472	
761	0	33512	
762	0	33708	
763	0	33200	
764	0	32404	
765	0	31564	
766	0	30784	
767	0	29936	
768	0	29420	
769	0	28800	
770	0	28148	
771	0	27336	
772	0	27012	
773	0	26608	
774	0	26128	
775	0	25860	
776	0	25536	
777	0	25972	
778	0	27144	
779	0	28624	
780	0	30148	
781	0	31302	
782	0	31824	
783	0	31456	
784	0	30932	
785	0	30164	
786	0	29776	
787	0	29344	
788	0	29424	
789	0	30640	
790	0	32164	
791	0	33080	
792	0	34020	
793	0	34676	
794	0	34872	
795	0	34004	
796	0	32872	
797	0	31864	
798	0	31276	
799	0	31712	
800	0	32724	
801	0	33720	
802	0	34368	
803	0	34876	
804	0	34708	
805	0	34304	
806	0	34444	
807	0	35072	
808	0	35724	
809	0	35861	
810	0	34880	
811	0	33776	
812	0	32708	
813	0	31912	
814	0	31872	
815	0	32052	
816	0	32752	
817	0	33396	
818	0	33872	
819	0	34192	
820	0	34464	
821	0	34384	
822	0	34632	
823	0	34660	
824	0	34552	
825	0	33920	
826	0	33216	
827	0	32408	
828	0	31832	
829	0	32304	
830	0	33188	
831	0	33764	
832	0	34032	
833	0	34376	
834	0	34416	
835	0	33728	
836	0	32840	
837	0	32184	
838	0	31800	
839	0	31588	
840	0	32104	
841	0	32776	
842	0	33304	
843	0	33448	
844	0	33880	
845	0	34124	
846	0	33800	
847	0	32616	
848	0	32160	
849	0	32704	
850	0	33080	
851	0	33424	
852	0	33560	
853	0	33900	
854	0	34860	
855	0	36352	
856	0	36976	
857	0	37112	
858	0	37300	
859	0	37860	
860	0	38296	
861	0	39232	
862	0	39556	
863	0	38480	
864	0	36772	
865	0	35364	
866	0	34680	
867	0	34320	
868	0	34098	
869	0	34200	
870	0	34792	
871	0	35448	
872	0	35336	
873	0	34716	
874	0	33856	
875	0	33064	
876	0	32240	
877	0	31784	
878	0	31264	
879	0	30492	
880	0	30496	
881	0	30792	
882	0	31220	
883	0	32076	
884	0	32884	
885	0	32796	
886	0	32096	
887	0	30972	
888	0	30244	
889	0	29748	
890	0	30496	
891	0	31968	
892	0	33284	
893	0	34296	
894	0	35032	
895	0	35608	
896	0	35232	
897	0	34420	
898	0	34120	
899	0	34860	
900	0	35924	
901	0	36924	
902	0	37232	
903	0	37184	
904	0	36956	
905	0	36328	
906	0	35656	
907	0	35244	
908	0	35140	
909	0	34448	
910	0	33204	
911	0	32460	
912	0	32224	
913	0	32368	
914	0	33052	
915	0	33888	
916	0	34968	
917	0	35796	
918	0	35956	
919	0	35128	
920	0	33700	
921	0	32204	
922	0	30464	
923	0	29364	
924	0	29268	
925	0	30448	
926	0	31812	
927	0	33024	
928	0	34064	
929	0	34432	
930	0	34284	
931	0	34008	
932	0	34400	
933	0	34584	
934	0	33948	
935	0	33188	
936	0	32928	
937	0	32476	
938	0	31524	
939	0	30236	
940	0	29944	
941	0	30372	
942	0	31052	
943	0	31432	
944	0	31304	
945	0	31216	
946	0	31512	
947	0	32088	
948	0	32932	
949	0	33748	
950	0	34564	
951	0	34960	
952	0	34636	
953	0	34104	
954	0	33780	
955	0	33500	
956	0	32996	
957	0	32808	
958	0	32912	
959	0	33708	
960	0	34464	
961	0	34956	
962	0	35340	
963	0	36064	
964	0	37324	
965	0	38760	
966	0	39904	
967	0	40224	
968	0	39600	
969	0	37848	
970	0	35608	
971	0	33876	
972	0	32440	
973	0	31292	
974	0	30312	
975	0	29676	
976	0	29492	
977	0	29480	
978	0	29620	
979	0	29904	
980	0	30260	
981	0	30520	
982	0	30476	
983	0	30360	
984	0	30464	
985	0	30592	
986	0	30848	
987	0	30420	
988	0	29272	
989	0	28092	
990	0	27384	
991	0	27172	
992	0	26968	
993	0	26556	
994	0	26306	
995	0	26228	
996	0	26104	
997	0	26008	
998	0	25916	
999	0	26556	
1000	0	27720	
1001	0	28944	
1002	0	30180	
1003	0	30800	
1004	0	30716	
1005	0	31236	
1006	0	32172	
1007	0	32704	
1008	0	32780	
1009	0	32600	
1010	0	32476	
1011	0	32040	
1012	0	31592	
1013	0	31168	
1014	0	30832	
1015	0	30152	
1016	0	29308	
1017	0	27944	
1018	0	25972	
1019	0	24040	
1020	0	23104	
1021	0	22548	
1022	0	21844	
1023	0	21544	
1024	0	21620	
1025	0	22612	
1026	0	24276	
1027	0	25980	
1028	0	27994	
1029	0	29688	
1030	0	30508	
1031	0	30640	
1032	0	30542	
1033	0	30196	
1034	0	30048	
1035	0	30464	
1036	0	30544	
1037	0	29832	
1038	0	29128	
1039	0	28972	
1040	0	29284	
1041	0	30072	
1042	0	30408	
1043	0	30264	
1044	0	29748	
1045	0	28748	
1046	0	27960	
1047	0	27150	
1048	0	26652	
1049	0	27036	
1050	0	27876	
1051	0	28768	
1052	0	29424	
1053	0	30288	
1054	0	30824	
1055	0	30696	
1056	0	29992	
1057	0	29574	
1058	0	30140	
1059	0	30892	
1060	0	32080	
1061	0	33304	
1062	0	34204	
1063	0	34312	
1064	0	33944	
1065	0	32768	
1066	0	30868	
1067	0	29200	
1068	0	28044	
1069	0	27824	
1070	0	27720	
1071	0	27716	
1072	0	28122	
1073	0	28424	
1074	0	28444	
1075	0	27580	
1076	0	27060	
1077	0	26772	
1078	0	26808	
1079	0	27248	
1080	0	27828	
1081	0	28108	
1082	0	28144	
1083	0	28468	
1084	0	28692	
1085	0	28772	
1086	0	29320	
1087	0	29930	
1088	0	29768	
1089	0	29048	
1090	0	27780	
1091	0	27056	
1092	0	27100	
1093	0	27236	
1094	0	27512	
1095	0	27852	
1096	0	27740	
1097	0	27520	
1098	0	27744	
1099	0	28776	
1100	0	30788	
1101	0	32868	
1102	0	34392	
1103	0	35644	
1104	0	36664	
1105	0	37484	
1106	0	38072	
1107	0	38992	
1108	0	39800	
1109	0	40248	
1110	0	39232	
1111	0	36520	
1112	0	33736	
1113	0	30720	
1114	0	28008	
1115	0	25816	
1116	0	24876	
1117	0	24916	
1118	0	25180	
1119	0	26064	
1120	0	27802	
1121	0	29720	
1122	0	31192	
1123	0	32464	
1124	0	33576	
1125	0	33924	
1126	0	33688	
1127	0	33312	
1128	0	32652	
1129	0	32416	
1130	0	32688	
1131	0	33136	
1132	0	33996	
1133	0	35184	
1134	0	36608	
1135	0	37796	
1136	0	37716	
1137	0	37248	
1138	0	36884	
1139	0	36328	
1140	0	36344	
1141	0	36608	
1142	0	36996	
1143	0	37708	
1144	0	38140	
1145	0	37816	
1146	0	37444	
1147	0	36596	
1148	0	35768	
1149	0	35140	
1150	0	34272	
1151	0	33800	
1152	0	33220	
1153	0	32168	
1154	0	31396	
1155	0	31472	
1156	0	31824	
1157	0	32264	
1158	0	32480	
1159	0	33344	
1160	0	34164	
1161	0	34960	
1162	0	34732	
1163	0	34004	
1164	0	33096	
1165	0	32236	
1166	0	32296	
1167	0	32688	
1168	0	32488	
1169	0	32116	
1170	0	31536	
1171	0	31340	
1172	0	30900	
1173	0	30320	
1174	0	29920	
1175	0	30005	
1176	0	30184	
1177	0	29956	
1178	0	28840	
1179	0	28596	
1180	0	29068	
1181	0	29996	
1182	0	30564	
1183	0	30272	
1184	0	30080	
1185	0	30016	
1186	0	30573	
1187	0	30988	
1188	0	32052	
1189	0	32856	
1190	0	32944	
1191	0	32812	
1192	0	33092	
1193	0	34452	
1194	0	35260	
1195	0	35168	
1196	0	35072	
1197	0	34848	
1198	0	34516	
1199	0	33188	
1200	0	31744	
1201	0	31272	
1202	0	31572	
1203	0	32112	
1204	0	32178	
1205	0	31548	
1206	0	30760	
1207	0	30576	
1208	0	30864	
1209	0	31232	
1210	0	31052	
1211	0	30668	
1212	0	30208	
1213	0	29844	
1214	0	29412	
1215	0	29020	
1216	0	29396	
1217	0	30084	
1218	0	31300	
1219	0	33140	
1220	0	34708	
1221	0	35096	
1222	0	35388	
1223	0	35744	
1224	0	36200	
1225	0	36988	
1226	0	38252	
1227	0	38996	
1228	0	39080	
1229	0	38244	
1230	0	36572	
1231	0	35036	
1232	0	33720	
1233	0	32736	
1234	0	32484	
1235	0	32896	
1236	0	33396	
1237	0	34020	
1238	0	34088	
1239	0	34016	
1240	0	34576	
1241	0	36160	
1242	0	37272	
1243	0	37776	
1244	0	38372	
1245	0	38904	
1246	0	39120	
1247	0	39296	
1248	0	39248	
1249	0	38840	
1250	0	38294	
1251	0	37796	
1252	0	36844	
1253	0	35248	
1254	0	33860	
1255	0	33124	
1256	0	33488	
1257	0	34276	
1258	0	35864	
1259	0	37252	
1260	0	38576	
1261	0	38816	
1262	0	37944	
1263	0	36016	
1264	0	34032	
1265	0	32364	
1266	0	30580	
1267	0	29328	
1268	0	27916	
1269	0	25608	
1270	0	22184	
1271	0	19497	
1272	0	17928	
1273	0	17568	
1274	0	18680	
1275	0	21320	
1276	0	25176	
1277	0	30064	
1278	0	34864	
1279	0	38116	
1280	0	39564	
1281	0	40564	
1282	0	41572	
1283	0	42076	
1284	0	42176	
1285	0	41512	
1286	0	40744	
1287	0	39872	
1288	0	38104	
1289	0	35084	
1290	0	31768	
1291	0	28004	
1292	0	23580	
1293	0	19706	
1294	0	17508	
1295	0	18282	
1296	0	20824	
1297	0	24228	
1298	0	28028	
1299	0	32220	
1300	0	35656	
1301	0	38592	
1302	0	42628	
1303	0	46216	
1304	0	48976	
1305	0	50756	
1306	0	51176	
1307	0	50920	
1308	0	50748	
1309	0	50388	
1310	0	50068	
1311	0	49556	
1312	0	48836	
1313	0	47440	
1314	0	45556	
1315	0	43664	
1316	0	41944	
1317	0	40170	
1318	0	38416	
1319	0	36880	
1320	0	36064	
1321	0	36512	
1322	0	36932	
1323	0	37036	
1324	0	36368	
1325	0	35192	
1326	0	33760	
1327	0	32892	
1328	0	32072	
1329	0	32344	
1330	0	33692	
1331	0	35096	
1332	0	36352	
1333	0	36100	
1334	0	34292	
1335	0	30920	
1336	0	26572	
1337	0	22938	
1338	0	21274	
1339	0	22076	
1340	0	24260	
1341	0	27216	
1342	0	30272	
1343	0	33668	
1344	0	36932	
1345	0	39920	
1346	0	42960	
1347	0	45224	
1348	0	46052	
1349	0	46088	
1350	0	45724	
1351	0	45548	
1352	0	45152	
1353	0	43608	
1354	0	41184	
1355	0	37280	
1356	0	33660	
1357	0	31296	
1358	0	30604	
1359	0	31596	
1360	0	33676	
1361	0	36216	
1362	0	38916	
1363	0	40224	
1364	0	39780	
1365	0	38392	
1366	0	37388	
1367	0	36804	
1368	0	36968	
1369	0	37520	
1370	0	38136	
1371	0	38752	
1372	0	39328	
1373	0	39532	
1374	0	40012	
1375	0	41324	
1376	0	42908	
1377	0	44372	
1378	0	45344	
1379	0	46064	
1380	0	46772	
1381	0	47328	
1382	0	47848	
1383	0	48992	
1384	0	50868	
1385	0	51920	
1386	0	51344	
1387	0	50032	
1388	0	48576	
1389	0	47776	
1390	0	47516	
1391	0	46764	
1392	0	45948	
1393	0	45336	
1394	0	45604	
1395	0	47520	
1396	0	49516	
1397	0	50288	
1398	0	49036	
1399	0	47056	
1400	0	45536	
1401	0	45096	
1402	0	44112	
1403	0	43832	
1404	0	47560	
1405	0	53576	
1406	0	56192	
1407	0	54944	
1408	0	52144	
1409	0	51080	
1410	0	51920	
1411	0	51316	
1412	0	49144	
1413	0	45328	
1414	0	40952	
1415	0	36776	
1416	0	32308	
1417	0	26428	
1418	0	18740	
1419	0	10368	
1420	0	4966	
1421	0	4096	
1422	0	6388	
1423	0	12184	
1424	0	20616	
1425	0	30604	
1426	0	41196	
1427	0	50804	
1428	0	58696	
1429	0	64460	
1430	0	65480	
1431	0	65464	
1432	0	65476	
1433	0	65472	
1434	0	65472	
1435	0	65472	
1436	0	65456	
1437	0	65472	
1438	0	65472	
1439	0	65476	
1440	0	65476	
1441	0	65472	
1442	0	65480	
1443	0	65492	
1444	0	65480	
1445	0	65480	
1446	0	65476	
1447	0	65472	
1448	0	65476	
1449	0	65476	
1450	0	65484	
1451	0	65480	
1452	0	65472	
1453	0	65456	
1454	0	65472	
1455	0	65476	
1456	0	65476	
1457	0	65472	
1458	0	65484	
1459	0	65488	
1460	0	65464	
1461	0	65480	
1462	0	65492	
1463	0	65480	
1464	0	65488	
1465	0	65472	
1466	0	65472	
1467	0	65468	
1468	0	65472	
1469	0	65476	
1470	0	65480	
1471	0	61736	
1472	0	60520	
1473	0	61168	
1474	0	63312	
1475	0	65472	
1476	0	65472	
1477	0	65472	
1478	0	65472	
1479	0	65480	
1480	0	65476	
1481	0	65472	
1482	0	65484	
1483	0	65472	
1484	0	65464	
1485	0	65480	
1486	0	65480	
1487	0	65476	
1488	0	65472	
1489	0	65472	
1490	0	65472	
1491	0	65472	
1492	0	65476	
1493	0	65472	
1494	0	60432	
1495	0	60232	
1496	0	61048	
1497	0	61344	
1498	0	60560	
1499	0	59400	
1500	0	59492	
1501	0	60932	
1502	0	62688	
1503	0	65324	
1504	0	65476	
1505	0	65480	
1506	0	65480	
1507	0	65464	
1508	0	65484	
1509	0	65484	
1510	0	65480	
1511	0	65472	
1512	0	65488	
1513	0	65468	
1514	0	65476	
1515	0	61384	
1516	0	59912	
1517	0	59192	
1518	0	57936	
1519	0	56396	
1520	0	55448	
1521	0	54756	
1522	0	54984	
1523	0	55496	
1524	0	56232	
1525	0	56640	
1526	0	56396	
1527	0	55016	
1528	0	53712	
1529	0	52624	
1530	0	51728	
1531	0	51540	
1532	0	51296	
1533	0	50732	
1534	0	50544	
1535	0	50048	
1536	0	48744	
1537	0	47568	
1538	0	46076	
1539	0	44272	
1540	0	42924	
1541	0	41728	
1542	0	40792	
1543	0	40708	
1544	0	40436	
1545	0	40840	
1546	0	42252	
1547	0	43668	
1548	0	43656	
1549	0	42312	
1550	0	40160	
1551	0	38152	
1552	0	37044	
1553	0	36892	
1554	0	37100	
1555	0	37060	
1556	0	36692	
1557	0	35310	
1558	0	33160	
1559	0	31104	
1560	0	29040	
1561	0	28048	
1562	0	28174	
1563	0	29054	
1564	0	30168	
1565	0	30560	
1566	0	30200	
1567	0	29640	
1568	0	28812	
1569	0	28420	
1570	0	28220	
1571	0	27502	
1572	0	26116	
1573	0	24248	
1574	0	22652	
1575	0	21706	
1576	0	20874	
1577	0	19880	
1578	0	18625	
1579	0	17080	
1580	0	16152	
1581	0	16164	
1582	0	16364	
1583	0	16288	
1584	0	16412	
1585	0	16892	
1586	0	17640	
1587	0	19052	
1588	0	19876	
1589	0	19128	
1590	0	17170	
1591	0	14856	
1592	0	12496	
1593	0	10854	
1594	0	10137	
1595	0	10204	
1596	0	11082	
1597	0	11804	
1598	0	11182	
1599	0	9109	
1600	0	6048	
1601	0	3072	
1602	0	828	
1603	0	61	
1604	0	60	
1605	0	59	
1606	0	60	
1607	0	3291	
1608	0	4992	
1609	0	5318	
1610	0	4801	
1611	0	3402	
1612	0	2377	
1613	0	3372	
1614	0	5851	
1615	0	8642	
1616	0	10016	
1617	0	9109	
1618	0	7322	
1619	0	5394	
1620	0	4313	
1621	0	4012	
1622	0	4215	
1623	0	4723	
1624	0	5720	
1625	0	6559	
1626	0	6944	
1627	0	6932	
1628	0	6410	
1629	0	6392	
1630	0	6468	
1631	0	7047	
1632	0	7794	
1633	0	8058	
1634	0	8370	
1635	0	8964	
1636	0	9732	
1637	0	10604	
1638	0	11266	
1639	0	10974	
1640	0	10664	
1641	0	10077	
1642	0	9289	
1643	0	8012	
1644	0	6875	
1645	0	6020	
1646	0	5392	
1647	0	5334	
1648	0	5984	
1649	0	6780	
1650	0	7110	
1651	0	6736	
1652	0	6163	
1653	0	5220	
1654	0	4221	
1655	0	3030	
1656	0	2310	
1657	0	2856	
1658	0	4170	
1659	0	5572	
1660	0	5972	
1661	0	5384	
1662	0	4096	
1663	0	2819	
1664	0	2204	
1665	0	1407	
1666	0	996	
1667	0	1208	
1668	0	1506	
1669	0	1625	
1670	0	2441	
1671	0	3316	
1672	0	4236	
1673	0	5302	
1674	0	6268	
1675	0	6818	
1676	0	7064	
1677	0	7112	
1678	0	7364	
1679	0	8246	
1680	0	9378	
1681	0	10561	
1682	0	11082	
1683	0	10822	
1684	0	9448	
1685	0	7493	
1686	0	5644	
1687	0	4500	
1688	0	4274	
1689	0	5402	
1690	0	8496	
1691	0	12144	
1692	0	14268	
1693	0	15104	
1694	0	15012	
1695	0	14320	
1696	0	14164	
1697	0	14980	
1698	0	16044	
1699	0	16524	
1700	0	17004	
1701	0	16564	
1702	0	14828	
1703	0	12046	
1704	0	9360	
1705	0	7758	
1706	0	6673	
1707	0	7082	
1708	0	8353	
1709	0	9320	
1710	0	10252	
1711	0	11720	
1712	0	12748	
1713	0	12590	
1714	0	11552	
1715	0	10241	
1716	0	9800	
1717	0	9848	
1718	0	9949	
1719	0	10179	
1720	0	9472	
1721	0	8350	
1722	0	7206	
1723	0	6634	
1724	0	6838	
1725	0	8382	
1726	0	10712	
1727	0	13132	
1728	0	14821	
1729	0	15348	
1730	0	15204	
1731	0	15184	
1732	0	15496	
1733	0	16084	
1734	0	16602	
1735	0	16897	
1736	0	16736	
1737	0	16392	
1738	0	16660	
1739	0	17316	
1740	0	17920	
1741	0	18696	
1742	0	19056	
1743	0	18848	
1744	0	17788	
1745	0	16324	
1746	0	15272	
1747	0	14556	
1748	0	14162	
1749	0	14238	
1750	0	14340	
1751	0	14786	
1752	0	15048	
1753	0	14636	
1754	0	14556	
1755	0	14824	
1756	0	14832	
1757	0	14172	
1758	0	13760	
1759	0	13688	
1760	0	14264	
1761	0	15516	
1762	0	16865	
1763	0	18354	
1764	0	19452	
1765	0	20188	
1766	0	20340	
1767	0	20444	
1768	0	20592	
1769	0	20992	
1770	0	20856	
1771	0	20552	
1772	0	20012	
1773	0	18564	
1774	0	16980	
1775	0	15860	
1776	0	15452	
1777	0	15992	
1778	0	16776	
1779	0	17648	
1780	0	19280	
1781	0	21240	
1782	0	23118	
1783	0	24920	
1784	0	26288	
1785	0	27184	
1786	0	27012	
1787	0	26524	
1788	0	25552	
1789	0	24552	
1790	0	22920	
1791	0	21416	
1792	0	20824	
1793	0	20820	
1794	0	21124	
1795	0	20904	
1796	0	20088	
1797	0	18856	
1798	0	17816	
1799	0	17244	
1800	0	18100	
1801	0	20128	
1802	0	22420	
1803	0	24748	
1804	0	25812	
1805	0	26264	
1806	0	25740	
1807	0	24400	
1808	0	22392	
1809	0	20996	
1810	0	19968	
1811	0	18720	
1812	0	18406	
1813	0	18916	
1814	0	19688	
1815	0	20208	
1816	0	20588	
1817	0	20868	
1818	0	21488	
1819	0	22712	
1820	0	24248	
1821	0	26072	
1822	0	27836	
1823	0	28794	
1824	0	28848	
1825	0	27472	
1826	0	24768	
1827	0	22124	
1828	0	20244	
1829	0	18864	
1830	0	19056	
1831	0	19584	
1832	0	19684	
1833	0	19328	
1834	0	18796	
1835	0	17584	
1836	0	17004	
1837	0	17824	
1838	0	18924	
1839	0	20112	
1840	0	21488	
1841	0	23144	
1842	0	25106	
1843	0	27476	
1844	0	28894	
1845	0	29688	
1846	0	29596	
1847	0	28916	
1848	0	28712	
1849	0	28300	
1850	0	27904	
1851	0	28008	
1852	0	28500	
1853	0	29100	
1854	0	30252	
1855	0	31480	
1856	0	31776	
1857	0	31320	
1858	0	30208	
1859	0	28832	
1860	0	27738	
1861	0	27580	
1862	0	28304	
1863	0	29616	
1864	0	30160	
1865	0	29496	
1866	0	28032	
1867	0	26444	
1868	0	24896	
1869	0	24208	
1870	0	24724	
1871	0	26148	
1872	0	27964	
1873	0	30196	
1874	0	31692	
1875	0	32396	
1876	0	32896	
1877	0	33248	
1878	0	32785	
1879	0	32176	
1880	0	31540	
1881	0	31168	
1882	0	31592	
1883	0	32208	
1884	0	31444	
1885	0	29836	
1886	0	27892	
1887	0	27236	
1888	0	27976	
1889	0	29532	
1890	0	30580	
1891	0	30576	
1892	0	29944	
1893	0	28888	
1894	0	28482	
1895	0	28036	
1896	0	28160	
1897	0	28332	
1898	0	27932	
1899	0	28224	
1900	0	28760	
1901	0	30004	
1902	0	31896	
1903	0	34024	
1904	0	35712	
1905	0	35824	
1906	0	34920	
1907	0	34492	
1908	0	34492	
1909	0	34076	
1910	0	33080	
1911	0	31408	
1912	0	29744	
1913	0	28596	
1914	0	27900	
1915	0	27442	
1916	0	27968	
1917	0	29468	
1918	0	30748	
1919	0	30800	
1920	0	29728	
1921	0	28760	
1922	0	28324	
1923	0	28538	
1924	0	29568	
1925	0	31864	
1926	0	34276	
1927	0	36512	
1928	0	38004	
1929	0	38284	
1930	0	36876	
1931	0	34776	
1932	0	33708	
1933	0	34160	
1934	0	35720	
1935	0	37460	
1936	0	39532	
1937	0	41456	
1938	0	41952	
1939	0	40792	
1940	0	39364	
1941	0	37696	
1942	0	35460	
1943	0	34070	
1944	0	33076	
1945	0	32536	
1946	0	32904	
1947	0	34312	
1948	0	36204	
1949	0	37812	
1950	0	38440	
1951	0	37820	
1952	0	35976	
1953	0	33836	
1954	0	31296	
1955	0	29154	
1956	0	27152	
1957	0	25624	
1958	0	24248	
1959	0	23620	
1960	0	23620	
1961	0	23790	
1962	0	24368	
1963	0	25012	
1964	0	25760	
1965	0	26088	
1966	0	26168	
1967	0	26402	
1968	0	26952	
1969	0	27972	
1970	0	28792	
1971	0	28916	
1972	0	28536	
1973	0	28156	
1974	0	27128	
1975	0	25604	
1976	0	22700	
1977	0	18756	
1978	0	15436	
1979	0	13516	
1980	0	13908	
1981	0	16686	
1982	0	19776	
1983	0	22460	
1984	0	24756	
1985	0	26612	
1986	0	28036	
1987	0	28612	
1988	0	28444	
1989	0	28176	
1990	0	27396	
1991	0	26456	
1992	0	25852	
1993	0	25944	
1994	0	25276	
1995	0	24544	
1996	0	24084	
1997	0	23268	
1998	0	21988	
1999	0	20240	
2000	0	18468	
2001	0	17590	
2002	0	17824	
2003	0	18836	
2004	0	21358	
2005	0	24320	
2006	0	26236	
2007	0	27264	
2008	0	27528	
2009	0	27224	
2010	0	27232	
2011	0	27636	
2012	0	28252	
2013	0	28076	
2014	0	27448	
2015	0	27100	
2016	0	27300	
2017	0	27600	
2018	0	27832	
2019	0	27516	
2020	0	26656	
2021	0	26240	
2022	0	26224	
2023	0	25872	
2024	0	25152	
2025	0	24714	
2026	0	24464	
2027	0	25348	
2028	0	26708	
2029	0	27924	
2030	0	28420	
2031	0	28420	
2032	0	28168	
2033	0	27896	
2034	0	27524	
2035	0	27017	
2036	0	26500	
2037	0	25792	
2038	0	24136	
2039	0	22208	
2040	0	21538	
2041	0	22664	
2042	0	24968	
2043	0	28244	
2044	0	31596	
2045	0	34688	
2046	0	36872	
2047	0	38204	
2048	0	38164	
2049	0	36592	
2050	0	34828	
2051	0	33020	
2052	0	31914	
2053	0	31140	
2054	0	30540	
2055	0	29144	
2056	0	27520	
2057	0	26388	
2058	0	25864	
2059	0	26616	
2060	0	27576	
2061	0	28692	
2062	0	29852	
2063	0	30500	
2064	0	30908	
2065	0	31472	
2066	0	31452	
2067	0	31116	
2068	0	30500	
2069	0	29576	
2070	0	28770	
2071	0	27648	
2072	0	26264	
2073	0	25536	
2074	0	25952	
2075	0	26760	
2076	0	26868	
2077	0	25816	
2078	0	24624	
2079	0	23248	
2080	0	23256	
2081	0	24292	
2082	0	25496	
2083	0	26504	
2084	0	27664	
2085	0	28640	
2086	0	29112	
2087	0	29152	
2088	0	28696	
2089	0	27128	
2090	0	24848	
2091	0	22584	
2092	0	21028	
2093	0	20592	
2094	0	20588	
2095	0	20628	
2096	0	21552	
2097	0	23562	
2098	0	25972	
2099	0	28568	
2100	0	30516	
2101	0	31300	
2102	0	31644	
2103	0	31290	
2104	0	30836	
2105	0	31004	
2106	0	31864	
2107	0	33058	
2108	0	34162	
2109	0	34112	
2110	0	32940	
2111	0	30976	
2112	0	28908	
2113	0	27592	
2114	0	26696	
2115	0	26032	
2116	0	26018	
2117	0	26528	
2118	0	27164	
2119	0	28056	
2120	0	28616	
2121	0	28824	
2122	0	28716	
2123	0	28792	
2124	0	28456	
2125	0	28432	
2126	0	29572	
2127	0	30652	
2128	0	31180	
2129	0	31824	
2130	0	32496	
2131	0	32636	
2132	0	32132	
2133	0	30952	
2134	0	29824	
2135	0	28380	
2136	0	27564	
2137	0	27612	
2138	0	28956	
2139	0	30796	
2140	0	32464	
2141	0	33520	
2142	0	33908	
2143	0	34304	
2144	0	35084	
2145	0	36104	
2146	0	36404	
2147	0	35724	
2148	0	34756	
2149	0	33824	
2150	0	32948	
2151	0	32628	
2152	0	32800	
2153	0	34072	
2154	0	36124	
2155	0	38392	
2156	0	40700	
2157	0	42040	
2158	0	41616	
2159	0	40024	
2160	0	38288	
2161	0	36936	
2162	0	35900	
2163	0	35604	
2164	0	35740	
2165	0	35776	
2166	0	36020	
2167	0	35920	
2168	0	35760	
2169	0	35852	
2170	0	36008	
2171	0	36108	
2172	0	36852	
2173	0	37216	
2174	0	36740	
2175	0	35372	
2176	0	33420	
2177	0	31624	
2178	0	30868	
2179	0	31104	
2180	0	32392	
2181	0	33856	
2182	0	34888	
2183	0	35060	
2184	0	34628	
2185	0	33588	
2186	0	32336	
2187	0	31800	
2188	0	32352	
2189	0	33168	
2190	0	33340	
2191	0	33700	
2192	0	33872	
2193	0	33712	
2194	0	33368	
2195	0	32640	
2196	0	32532	
2197	0	32368	
2198	0	32352	
2199	0	31920	
2200	0	31712	
2201	0	31960	
2202	0	32800	
2203	0	33316	
2204	0	32624	
2205	0	31808	
2206	0	31840	
2207	0	32324	
2208	0	33064	
2209	0	33560	
2210	0	33544	
2211	0	32508	
2212	0	31280	
2213	0	29268	
2214	0	26628	
2215	0	23752	
2216	0	21028	
2217	0	19648	
2218	0	19644	
2219	0	20884	
2220	0	23128	
2221	0	26444	
2222	0	29728	
2223	0	32608	
2224	0	35772	
2225	0	38504	
2226	0	39936	
2227	0	39648	
2228	0	38348	
2229	0	36584	
2230	0	35032	
2231	0	34620	
2232	0	35064	
2233	0	36040	
2234	0	36976	
2235	0	37064	
2236	0	36572	
2237	0	35940	
2238	0	35168	
2239	0	34128	
2240	0	33308	
2241	0	33508	
2242	0	34456	
2243	0	35092	
2244	0	35296	
2245	0	35624	
2246	0	36744	
2247	0	37544	
2248	0	37228	
2249	0	35468	
2250	0	32732	
2251	0	30081	
2252	0	28266	
2253	0	27248	
2254	0	26512	
2255	0	25648	
2256	0	25698	
2257	0	26984	
2258	0	28744	
2259	0	30256	
2260	0	31634	
2261	0	32808	
2262	0	33656	
2263	0	34508	
2264	0	35620	
2265	0	37068	
2266	0	38172	
2267	0	38936	
2268	0	39620	
2269	0	40400	
2270	0	41060	
2271	0	41044	
2272	0	40180	
2273	0	38520	
2274	0	37088	
2275	0	36708	
2276	0	37324	
2277	0	38432	
2278	0	39200	
2279	0	38784	
2280	0	37012	
2281	0	35608	
2282	0	35472	
2283	0	35996	
2284	0	36884	
2285	0	37896	
2286	0	38080	
2287	0	37664	
2288	0	36812	
2289	0	35928	
2290	0	34812	
2291	0	33668	
2292	0	32680	
2293	0	31820	
2294	0	30748	
2295	0	29752	
2296	0	29072	
2297	0	30300	
2298	0	32432	
2299	0	34096	
2300	0	34704	
2301	0	34828	
2302	0	34672	
2303	0	34752	
2304	0	35306	
2305	0	36136	
2306	0	37152	
2307	0	38144	
2308	0	39092	
2309	0	39548	
2310	0	39832	
2311	0	40344	
2312	0	40460	
2313	0	39720	
2314	0	38652	
2315	0	36512	
2316	0	34048	
2317	0	31968	
2318	0	31216	
2319	0	31604	
2320	0	32724	
2321	0	34416	
2322	0	36264	
2323	0	38104	
2324	0	40088	
2325	0	41848	
2326	0	43464	
2327	0	44212	
2328	0	44636	
2329	0	43836	
2330	0	42464	
2331	0	40424	
2332	0	38760	
2333	0	37568	
2334	0	36792	
2335	0	36756	
2336	0	36912	
2337	0	36472	
2338	0	36008	
2339	0	35372	
2340	0	34776	
2341	0	34184	
2342	0	34024	
2343	0	34068	
2344	0	33972	
2345	0	34288	
2346	0	35560	
2347	0	36876	
2348	0	37712	
2349	0	38076	
2350	0	38220	
2351	0	38032	
2352	0	36900	
2353	0	35332	
2354	0	33684	
2355	0	32840	
2356	0	32968	
2357	0	33620	
2358	0	34128	
2359	0	34316	
2360	0	33826	
2361	0	32872	
2362	0	31932	
2363	0	31328	
2364	0	31220	
2365	0	31848	
2366	0	32776	
2367	0	33644	
2368	0	34360	
2369	0	34996	
2370	0	35368	
2371	0	35116	
2372	0	34924	
2373	0	35576	
2374	0	36964	
2375	0	38276	
2376	0	39476	
2377	0	39540	
2378	0	39024	
2379	0	38544	
2380	0	39276	
2381	0	40920	
2382	0	42000	
2383	0	42080	
2384	0	41884	
2385	0	41652	
2386	0	41168	
2387	0	39944	
2388	0	39080	
2389	0	39124	
2390	0	39704	
2391	0	40496	
2392	0	41436	
2393	0	42012	
2394	0	41400	
2395	0	40080	
2396	0	38832	
2397	0	37676	
2398	0	36400	
2399	0	35312	
2400	0	34180	
2401	0	32932	
2402	0	30845	
2403	0	28224	
2404	0	25632	
2405	0	24180	
2406	0	23716	
2407	0	24972	
2408	0	27888	
2409	0	30572	
2410	0	32536	
2411	0	34100	
2412	0	35588	
2413	0	36488	
2414	0	36508	
2415	0	36280	
2416	0	35908	
2417	0	36112	
2418	0	37224	
2419	0	38216	
2420	0	38476	
2421	0	38332	
2422	0	37968	
2423	0	37348	
2424	0	37080	
2425	0	37232	
2426	0	37628	
2427	0	37960	
2428	0	37804	
2429	0	37204	
2430	0	36764	
2431	0	35744	
2432	0	34684	
2433	0	32964	
2434	0	30992	
2435	0	29352	
2436	0	28328	
2437	0	27904	
2438	0	28616	
2439	0	29944	
2440	0	30268	
2441	0	29874	
2442	0	29468	
2443	0	28700	
2444	0	26604	
2445	0	24364	
2446	0	21960	
2447	0	20984	
2448	0	21168	
2449	0	22656	
2450	0	24432	
2451	0	25756	
2452	0	27052	
2453	0	28424	
2454	0	29632	
2455	0	30640	
2456	0	31792	
2457	0	33452	
2458	0	34652	
2459	0	35044	
2460	0	35328	
2461	0	35112	
2462	0	35320	
2463	0	36052	
2464	0	37272	
2465	0	38128	
2466	0	38836	
2467	0	39044	
2468	0	39400	
2469	0	39592	
2470	0	40024	
2471	0	40384	
2472	0	40684	
2473	0	40768	
2474	0	40160	
2475	0	39060	
2476	0	38160	
2477	0	37512	
2478	0	36904	
2479	0	36560	
2480	0	36224	
2481	0	36196	
2482	0	36260	
2483	0	36608	
2484	0	37364	
2485	0	38220	
2486	0	39616	
2487	0	40212	
2488	0	39584	
2489	0	38132	
2490	0	37188	
2491	0	36300	
2492	0	35520	
2493	0	34836	
2494	0	34648	
2495	0	35036	
2496	0	35120	
2497	0	35260	
2498	0	35384	
2499	0	35432	
2500	0	35940	
2501	0	36512	
2502	0	36764	
2503	0	36072	
2504	0	34960	
2505	0	34656	
2506	0	34744	
2507	0	35052	
2508	0	35384	
2509	0	35048	
2510	0	34128	
2511	0	33412	
2512	0	33300	
2513	0	33104	
2514	0	33272	
2515	0	33544	
2516	0	33464	
2517	0	33516	
2518	0	34248	
2519	0	35040	
2520	0	34934	
2521	0	33928	
2522	0	32720	
2523	0	31444	
2524	0	29920	
2525	0	29120	
2526	0	28928	
2527	0	29344	
2528	0	30458	
2529	0	31628	
2530	0	32368	
2531	0	33484	
2532	0	34328	
2533	0	34652	
2534	0	34644	
2535	0	34592	
2536	0	34040	
2537	0	33544	
2538	0	33440	
2539	0	33348	
2540	0	33480	
2541	0	33892	
2542	0	34080	
2543	0	34160	
2544	0	33928	
2545	0	33380	
2546	0	31662	
2547	0	27972	
2548	0	24208	
2549	0	21840	
2550	0	21448	
2551	0	24281	
2552	0	29096	
2553	0	33756	
2554	0	36424	
2555	0	38264	
2556	0	39588	
2557	0	41112	
2558	0	42144	
2559	0	42704	
2560	0	43064	
2561	0	42992	
2562	0	42824	
2563	0	42244	
2564	0	41288	
2565	0	40636	
2566	0	40164	
2567	0	39232	
2568	0	37408	
2569	0	34336	
2570	0	31048	
2571	0	28436	
2572	0	26920	
2573	0	25688	
2574	0	24732	
2575	0	24404	
2576	0	24484	
2577	0	24724	
2578	0	25076	
2579	0	25652	
2580	0	26044	
2581	0	26684	
2582	0	27428	
2583	0	28160	
2584	0	28484	
2585	0	29400	
2586	0	30440	
2587	0	32452	
2588	0	34272	
2589	0	35236	
2590	0	35444	
2591	0	35136	
2592	0	34320	
2593	0	33000	
2594	0	31100	
2595	0	28292	
2596	0	26280	
2597	0	25632	
2598	0	26336	
2599	0	27690	
2600	0	29284	
2601	0	31504	
2602	0	34096	
2603	0	36388	
2604	0	37228	
2605	0	37324	
2606	0	37280	
2607	0	36896	
2608	0	35848	
2609	0	34808	
2610	0	34096	
2611	0	33664	
2612	0	32840	
2613	0	32568	
2614	0	32616	
2615	0	32788	
2616	0	32884	
2617	0	33344	
2618	0	33952	
2619	0	34688	
2620	0	35384	
2621	0	35988	
2622	0	35272	
2623	0	33420	
2624	0	31732	
2625	0	31156	
2626	0	31572	
2627	0	32788	
2628	0	34640	
2629	0	36520	
2630	0	38356	
2631	0	39724	
2632	0	40472	
2633	0	40924	
2634	0	40852	
2635	0	39992	
2636	0	38180	
2637	0	35908	
2638	0	34260	
2639	0	33556	
2640	0	33377	
2641	0	33174	
2642	0	32832	
2643	0	32696	
2644	0	33420	
2645	0	34240	
2646	0	34740	
2647	0	34092	
2648	0	33108	
2649	0	32200	
2650	0	32020	
2651	0	32516	
2652	0	33142	
2653	0	33676	
2654	0	34352	
2655	0	35320	
2656	0	35352	
2657	0	34944	
2658	0	34624	
2659	0	33564	
2660	0	31932	
2661	0	30308	
2662	0	29896	
2663	0	30044	
2664	0	30212	
2665	0	30708	
2666	0	31450	
2667	0	32500	
2668	0	33624	
2669	0	35364	
2670	0	37312	
2671	0	38716	
2672	0	39172	
2673	0	38516	
2674	0	36600	
2675	0	34408	
2676	0	32426	
2677	0	31138	
2678	0	30612	
2679	0	30332	
2680	0	30092	
2681	0	30304	
2682	0	30208	
2683	0	29624	
2684	0	29372	
2685	0	29928	
2686	0	30520	
2687	0	31128	
2688	0	31236	
2689	0	30596	
2690	0	29104	
2691	0	28392	
2692	0	28396	
2693	0	29348	
2694	0	30576	
2695	0	31840	
2696	0	32960	
2697	0	33708	
2698	0	33700	
2699	0	32920	
2700	0	31972	
2701	0	31152	
2702	0	30872	
2703	0	31560	
2704	0	32784	
2705	0	33798	
2706	0	35008	
2707	0	35960	
2708	0	36408	
2709	0	36848	
2710	0	37760	
2711	0	38908	
2712	0	40164	
2713	0	41208	
2714	0	41600	
2715	0	40776	
2716	0	39064	
2717	0	37008	
2718	0	35016	
2719	0	33808	
2720	0	33676	
2721	0	33444	
2722	0	33660	
2723	0	34464	
2724	0	35316	
2725	0	36496	
2726	0	38244	
2727	0	40488	
2728	0	41360	
2729	0	40264	
2730	0	37384	
2731	0	34692	
2732	0	32588	
2733	0	33396	
2734	0	36036	
2735	0	39000	
2736	0	40924	
2737	0	39468	
2738	0	35800	
2739	0	32132	
2740	0	30828	
2741	0	33360	
2742	0	37084	
2743	0	40388	
2744	0	42024	
2745	0	42796	
2746	0	41860	
2747	0	39064	
2748	0	36384	
2749	0	34868	
2750	0	33304	
2751	0	33272	
2752	0	35564	
2753	0	40454	
2754	0	46932	
2755	0	51720	
2756	0	53944	
2757	0	53644	
2758	0	51388	
2759	0	49104	
2760	0	47720	
2761	0	45960	
2762	0	43876	
2763	0	42004	
2764	0	41708	
2765	0	42160	
2766	0	42852	
2767	0	44336	
2768	0	46408	
2769	0	50056	
2770	0	54192	
2771	0	57464	
2772	0	59720	
2773	0	60868	
2774	0	61320	
2775	0	61084	
2776	0	60008	
2777	0	58436	
2778	0	56168	
2779	0	54312	
2780	0	52000	
2781	0	49848	
2782	0	47408	
2783	0	44792	
2784	0	42856	
2785	0	41364	
2786	0	39120	
2787	0	36336	
2788	0	32968	
2789	0	30504	
2790	0	30880	
2791	0	34052	
2792	0	38488	
2793	0	42016	
2794	0	43252	
2795	0	41600	
2796	0	38480	
2797	0	35764	
2798	0	34508	
2799	0	34964	
2800	0	37036	
2801	0	39824	
2802	0	41896	
2803	0	42860	
2804	0	42728	
2805	0	42168	
2806	0	40472	
2807	0	37684	
2808	0	34388	
2809	0	31564	
2810	0	30104	
2811	0	29560	
2812	0	28584	
2813	0	27760	
2814	0	29008	
2815	0	31088	
2816	0	32084	
2817	0	30240	
2818	0	27112	
2819	0	23809	
2820	0	20920	
2821	0	19600	
2822	0	20500	
2823	0	23068	
2824	0	25872	
2825	0	28076	
2826	0	29928	
2827	0	31688	
2828	0	33052	
2829	0	34712	
2830	0	36104	
2831	0	37516	
2832	0	38216	
2833	0	37624	
2834	0	36848	
2835	0	36016	
2836	0	35824	
2837	0	35608	
2838	0	35344	
2839	0	35176	
2840	0	35276	
2841	0	35616	
2842	0	36064	
2843	0	36660	
2844	0	36272	
2845	0	35424	
2846	0	34312	
2847	0	33032	
2848	0	31468	
2849	0	30804	
2850	0	31296	
2851	0	31836	
2852	0	31952	
2853	0	31860	
2854	0	31032	
2855	0	29712	
2856	0	28640	
2857	0	28800	
2858	0	30196	
2859	0	31248	
2860	0	31860	
2861	0	31796	
2862	0	31532	
2863	0	30816	
2864	0	30184	
2865	0	29760	
2866	0	29388	
2867	0	28844	
2868	0	28576	
2869	0	28664	
2870	0	28824	
2871	0	29040	
2872	0	29420	
2873	0	29760	
2874	0	29812	
2875	0	30152	
2876	0	30180	
2877	0	29644	
2878	0	28616	
2879	0	28024	
2880	0	27960	
2881	0	27776	
2882	0	27816	
2883	0	27388	
2884	0	26996	
2885	0	27260	
2886	0	28504	
2887	0	29348	
2888	0	29696	
2889	0	29724	
2890	0	29388	
2891	0	29012	
2892	0	28860	
2893	0	28848	
2894	0	29204	
2895	0	30060	
2896	0	30572	
2897	0	30536	
2898	0	29420	
2899	0	27696	
2900	0	26572	
2901	0	26104	
2902	0	25412	
2903	0	25244	
2904	0	25634	
2905	0	25472	
2906	0	25232	
2907	0	24920	
2908	0	24932	
2909	0	25040	
2910	0	25740	
2911	0	26688	
2912	0	27500	
2913	0	28340	
2914	0	29444	
2915	0	30912	
2916	0	32244	
2917	0	33436	
2918	0	33408	
2919	0	32456	
2920	0	30964	
2921	0	29496	
2922	0	28296	
2923	0	27516	
2924	0	27282	
2925	0	26876	
2926	0	26880	
2927	0	27618	
2928	0	28508	
2929	0	28776	
2930	0	28628	
2931	0	27736	
2932	0	26796	
2933	0	26544	
2934	0	26452	
2935	0	26348	
2936	0	26192	
2937	0	26376	
2938	0	26648	
2939	0	26792	
2940	0	27172	
2941	0	27560	
2942	0	27912	
2943	0	28576	
2944	0	29524	
2945	0	31064	
2946	0	32464	
2947	0	32452	
2948	0	31640	
2949	0	30060	
2950	0	27456	
2951	0	23716	
2952	0	18832	
2953	0	14301	
2954	0	11406	
2955	0	10816	
2956	0	11576	
2957	0	13354	
2958	0	15500	
2959	0	17524	
2960	0	19354	
2961	0	20688	
2962	0	21284	
2963	0	21388	
2964	0	21364	
2965	0	21176	
2966	0	21636	
2967	0	22868	
2968	0	24656	
2969	0	27264	
2970	0	29388	
2971	0	30600	
2972	0	31044	
2973	0	30512	
2974	0	29092	
2975	0	26716	
2976	0	24172	
2977	0	22276	
2978	0	20856	
2979	0	20056	
2980	0	20400	
2981	0	20472	
2982	0	21404	
2983	0	23494	
2984	0	26096	
2985	0	28788	
2986	0	30932	
2987	0	32444	
2988	0	33004	
2989	0	33032	
2990	0	32904	
2991	0	32738	
2992	0	32524	
2993	0	32400	
2994	0	32128	
2995	0	31316	
2996	0	30200	
2997	0	29432	
2998	0	29448	
2999	0	29976	
3000	0	30780	
3001	0	31324	
3002	0	30916	
3003	0	29976	
3004	0	29044	
3005	0	27888	
3006	0	27322	
3007	0	27308	
3008	0	27768	
3009	0	28404	
3010	0	29156	
3011	0	30412	
3012	0	31332	
3013	0	31248	
3014	0	30852	
3015	0	29836	
3016	0	29360	
3017	0	29336	
3018	0	29372	
3019	0	28900	
3020	0	28396	
3021	0	27800	
3022	0	27840	
3023	0	28644	
3024	0	29736	
3025	0	31236	
3026	0	32812	
3027	0	34152	
3028	0	34644	
3029	0	34164	
3030	0	33540	
3031	0	33508	
3032	0	33368	
3033	0	33420	
3034	0	33600	
3035	0	33664	
3036	0	33792	
3037	0	33192	
3038	0	31900	
3039	0	29892	
3040	0	27912	
3041	0	26800	
3042	0	27288	
3043	0	29584	
3044	0	31828	
3045	0	33812	
3046	0	35904	
3047	0	38072	
3048	0	39448	
3049	0	40140	
3050	0	39852	
3051	0	38564	
3052	0	37712	
3053	0	37120	
3054	0	36168	
3055	0	35320	
3056	0	34724	
3057	0	34716	
3058	0	35968	
3059	0	37660	
3060	0	38820	
3061	0	39160	
3062	0	39136	
3063	0	38712	
3064	0	38280	
3065	0	37772	
3066	0	37004	
3067	0	36420	
3068	0	36184	
3069	0	36744	
3070	0	37480	
3071	0	38208	
3072	0	38136	
3073	0	37656	
3074	0	36736	
3075	0	36140	
3076	0	36056	
3077	0	36736	
3078	0	38328	
3079	0	39768	
3080	0	41272	
3081	0	42728	
3082	0	43640	
3083	0	43528	
3084	0	42452	
3085	0	40192	
3086	0	37668	
3087	0	35448	
3088	0	33624	
3089	0	32788	
3090	0	32040	
3091	0	29232	
3092	0	24684	
3093	0	20168	
3094	0	16324	
3095	0	14224	
3096	0	14468	
3097	0	17932	
3098	0	22904	
3099	0	27714	
3100	0	31576	
3101	0	34760	
3102	0	37680	
3103	0	40144	
3104	0	41928	
3105	0	44056	
3106	0	45656	
3107	0	46612	
3108	0	46992	
3109	0	46588	
3110	0	45108	
3111	0	43096	
3112	0	41152	
3113	0	39628	
3114	0	38200	
3115	0	36616	
3116	0	35260	
3117	0	34408	
3118	0	34108	
3119	0	34416	
3120	0	35296	
3121	0	36408	
3122	0	36824	
3123	0	36816	
3124	0	35740	
3125	0	34460	
3126	0	34004	
3127	0	33792	
3128	0	33048	
3129	0	30760	
3130	0	27516	
3131	0	25664	
3132	0	24668	
3133	0	24324	
3134	0	24210	
3135	0	23928	
3136	0	24844	
3137	0	26628	
3138	0	28592	
3139	0	29466	
3140	0	29532	
3141	0	28956	
3142	0	27836	
3143	0	26700	
3144	0	25756	
3145	0	24152	
3146	0	21976	
3147	0	20248	
3148	0	19360	
3149	0	19304	
3150	0	20640	
3151	0	22408	
3152	0	23100	
3153	0	23280	
3154	0	23450	
3155	0	22800	
3156	0	20388	
3157	0	13236	
3158	0	3467	
3159	0	60	
3160	0	59	
3161	0	60	
3162	0	61	
3163	0	60	
3164	0	60	
3165	0	60	
3166	0	14000	
3167	0	21732	
3168	0	28224	
3169	0	32444	
3170	0	35000	
3171	0	37272	
3172	0	38736	
3173	0	39948	
3174	0	41172	
3175	0	41716	
3176	0	41476	
3177	0	40984	
3178	0	39972	
3179	0	37380	
3180	0	33908	
3181	0	29644	
3182	0	26032	
3183	0	23992	
3184	0	23608	
3185	0	24532	
3186	0	26149	
3187	0	27232	
3188	0	27876	
3189	0	28384	
3190	0	28288	
3191	0	28944	
3192	0	30016	
3193	0	31010	
3194	0	31500	
3195	0	31756	
3196	0	31980	
3197	0	32368	
3198	0	33176	
3199	0	34356	
3200	0	35356	
3201	0	35960	
3202	0	36668	
3203	0	37600	
3204	0	39168	
3205	0	40932	
3206	0	41496	
3207	0	40896	
3208	0	39616	
3209	0	38468	
3210	0	38224	
3211	0	38576	
3212	0	38604	
3213	0	38416	
3214	0	38768	
3215	0	38728	
3216	0	37764	
3217	0	36716	
3218	0	35384	
3219	0	34148	
3220	0	33492	
3221	0	33616	
3222	0	33304	
3223	0	32284	
3224	0	30654	
3225	0	28380	
3226	0	25244	
3227	0	22428	
3228	0	20392	
3229	0	18966	
3230	0	18870	
3231	0	20116	
3232	0	22136	
3233	0	24328	
3234	0	26416	
3235	0	29280	
3236	0	32280	
3237	0	32938	
3238	0	32044	
3239	0	30968	
3240	0	30280	
3241	0	29692	
3242	0	30036	
3243	0	31736	
3244	0	33796	
3245	0	35672	
3246	0	36968	
3247	0	36932	
3248	0	35752	
3249	0	34432	
3250	0	32684	
3251	0	30588	
3252	0	29184	
3253	0	28556	
3254	0	27712	
3255	0	26504	
3256	0	25588	
3257	0	25530	
3258	0	26808	
3259	0	27924	
3260	0	28892	
3261	0	30460	
3262	0	32284	
3263	0	34020	
3264	0	35220	
3265	0	35904	
3266	0	36004	
3267	0	35592	
3268	0	34824	
3269	0	33928	
3270	0	33368	
3271	0	33168	
3272	0	33224	
3273	0	33168	
3274	0	32868	
3275	0	33232	
3276	0	33848	
3277	0	33556	
3278	0	32584	
3279	0	31512	
3280	0	30812	
3281	0	30300	
3282	0	29964	
3283	0	30024	
3284	0	30284	
3285	0	30452	
3286	0	29626	
3287	0	28876	
3288	0	28924	
3289	0	29060	
3290	0	29152	
3291	0	29440	
3292	0	29872	
3293	0	30536	
3294	0	31144	
3295	0	31748	
3296	0	31708	
3297	0	31116	
3298	0	31072	
3299	0	31392	
3300	0	31468	
3301	0	31124	
3302	0	31056	
3303	0	31480	
3304	0	32024	
3305	0	32148	
3306	0	31928	
3307	0	31296	
3308	0	30884	
3309	0	31248	
3310	0	31776	
3311	0	32240	
3312	0	32748	
3313	0	32524	
3314	0	32040	
3315	0	31712	
3316	0	30796	
3317	0	29124	
3318	0	26788	
3319	0	24772	
3320	0	24160	
3321	0	23944	
3322	0	24830	
3323	0	27212	
3324	0	29864	
3325	0	32748	
3326	0	33992	
3327	0	34376	
3328	0	33544	
3329	0	32064	
3330	0	30164	
3331	0	28868	
3332	0	28860	
3333	0	29496	
3334	0	30108	
3335	0	30304	
3336	0	31476	
3337	0	32682	
3338	0	33840	
3339	0	35296	
3340	0	37080	
3341	0	38876	
3342	0	39856	
3343	0	40028	
3344	0	39728	
3345	0	39336	
3346	0	39244	
3347	0	38996	
3348	0	37396	
3349	0	35856	
3350	0	34584	
3351	0	33780	
3352	0	33564	
3353	0	34128	
3354	0	34864	
3355	0	34696	
3356	0	34944	
3357	0	35696	
3358	0	36664	
3359	0	37112	
3360	0	36852	
3361	0	36604	
3362	0	35952	
3363	0	34884	
3364	0	33176	
3365	0	31224	
3366	0	30952	
3367	0	31496	
3368	0	32396	
3369	0	32444	
3370	0	31788	
3371	0	31028	
3372	0	30932	
3373	0	31000	
3374	0	31217	
3375	0	31336	
3376	0	32792	
3377	0	34884	
3378	0	35288	
3379	0	34624	
3380	0	34348	
3381	0	33888	
3382	0	33728	
3383	0	34272	
3384	0	35036	
3385	0	35264	
3386	0	35608	
3387	0	35244	
3388	0	33812	
3389	0	32856	
3390	0	31628	
3391	0	30448	
3392	0	29356	
3393	0	28764	
3394	0	28976	
3395	0	30232	
3396	0	30836	
3397	0	30552	
3398	0	30064	
3399	0	29696	
3400	0	30508	
3401	0	31772	
3402	0	33228	
3403	0	33456	
3404	0	31784	
3405	0	29536	
3406	0	27552	
3407	0	26344	
3408	0	26448	
3409	0	27232	
3410	0	28616	
3411	0	29384	
3412	0	29972	
3413	0	32200	
3414	0	33824	
3415	0	34280	
3416	0	33856	
3417	0	32576	
3418	0	31692	
3419	0	30760	
3420	0	29320	
3421	0	27852	
3422	0	26832	
3423	0	25968	
3424	0	26080	
3425	0	26760	
3426	0	28064	
3427	0	29280	
3428	0	29632	
3429	0	30312	
3430	0	31560	
3431	0	32816	
3432	0	33596	
3433	0	33520	
3434	0	33082	
3435	0	33392	
3436	0	33504	
3437	0	33980	
3438	0	34180	
3439	0	33124	
3440	0	31416	
3441	0	29952	
3442	0	29196	
3443	0	28320	
3444	0	28052	
3445	0	28580	
3446	0	28704	
3447	0	29020	
3448	0	29484	
3449	0	30812	
3450	0	32768	
3451	0	34784	
3452	0	35328	
3453	0	34336	
3454	0	33632	
3455	0	33424	
3456	0	33688	
3457	0	34128	
3458	0	33948	
3459	0	32248	
3460	0	30208	
3461	0	28924	
3462	0	28712	
3463	0	28460	
3464	0	28192	
3465	0	26896	
3466	0	26220	
3467	0	26780	
3468	0	27444	
3469	0	28284	
3470	0	28888	
3471	0	28824	
3472	0	27856	
3473	0	26064	
3474	0	25568	
3475	0	26268	
3476	0	26816	
3477	0	27312	
3478	0	28676	
3479	0	28992	
3480	0	29428	
3481	0	30388	
3482	0	31360	
3483	0	31096	
3484	0	31236	
3485	0	31436	
3486	0	31252	
3487	0	30600	
3488	0	30818	
3489	0	31600	
3490	0	32036	
3491	0	31732	
3492	0	32736	
3493	0	33812	
3494	0	34340	
3495	0	33248	
3496	0	31320	
3497	0	30684	
3498	0	32316	
3499	0	35296	
3500	0	38324	
3501	0	40184	
3502	0	41416	
3503	0	42980	
3504	0	45032	
3505	0	45640	
3506	0	44096	
3507	0	42060	
3508	0	39040	
3509	0	36460	
3510	0	34572	
3511	0	32768	
3512	0	31300	
3513	0	29592	
3514	0	28836	
3515	0	29660	
3516	0	32080	
3517	0	34332	
3518	0	35644	
3519	0	36404	
3520	0	36984	
3521	0	36876	
3522	0	37000	
3523	0	39696	
3524	0	42016	
3525	0	43200	
3526	0	43544	
3527	0	44260	
3528	0	45244	
3529	0	46320	
3530	0	46928	
3531	0	46228	
3532	0	44408	
3533	0	43300	
3534	0	42696	
3535	0	41984	
3536	0	41828	
3537	0	41360	
3538	0	40568	
3539	0	39304	
3540	0	38040	
3541	0	37268	
3542	0	37352	
3543	0	38940	
3544	0	41064	
3545	0	42216	
3546	0	42404	
3547	0	42708	
3548	0	43554	
3549	0	43576	
3550	0	42748	
3551	0	41952	
3552	0	41104	
3553	0	40280	
3554	0	40784	
3555	0	42232	
3556	0	44176	
3557	0	44472	
3558	0	43620	
3559	0	43196	
3560	0	41860	
3561	0	39660	
3562	0	38936	
3563	0	39736	
3564	0	40756	
3565	0	41168	
3566	0	42384	
3567	0	43712	
3568	0	43044	
3569	0	41932	
3570	0	43504	
3571	0	43040	
3572	0	41408	
3573	0	41120	
3574	0	41676	
3575	0	41432	
3576	0	39664	
3577	0	38544	
3578	0	38168	
3579	0	38304	
3580	0	38484	
3581	0	38332	
3582	0	36512	
3583	0	35740	
3584	0	36592	
3585	0	37808	
3586	0	39200	
3587	0	41392	
3588	0	42380	
3589	0	42096	
3590	0	42492	
3591	0	42796	
3592	0	41876	
3593	0	39916	
3594	0	39096	
3595	0	38780	
3596	0	38216	
3597	0	38224	
3598	0	38220	
3599	0	38704	
3600	0	38284	
3601	0	35496	
3602	0	34552	
3603	0	35572	
3604	0	37296	
3605	0	38536	
3606	0	38872	
3607	0	37464	
3608	0	35580	
3609	0	36876	
3610	0	41264	
3611	0	44508	
3612	0	44948	
3613	0	42664	
3614	0	39696	
3615	0	39296	
3616	0	40008	
3617	0	39092	
3618	0	38548	
3619	0	37908	
3620	0	36120	
3621	0	34324	
3622	0	33460	
3623	0	32544	
3624	0	31608	
3625	0	31936	
3626	0	32704	
3627	0	34896	
3628	0	36748	
3629	0	38048	
3630	0	39284	
3631	0	38780	
3632	0	38048	
3633	0	37748	
3634	0	37304	
3635	0	37040	
3636	0	36728	
3637	0	35404	
3638	0	32784	
3639	0	29688	
3640	0	27848	
3641	0	29540	
3642	0	31720	
3643	0	33068	
3644	0	33968	
3645	0	35000	
3646	0	36072	
3647	0	37568	
3648	0	38908	
3649	0	38396	
3650	0	36872	
3651	0	35120	
3652	0	34768	
3653	0	36468	
3654	0	37836	
3655	0	37748	
3656	0	36472	
3657	0	34880	
3658	0	35172	
3659	0	35520	
3660	0	35392	
3661	0	37864	
3662	0	42832	
3663	0	45300	
3664	0	43764	
3665	0	41520	
3666	0	40920	
3667	0	40532	
3668	0	39448	
3669	0	38254	
3670	0	37864	
3671	0	38004	
3672	0	38888	
3673	0	38444	
3674	0	36712	
3675	0	36484	
3676	0	36808	
3677	0	36536	
3678	0	35700	
3679	0	33368	
3680	0	31612	
3681	0	32292	
3682	0	33776	
3683	0	32992	
3684	0	32240	
3685	0	29752	
3686	0	26496	
3687	0	25612	
3688	0	27616	
3689	0	28896	
3690	0	29448	
3691	0	30368	
3692	0	31068	
3693	0	31636	
3694	0	32552	
3695	0	32324	
3696	0	31032	
3697	0	29772	
3698	0	30232	
3699	0	30850	
3700	0	31108	
3701	0	31236	
3702	0	29808	
3703	0	29038	
3704	0	30768	
3705	0	32524	
3706	0	32924	
3707	0	32996	
3708	0	33300	
3709	0	33500	
3710	0	33846	
3711	0	33248	
3712	0	31770	
3713	0	30644	
3714	0	29008	
3715	0	28680	
3716	0	29690	
3717	0	29016	
3718	0	28072	
3719	0	27904	
3720	0	28680	
3721	0	29612	
3722	0	29404	
3723	0	28620	
3724	0	27416	
3725	0	26380	
3726	0	26400	
3727	0	28268	
3728	0	30748	
3729	0	32932	
3730	0	33864	
3731	0	33142	
3732	0	33844	
3733	0	34192	
3734	0	34884	
3735	0	35076	
3736	0	33668	
3737	0	31800	
3738	0	30300	
3739	0	29468	
3740	0	31208	
3741	0	34540	
3742	0	34752	
3743	0	34232	
3744	0	34108	
3745	0	33516	
3746	0	32480	
3747	0	31344	
3748	0	31216	
3749	0	30988	
3750	0	30460	
3751	0	31040	
3752	0	32200	
3753	0	34040	
3754	0	35924	
3755	0	35608	
3756	0	33744	
3757	0	30780	
3758	0	30088	
3759	0	32104	
3760	0	33108	
3761	0	32224	
3762	0	30200	
3763	0	28828	
3764	0	28460	
3765	0	29060	
3766	0	29912	
3767	0	30924	
3768	0	31824	
3769	0	32696	
3770	0	33236	
3771	0	33392	
3772	0	33404	
3773	0	33580	
3774	0	33632	
3775	0	33220	
3776	0	32664	
3777	0	32780	
3778	0	32052	
3779	0	30748	
3780	0	29560	
3781	0	29704	
3782	0	30032	
3783	0	28348	
3784	0	27576	
3785	0	28192	
3786	0	28460	
3787	0	28820	
3788	0	29904	
3789	0	30728	
3790	0	30856	
3791	0	30508	
3792	0	30928	
3793	0	31972	
3794	0	33252	
3795	0	33488	
3796	0	32380	
3797	0	32472	
3798	0	32472	
3799	0	31780	
3800	0	30616	
3801	0	30528	
3802	0	30244	
3803	0	30040	
3804	0	30180	
3805	0	30976	
3806	0	31820	
3807	0	32232	
3808	0	34482	
3809	0	36308	
3810	0	36892	
3811	0	36412	
3812	0	35568	
3813	0	34372	
3814	0	33016	
3815	0	32456	
3816	0	33480	
3817	0	34576	
3818	0	34472	
3819	0	32556	
3820	0	30556	
3821	0	29192	
3822	0	28872	
3823	0	30124	
3824	0	31496	
3825	0	31380	
3826	0	30672	
3827	0	30476	
3828	0	30740	
3829	0	30568	
3830	0	30088	
3831	0	30072	
3832	0	30868	
3833	0	32628	
3834	0	34468	
3835	0	35720	
3836	0	36048	
3837	0	34860	
3838	0	35796	
3839	0	36936	
3840	0	33948	
3841	0	30084	
3842	0	27064	
3843	0	25160	
3844	0	24564	
3845	0	25084	
3846	0	25592	
3847	0	25786	
3848	0	25726	
3849	0	26209	
3850	0	26700	
3851	0	27734	
3852	0	29336	
3853	0	30664	
3854	0	31400	
3855	0	31272	
3856	0	30672	
3857	0	30416	
3858	0	30044	
3859	0	29484	
3860	0	29316	
3861	0	29680	
3862	0	29560	
3863	0	30430	
3864	0	32116	
3865	0	32696	
3866	0	32416	
3867	0	31789	
3868	0	31128	
3869	0	30112	
3870	0	30444	
3871	0	29904	
3872	0	28728	
3873	0	27136	
3874	0	26464	
3875	0	27664	
3876	0	28296	
3877	0	28320	
3878	0	28744	
3879	0	29028	
3880	0	29168	
3881	0	29258	
3882	0	28716	
3883	0	27576	
3884	0	26004	
3885	0	27280	
3886	0	29506	
3887	0	30724	
3888	0	31824	
3889	0	32044	
3890	0	31136	
3891	0	30344	
3892	0	29596	
3893	0	28392	
3894	0	27128	
3895	0	25432	
3896	0	23988	
3897	0	23524	
3898	0	23300	
3899	0	23792	
3900	0	24708	
3901	0	25528	
3902	0	25760	
3903	0	25908	
3904	0	26624	
3905	0	28432	
3906	0	30148	
3907	0	31392	
3908	0	32676	
3909	0	32968	
3910	0	33872	
3911	0	34552	
3912	0	35176	
3913	0	35792	
3914	0	36136	
3915	0	35828	
3916	0	35800	
3917	0	35756	
3918	0	35228	
3919	0	35036	
3920	0	36256	
3921	0	36244	
3922	0	35512	
3923	0	34700	
3924	0	33392	
3925	0	32592	
3926	0	32564	
3927	0	33768	
3928	0	35124	
3929	0	35680	
3930	0	35672	
3931	0	35476	
3932	0	35352	
3933	0	35452	
3934	0	35144	
3935	0	34328	
3936	0	33752	
3937	0	33756	
3938	0	35504	
3939	0	38216	
3940	0	38040	
3941	0	38548	
3942	0	39988	
3943	0	39084	
3944	0	37416	
3945	0	36160	
3946	0	36304	
3947	0	36796	
3948	0	36560	
3949	0	35684	
3950	0	34236	
3951	0	32048	
3952	0	30428	
3953	0	30000	
3954	0	29784	
3955	0	29040	
3956	0	28320	
3957	0	28476	
3958	0	29304	
3959	0	30656	
3960	0	31808	
3961	0	33276	
3962	0	33904	
3963	0	34476	
3964	0	35248	
3965	0	35816	
3966	0	36288	
3967	0	36284	
3968	0	36520	
3969	0	37976	
3970	0	38784	
3971	0	39540	
3972	0	40440	
3973	0	41192	
3974	0	41848	
3975	0	42824	
3976	0	43904	
3977	0	44276	
3978	0	43352	
3979	0	42184	
3980	0	41836	
3981	0	41192	
3982	0	39416	
3983	0	37712	
3984	0	36644	
3985	0	36040	
3986	0	35768	
3987	0	35268	
3988	0	34520	
3989	0	33864	
3990	0	33696	
3991	0	35220	
3992	0	36892	
3993	0	37536	
3994	0	37532	
3995	0	37128	
3996	0	35988	
3997	0	36320	
3998	0	37378	
3999	0	37264	
4000	0	35704	
4001	0	33188	
4002	0	32500	
4003	0	33408	
4004	0	34856	
4005	0	37360	
4006	0	39896	
4007	0	40032	
4008	0	38780	
4009	0	37488	
4010	0	36616	
4011	0	35624	
4012	0	34748	
4013	0	35484	
4014	0	36372	
4015	0	36552	
4016	0	36380	
4017	0	35724	
4018	0	35156	
4019	0	34280	
4020	0	33632	
4021	0	33780	
4022	0	33844	
4023	0	33212	
4024	0	32752	
4025	0	32868	
4026	0	33640	
4027	0	34692	
4028	0	35812	
4029	0	36820	
4030	0	37120	
4031	0	36412	
4032	0	35012	
4033	0	33920	
4034	0	33144	
4035	0	33528	
4036	0	33592	
4037	0	34328	
4038	0	36484	
4039	0	35788	
4040	0	34368	
4041	0	34316	
4042	0	35564	
4043	0	37252	
4044	0	37512	
4045	0	36012	
4046	0	34016	
4047	0	31760	
4048	0	29193	
4049	0	26624	
4050	0	26248	
4051	0	27752	
4052	0	28700	
4053	0	29220	
4054	0	30180	
4055	0	31944	
4056	0	34060	
4057	0	36272	
4058	0	37672	
4059	0	39196	
4060	0	40924	
4061	0	43632	
4062	0	46280	
4063	0	47900	
4064	0	48560	
4065	0	48008	
4066	0	45584	
4067	0	42352	
4068	0	37704	
4069	0	35940	
4070	0	36900	
4071	0	37836	
4072	0	38088	
4073	0	38100	
4074	0	37320	
4075	0	35576	
4076	0	34048	
4077	0	33376	
4078	0	33560	
4079	0	33910	
4080	0	34576	
4081	0	34732	
4082	0	33080	
4083	0	30444	
4084	0	28872	
4085	0	28696	
4086	0	29180	
4087	0	28672	
4088	0	28876	
4089	0	29868	
4090	0	30360	
4091	0	29720	
4092	0	27776	
4093	0	26352	
4094	0	25752	
4095	0	24456	
4096	0	22708	
4097	0	21120	
4098	0	20236	
4099	0	20074	
4100	0	20212	
4101	0	20198	
4102	0	20756	
4103	0	21428	
4104	0	21772	
4105	0	22212	
4106	0	22972	
4107	0	24124	
4108	0	24337	
4109	0	23552	
4110	0	22660	
4111	0	21408	
4112	0	21356	
4113	0	23464	
4114	0	25696	
4115	0	26752	
4116	0	28044	
4117	0	29440	
4118	0	30260	
4119	0	30156	
4120	0	29592	
4121	0	28824	
4122	0	28340	
4123	0	28213	
4124	0	28508	
4125	0	28916	
4126	0	28236	
4127	0	26300	
4128	0	24736	
4129	0	24264	
4130	0	24056	
4131	0	23460	
4132	0	23436	
4133	0	24334	
4134	0	25372	
4135	0	26904	
4136	0	28064	
4137	0	28280	
4138	0	27650	
4139	0	27624	
4140	0	27188	
4141	0	26226	
4142	0	26568	
4143	0	27252	
4144	0	27684	
4145	0	28240	
4146	0	28728	
4147	0	29256	
4148	0	28852	
4149	0	27308	
4150	0	26248	
4151	0	25960	
4152	0	26176	
4153	0	26092	
4154	0	25600	
4155	0	25436	
4156	0	25180	
4157	0	24664	
4158	0	23316	
4159	0	22564	
4160	0	23252	
4161	0	24408	
4162	0	25232	
4163	0	26688	
4164	0	29460	
4165	0	32404	
4166	0	34192	
4167	0	33820	
4168	0	32836	
4169	0	32844	
4170	0	33258	
4171	0	34120	
4172	0	35072	
4173	0	36568	
4174	0	38232	
4175	0	39024	
4176	0	38992	
4177	0	38888	
4178	0	38516	
4179	0	38308	
4180	0	37408	
4181	0	36272	
4182	0	35088	
4183	0	33880	
4184	0	32784	
4185	0	31772	
4186	0	30996	
4187	0	30688	
4188	0	30776	
4189	0	31448	
4190	0	32984	
4191	0	34544	
4192	0	35744	
4193	0	36664	
4194	0	37228	
4195	0	38828	
4196	0	41016	
4197	0	42356	
4198	0	42148	
4199	0	41592	
4200	0	40408	
4201	0	38720	
4202	0	36872	
4203	0	35524	
4204	0	33968	
4205	0	33288	
4206	0	33124	
4207	0	33824	
4208	0	34748	
4209	0	35404	
4210	0	34712	
4211	0	34700	
4212	0	34536	
4213	0	33492	
4214	0	32668	
4215	0	32618	
4216	0	32608	
4217	0	32744	
4218	0	33216	
4219	0	33640	
4220	0	33944	
4221	0	34784	
4222	0	35604	
4223	0	36096	
4224	0	35396	
4225	0	33824	
4226	0	31908	
4227	0	31168	
4228	0	31392	
4229	0	32144	
4230	0	34132	
4231	0	36480	
4232	0	38460	
4233	0	39700	
4234	0	40028	
4235	0	39512	
4236	0	40096	
4237	0	42036	
4238	0	42764	
4239	0	42580	
4240	0	42388	
4241	0	41596	
4242	0	40328	
4243	0	39056	
4244	0	38420	
4245	0	38496	
4246	0	38500	
4247	0	37884	
4248	0	37456	
4249	0	37492	
4250	0	37620	
4251	0	38360	
4252	0	38984	
4253	0	39724	
4254	0	40172	
4255	0	40712	
4256	0	41044	
4257	0	40592	
4258	0	39632	
4259	0	38616	
4260	0	37204	
4261	0	36056	
4262	0	35568	
4263	0	35688	
4264	0	36492	
4265	0	37264	
4266	0	37364	
4267	0	37894	
4268	0	38808	
4269	0	38560	
4270	0	37168	
4271	0	36282	
4272	0	36600	
4273	0	36780	
4274	0	36000	
4275	0	34888	
4276	0	34304	
4277	0	34312	
4278	0	34184	
4279	0	34160	
4280	0	34248	
4281	0	34424	
4282	0	34328	
4283	0	34088	
4284	0	34476	
4285	0	35292	
4286	0	35160	
4287	0	35256	
4288	0	36436	
4289	0	37984	
4290	0	39692	
4291	0	40368	
4292	0	40304	
4293	0	39936	
4294	0	39100	
4295	0	37492	
4296	0	35456	
4297	0	33496	
4298	0	31884	
4299	0	29828	
4300	0	27728	
4301	0	26648	
4302	0	26588	
4303	0	27292	
4304	0	28572	
4305	0	30504	
4306	0	32468	
4307	0	33612	
4308	0	34664	
4309	0	36034	
4310	0	37544	
4311	0	39384	
4312	0	40900	
4313	0	41396	
4314	0	41088	
4315	0	40380	
4316	0	39708	
4317	0	39784	
4318	0	40196	
4319	0	40400	
4320	0	40428	
4321	0	40232	
4322	0	39872	
4323	0	39928	
4324	0	39772	
4325	0	39760	
4326	0	40340	
4327	0	40644	
4328	0	40020	
4329	0	39032	
4330	0	38584	
4331	0	38232	
4332	0	38104	
4333	0	37704	
4334	0	37452	
4335	0	37664	
4336	0	37260	
4337	0	36584	
4338	0	36008	
4339	0	35592	
4340	0	35312	
4341	0	34932	
4342	0	34216	
4343	0	33552	
4344	0	34252	
4345	0	35564	
4346	0	37344	
4347	0	37988	
4348	0	36632	
4349	0	33864	
4350	0	31112	
4351	0	29084	
4352	0	27864	
4353	0	28060	
4354	0	30480	
4355	0	33868	
4356	0	36664	
4357	0	38272	
4358	0	38792	
4359	0	38240	
4360	0	37736	
4361	0	36880	
4362	0	35708	
4363	0	35832	
4364	0	36908	
4365	0	37636	
4366	0	38128	
4367	0	38248	
4368	0	38236	
4369	0	38480	
4370	0	38728	
4371	0	38684	
4372	0	37848	
4373	0	36004	
4374	0	34832	
4375	0	34624	
4376	0	35160	
4377	0	35780	
4378	0	36656	
4379	0	37344	
4380	0	37132	
4381	0	36560	
4382	0	36268	
4383	0	36128	
4384	0	35756	
4385	0	35688	
4386	0	36204	
4387	0	35600	
4388	0	34192	
4389	0	33204	
4390	0	32568	
4391	0	31720	
4392	0	31508	
4393	0	31972	
4394	0	32764	
4395	0	33828	
4396	0	34048	
4397	0	33532	
4398	0	32504	
4399	0	31460	
4400	0	30390	
4401	0	30040	
4402	0	30960	
4403	0	32296	
4404	0	33572	
4405	0	34032	
4406	0	34240	
4407	0	34868	
4408	0	34784	
4409	0	34292	
4410	0	33542	
4411	0	33864	
4412	0	34784	
4413	0	35328	
4414	0	35596	
4415	0	35520	
4416	0	35232	
4417	0	35168	
4418	0	34500	
4419	0	31976	
4420	0	29176	
4421	0	27060	
4422	0	26336	
4423	0	26932	
4424	0	27188	
4425	0	27620	
4426	0	28200	
4427	0	29016	
4428	0	29680	
4429	0	30808	
4430	0	31424	
4431	0	31616	
4432	0	31764	
4433	0	31320	
4434	0	30272	
4435	0	29988	
4436	0	31080	
4437	0	31400	
4438	0	30680	
4439	0	30264	
4440	0	30656	
4441	0	30900	
4442	0	30972	
4443	0	31688	
4444	0	32888	
4445	0	34476	
4446	0	35456	
4447	0	36360	
4448	0	38520	
4449	0	38988	
4450	0	37620	
4451	0	36076	
4452	0	34968	
4453	0	33292	
4454	0	31248	
4455	0	29164	
4456	0	27972	
4457	0	28284	
4458	0	29232	
4459	0	30476	
4460	0	31844	
4461	0	32808	
4462	0	33416	
4463	0	32824	
4464	0	31792	
4465	0	30924	
4466	0	30820	
4467	0	31250	
4468	0	31768	
4469	0	31980	
4470	0	32156	
4471	0	32404	
4472	0	33184	
4473	0	34122	
4474	0	35448	
4475	0	36280	
4476	0	35756	
4477	0	34608	
4478	0	33524	
4479	0	32664	
4480	0	30836	
4481	0	28660	
4482	0	27764	
4483	0	27740	
4484	0	27924	
4485	0	28348	
4486	0	28468	
4487	0	29144	
4488	0	30472	
4489	0	32168	
4490	0	33848	
4491	0	34892	
4492	0	35768	
4493	0	35968	
4494	0	36320	
4495	0	35968	
4496	0	35252	
4497	0	34360	
4498	0	32948	
4499	0	32088	
4500	0	31092	
4501	0	29680	
4502	0	29160	
4503	0	29308	
4504	0	29488	
4505	0	28988	
4506	0	27784	
4507	0	26812	
4508	0	26476	
4509	0	26632	
4510	0	27636	
4511	0	29516	
4512	0	30864	
4513	0	31588	
4514	0	32316	
4515	0	33864	
4516	0	35736	
4517	0	36960	
4518	0	37472	
4519	0	36820	
4520	0	35432	
4521	0	34120	
4522	0	33012	
4523	0	32652	
4524	0	33052	
4525	0	33784	
4526	0	34892	
4527	0	35928	
4528	0	37152	
4529	0	38256	
4530	0	39368	
4531	0	40284	
4532	0	40292	
4533	0	40416	
4534	0	39288	
4535	0	37476	
4536	0	35640	
4537	0	33936	
4538	0	31964	
4539	0	30164	
4540	0	29076	
4541	0	29696	
4542	0	31556	
4543	0	33376	
4544	0	33912	
4545	0	33496	
4546	0	32896	
4547	0	31552	
4548	0	30348	
4549	0	30704	
4550	0	31176	
4551	0	31664	
4552	0	31584	
4553	0	30780	
4554	0	29722	
4555	0	28500	
4556	0	27560	
4557	0	26672	
4558	0	26176	
4559	0	25344	
4560	0	24928	
4561	0	26000	
4562	0	28068	
4563	0	30320	
4564	0	32132	
4565	0	33652	
4566	0	34604	
4567	0	36228	
4568	0	38340	
4569	0	39996	
4570	0	40800	
4571	0	41160	
4572	0	40880	
4573	0	39952	
4574	0	38540	
4575	0	37112	
4576	0	35788	
4577	0	34112	
4578	0	32336	
4579	0	31692	
4580	0	31420	
4581	0	31432	
4582	0	32962	
4583	0	34308	
4584	0	35528	
4585	0	35904	
4586	0	35288	
4587	0	34176	
4588	0	33812	
4589	0	33504	
4590	0	32568	
4591	0	31596	
4592	0	31332	
4593	0	31704	
4594	0	32336	
4595	0	32348	
4596	0	32540	
4597	0	33032	
4598	0	33648	
4599	0	34016	
4600	0	34080	
4601	0	34172	
4602	0	34060	
4603	0	34116	
4604	0	35144	
4605	0	36816	
4606	0	38232	
4607	0	39200	
4608	0	39972	
4609	0	40700	
4610	0	40948	
4611	0	40012	
4612	0	38240	
4613	0	37136	
4614	0	36404	
4615	0	35572	
4616	0	34464	
4617	0	33964	
4618	0	33852	
4619	0	34184	
4620	0	35028	
4621	0	36312	
4622	0	37676	
4623	0	38888	
4624	0	39472	
4625	0	39280	
4626	0	39164	
4627	0	38532	
4628	0	37184	
4629	0	36288	
4630	0	35632	
4631	0	35728	
4632	0	36554	
4633	0	37632	
4634	0	38840	
4635	0	39936	
4636	0	40944	
4637	0	41128	
4638	0	40484	
4639	0	38960	
4640	0	36640	
4641	0	34852	
4642	0	33508	
4643	0	32544	
4644	0	32400	
4645	0	33148	
4646	0	34988	
4647	0	36024	
4648	0	36736	
4649	0	37160	
4650	0	38196	
4651	0	38560	
4652	0	38136	
4653	0	37072	
4654	0	35488	
4655	0	33748	
4656	0	32476	
4657	0	31416	
4658	0	30380	
4659	0	29372	
4660	0	28768	
4661	0	28456	
4662	0	28300	
4663	0	27256	
4664	0	26380	
4665	0	26696	
4666	0	27624	
4667	0	28328	
4668	0	29052	
4669	0	30240	
4670	0	31448	
4671	0	31980	
4672	0	32708	
4673	0	33336	
4674	0	33600	
4675	0	34024	
4676	0	33636	
4677	0	33232	
4678	0	32488	
4679	0	31569	
4680	0	30536	
4681	0	30744	
4682	0	31816	
4683	0	33012	
4684	0	32852	
4685	0	32012	
4686	0	31344	
4687	0	30656	
4688	0	30392	
4689	0	30360	
4690	0	30784	
4691	0	30876	
4692	0	30856	
4693	0	31304	
4694	0	31832	
4695	0	31920	
4696	0	31896	
4697	0	31208	
4698	0	31004	
4699	0	31488	
4700	0	31441	
4701	0	31036	
4702	0	30956	
4703	0	31036	
4704	0	31720	
4705	0	32784	
4706	0	33400	
4707	0	33560	
4708	0	34600	
4709	0	35536	
4710	0	35104	
4711	0	34928	
4712	0	34324	
4713	0	33684	
4714	0	33116	
4715	0	32856	
4716	0	32772	
4717	0	32336	
4718	0	31804	
4719	0	31832	
4720	0	33000	
4721	0	35032	
4722	0	36140	
4723	0	36416	
4724	0	36960	
4725	0	36812	
4726	0	35644	
4727	0	33716	
4728	0	31520	
4729	0	29584	
4730	0	29516	
4731	0	29444	
4732	0	29160	
4733	0	28636	
4734	0	28320	
4735	0	27180	
4736	0	26370	
4737	0	26208	
4738	0	26648	
4739	0	27616	
4740	0	28042	
4741	0	29004	
4742	0	30104	
4743	0	30498	
4744	0	29608	
4745	0	28344	
4746	0	27176	
4747	0	26132	
4748	0	25584	
4749	0	25608	
4750	0	25532	
4751	0	25384	
4752	0	25016	
4753	0	25096	
4754	0	26176	
4755	0	28028	
4756	0	29248	
4757	0	30384	
4758	0	30484	
4759	0	29912	
4760	0	29072	
4761	0	28890	
4762	0	29316	
4763	0	29904	
4764	0	30560	
4765	0	31992	
4766	0	34124	
4767	0	35968	
4768	0	36620	
4769	0	36168	
4770	0	34696	
4771	0	32700	
4772	0	31192	
4773	0	30832	
4774	0	30744	
4775	0	31024	
4776	0	31692	
4777	0	31984	
4778	0	32332	
4779	0	33016	
4780	0	33260	
4781	0	32240	
4782	0	31092	
4783	0	30328	
4784	0	29976	
4785	0	29960	
4786	0	29932	
4787	0	29372	
4788	0	28532	
4789	0	28028	
4790	0	27916	
4791	0	28804	
4792	0	29800	
4793	0	30824	
4794	0	31472	
4795	0	31340	
4796	0	30384	
4797	0	29288	
4798	0	28032	
4799	0	27208	
4800	0	27740	
4801	0	29024	
4802	0	29277	
4803	0	28992	
4804	0	27924	
4805	0	26912	
4806	0	26340	
4807	0	26760	
4808	0	27304	
4809	0	28124	
4810	0	29472	
4811	0	31196	
4812	0	33376	
4813	0	34908	
4814	0	35388	
4815	0	35568	
4816	0	35640	
4817	0	35760	
4818	0	35928	
4819	0	35924	
4820	0	35512	
4821	0	35004	
4822	0	35252	
4823	0	35696	
4824	0	35720	
4825	0	34660	
4826	0	33044	
4827	0	32088	
4828	0	32244	
4829	0	32884	
4830	0	34052	
4831	0	35540	
4832	0	36424	
4833	0	36232	
4834	0	35972	
4835	0	34320	
4836	0	31504	
4837	0	28472	
4838	0	25910	
4839	0	24304	
4840	0	23724	
4841	0	24164	
4842	0	24124	
4843	0	23257	
4844	0	22704	
4845	0	22432	
4846	0	22752	
4847	0	24124	
4848	0	27240	
4849	0	31448	
4850	0	36352	
4851	0	40928	
4852	0	43520	
4853	0	44244	
4854	0	42616	
4855	0	39872	
4856	0	36444	
4857	0	33452	
4858	0	31608	
4859	0	31388	
4860	0	32096	
4861	0	32248	
4862	0	32524	
4863	0	32352	
4864	0	32056	
4865	0	32628	
4866	0	34016	
4867	0	35840	
4868	0	37644	
4869	0	38688	
4870	0	40176	
4871	0	42024	
4872	0	43248	
4873	0	43304	
4874	0	42592	
4875	0	40972	
4876	0	38540	
4877	0	36952	
4878	0	36268	
4879	0	35808	
4880	0	35148	
4881	0	35492	
4882	0	36832	
4883	0	37904	
4884	0	38336	
4885	0	39152	
4886	0	40312	
4887	0	41792	
4888	0	43060	
4889	0	43160	
4890	0	42732	
4891	0	42328	
4892	0	41668	
4893	0	40556	
4894	0	39356	
4895	0	38632	
4896	0	38352	
4897	0	38872	
4898	0	39064	
4899	0	38848	
4900	0	38348	
4901	0	38012	
4902	0	38368	
4903	0	39936	
4904	0	41616	
4905	0	43504	
4906	0	44800	
4907	0	46016	
4908	0	47352	
4909	0	47484	
4910	0	46416	
4911	0	45580	
4912	0	44792	
4913	0	43576	
4914	0	42656	
4915	0	42424	
4916	0	42296	
4917	0	41848	
4918	0	41260	
4919	0	40960	
4920	0	40336	
4921	0	39440	
4922	0	38176	
4923	0	37648	
4924	0	37616	
4925	0	38220	
4926	0	38456	
4927	0	38616	
4928	0	38200	
4929	0	37696	
4930	0	37044	
4931	0	36568	
4932	0	37020	
4933	0	38312	
4934	0	39256	
4935	0	39764	
4936	0	40008	
4937	0	40436	
4938	0	40052	
4939	0	39064	
4940	0	38776	
4941	0	38636	
4942	0	37856	
4943	0	37676	
4944	0	38424	
4945	0	39352	
4946	0	40240	
4947	0	41004	
4948	0	41992	
4949	0	41920	
4950	0	40276	
4951	0	38920	
4952	0	38136	
4953	0	37812	
4954	0	37764	
4955	0	37464	
4956	0	36944	
4957	0	36316	
4958	0	35912	
4959	0	35344	
4960	0	34712	
4961	0	33564	
4962	0	32368	
4963	0	32092	
4964	0	32268	
4965	0	32096	
4966	0	31744	
4967	0	31880	
4968	0	32584	
4969	0	33904	
4970	0	35012	
4971	0	35184	
4972	0	34732	
4973	0	34100	
4974	0	33324	
4975	0	32536	
4976	0	33232	
4977	0	35632	
4978	0	39132	
4979	0	42412	
4980	0	44400	
4981	0	45128	
4982	0	45012	
4983	0	44656	
4984	0	44648	
4985	0	44948	
4986	0	45340	
4987	0	45052	
4988	0	43968	
4989	0	43000	
4990	0	42344	
4991	0	41600	
4992	0	40244	
4993	0	38544	
4994	0	36992	
4995	0	36092	
4996	0	35664	
4997	0	35692	
4998	0	36244	
4999	0	36776	
5000	0	37656	
5001	0	38332	
5002	0	38360	
5003	0	37208	
5004	0	35652	
5005	0	34460	
5006	0	33744	
5007	0	33564	
5008	0	34432	
5009	0	35992	
5010	0	37824	
5011	0	39712	
5012	0	41200	
5013	0	41612	
5014	0	41024	
5015	0	39596	
5016	0	37440	
5017	0	35256	
5018	0	33504	
5019	0	32752	
5020	0	32568	
5021	0	32620	
5022	0	32824	
5023	0	33472	
5024	0	34760	
5025	0	36136	
5026	0	37560	
5027	0	38712	
5028	0	39064	
5029	0	38756	
5030	0	38012	
5031	0	37192	
5032	0	36300	
5033	0	35232	
5034	0	33796	
5035	0	32244	
5036	0	31232	
5037	0	30856	
5038	0	30548	
5039	0	29864	
5040	0	28816	
5041	0	28128	
5042	0	28300	
5043	0	29372	
5044	0	30648	
5045	0	31392	
5046	0	31712	
5047	0	31380	
5048	0	31240	
5049	0	31404	
5050	0	31804	
5051	0	32468	
5052	0	32240	
5053	0	31072	
5054	0	29800	
5055	0	28560	
5056	0	27556	
5057	0	27436	
5058	0	28276	
5059	0	29512	
5060	0	31120	
5061	0	32260	
5062	0	32756	
5063	0	33060	
5064	0	33928	
5065	0	33128	
5066	0	31732	
5067	0	30404	
5068	0	29808	
5069	0	29572	
5070	0	29754	
5071	0	29900	
5072	0	30332	
5073	0	31052	
5074	0	31402	
5075	0	31072	
5076	0	30996	
5077	0	30400	
5078	0	29348	
5079	0	28692	
5080	0	29736	
5081	0	32546	
5082	0	33952	
5083	0	32968	
5084	0	31884	
5085	0	31604	
5086	0	31452	
5087	0	30672	
5088	0	30392	
5089	0	30260	
5090	0	30292	
5091	0	30420	
5092	0	31128	
5093	0	31572	
5094	0	31216	
5095	0	30320	
5096	0	29580	
5097	0	29020	
5098	0	28594	
5099	0	28376	
5100	0	28908	
5101	0	28756	
5102	0	28920	
5103	0	29376	
5104	0	29988	
5105	0	30864	
5106	0	30752	
5107	0	30684	
5108	0	30650	
5109	0	30036	
5110	0	29120	
5111	0	28332	
5112	0	27968	
5113	0	29060	
5114	0	31304	
5115	0	32688	
5116	0	32144	
5117	0	29716	
5118	0	27196	
5119	0	25508	
5120	0	25416	
5121	0	26644	
5122	0	27788	
5123	0	28384	
5124	0	28408	
5125	0	28232	
5126	0	27984	
5127	0	28234	
5128	0	29000	
5129	0	30152	
5130	0	31556	
5131	0	32568	
5132	0	33032	
5133	0	33230	
5134	0	33708	
5135	0	34512	
5136	0	35200	
5137	0	35884	
5138	0	37120	
5139	0	37600	
5140	0	36856	
5141	0	35640	
5142	0	33300	
5143	0	31134	
5144	0	29288	
5145	0	27500	
5146	0	27556	
5147	0	27948	
5148	0	29048	
5149	0	30072	
5150	0	30876	
5151	0	30812	
5152	0	30492	
5153	0	30016	
5154	0	29564	
5155	0	29772	
5156	0	30064	
5157	0	30120	
5158	0	29664	
5159	0	28204	
5160	0	27612	
5161	0	27384	
5162	0	26656	
5163	0	26164	
5164	0	25696	
5165	0	25900	
5166	0	26244	
5167	0	26184	
5168	0	26216	
5169	0	27120	
5170	0	27810	
5171	0	27856	
5172	0	27148	
5173	0	27009	
5174	0	27612	
5175	0	29024	
5176	0	30036	
5177	0	30600	
5178	0	30736	
5179	0	30496	
5180	0	30012	
5181	0	29692	
5182	0	29224	
5183	0	28948	
5184	0	29164	
5185	0	29828	
5186	0	29888	
5187	0	28700	
5188	0	28848	
5189	0	29348	
5190	0	29220	
5191	0	29252	
5192	0	29688	
5193	0	30484	
5194	0	30856	
5195	0	30524	
5196	0	29916	
5197	0	28744	
5198	0	27532	
5199	0	26860	
5200	0	27356	
5201	0	28148	
5202	0	28472	
5203	0	27690	
5204	0	26352	
5205	0	25658	
5206	0	25100	
5207	0	24996	
5208	0	25496	
5209	0	26872	
5210	0	28800	
5211	0	30984	
5212	0	33520	
5213	0	35184	
5214	0	35112	
5215	0	33788	
5216	0	31660	
5217	0	28932	
5218	0	25972	
5219	0	23668	
5220	0	22136	
5221	0	20512	
5222	0	19106	
5223	0	18532	
5224	0	18856	
5225	0	19656	
5226	0	20860	
5227	0	21894	
5228	0	22818	
5229	0	24148	
5230	0	26100	
5231	0	27528	
5232	0	29740	
5233	0	31100	
5234	0	31848	
5235	0	32556	
5236	0	32452	
5237	0	31464	
5238	0	29916	
5239	0	28104	
5240	0	26728	
5241	0	25434	
5242	0	25202	
5243	0	26348	
5244	0	28320	
5245	0	29856	
5246	0	30666	
5247	0	31116	
5248	0	31544	
5249	0	32168	
5250	0	33104	
5251	0	33688	
5252	0	34216	
5253	0	34528	
5254	0	34824	
5255	0	34816	
5256	0	34720	
5257	0	34888	
5258	0	34744	
5259	0	33908	
5260	0	32536	
5261	0	31216	
5262	0	30032	
5263	0	29160	
5264	0	28712	
5265	0	28392	
5266	0	28852	
5267	0	29868	
5268	0	30856	
5269	0	31352	
5270	0	31888	
5271	0	31548	
5272	0	31130	
5273	0	31100	
5274	0	31112	
5275	0	31512	
5276	0	32232	
5277	0	33016	
5278	0	33800	
5279	0	34196	
5280	0	34136	
5281	0	32828	
5282	0	32052	
5283	0	31264	
5284	0	30548	
5285	0	30646	
5286	0	30744	
5287	0	30424	
5288	0	30108	
5289	0	29720	
5290	0	29232	
5291	0	29308	
5292	0	30060	
5293	0	31460	
5294	0	32652	
5295	0	33472	
5296	0	34324	
5297	0	34244	
5298	0	33892	
5299	0	33574	
5300	0	32992	
5301	0	32648	
5302	0	32448	
5303	0	32008	
5304	0	31656	
5305	0	31328	
5306	0	31604	
5307	0	32048	
5308	0	32580	
5309	0	32876	
5310	0	33132	
5311	0	33316	
5312	0	33488	
5313	0	33424	
5314	0	33492	
5315	0	33364	
5316	0	32696	
5317	0	31784	
5318	0	32020	
5319	0	31672	
5320	0	30860	
5321	0	30621	
5322	0	29984	
5323	0	28768	
5324	0	28448	
5325	0	29260	
5326	0	29588	
5327	0	29288	
5328	0	29404	
5329	0	29364	
5330	0	29656	
5331	0	29784	
5332	0	29432	
5333	0	29676	
5334	0	30256	
5335	0	30440	
5336	0	30056	
5337	0	30116	
5338	0	30984	
5339	0	31556	
5340	0	31960	
5341	0	32276	
5342	0	32512	
5343	0	32356	
5344	0	31996	
5345	0	31336	
5346	0	30808	
5347	0	30232	
5348	0	29610	
5349	0	29832	
5350	0	30572	
5351	0	31056	
5352	0	31176	
5353	0	30716	
5354	0	30696	
5355	0	30752	
5356	0	30364	
5357	0	29768	
5358	0	28776	
5359	0	28180	
5360	0	28248	
5361	0	28878	
5362	0	30128	
5363	0	31092	
5364	0	31448	
5365	0	31256	
5366	0	31512	
5367	0	31580	
5368	0	31800	
5369	0	31832	
5370	0	31596	
5371	0	31168	
5372	0	31732	
5373	0	32476	
5374	0	32288	
5375	0	32044	
5376	0	31892	
5377	0	31952	
5378	0	32036	
5379	0	32428	
5380	0	32632	
5381	0	32884	
5382	0	32676	
5383	0	31692	
5384	0	30640	
5385	0	29234	
5386	0	28668	
5387	0	28996	
5388	0	30004	
5389	0	31324	
5390	0	32960	
5391	0	34324	
5392	0	34732	
5393	0	34472	
5394	0	34668	
5395	0	34980	
5396	0	35380	
5397	0	35264	
5398	0	34832	
5399	0	34004	
5400	0	33060	
5401	0	32312	
5402	0	31612	
5403	0	31124	
5404	0	30728	
5405	0	30408	
5406	0	30120	
5407	0	30212	
5408	0	30968	
5409	0	30800	
5410	0	30592	
5411	0	31637	
5412	0	31672	
5413	0	31920	
5414	0	32312	
5415	0	32844	
5416	0	33004	
5417	0	33440	
5418	0	34056	
5419	0	35076	
5420	0	35944	
5421	0	37120	
5422	0	36824	
5423	0	35800	
5424	0	34868	
5425	0	34040	
5426	0	33124	
5427	0	32604	
5428	0	32692	
5429	0	32772	
5430	0	32216	
5431	0	31980	
5432	0	32280	
5433	0	32012	
5434	0	31780	
5435	0	32220	
5436	0	32346	
5437	0	31640	
5438	0	31064	
5439	0	30594	
5440	0	30672	
5441	0	30720	
5442	0	30988	
5443	0	32384	
5444	0	32724	
5445	0	32572	
5446	0	31864	
5447	0	30248	
5448	0	28520	
5449	0	27724	
5450	0	27604	
5451	0	27288	
5452	0	27000	
5453	0	27624	
5454	0	29312	
5455	0	31248	
5456	0	31880	
5457	0	31336	
5458	0	30240	
5459	0	28292	
5460	0	27616	
5461	0	28272	
5462	0	28232	
5463	0	28500	
5464	0	29358	
5465	0	30828	
5466	0	32308	
5467	0	32360	
5468	0	31660	
5469	0	31384	
5470	0	31048	
5471	0	30600	
5472	0	29876	
5473	0	29660	
5474	0	29804	
5475	0	31152	
5476	0	31792	
5477	0	31884	
5478	0	31348	
5479	0	30520	
5480	0	29592	
5481	0	29020	
5482	0	28464	
5483	0	28088	
5484	0	28168	
5485	0	29028	
5486	0	29832	
5487	0	30960	
5488	0	31400	
5489	0	31196	
5490	0	30860	
5491	0	30572	
5492	0	30412	
5493	0	30992	
5494	0	31984	
5495	0	32700	
5496	0	32352	
5497	0	31100	
5498	0	29828	
5499	0	28652	
5500	0	28176	
5501	0	28832	
5502	0	29556	
5503	0	29460	
5504	0	30008	
5505	0	32256	
5506	0	33444	
5507	0	33162	
5508	0	33132	
5509	0	33304	
5510	0	33320	
5511	0	33660	
5512	0	33684	
5513	0	32992	
5514	0	32068	
5515	0	30796	
5516	0	30252	
5517	0	30928	
5518	0	30084	
5519	0	28716	
5520	0	27240	
5521	0	26170	
5522	0	26460	
5523	0	27988	
5524	0	29452	
5525	0	30428	
5526	0	31944	
5527	0	33868	
5528	0	34080	
5529	0	33208	
5530	0	32348	
5531	0	31508	
5532	0	30764	
5533	0	30884	
5534	0	30892	
5535	0	30548	
5536	0	30628	
5537	0	31144	
5538	0	32068	
5539	0	33108	
5540	0	33736	
5541	0	33736	
5542	0	33144	
5543	0	32320	
5544	0	32484	
5545	0	32412	
5546	0	32056	
5547	0	31904	
5548	0	31726	
5549	0	31808	
5550	0	31012	
5551	0	29900	
5552	0	28824	
5553	0	27904	
5554	0	26792	
5555	0	25756	
5556	0	25584	
5557	0	26888	
5558	0	28092	
5559	0	28468	
5560	0	28120	
5561	0	27952	
5562	0	29004	
5563	0	30784	
5564	0	32108	
5565	0	32652	
5566	0	33196	
5567	0	33274	
5568	0	33076	
5569	0	33212	
5570	0	33000	
5571	0	32104	
5572	0	31112	
5573	0	30832	
5574	0	30752	
5575	0	30448	
5576	0	30980	
5577	0	31424	
5578	0	31620	
5579	0	31296	
5580	0	30152	
5581	0	28892	
5582	0	27712	
5583	0	26720	
5584	0	25780	
5585	0	24928	
5586	0	24546	
5587	0	25472	
5588	0	27088	
5589	0	27180	
5590	0	26898	
5591	0	27084	
5592	0	28020	
5593	0	28140	
5594	0	28344	
5595	0	28642	
5596	0	29008	
5597	0	29528	
5598	0	30352	
5599	0	31384	
5600	0	31644	
5601	0	31944	
5602	0	32328	
5603	0	32808	
5604	0	33360	
5605	0	33684	
5606	0	33564	
5607	0	32652	
5608	0	31184	
5609	0	30684	
5610	0	31124	
5611	0	32128	
5612	0	33452	
5613	0	34988	
5614	0	36460	
5615	0	36816	
5616	0	36664	
5617	0	36740	
5618	0	37408	
5619	0	37600	
5620	0	36400	
5621	0	35016	
5622	0	32712	
5623	0	30304	
5624	0	29150	
5625	0	27828	
5626	0	26200	
5627	0	24872	
5628	0	24532	
5629	0	23964	
5630	0	24024	
5631	0	24524	
5632	0	24900	
5633	0	26164	
5634	0	29268	
5635	0	32740	
5636	0	34872	
5637	0	35688	
5638	0	36520	
5639	0	37912	
5640	0	38504	
5641	0	38316	
5642	0	37680	
5643	0	38492	
5644	0	39908	
5645	0	40524	
5646	0	40408	
5647	0	40656	
5648	0	40200	
5649	0	39500	
5650	0	38380	
5651	0	37144	
5652	0	35860	
5653	0	35672	
5654	0	35756	
5655	0	35672	
5656	0	35340	
5657	0	34912	
5658	0	34429	
5659	0	34036	
5660	0	33368	
5661	0	31956	
5662	0	30536	
5663	0	28752	
5664	0	27552	
5665	0	26280	
5666	0	25400	
5667	0	25784	
5668	0	26096	
5669	0	27120	
5670	0	28604	
5671	0	29756	
5672	0	30992	
5673	0	32208	
5674	0	32716	
5675	0	32576	
5676	0	32484	
5677	0	32760	
5678	0	33736	
5679	0	35240	
5680	0	36616	
5681	0	37444	
5682	0	38092	
5683	0	38220	
5684	0	37624	
5685	0	36432	
5686	0	34784	
5687	0	33684	
5688	0	32120	
5689	0	30841	
5690	0	29512	
5691	0	28672	
5692	0	28400	
5693	0	27640	
5694	0	27088	
5695	0	27444	
5696	0	28832	
5697	0	30672	
5698	0	32548	
5699	0	34384	
5700	0	35684	
5701	0	36316	
5702	0	37584	
5703	0	37936	
5704	0	37748	
5705	0	37664	
5706	0	37496	
5707	0	36912	
5708	0	36072	
5709	0	35712	
5710	0	35240	
5711	0	35484	
5712	0	36088	
5713	0	36404	
5714	0	36812	
5715	0	37080	
5716	0	37464	
5717	0	37264	
5718	0	35840	
5719	0	34296	
5720	0	33728	
5721	0	33720	
5722	0	34122	
5723	0	34864	
5724	0	35556	
5725	0	36124	
5726	0	36396	
5727	0	37276	
5728	0	38352	
5729	0	38924	
5730	0	39114	
5731	0	39076	
5732	0	39532	
5733	0	40372	
5734	0	41192	
5735	0	41312	
5736	0	41232	
5737	0	40800	
5738	0	40464	
5739	0	40316	
5740	0	40168	
5741	0	40608	
5742	0	40544	
5743	0	39384	
5744	0	38616	
5745	0	37708	
5746	0	36268	
5747	0	34732	
5748	0	34088	
5749	0	33620	
5750	0	33225	
5751	0	32784	
5752	0	32392	
5753	0	32908	
5754	0	33476	
5755	0	34204	
5756	0	34924	
5757	0	35820	
5758	0	36168	
5759	0	35800	
5760	0	35466	
5761	0	35456	
5762	0	36152	
5763	0	36908	
5764	0	37076	
5765	0	36964	
5766	0	36520	
5767	0	36040	
5768	0	35764	
5769	0	36452	
5770	0	36544	
5771	0	35848	
5772	0	35500	
5773	0	35360	
5774	0	35872	
5775	0	36588	
5776	0	37440	
5777	0	38444	
5778	0	40104	
5779	0	41260	
5780	0	41224	
5781	0	40372	
5782	0	39328	
5783	0	38528	
5784	0	37824	
5785	0	37192	
5786	0	36716	
5787	0	36520	
5788	0	36228	
5789	0	35712	
5790	0	34984	
5791	0	34100	
5792	0	34208	
5793	0	34504	
5794	0	35040	
5795	0	35340	
5796	0	35324	
5797	0	34936	
5798	0	34944	
5799	0	35324	
5800	0	35584	
5801	0	35700	
5802	0	34728	
5803	0	34232	
5804	0	34208	
5805	0	33480	
5806	0	33932	
5807	0	34312	
5808	0	34808	
5809	0	34780	
5810	0	34216	
5811	0	33820	
5812	0	33552	
5813	0	33210	
5814	0	32304	
5815	0	31768	
5816	0	32408	
5817	0	33720	
5818	0	35092	
5819	0	34952	
5820	0	34376	
5821	0	34564	
5822	0	35192	
5823	0	35204	
5824	0	35496	
5825	0	35344	
5826	0	34892	
5827	0	34672	
5828	0	34276	
5829	0	34060	
5830	0	33456	
5831	0	32888	
5832	0	32916	
5833	0	32448	
5834	0	33224	
5835	0	34638	
5836	0	35604	
5837	0	36192	
5838	0	36792	
5839	0	37144	
5840	0	37772	
5841	0	38224	
5842	0	38296	
5843	0	38036	
5844	0	37178	
5845	0	36652	
5846	0	37064	
5847	0	36836	
5848	0	36224	
5849	0	36524	
5850	0	36324	
5851	0	35616	
5852	0	34360	
5853	0	32752	
5854	0	32736	
5855	0	32160	
5856	0	31944	
5857	0	32152	
5858	0	31832	
5859	0	31176	
5860	0	31080	
5861	0	32304	
5862	0	33640	
5863	0	34860	
5864	0	35324	
5865	0	34308	
5866	0	33736	
5867	0	33792	
5868	0	33136	
5869	0	33048	
5870	0	33984	
5871	0	35468	
5872	0	35936	
5873	0	35740	
5874	0	35712	
5875	0	34776	
5876	0	33934	
5877	0	33546	
5878	0	33716	
5879	0	34076	
5880	0	33912	
5881	0	33696	
5882	0	34116	
5883	0	34492	
5884	0	33848	
5885	0	33744	
5886	0	34800	
5887	0	36380	
5888	0	37232	
5889	0	37196	
5890	0	36888	
5891	0	37176	
5892	0	37996	
5893	0	38960	
5894	0	40160	
5895	0	40264	
5896	0	39616	
5897	0	38372	
5898	0	37196	
5899	0	35670	
5900	0	33888	
5901	0	32124	
5902	0	30712	
5903	0	29764	
5904	0	29932	
5905	0	30424	
5906	0	31464	
5907	0	32672	
5908	0	33436	
5909	0	33680	
5910	0	33248	
5911	0	33060	
5912	0	32968	
5913	0	33376	
5914	0	33816	
5915	0	34088	
5916	0	34904	
5917	0	36016	
5918	0	36768	
5919	0	37332	
5920	0	38012	
5921	0	37948	
5922	0	37836	
5923	0	37744	
5924	0	37304	
5925	0	36540	
5926	0	36192	
5927	0	35708	
5928	0	35092	
5929	0	35284	
5930	0	35584	
5931	0	35836	
5932	0	35452	
5933	0	34676	
5934	0	34004	
5935	0	33280	
5936	0	33052	
5937	0	33088	
5938	0	33212	
5939	0	32532	
5940	0	32148	
5941	0	32208	
5942	0	32448	
5943	0	31928	
5944	0	31032	
5945	0	30048	
5946	0	29020	
5947	0	28044	
5948	0	28276	
5949	0	29024	
5950	0	29824	
5951	0	30504	
5952	0	31104	
5953	0	30492	
5954	0	29632	
5955	0	29748	
5956	0	29780	
5957	0	29600	
5958	0	29468	
5959	0	31004	
5960	0	32136	
5961	0	32652	
5962	0	32076	
5963	0	31472	
5964	0	31704	
5965	0	32680	
5966	0	32560	
5967	0	31572	
5968	0	30700	
5969	0	30064	
5970	0	30192	
5971	0	30384	
5972	0	30948	
5973	0	31452	
5974	0	31488	
5975	0	31296	
5976	0	30944	
5977	0	30796	
5978	0	32388	
5979	0	33360	
5980	0	32480	
5981	0	31200	
5982	0	30008	
5983	0	29160	
5984	0	28018	
5985	0	27148	
5986	0	26456	
5987	0	26096	
5988	0	25840	
5989	0	26428	
5990	0	27328	
5991	0	27372	
5992	0	27060	
5993	0	26104	
5994	0	26628	
5995	0	27996	
5996	0	28608	
5997	0	28852	
5998	0	29368	
5999	0	30532	
6000	0	32160	
6001	0	32544	
6002	0	31568	
6003	0	30192	
6004	0	29752	
6005	0	29872	
6006	0	28972	
6007	0	27800	
6008	0	27208	
6009	0	27824	
6010	0	28912	
6011	0	29696	
6012	0	29052	
6013	0	28888	
6014	0	29812	
6015	0	30364	
6016	0	30244	
6017	0	30072	
6018	0	30876	
6019	0	32224	
6020	0	32580	
6021	0	32852	
6022	0	33488	
6023	0	35116	
6024	0	36132	
6025	0	36032	
6026	0	35192	
6027	0	34256	
6028	0	34088	
6029	0	33580	
6030	0	32388	
6031	0	31608	
6032	0	30648	
6033	0	30188	
6034	0	30688	
6035	0	31392	
6036	0	31712	
6037	0	31448	
6038	0	32008	
6039	0	32540	
6040	0	32020	
6041	0	29688	
6042	0	26944	
6043	0	24864	
6044	0	23404	
6045	0	23804	
6046	0	25788	
6047	0	27396	
6048	0	28836	
6049	0	31568	
6050	0	34452	
6051	0	35504	
6052	0	35032	
6053	0	34900	
6054	0	34832	
6055	0	34120	
6056	0	33744	
6057	0	33060	
6058	0	32004	
6059	0	30448	
6060	0	28528	
6061	0	28128	
6062	0	29518	
6063	0	31632	
6064	0	32984	
6065	0	33792	
6066	0	33052	
6067	0	33264	
6068	0	34944	
6069	0	38204	
6070	0	41012	
6071	0	40840	
6072	0	38552	
6073	0	36392	
6074	0	35468	
6075	0	34736	
6076	0	34808	
6077	0	36788	
6078	0	38744	
6079	0	38816	
6080	0	37304	
6081	0	35468	
6082	0	33544	
6083	0	32172	
6084	0	30772	
6085	0	29780	
6086	0	29504	
6087	0	30364	
6088	0	30956	
6089	0	29920	
6090	0	29180	
6091	0	29188	
6092	0	29320	
6093	0	28736	
6094	0	28676	
6095	0	29504	
6096	0	30252	
6097	0	30728	
6098	0	31752	
6099	0	32112	
6100	0	32372	
6101	0	32092	
6102	0	31396	
6103	0	32432	
6104	0	34992	
6105	0	37004	
6106	0	36788	
6107	0	35648	
6108	0	34808	
6109	0	33232	
6110	0	32864	
6111	0	33516	
6112	0	33648	
6113	0	35200	
6114	0	36224	
6115	0	35596	
6116	0	34164	
6117	0	34800	
6118	0	35240	
6119	0	33348	
6120	0	32216	
6121	0	31284	
6122	0	30904	
6123	0	30776	
6124	0	30922	
6125	0	31248	
6126	0	31928	
6127	0	32780	
6128	0	33340	
6129	0	32616	
6130	0	32144	
6131	0	31808	
6132	0	32364	
6133	0	32964	
6134	0	33080	
6135	0	33176	
6136	0	34812	
6137	0	36532	
6138	0	36876	
6139	0	36136	
6140	0	34842	
6141	0	34048	
6142	0	32564	
6143	0	31660	
6144	0	31892	
6145	0	32560	
6146	0	32746	
6147	0	32500	
6148	0	30964	
6149	0	30148	
6150	0	30204	
6151	0	29100	
6152	0	26912	
6153	0	25992	
6154	0	28968	
6155	0	30668	
6156	0	31568	
6157	0	32364	
6158	0	33752	
6159	0	34464	
6160	0	33532	
6161	0	31200	
6162	0	29968	
6163	0	29080	
6164	0	29704	
6165	0	30488	
6166	0	30648	
6167	0	30304	
6168	0	31088	
6169	0	32128	
6170	0	31728	
6171	0	30312	
6172	0	27464	
6173	0	26544	
6174	0	28888	
6175	0	30776	
6176	0	31428	
6177	0	32292	
6178	0	32576	
6179	0	31544	
6180	0	31004	
6181	0	30784	
6182	0	30480	
6183	0	29992	
6184	0	29628	
6185	0	30016	
6186	0	28472	
6187	0	26120	
6188	0	25432	
6189	0	26028	
6190	0	25720	
6191	0	26348	
6192	0	28432	
6193	0	31328	
6194	0	33956	
6195	0	35488	
6196	0	36188	
6197	0	35640	
6198	0	34324	
6199	0	32128	
6200	0	30420	
6201	0	29512	
6202	0	29960	
6203	0	30416	
6204	0	31148	
6205	0	31288	
6206	0	31320	
6207	0	31416	
6208	0	31944	
6209	0	32160	
6210	0	33064	
6211	0	33456	
6212	0	34056	
6213	0	34904	
6214	0	35340	
6215	0	34292	
6216	0	32612	
6217	0	32028	
6218	0	31856	
6219	0	32888	
6220	0	33880	
6221	0	33640	
6222	0	32748	
6223	0	32332	
6224	0	32096	
6225	0	30856	
6226	0	29544	
6227	0	29472	
6228	0	31768	
6229	0	33188	
6230	0	32432	
6231	0	31824	
6232	0	32060	
6233	0	31496	
6234	0	31848	
6235	0	31852	
6236	0	31240	
6237	0	28732	
6238	0	29268	
6239	0	30324	
6240	0	29084	
6241	0	26956	
6242	0	26296	
6243	0	26088	
6244	0	25636	
6245	0	27720	
6246	0	30908	
6247	0	33108	
6248	0	33496	
6249	0	30440	
6250	0	28500	
6251	0	28980	
6252	0	32000	
6253	0	33968	
6254	0	35572	
6255	0	37852	
6256	0	38216	
6257	0	36580	
6258	0	35288	
6259	0	35056	
6260	0	34356	
6261	0	32420	
6262	0	31868	
6263	0	33968	
6264	0	34512	
6265	0	34816	
6266	0	34216	
6267	0	32724	
6268	0	33856	
6269	0	35188	
6270	0	36760	
6271	0	38156	
6272	0	38360	
6273	0	37360	
6274	0	35752	
6275	0	33484	
6276	0	32196	
6277	0	29844	
6278	0	27642	
6279	0	27072	
6280	0	26432	
6281	0	25512	
6282	0	24792	
6283	0	26164	
6284	0	26796	
6285	0	26396	
6286	0	26804	
6287	0	29092	
6288	0	31592	
6289	0	33716	
6290	0	35108	
6291	0	35780	
6292	0	37380	
6293	0	38960	
6294	0	38740	
6295	0	37424	
6296	0	35800	
6297	0	34040	
6298	0	34588	
6299	0	35704	
6300	0	36064	
6301	0	36000	
6302	0	35492	
6303	0	33596	
6304	0	33400	
6305	0	34784	
6306	0	37020	
6307	0	37932	
6308	0	39600	
6309	0	44200	
6310	0	45208	
6311	0	44088	
6312	0	42040	
6313	0	39824	
6314	0	37512	
6315	0	36520	
6316	0	38368	
6317	0	40792	
6318	0	41244	
6319	0	40152	
6320	0	39032	
6321	0	37624	
6322	0	34708	
6323	0	37820	
6324	0	43684	
6325	0	45336	
6326	0	44296	
6327	0	42192	
6328	0	39932	
6329	0	40308	
6330	0	40192	
6331	0	38712	
6332	0	37220	
6333	0	36336	
6334	0	35748	
6335	0	34176	
6336	0	31936	
6337	0	30960	
6338	0	35464	
6339	0	39800	
6340	0	40096	
6341	0	38584	
6342	0	37752	
6343	0	38968	
6344	0	40664	
6345	0	40400	
6346	0	39592	
6347	0	38108	
6348	0	36916	
6349	0	35896	
6350	0	35544	
6351	0	35040	
6352	0	35160	
6353	0	35676	
6354	0	36976	
6355	0	38340	
6356	0	40312	
6357	0	40824	
6358	0	41612	
6359	0	43776	
6360	0	44796	
6361	0	43940	
6362	0	40620	
6363	0	37356	
6364	0	35788	
6365	0	35500	
6366	0	35384	
6367	0	35564	
6368	0	36128	
6369	0	35960	
6370	0	35400	
6371	0	34856	
6372	0	35764	
6373	0	38296	
6374	0	40448	
6375	0	41032	
6376	0	40896	
6377	0	39792	
6378	0	38116	
6379	0	34376	
6380	0	33312	
6381	0	32340	
6382	0	31554	
6383	0	32368	
6384	0	33200	
6385	0	32846	
6386	0	33148	
6387	0	34344	
6388	0	36240	
6389	0	36816	
6390	0	38112	
6391	0	37872	
6392	0	36992	
6393	0	36568	
6394	0	35648	
6395	0	35012	
6396	0	35556	
6397	0	37084	
6398	0	37332	
6399	0	36932	
6400	0	34820	
6401	0	33218	
6402	0	32096	
6403	0	33172	
6404	0	36024	
6405	0	36316	
6406	0	36288	
6407	0	37576	
6408	0	37420	
6409	0	35604	
6410	0	33952	
6411	0	34600	
6412	0	35720	
6413	0	36408	
6414	0	37804	
6415	0	38844	
6416	0	38524	
6417	0	36808	
6418	0	37120	
6419	0	37436	
6420	0	36712	
6421	0	36336	
6422	0	35036	
6423	0	34268	
6424	0	33816	
6425	0	33656	
6426	0	33216	
6427	0	32160	
6428	0	31380	
6429	0	31600	
6430	0	31264	
6431	0	31120	
6432	0	31760	
6433	0	31552	
6434	0	34112	
6435	0	37348	
6436	0	37620	
6437	0	35624	
6438	0	32984	
6439	0	33024	
6440	0	34264	
6441	0	34124	
6442	0	33372	
6443	0	33284	
6444	0	33712	
6445	0	34996	
6446	0	35380	
6447	0	33396	
6448	0	30444	
6449	0	28880	
6450	0	29191	
6451	0	30636	
6452	0	33138	
6453	0	35692	
6454	0	36708	
6455	0	36440	
6456	0	34984	
6457	0	34184	
6458	0	34352	
6459	0	33824	
6460	0	32756	
6461	0	32340	
6462	0	31956	
6463	0	31060	
6464	0	32216	
6465	0	33810	
6466	0	33696	
6467	0	33252	
6468	0	33100	
6469	0	33280	
6470	0	33020	
6471	0	32976	
6472	0	32532	
6473	0	32236	
6474	0	31504	
6475	0	32552	
6476	0	35212	
6477	0	35492	
6478	0	35108	
6479	0	36068	
6480	0	37524	
6481	0	39224	
6482	0	40324	
6483	0	40668	
6484	0	40432	
6485	0	40340	
6486	0	38456	
6487	0	35476	
6488	0	33432	
6489	0	32252	
6490	0	32244	
6491	0	33328	
6492	0	34744	
6493	0	36348	
6494	0	36536	
6495	0	35032	
6496	0	35700	
6497	0	36048	
6498	0	35580	
6499	0	35724	
6500	0	35410	
6501	0	33868	
6502	0	32908	
6503	0	32304	
6504	0	31600	
6505	0	30880	
6506	0	29236	
6507	0	27724	
6508	0	27980	
6509	0	28764	
6510	0	29612	
6511	0	30372	
6512	0	30652	
6513	0	31300	
6514	0	31564	
6515	0	30968	
6516	0	30420	
6517	0	30548	
6518	0	32668	
6519	0	34424	
6520	0	34060	
6521	0	33332	
6522	0	33500	
6523	0	33908	
6524	0	33632	
6525	0	33264	
6526	0	32568	
6527	0	32760	
6528	0	33576	
6529	0	33772	
6530	0	34088	
6531	0	34960	
6532	0	35812	
6533	0	34832	
6534	0	33436	
6535	0	33808	
6536	0	32700	
6537	0	30180	
6538	0	29608	
6539	0	29384	
6540	0	27208	
6541	0	26432	
6542	0	27408	
6543	0	27480	
6544	0	30524	
6545	0	32800	
6546	0	31764	
6547	0	29432	
6548	0	30728	
6549	0	30116	
6550	0	27904	
6551	0	28820	
6552	0	30186	
6553	0	31134	
6554	0	32948	
6555	0	37388	
6556	0	40496	
6557	0	41304	
6558	0	40980	
6559	0	39404	
6560	0	36392	
6561	0	33712	
6562	0	34104	
6563	0	32760	
6564	0	29096	
6565	0	28776	
6566	0	31508	
6567	0	32064	
6568	0	30660	
6569	0	30496	
6570	0	32128	
6571	0	33704	
6572	0	34492	
6573	0	34616	
6574	0	35544	
6575	0	36568	
6576	0	37692	
6577	0	37896	
6578	0	38936	
6579	0	38976	
6580	0	38056	
6581	0	36660	
6582	0	33732	
6583	0	31220	
6584	0	31808	
6585	0	32740	
6586	0	32532	
6587	0	32288	
6588	0	33004	
6589	0	34088	
6590	0	35692	
6591	0	37560	
6592	0	37920	
6593	0	37624	
6594	0	38192	
6595	0	37528	
6596	0	35296	
6597	0	33216	
6598	0	32164	
6599	0	30264	
6600	0	30170	
6601	0	29400	
6602	0	28208	
6603	0	28538	
6604	0	31732	
6605	0	33444	
6606	0	34324	
6607	0	34312	
6608	0	34052	
6609	0	32960	
6610	0	31564	
6611	0	31360	
6612	0	31724	
6613	0	33516	
6614	0	34356	
6615	0	37076	
6616	0	39768	
6617	0	41496	
6618	0	41312	
6619	0	40032	
6620	0	39020	
6621	0	37396	
6622	0	35912	
6623	0	37128	
6624	0	39348	
6625	0	39776	
6626	0	39600	
6627	0	39736	
6628	0	39124	
6629	0	37752	
6630	0	37264	
6631	0	37152	
6632	0	37200	
6633	0	36828	
6634	0	38956	
6635	0	42364	
6636	0	44552	
6637	0	45112	
6638	0	45612	
6639	0	44332	
6640	0	41596	
6641	0	39196	
6642	0	38240	
6643	0	37716	
6644	0	38440	
6645	0	41856	
6646	0	45360	
6647	0	44616	
6648	0	40824	
6649	0	39352	
6650	0	41328	
6651	0	46104	
6652	0	50128	
6653	0	51716	
6654	0	51288	
6655	0	50592	
6656	0	50248	
6657	0	49660	
6658	0	47984	
6659	0	46076	
6660	0	44260	
6661	0	42408	
6662	0	41608	
6663	0	42060	
6664	0	42448	
6665	0	43540	
6666	0	45920	
6667	0	47828	
6668	0	49248	
6669	0	50648	
6670	0	52600	
6671	0	54864	
6672	0	56128	
6673	0	55420	
6674	0	53840	
6675	0	52808	
6676	0	53276	
6677	0	54676	
6678	0	56088	
6679	0	57888	
6680	0	59044	
6681	0	59652	
6682	0	58800	
6683	0	56364	
6684	0	55684	
6685	0	58476	
6686	0	61476	
6687	0	62620	
6688	0	61700	
6689	0	59492	
6690	0	58348	
6691	0	58664	
6692	0	59296	
6693	0	60124	
6694	0	60180	
6695	0	58240	
6696	0	54364	
6697	0	47080	
6698	0	37576	
6699	0	29300	
6700	0	24488	
6701	0	22040	
6702	0	21964	
6703	0	26256	
6704	0	38300	
6705	0	54916	
6706	0	65472	
6707	0	65480	
6708	0	65476	
6709	0	65464	
6710	0	65476	
6711	0	65480	
6712	0	65472	
6713	0	60156	
6714	0	57244	
6715	0	56440	
6716	0	56744	
6717	0	56896	
6718	0	57440	
6719	0	57504	
6720	0	57376	
6721	0	56144	
6722	0	54284	
6723	0	51336	
6724	0	48372	
6725	0	45868	
6726	0	44760	
6727	0	44552	
6728	0	44688	
6729	0	44148	
6730	0	42620	
6731	0	41292	
6732	0	39608	
6733	0	37532	
6734	0	35496	
6735	0	33552	
6736	0	32716	
6737	0	32220	
6738	0	31928	
6739	0	31360	
6740	0	29780	
6741	0	28458	
6742	0	27120	
6743	0	26352	
6744	0	25928	
6745	0	25484	
6746	0	25536	
6747	0	25716	
6748	0	25612	
6749	0	25356	
6750	0	25288	
6751	0	24721	
6752	0	24362	
6753	0	24040	
6754	0	23800	
6755	0	23320	
6756	0	23012	
6757	0	22276	
6758	0	21161	
6759	0	20448	
6760	0	20556	
6761	0	20456	
6762	0	20338	
6763	0	20720	
6764	0	21408	
6765	0	21672	
6766	0	20925	
6767	0	20114	
6768	0	19696	
6769	0	19664	
6770	0	20077	
6771	0	20560	
6772	0	20136	
6773	0	19192	
6774	0	18472	
6775	0	18404	
6776	0	17744	
6777	0	17312	
6778	0	18480	
6779	0	18474	
6780	0	18028	
6781	0	17897	
6782	0	17604	
6783	0	17076	
6784	0	16088	
6785	0	15316	
6786	0	15264	
6787	0	15564	
6788	0	15840	
6789	0	16144	
6790	0	16682	
6791	0	16833	
6792	0	16628	
6793	0	16572	
6794	0	16882	
6795	0	16856	
6796	0	17132	
6797	0	17572	
6798	0	18216	
6799	0	18544	
6800	0	19068	
6801	0	19160	
6802	0	18056	
6803	0	16304	
6804	0	14484	
6805	0	12868	
6806	0	11408	
6807	0	10873	
6808	0	11590	
6809	0	11145	
6810	0	11361	
6811	0	12832	
6812	0	15788	
6813	0	18092	
6814	0	19776	
6815	0	20620	
6816	0	20712	
6817	0	20216	
6818	0	19008	
6819	0	17988	
6820	0	17296	
6821	0	17534	
6822	0	18012	
6823	0	17916	
6824	0	18076	
6825	0	18474	
6826	0	18342	
6827	0	17492	
6828	0	17152	
6829	0	17498	
6830	0	17448	
6831	0	17056	
6832	0	16800	
6833	0	17208	
6834	0	17120	
6835	0	16870	
6836	0	17920	
6837	0	19812	
6838	0	19906	
6839	0	19424	
6840	0	19012	
6841	0	18604	
6842	0	18216	
6843	0	17616	
6844	0	17108	
6845	0	15981	
6846	0	14516	
6847	0	14504	
6848	0	15296	
6849	0	16318	
6850	0	15592	
6851	0	14640	
6852	0	16160	
6853	0	19700	
6854	0	22280	
6855	0	22240	
6856	0	20352	
6857	0	19080	
6858	0	19898	
6859	0	20234	
6860	0	19268	
6861	0	18262	
6862	0	17620	
6863	0	17114	
6864	0	17000	
6865	0	16692	
6866	0	16569	
6867	0	16692	
6868	0	17044	
6869	0	17244	
6870	0	17010	
6871	0	17456	
6872	0	18272	
6873	0	18428	
6874	0	19489	
6875	0	18012	
6876	0	15268	
6877	0	13344	
6878	0	13494	
6879	0	14818	
6880	0	16294	
6881	0	17880	
6882	0	19324	
6883	0	20192	
6884	0	21036	
6885	0	21345	
6886	0	20396	
6887	0	19336	
6888	0	19700	
6889	0	20672	
6890	0	20492	
6891	0	19085	
6892	0	17058	
6893	0	14806	
6894	0	13888	
6895	0	13638	
6896	0	14252	
6897	0	14568	
6898	0	15220	
6899	0	17472	
6900	0	19744	
6901	0	20984	
6902	0	21634	
6903	0	22128	
6904	0	22776	
6905	0	23460	
6906	0	23892	
6907	0	23896	
6908	0	23240	
6909	0	22172	
6910	0	21940	
6911	0	23700	
6912	0	24956	
6913	0	26092	
6914	0	26684	
6915	0	26460	
6916	0	26356	
6917	0	26192	
6918	0	25948	
6919	0	25632	
6920	0	25404	
6921	0	25140	
6922	0	24908	
6923	0	24796	
6924	0	24096	
6925	0	23748	
6926	0	23456	
6927	0	23452	
6928	0	23768	
6929	0	24040	
6930	0	24248	
6931	0	24652	
6932	0	25536	
6933	0	26012	
6934	0	26092	
6935	0	25504	
6936	0	24888	
6937	0	24296	
6938	0	23932	
6939	0	24288	
6940	0	25200	
6941	0	25692	
6942	0	25520	
6943	0	25272	
6944	0	23432	
6945	0	21572	
6946	0	19912	
6947	0	18900	
6948	0	18376	
6949	0	18376	
6950	0	18382	
6951	0	18316	
6952	0	17950	
6953	0	16828	
6954	0	15496	
6955	0	14512	
6956	0	14234	
6957	0	13938	
6958	0	13741	
6959	0	14236	
6960	0	14736	
6961	0	14610	
6962	0	14392	
6963	0	13873	
6964	0	12996	
6965	0	11960	
6966	0	11076	
6967	0	10398	
6968	0	9492	
6969	0	9172	
6970	0	9534	
6971	0	10070	
6972	0	10441	
6973	0	10690	
6974	0	11252	
6975	0	12753	
6976	0	13640	
6977	0	13952	
6978	0	14076	
6979	0	14422	
6980	0	13566	
6981	0	12800	
6982	0	14358	
6983	0	14784	
6984	0	15184	
6985	0	16446	
6986	0	17430	
6987	0	17374	
6988	0	17258	
6989	0	16432	
6990	0	16493	
6991	0	16854	
6992	0	15925	
6993	0	15168	
6994	0	15780	
6995	0	17028	
6996	0	18528	
6997	0	20004	
6998	0	21348	
6999	0	22348	
7000	0	22648	
7001	0	22224	
7002	0	21684	
7003	0	21096	
7004	0	20024	
7005	0	19388	
7006	0	20252	
7007	0	21588	
7008	0	22488	
7009	0	23228	
7010	0	24500	
7011	0	24912	
7012	0	24968	
7013	0	25196	
7014	0	25632	
7015	0	26484	
7016	0	26840	
7017	0	26356	
7018	0	24954	
7019	0	23928	
7020	0	23356	
7021	0	23156	
7022	0	23156	
7023	0	23608	
7024	0	24156	
7025	0	24208	
7026	0	24400	
7027	0	24312	
7028	0	23884	
7029	0	23376	
7030	0	23256	
7031	0	23013	
7032	0	24296	
7033	0	26904	
7034	0	28656	
7035	0	29612	
7036	0	29584	
7037	0	29332	
7038	0	28960	
7039	0	28948	
7040	0	29136	
7041	0	29932	
7042	0	30936	
7043	0	31808	
7044	0	32460	
7045	0	32728	
7046	0	32356	
7047	0	31698	
7048	0	30852	
7049	0	29972	
7050	0	28308	
7051	0	26956	
7052	0	26616	
7053	0	26596	
7054	0	26420	
7055	0	26916	
7056	0	28240	
7057	0	29380	
7058	0	29852	
7059	0	30012	
7060	0	30276	
7061	0	30624	
7062	0	30348	
7063	0	30404	
7064	0	30420	
7065	0	30476	
7066	0	30156	
7067	0	29928	
7068	0	29504	
7069	0	29656	
7070	0	29768	
7071	0	29708	
7072	0	30920	
7073	0	32488	
7074	0	32792	
7075	0	32972	
7076	0	33724	
7077	0	34508	
7078	0	35360	
7079	0	36108	
7080	0	37016	
7081	0	37624	
7082	0	37776	
7083	0	38264	
7084	0	38404	
7085	0	37852	
7086	0	36832	
7087	0	36132	
7088	0	35500	
7089	0	35144	
7090	0	34992	
7091	0	35308	
7092	0	35232	
7093	0	34184	
7094	0	33288	
7095	0	33304	
7096	0	34016	
7097	0	35224	
7098	0	36380	
7099	0	37328	
7100	0	38124	
7101	0	38404	
7102	0	37780	
7103	0	37404	
7104	0	36488	
7105	0	35504	
7106	0	35048	
7107	0	34072	
7108	0	34332	
7109	0	35596	
7110	0	35892	
7111	0	35512	
7112	0	34900	
7113	0	34628	
7114	0	34996	
7115	0	35576	
7116	0	35604	
7117	0	35284	
7118	0	35224	
7119	0	35504	
7120	0	36184	
7121	0	36648	
7122	0	36208	
7123	0	35432	
7124	0	33776	
7125	0	31696	
7126	0	30036	
7127	0	28804	
7128	0	27900	
7129	0	27364	
7130	0	27380	
7131	0	27616	
7132	0	27528	
7133	0	27368	
7134	0	27228	
7135	0	27864	
7136	0	28984	
7137	0	30242	
7138	0	30664	
7139	0	30936	
7140	0	31484	
7141	0	31892	
7142	0	32340	
7143	0	32936	
7144	0	33564	
7145	0	34380	
7146	0	35004	
7147	0	34780	
7148	0	34260	
7149	0	33968	
7150	0	34228	
7151	0	33818	
7152	0	33268	
7153	0	32784	
7154	0	32080	
7155	0	32196	
7156	0	32448	
7157	0	32380	
7158	0	31208	
7159	0	31188	
7160	0	30600	
7161	0	29260	
7162	0	27920	
7163	0	27016	
7164	0	26388	
7165	0	26268	
7166	0	27168	
7167	0	28364	
7168	0	29032	
7169	0	30104	
7170	0	30572	
7171	0	31056	
7172	0	31040	
7173	0	30812	
7174	0	30248	
7175	0	30216	
7176	0	30680	
7177	0	31504	
7178	0	32212	
7179	0	33228	
7180	0	34286	
7181	0	34900	
7182	0	34868	
7183	0	34496	
7184	0	34912	
7185	0	35228	
7186	0	34664	
7187	0	33940	
7188	0	33680	
7189	0	33620	
7190	0	33920	
7191	0	33908	
7192	0	34140	
7193	0	33712	
7194	0	32496	
7195	0	31584	
7196	0	31172	
7197	0	31264	
7198	0	31944	
7199	0	33372	
7200	0	34992	
7201	0	36148	
7202	0	36904	
7203	0	38216	
7204	0	39736	
7205	0	41444	
7206	0	42668	
7207	0	42880	
7208	0	41844	
7209	0	40664	
7210	0	39920	
7211	0	40108	
7212	0	40920	
7213	0	41524	
7214	0	42456	
7215	0	43392	
7216	0	44336	
7217	0	44728	
7218	0	44224	
7219	0	42800	
7220	0	40620	
7221	0	37836	
7222	0	34856	
7223	0	32616	
7224	0	30700	
7225	0	29004	
7226	0	27716	
7227	0	27344	
7228	0	27676	
7229	0	29156	
7230	0	31424	
7231	0	32760	
7232	0	33656	
7233	0	34664	
7234	0	35480	
7235	0	36144	
7236	0	35992	
7237	0	35732	
7238	0	35688	
7239	0	35888	
7240	0	36640	
7241	0	37236	
7242	0	36912	
7243	0	35928	
7244	0	35104	
7245	0	35196	
7246	0	35952	
7247	0	36848	
7248	0	37320	
7249	0	37188	
7250	0	37204	
7251	0	38192	
7252	0	39868	
7253	0	42068	
7254	0	43880	
7255	0	44824	
7256	0	44960	
7257	0	44340	
7258	0	43360	
7259	0	42288	
7260	0	41140	
7261	0	40152	
7262	0	39208	
7263	0	38360	
7264	0	37888	
7265	0	38008	
7266	0	39112	
7267	0	40776	
7268	0	41780	
7269	0	41100	
7270	0	38564	
7271	0	36232	
7272	0	35204	
7273	0	35712	
7274	0	36808	
7275	0	37584	
7276	0	38004	
7277	0	38244	
7278	0	38680	
7279	0	39296	
7280	0	39516	
7281	0	39548	
7282	0	39996	
7283	0	40320	
7284	0	40532	
7285	0	40720	
7286	0	41468	
7287	0	40680	
7288	0	39792	
7289	0	39780	
7290	0	40276	
7291	0	41322	
7292	0	42612	
7293	0	43528	
7294	0	43992	
7295	0	44056	
7296	0	43180	
7297	0	42404	
7298	0	41852	
7299	0	41216	
7300	0	41128	
7301	0	41060	
7302	0	41112	
7303	0	41584	
7304	0	41672	
7305	0	41012	
7306	0	39396	
7307	0	37580	
7308	0	36292	
7309	0	35272	
7310	0	34804	
7311	0	34524	
7312	0	34888	
7313	0	35464	
7314	0	36392	
7315	0	37024	
7316	0	38128	
7317	0	38496	
7318	0	38316	
7319	0	38556	
7320	0	39268	
7321	0	39560	
7322	0	38936	
7323	0	37792	
7324	0	36648	
7325	0	36176	
7326	0	36416	
7327	0	36960	
7328	0	38288	
7329	0	39284	
7330	0	39224	
7331	0	39184	
7332	0	39448	
7333	0	39996	
7334	0	40072	
7335	0	39968	
7336	0	39404	
7337	0	39496	
7338	0	40032	
7339	0	40160	
7340	0	39748	
7341	0	38980	
7342	0	38252	
7343	0	37596	
7344	0	37140	
7345	0	37216	
7346	0	37104	
7347	0	36772	
7348	0	36260	
7349	0	36212	
7350	0	36896	
7351	0	37928	
7352	0	39072	
7353	0	40000	
7354	0	40844	
7355	0	42092	
7356	0	42576	
7357	0	42696	
7358	0	42032	
7359	0	41096	
7360	0	40608	
7361	0	40364	
7362	0	40384	
7363	0	39866	
7364	0	39380	
7365	0	38176	
7366	0	37348	
7367	0	37328	
7368	0	37428	
7369	0	36892	
7370	0	36104	
7371	0	36664	
7372	0	35898	
7373	0	34320	
7374	0	33364	
7375	0	33284	
7376	0	33636	
7377	0	35600	
7378	0	36608	
7379	0	35056	
7380	0	34124	
7381	0	33760	
7382	0	33096	
7383	0	32820	
7384	0	32700	
7385	0	32804	
7386	0	32848	
7387	0	33000	
7388	0	33160	
7389	0	33448	
7390	0	33712	
7391	0	34080	
7392	0	34812	
7393	0	35928	
7394	0	37004	
7395	0	38120	
7396	0	39100	
7397	0	40036	
7398	0	40632	
7399	0	40668	
7400	0	39600	
7401	0	37880	
7402	0	36668	
7403	0	36628	
7404	0	36544	
7405	0	36144	
7406	0	36046	
7407	0	36380	
7408	0	36324	
7409	0	35844	
7410	0	34920	
7411	0	34468	
7412	0	35072	
7413	0	35812	
7414	0	36076	
7415	0	36088	
7416	0	36000	
7417	0	36016	
7418	0	36212	
7419	0	36568	
7420	0	36836	
7421	0	37720	
7422	0	39400	
7423	0	39912	
7424	0	39256	
7425	0	37408	
7426	0	35616	
7427	0	33276	
7428	0	32016	
7429	0	31738	
7430	0	31420	
7431	0	30672	
7432	0	29290	
7433	0	29028	
7434	0	29344	
7435	0	30124	
7436	0	31745	
7437	0	32640	
7438	0	33168	
7439	0	33188	
7440	0	33256	
7441	0	33084	
7442	0	33504	
7443	0	33472	
7444	0	33496	
7445	0	33988	
7446	0	34996	
7447	0	36344	
7448	0	37800	
7449	0	38608	
7450	0	38644	
7451	0	38092	
7452	0	37604	
7453	0	37452	
7454	0	37568	
7455	0	37240	
7456	0	36556	
7457	0	35872	
7458	0	35572	
7459	0	35080	
7460	0	34560	
7461	0	34004	
7462	0	33084	
7463	0	32042	
7464	0	31616	
7465	0	31720	
7466	0	31712	
7467	0	31448	
7468	0	31344	
7469	0	31908	
7470	0	32692	
7471	0	33784	
7472	0	34752	
7473	0	35748	
7474	0	36512	
7475	0	36648	
7476	0	36584	
7477	0	36468	
7478	0	36776	
7479	0	36684	
7480	0	36140	
7481	0	35872	
7482	0	35508	
7483	0	35272	
7484	0	35200	
7485	0	34748	
7486	0	33960	
7487	0	33528	
7488	0	33440	
7489	0	33776	
7490	0	34792	
7491	0	35592	
7492	0	36284	
7493	0	37420	
7494	0	38284	
7495	0	38128	
7496	0	36724	
7497	0	35324	
7498	0	34144	
7499	0	33176	
7500	0	32204	
7501	0	31452	
7502	0	30145	
7503	0	28660	
7504	0	28192	
7505	0	28528	
7506	0	29552	
7507	0	30696	
7508	0	31864	
7509	0	32488	
7510	0	32792	
7511	0	33352	
7512	0	33804	
7513	0	34444	
7514	0	35640	
7515	0	36536	
7516	0	37000	
7517	0	36960	
7518	0	36544	
7519	0	36236	
7520	0	36016	
7521	0	35768	
7522	0	35020	
7523	0	34032	
7524	0	33544	
7525	0	33572	
7526	0	34200	
7527	0	35276	
7528	0	36052	
7529	0	36484	
7530	0	36832	
7531	0	36904	
7532	0	36664	
7533	0	36760	
7534	0	37384	
7535	0	38072	
7536	0	38736	
7537	0	38840	
7538	0	38156	
7539	0	37400	
7540	0	36688	
7541	0	35792	
7542	0	35188	
7543	0	34712	
7544	0	34156	
7545	0	33708	
7546	0	33484	
7547	0	33760	
7548	0	33940	
7549	0	33368	
7550	0	32968	
7551	0	32912	
7552	0	32996	
7553	0	33344	
7554	0	33004	
7555	0	32246	
7556	0	31844	
7557	0	32124	
7558	0	33112	
7559	0	34061	
7560	0	34446	
7561	0	34224	
7562	0	33848	
7563	0	33528	
7564	0	33204	
7565	0	32908	
7566	0	33448	
7567	0	34116	
7568	0	34652	
7569	0	34610	
7570	0	33880	
7571	0	33000	
7572	0	32708	
7573	0	33460	
7574	0	35332	
7575	0	36856	
7576	0	38036	
7577	0	38168	
7578	0	38000	
7579	0	37580	
7580	0	36680	
7581	0	35300	
7582	0	34032	
7583	0	33116	
7584	0	32212	
7585	0	31440	
7586	0	30672	
7587	0	29648	
7588	0	28960	
7589	0	28900	
7590	0	30280	
7591	0	31844	
7592	0	32264	
7593	0	31648	
7594	0	31152	
7595	0	31258	
7596	0	31872	
7597	0	32204	
7598	0	32536	
7599	0	32724	
7600	0	32548	
7601	0	33112	
7602	0	34208	
7603	0	35420	
7604	0	35128	
7605	0	33720	
7606	0	31774	
7607	0	30072	
7608	0	28240	
7609	0	27084	
7610	0	26865	
7611	0	27708	
7612	0	28865	
7613	0	30160	
7614	0	30808	
7615	0	30864	
7616	0	30824	
7617	0	30424	
7618	0	30492	
7619	0	30836	
7620	0	30844	
7621	0	30632	
7622	0	30724	
7623	0	30714	
7624	0	31700	
7625	0	32584	
7626	0	32768	
7627	0	31876	
7628	0	31452	
7629	0	31132	
7630	0	31488	
7631	0	31880	
7632	0	31976	
7633	0	32116	
7634	0	32236	
7635	0	32116	
7636	0	32240	
7637	0	32364	
7638	0	32460	
7639	0	32644	
7640	0	32304	
7641	0	31936	
7642	0	32028	
7643	0	32660	
7644	0	33536	
7645	0	34856	
7646	0	35672	
7647	0	36584	
7648	0	36800	
7649	0	35484	
7650	0	34616	
7651	0	34548	
7652	0	34568	
7653	0	34660	
7654	0	34404	
7655	0	34256	
7656	0	35348	
7657	0	36820	
7658	0	37052	
7659	0	36596	
7660	0	36420	
7661	0	37328	
7662	0	36832	
7663	0	36488	
7664	0	37244	
7665	0	37244	
7666	0	35996	
7667	0	35128	
7668	0	34880	
7669	0	35136	
7670	0	35924	
7671	0	35716	
7672	0	34808	
7673	0	33608	
7674	0	32752	
7675	0	32416	
7676	0	32980	
7677	0	33084	
7678	0	32702	
7679	0	33168	
7680	0	34424	
7681	0	35908	
7682	0	36664	
7683	0	37216	
7684	0	37400	
7685	0	37460	
7686	0	37084	
7687	0	37256	
7688	0	37608	
7689	0	37880	
7690	0	38144	
7691	0	37544	
7692	0	37160	
7693	0	36584	
7694	0	36666	
7695	0	37020	
7696	0	37640	
7697	0	38192	
7698	0	38792	
7699	0	38976	
7700	0	38856	
7701	0	39020	
7702	0	39328	
7703	0	39568	
7704	0	39404	
7705	0	39504	
7706	0	38696	
7707	0	37384	
7708	0	36292	
7709	0	35444	
7710	0	34656	
7711	0	34232	
7712	0	33872	
7713	0	33224	
7714	0	32868	
7715	0	33128	
7716	0	33180	
7717	0	33064	
7718	0	33434	
7719	0	34152	
7720	0	34556	
7721	0	34192	
7722	0	33184	
7723	0	32312	
7724	0	32208	
7725	0	32132	
7726	0	32117	
7727	0	32064	
7728	0	31948	
7729	0	31252	
7730	0	30816	
7731	0	31808	
7732	0	33712	
7733	0	34812	
7734	0	35160	
7735	0	35648	
7736	0	35880	
7737	0	35296	
7738	0	34324	
7739	0	33540	
7740	0	32608	
7741	0	32136	
7742	0	32368	
7743	0	32552	
7744	0	32516	
7745	0	32594	
7746	0	32730	
7747	0	33080	
7748	0	33188	
7749	0	33124	
7750	0	33280	
7751	0	33696	
7752	0	33560	
7753	0	33224	
7754	0	33044	
7755	0	32880	
7756	0	32336	
7757	0	31956	
7758	0	32296	
7759	0	32224	
7760	0	32136	
7761	0	30808	
7762	0	29600	
7763	0	28332	
7764	0	27660	
7765	0	27968	
7766	0	29188	
7767	0	30656	
7768	0	32684	
7769	0	34508	
7770	0	35376	
7771	0	34696	
7772	0	33868	
7773	0	33724	
7774	0	33508	
7775	0	33428	
7776	0	34124	
7777	0	34600	
7778	0	34900	
7779	0	35228	
7780	0	35404	
7781	0	35012	
7782	0	34768	
7783	0	34296	
7784	0	34156	
7785	0	33944	
7786	0	33804	
7787	0	33264	
7788	0	32784	
7789	0	32576	
7790	0	32120	
7791	0	31960	
7792	0	32484	
7793	0	33216	
7794	0	33636	
7795	0	33304	
7796	0	32984	
7797	0	33664	
7798	0	35312	
7799	0	37032	
7800	0	37544	
7801	0	36728	
7802	0	34944	
7803	0	33764	
7804	0	32896	
7805	0	32820	
7806	0	33176	
7807	0	33236	
7808	0	33280	
7809	0	33076	
7810	0	32616	
7811	0	32948	
7812	0	33632	
7813	0	34560	
7814	0	35708	
7815	0	36248	
7816	0	36148	
7817	0	36096	
7818	0	36058	
7819	0	36076	
7820	0	36360	
7821	0	37088	
7822	0	37904	
7823	0	38116	
7824	0	38076	
7825	0	38464	
7826	0	38128	
7827	0	37276	
7828	0	36848	
7829	0	36620	
7830	0	36744	
7831	0	37320	
7832	0	37756	
7833	0	38856	
7834	0	40472	
7835	0	41032	
7836	0	41068	
7837	0	40864	
7838	0	40040	
7839	0	39156	
7840	0	38440	
7841	0	37512	
7842	0	36144	
7843	0	35012	
7844	0	34644	
7845	0	34404	
7846	0	34624	
7847	0	35456	
7848	0	36772	
7849	0	37600	
7850	0	38364	
7851	0	38564	
7852	0	38392	
7853	0	38040	
7854	0	37192	
7855	0	36344	
7856	0	36320	
7857	0	36964	
7858	0	37768	
7859	0	37792	
7860	0	37204	
7861	0	36396	
7862	0	35340	
7863	0	34756	
7864	0	34664	
7865	0	34724	
7866	0	34312	
7867	0	34320	
7868	0	34272	
7869	0	33756	
7870	0	33460	
7871	0	33020	
7872	0	33296	
7873	0	34376	
7874	0	35276	
7875	0	35948	
7876	0	36420	
7877	0	36644	
7878	0	37124	
7879	0	37408	
7880	0	37516	
7881	0	37444	
7882	0	37572	
7883	0	37708	
7884	0	37760	
7885	0	37492	
7886	0	36876	
7887	0	36980	
7888	0	37256	
7889	0	37228	
7890	0	37004	
7891	0	36220	
7892	0	35188	
7893	0	34712	
7894	0	34804	
7895	0	35724	
7896	0	37140	
7897	0	37928	
7898	0	38224	
7899	0	37582	
7900	0	36412	
7901	0	35468	
7902	0	35488	
7903	0	36088	
7904	0	36148	
7905	0	35888	
7906	0	36704	
7907	0	37936	
7908	0	38472	
7909	0	38224	
7910	0	37956	
7911	0	37864	
7912	0	37660	
7913	0	38124	
7914	0	38500	
7915	0	38700	
7916	0	38504	
7917	0	38388	
7918	0	37628	
7919	0	37408	
7920	0	37772	
7921	0	38444	
7922	0	39444	
7923	0	40272	
7924	0	40072	
7925	0	40372	
7926	0	40452	
7927	0	39864	
7928	0	39276	
7929	0	38820	
7930	0	38688	
7931	0	38200	
7932	0	37372	
7933	0	37144	
7934	0	37720	
7935	0	37588	
7936	0	37616	
7937	0	37720	
7938	0	37944	
7939	0	37720	
7940	0	37288	
7941	0	36304	
7942	0	34968	
7943	0	34024	
7944	0	33832	
7945	0	34312	
7946	0	34988	
7947	0	34696	
7948	0	34004	
7949	0	33638	
7950	0	33536	
7951	0	33676	
7952	0	33948	
7953	0	34476	
7954	0	34712	
7955	0	34744	
7956	0	34512	
7957	0	34592	
7958	0	35084	
7959	0	35276	
7960	0	35104	
7961	0	34684	
7962	0	34128	
7963	0	34692	
7964	0	35684	
7965	0	36560	
7966	0	36764	
7967	0	36748	
7968	0	36956	
7969	0	36532	
7970	0	35724	
7971	0	34508	
7972	0	33632	
7973	0	33504	
7974	0	34096	
7975	0	34472	
7976	0	35172	
7977	0	35872	
7978	0	35720	
7979	0	35208	
7980	0	34616	
7981	0	34164	
7982	0	33436	
7983	0	32448	
7984	0	31712	
7985	0	31680	
7986	0	31968	
7987	0	32508	
7988	0	32930	
7989	0	33296	
7990	0	33508	
7991	0	33392	
7992	0	33472	
7993	0	33320	
7994	0	32884	
7995	0	32776	
7996	0	32464	
7997	0	32332	
7998	0	32312	
7999	0	32032	
8000	0	31880	
8001	0	31512	
8002	0	31544	
8003	0	32120	
8004	0	32668	
8005	0	32840	
8006	0	32544	
8007	0	31788	
8008	0	31234	
8009	0	31280	
8010	0	31388	
8011	0	31260	
8012	0	31480	
8013	0	32196	
8014	0	32328	
8015	0	32212	
8016	0	32040	
8017	0	32008	
8018	0	31856	
8019	0	31268	
8020	0	30920	
8021	0	30960	
8022	0	31796	
8023	0	32248	
8024	0	32280	
8025	0	32500	
8026	0	32521	
8027	0	31308	
8028	0	29816	
8029	0	28992	
8030	0	28988	
8031	0	29328	
8032	0	29480	
8033	0	29280	
8034	0	29572	
8035	0	29716	
8036	0	29660	
8037	0	30248	
8038	0	30512	
8039	0	30264	
8040	0	29904	
8041	0	29664	
8042	0	29712	
8043	0	30392	
8044	0	30380	
8045	0	30096	
8046	0	29550	
8047	0	29264	
8048	0	29772	
8049	0	30472	
8050	0	31392	
8051	0	32200	
8052	0	32448	
8053	0	32532	
8054	0	32616	
8055	0	32372	
8056	0	31952	
8057	0	31352	
8058	0	31276	
8059	0	31256	
8060	0	31312	
8061	0	32028	
8062	0	32464	
8063	0	32420	
8064	0	32756	
8065	0	32544	
8066	0	32034	
8067	0	31052	
8068	0	30128	
8069	0	29432	
8070	0	28912	
8071	0	28713	
8072	0	28560	
8073	0	28800	
8074	0	29328	
8075	0	30272	
8076	0	31520	
8077	0	32240	
8078	0	32008	
8079	0	32144	
8080	0	32768	
8081	0	33328	
8082	0	33724	
8083	0	34020	
8084	0	34308	
8085	0	34248	
8086	0	33784	
8087	0	33304	
8088	0	33338	
8089	0	32692	
8090	0	31472	
8091	0	30788	
8092	0	30896	
8093	0	31024	
8094	0	31072	
8095	0	31220	
8096	0	30980	
8097	0	30928	
8098	0	31896	
8099	0	32956	
8100	0	33752	
8101	0	34272	
8102	0	34324	
8103	0	34212	
8104	0	33780	
8105	0	32740	
8106	0	31392	
8107	0	30588	
8108	0	30160	
8109	0	30440	
8110	0	31484	
8111	0	32468	
8112	0	32308	
8113	0	32184	
8114	0	32180	
8115	0	32692	
8116	0	33672	
8117	0	34604	
8118	0	35372	
8119	0	35808	
8120	0	35860	
8121	0	35472	
8122	0	34968	
8123	0	34596	
8124	0	34608	
8125	0	35116	
8126	0	35932	
8127	0	36436	
8128	0	36824	
8129	0	36840	
8130	0	36264	
8131	0	35424	
8132	0	35212	
8133	0	34464	
8134	0	33364	
8135	0	32824	
8136	0	33348	
8137	0	34324	
8138	0	34852	
8139	0	35452	
8140	0	35780	
8141	0	35840	
8142	0	35288	
8143	0	34424	
8144	0	33496	
8145	0	32396	
8146	0	30880	
8147	0	29820	
8148	0	29190	
8149	0	28560	
8150	0	28380	
8151	0	28516	
8152	0	28024	
8153	0	27864	
8154	0	28608	
8155	0	29156	
8156	0	29752	
8157	0	29632	
8158	0	30048	
8159	0	30600	
8160	0	30240	
8161	0	29964	
8162	0	30124	
8163	0	30880	
8164	0	31128	
8165	0	31300	
8166	0	31744	
8167	0	32064	
8168	0	31748	
8169	0	31040	
8170	0	30312	
8171	0	29320	
8172	0	28128	
8173	0	27472	
8174	0	28244	
8175	0	29652	
8176	0	30720	
8177	0	30896	
8178	0	30844	
8179	0	30864	
8180	0	30580	
8181	0	30200	
8182	0	29712	
8183	0	29184	
8184	0	28868	
8185	0	28820	
8186	0	28496	
8187	0	28892	
8188	0	29774	
8189	0	31178	
8190	0	32700	
8191	0	33816	
8192	0	34508	
8193	0	35300	
8194	0	36040	
8195	0	36532	
8196	0	36480	
8197	0	36200	
8198	0	35680	
8199	0	35156	
8200	0	34032	
8201	0	32904	
8202	0	31880	
8203	0	31196	
8204	0	31268	
8205	0	31052	
8206	0	31220	
8207	0	31412	
8208	0	31964	
8209	0	32492	
8210	0	32252	
8211	0	31568	
8212	0	31400	
8213	0	31664	
8214	0	32296	
8215	0	33216	
8216	0	34380	
8217	0	35288	
8218	0	35472	
8219	0	34804	
8220	0	34192	
8221	0	33420	
8222	0	32432	
8223	0	31960	
8224	0	32344	
8225	0	32748	
8226	0	32116	
8227	0	31412	
8228	0	31544	
8229	0	32168	
8230	0	32288	
8231	0	31684	
8232	0	30840	
8233	0	29824	
8234	0	29488	
8235	0	29924	
8236	0	30476	
8237	0	30986	
8238	0	31920	
8239	0	32372	
8240	0	31976	
8241	0	31704	
8242	0	31820	
8243	0	31712	
8244	0	30668	
8245	0	29944	
8246	0	29540	
8247	0	28962	
8248	0	28216	
8249	0	27796	
8250	0	27776	
8251	0	27824	
8252	0	27672	
8253	0	27864	
8254	0	27912	
8255	0	28520	
8256	0	29608	
8257	0	30144	
8258	0	30036	
8259	0	30036	
8260	0	29708	
8261	0	29264	
8262	0	29070	
8263	0	28444	
8264	0	27994	
8265	0	27000	
8266	0	25421	
8267	0	23664	
8268	0	22112	
8269	0	21176	
8270	0	21396	
8271	0	22896	
8272	0	24504	
8273	0	25692	
8274	0	26676	
8275	0	27240	
8276	0	27700	
8277	0	28216	
8278	0	28524	
8279	0	28120	
8280	0	27688	
8281	0	27904	
8282	0	28248	
8283	0	28224	
8284	0	28844	
8285	0	29460	
8286	0	30004	
8287	0	30332	
8288	0	29932	
8289	0	28896	
8290	0	28140	
8291	0	27944	
8292	0	28612	
8293	0	29488	
8294	0	30340	
8295	0	30460	
8296	0	29704	
8297	0	29252	
8298	0	29520	
8299	0	29408	
8300	0	29640	
8301	0	29448	
8302	0	28832	
8303	0	28880	
8304	0	29048	
8305	0	28700	
8306	0	28676	
8307	0	28968	
8308	0	29792	
8309	0	30300	
8310	0	30344	
8311	0	30092	
8312	0	30568	
8313	0	31248	
8314	0	31644	
8315	0	32080	
8316	0	32288	
8317	0	32488	
8318	0	32020	
8319	0	30776	
8320	0	29456	
8321	0	28992	
8322	0	28692	
8323	0	28262	
8324	0	27468	
8325	0	27116	
8326	0	27288	
8327	0	28088	
8328	0	29500	
8329	0	30984	
8330	0	31900	
8331	0	31876	
8332	0	31312	
8333	0	29980	
8334	0	29064	
8335	0	29048	
8336	0	29836	
8337	0	30548	
8338	0	31528	
8339	0	32108	
8340	0	32408	
8341	0	32952	
8342	0	33672	
8343	0	34096	
8344	0	33480	
8345	0	32984	
8346	0	32508	
8347	0	32088	
8348	0	31940	
8349	0	31928	
8350	0	31932	
8351	0	31288	
8352	0	30272	
8353	0	29528	
8354	0	29216	
8355	0	29120	
8356	0	28634	
8357	0	28828	
8358	0	29144	
8359	0	29516	
8360	0	30784	
8361	0	31840	
8362	0	32384	
8363	0	32152	
8364	0	31312	
8365	0	31360	
8366	0	31884	
8367	0	32820	
8368	0	33844	
8369	0	34692	
8370	0	35848	
8371	0	36576	
8372	0	37000	
8373	0	37080	
8374	0	36784	
8375	0	36664	
8376	0	35944	
8377	0	35128	
8378	0	34714	
8379	0	34748	
8380	0	35316	
8381	0	36028	
8382	0	36488	
8383	0	36748	
8384	0	36416	
8385	0	34616	
8386	0	32716	
8387	0	31756	
8388	0	31648	
8389	0	31680	
8390	0	31508	
8391	0	31588	
8392	0	32404	
8393	0	33004	
8394	0	34036	
8395	0	34872	
8396	0	35664	
8397	0	36432	
8398	0	36220	
8399	0	35784	
8400	0	35152	
8401	0	34348	
8402	0	33824	
8403	0	33672	
8404	0	33500	
8405	0	33076	
8406	0	31924	
8407	0	30490	
8408	0	30356	
8409	0	31280	
8410	0	32652	
8411	0	33128	
8412	0	33416	
8413	0	33524	
8414	0	33440	
8415	0	32792	
8416	0	31816	
8417	0	30852	
8418	0	30424	
8419	0	30428	
8420	0	30838	
8421	0	31292	
8422	0	31828	
8423	0	32040	
8424	0	31392	
8425	0	31284	
8426	0	31628	
8427	0	31968	
8428	0	32752	
8429	0	33856	
8430	0	34856	
8431	0	35476	
8432	0	35596	
8433	0	35244	
8434	0	35084	
8435	0	34724	
8436	0	34376	
8437	0	34360	
8438	0	34948	
8439	0	35860	
8440	0	35836	
8441	0	35132	
8442	0	34944	
8443	0	34892	
8444	0	34984	
8445	0	35512	
8446	0	35496	
8447	0	34680	
8448	0	33800	
8449	0	33220	
8450	0	33312	
8451	0	32760	
8452	0	31992	
8453	0	31684	
8454	0	31888	
8455	0	32492	
8456	0	32988	
8457	0	33416	
8458	0	34100	
8459	0	34348	
8460	0	34280	
8461	0	34248	
8462	0	33944	
8463	0	33560	
8464	0	33348	
8465	0	32940	
8466	0	32036	
8467	0	32012	
8468	0	32076	
8469	0	32100	
8470	0	31888	
8471	0	31724	
8472	0	31200	
8473	0	30713	
8474	0	30900	
8475	0	31594	
8476	0	32056	
8477	0	31652	
8478	0	30864	
8479	0	30576	
8480	0	30812	
8481	0	30952	
8482	0	30656	
8483	0	29960	
8484	0	29480	
8485	0	29125	
8486	0	29456	
8487	0	29292	
8488	0	28296	
8489	0	27472	
8490	0	27220	
8491	0	26564	
8492	0	25624	
8493	0	25149	
8494	0	25232	
8495	0	25936	
8496	0	27584	
8497	0	29458	
8498	0	31064	
8499	0	31964	
8500	0	33012	
8501	0	34388	
8502	0	35412	
8503	0	36016	
8504	0	36568	
8505	0	36984	
8506	0	37068	
8507	0	36596	
8508	0	36504	
8509	0	36732	
8510	0	37300	
8511	0	37600	
8512	0	37488	
8513	0	36568	
8514	0	35008	
8515	0	34288	
8516	0	34240	
8517	0	34436	
8518	0	34152	
8519	0	33776	
8520	0	33756	
8521	0	33912	
8522	0	34620	
8523	0	34794	
8524	0	34400	
8525	0	33576	
8526	0	32320	
8527	0	30882	
8528	0	29576	
8529	0	28354	
8530	0	27968	
8531	0	28302	
8532	0	28504	
8533	0	28400	
8534	0	28600	
8535	0	29312	
8536	0	30496	
8537	0	31668	
8538	0	32652	
8539	0	33924	
8540	0	34304	
8541	0	34156	
8542	0	34200	
8543	0	34244	
8544	0	34716	
8545	0	35440	
8546	0	35836	
8547	0	36028	
8548	0	36128	
8549	0	35872	
8550	0	35844	
8551	0	35724	
8552	0	35440	
8553	0	35472	
8554	0	35872	
8555	0	36724	
8556	0	37284	
8557	0	37732	
8558	0	37704	
8559	0	36780	
8560	0	35784	
8561	0	35248	
8562	0	35144	
8563	0	35368	
8564	0	35312	
8565	0	34172	
8566	0	32436	
8567	0	31000	
8568	0	31068	
8569	0	32476	
8570	0	34812	
8571	0	37752	
8572	0	40908	
8573	0	43072	
8574	0	43720	
8575	0	42804	
8576	0	41640	
8577	0	40248	
8578	0	37832	
8579	0	35572	
8580	0	34488	
8581	0	33764	
8582	0	33296	
8583	0	33228	
8584	0	33196	
8585	0	32892	
8586	0	32640	
8587	0	32044	
8588	0	32544	
8589	0	33208	
8590	0	34440	
8591	0	36744	
8592	0	38872	
8593	0	40192	
8594	0	41216	
8595	0	41468	
8596	0	40564	
8597	0	39536	
8598	0	38540	
8599	0	38372	
8600	0	38616	
8601	0	39424	
8602	0	40540	
8603	0	41732	
8604	0	42924	
8605	0	44568	
8606	0	45524	
8607	0	45912	
8608	0	45648	
8609	0	44772	
8610	0	43472	
8611	0	42592	
8612	0	42032	
8613	0	42624	
8614	0	43808	
8615	0	44312	
8616	0	44680	
8617	0	45020	
8618	0	44712	
8619	0	44432	
8620	0	43472	
8621	0	42492	
8622	0	42044	
8623	0	42260	
8624	0	42316	
8625	0	41632	
8626	0	40576	
8627	0	39516	
8628	0	39392	
8629	0	39796	
8630	0	40556	
8631	0	41080	
8632	0	41240	
8633	0	42024	
8634	0	42544	
8635	0	43348	
8636	0	45132	
8637	0	46416	
8638	0	46336	
8639	0	45428	
8640	0	44308	
8641	0	43708	
8642	0	43928	
8643	0	43796	
8644	0	43916	
8645	0	43852	
8646	0	43520	
8647	0	43552	
8648	0	43568	
8649	0	42964	
8650	0	41680	
8651	0	40064	
8652	0	39240	
8653	0	38812	
8654	0	38880	
8655	0	38796	
8656	0	38348	
8657	0	37752	
8658	0	37860	
8659	0	38804	
8660	0	40204	
8661	0	41176	
8662	0	41668	
8663	0	41288	
8664	0	40520	
8665	0	39440	
8666	0	38540	
8667	0	38412	
8668	0	38404	
8669	0	38000	
8670	0	38456	
8671	0	39428	
8672	0	40872	
8673	0	41888	
8674	0	43084	
8675	0	43748	
8676	0	43600	
8677	0	43364	
8678	0	43416	
8679	0	43864	
8680	0	44304	
8681	0	44596	
8682	0	44776	
8683	0	45068	
8684	0	45164	
8685	0	44352	
8686	0	42796	
8687	0	40820	
8688	0	38800	
8689	0	37088	
8690	0	35576	
8691	0	34540	
8692	0	34356	
8693	0	34576	
8694	0	34436	
8695	0	33792	
8696	0	33908	
8697	0	34512	
8698	0	34988	
8699	0	35294	
8700	0	35352	
8701	0	35528	
8702	0	35748	
8703	0	35820	
8704	0	35644	
8705	0	35336	
8706	0	34688	
8707	0	33912	
8708	0	33072	
8709	0	32344	
8710	0	31740	
8711	0	31376	
8712	0	32088	
8713	0	33832	
8714	0	35256	
8715	0	36040	
8716	0	35868	
8717	0	35768	
8718	0	35588	
8719	0	35316	
8720	0	34960	
8721	0	34704	
8722	0	34880	
8723	0	34024	
8724	0	32540	
8725	0	30860	
8726	0	29920	
8727	0	30176	
8728	0	30756	
8729	0	31404	
8730	0	32100	
8731	0	32332	
8732	0	32348	
8733	0	32034	
8734	0	31820	
8735	0	31964	
8736	0	32212	
8737	0	32504	
8738	0	33140	
8739	0	33748	
8740	0	33372	
8741	0	32036	
8742	0	30980	
8743	0	29676	
8744	0	28420	
8745	0	27780	
8746	0	27004	
8747	0	26520	
8748	0	26448	
8749	0	26592	
8750	0	27160	
8751	0	27972	
8752	0	28788	
8753	0	29412	
8754	0	29784	
8755	0	29936	
8756	0	30298	
8757	0	30600	
8758	0	30848	
8759	0	31364	
8760	0	31884	
8761	0	33148	
8762	0	34106	
8763	0	34556	
8764	0	34828	
8765	0	34832	
8766	0	34490	
8767	0	33900	
8768	0	33284	
8769	0	32384	
8770	0	30996	
8771	0	29608	
8772	0	29440	
8773	0	29608	
8774	0	29848	
8775	0	30356	
8776	0	31132	
8777	0	32020	
8778	0	32932	
8779	0	33488	
8780	0	33864	
8781	0	34320	
8782	0	34628	
8783	0	34436	
8784	0	33700	
8785	0	32388	
8786	0	31496	
8787	0	30968	
8788	0	30840	
8789	0	30776	
8790	0	30744	
8791	0	30744	
8792	0	30704	
8793	0	30284	
8794	0	29360	
8795	0	29260	
8796	0	28836	
8797	0	28120	
8798	0	28632	
8799	0	29456	
8800	0	29920	
8801	0	29648	
8802	0	28992	
8803	0	28864	
8804	0	29116	
8805	0	30344	
8806	0	31984	
8807	0	33504	
8808	0	34720	
8809	0	34936	
8810	0	34384	
8811	0	34640	
8812	0	35288	
8813	0	35504	
8814	0	35524	
8815	0	35784	
8816	0	35976	
8817	0	36272	
8818	0	36772	
8819	0	36828	
8820	0	36460	
8821	0	35528	
8822	0	34244	
8823	0	32316	
8824	0	30344	
8825	0	28660	
8826	0	27976	
8827	0	27672	
8828	0	27652	
8829	0	27640	
8830	0	27920	
8831	0	28816	
8832	0	29768	
8833	0	30580	
8834	0	31168	
8835	0	31428	
8836	0	31368	
8837	0	31020	
8838	0	31228	
8839	0	31448	
8840	0	31452	
8841	0	31744	
8842	0	32284	
8843	0	34028	
8844	0	35404	
8845	0	35872	
8846	0	35824	
8847	0	35412	
8848	0	34440	
8849	0	33904	
8850	0	33728	
8851	0	33740	
8852	0	33432	
8853	0	33060	
8854	0	32784	
8855	0	32812	
8856	0	32396	
8857	0	31976	
8858	0	31912	
8859	0	31936	
8860	0	31896	
8861	0	31240	
8862	0	30024	
8863	0	28660	
8864	0	27920	
8865	0	28064	
8866	0	29112	
8867	0	30268	
8868	0	30788	
8869	0	30688	
8870	0	30720	
8871	0	30852	
8872	0	30800	
8873	0	30524	
8874	0	30040	
8875	0	30060	
8876	0	30672	
8877	0	31428	
8878	0	32084	
8879	0	31972	
8880	0	31752	
8881	0	31548	
8882	0	30892	
8883	0	30072	
8884	0	29752	
8885	0	29832	
8886	0	29136	
8887	0	28304	
8888	0	27776	
8889	0	27088	
8890	0	26769	
8891	0	26658	
8892	0	27180	
8893	0	28652	
8894	0	29944	
8895	0	30572	
8896	0	30904	
8897	0	31172	
8898	0	30508	
8899	0	30192	
8900	0	30288	
8901	0	30628	
8902	0	30140	
8903	0	29244	
8904	0	28248	
8905	0	26356	
8906	0	24132	
8907	0	22032	
8908	0	20796	
8909	0	20280	
8910	0	21024	
8911	0	22552	
8912	0	23952	
8913	0	24632	
8914	0	23924	
8915	0	22792	
8916	0	22508	
8917	0	22294	
8918	0	21684	
8919	0	21500	
8920	0	22112	
8921	0	22816	
8922	0	23216	
8923	0	24188	
8924	0	25804	
8925	0	27064	
8926	0	28056	
8927	0	28772	
8928	0	29408	
8929	0	29472	
8930	0	28660	
8931	0	28148	
8932	0	28156	
8933	0	28768	
8934	0	29704	
8935	0	30056	
8936	0	30360	
8937	0	30424	
8938	0	30696	
8939	0	31152	
8940	0	31408	
8941	0	31852	
8942	0	32064	
8943	0	32376	
8944	0	32640	
8945	0	32532	
8946	0	32432	
8947	0	31812	
8948	0	31052	
8949	0	30824	
8950	0	30936	
8951	0	31388	
8952	0	31856	
8953	0	32372	
8954	0	32696	
8955	0	32684	
8956	0	33160	
8957	0	33828	
8958	0	34184	
8959	0	34352	
8960	0	35468	
8961	0	36436	
8962	0	36544	
8963	0	36040	
8964	0	35736	
8965	0	35373	
8966	0	34576	
8967	0	33496	
8968	0	33408	
8969	0	33092	
8970	0	32260	
8971	0	31824	
8972	0	31892	
8973	0	31384	
8974	0	31016	
8975	0	29992	
8976	0	28702	
8977	0	26912	
8978	0	25100	
8979	0	23888	
8980	0	23012	
8981	0	22736	
8982	0	22976	
8983	0	23810	
8984	0	24969	
8985	0	26332	
8986	0	28096	
8987	0	29612	
8988	0	31080	
8989	0	31544	
8990	0	31344	
8991	0	30292	
8992	0	29080	
8993	0	28128	
8994	0	27176	
8995	0	26220	
8996	0	25044	
8997	0	24004	
8998	0	23060	
8999	0	22144	
9000	0	22021	
9001	0	22968	
9002	0	24308	
9003	0	24660	
9004	0	25320	
9005	0	26928	
9006	0	27624	
9007	0	27276	
9008	0	26400	
9009	0	25476	
9010	0	25212	
9011	0	25296	
9012	0	25448	
9013	0	25060	
9014	0	25076	
9015	0	25324	
9016	0	25314	
9017	0	25368	
9018	0	25177	
9019	0	25516	
9020	0	26260	
9021	0	26672	
9022	0	26044	
9023	0	24900	
9024	0	24092	
9025	0	23720	
9026	0	23888	
9027	0	24798	
9028	0	25992	
9029	0	27168	
9030	0	28344	
9031	0	29732	
9032	0	30976	
9033	0	32704	
9034	0	34100	
9035	0	35424	
9036	0	36248	
9037	0	36628	
9038	0	36144	
9039	0	35016	
9040	0	33722	
9041	0	32612	
9042	0	31248	
9043	0	30168	
9044	0	29208	
9045	0	27924	
9046	0	27612	
9047	0	27700	
9048	0	28252	
9049	0	29440	
9050	0	30740	
9051	0	31932	
9052	0	32568	
9053	0	33128	
9054	0	33884	
9055	0	34784	
9056	0	34656	
9057	0	33952	
9058	0	32500	
9059	0	31064	
9060	0	29532	
9061	0	28560	
9062	0	27984	
9063	0	28690	
9064	0	30160	
9065	0	31728	
9066	0	33324	
9067	0	35168	
9068	0	36304	
9069	0	35740	
9070	0	33888	
9071	0	31296	
9072	0	28304	
9073	0	26068	
9074	0	25348	
9075	0	25580	
9076	0	26460	
9077	0	27396	
9078	0	28752	
9079	0	30732	
9080	0	32032	
9081	0	32356	
9082	0	32232	
9083	0	31544	
9084	0	30528	
9085	0	31252	
9086	0	31360	
9087	0	30944	
9088	0	31088	
9089	0	31504	
9090	0	31812	
9091	0	31896	
9092	0	31964	
9093	0	32136	
9094	0	32536	
9095	0	33012	
9096	0	33292	
9097	0	32760	
9098	0	31672	
9099	0	30436	
9100	0	29160	
9101	0	28044	
9102	0	27368	
9103	0	27248	
9104	0	27912	
9105	0	29084	
9106	0	29542	
9107	0	29080	
9108	0	28900	
9109	0	29116	
9110	0	29116	
9111	0	29388	
9112	0	29684	
9113	0	28936	
9114	0	28368	
9115	0	27620	
9116	0	26544	
9117	0	26148	
9118	0	26576	
9119	0	27544	
9120	0	28740	
9121	0	29632	
9122	0	30208	
9123	0	30388	
9124	0	30576	
9125	0	30928	
9126	0	30520	
9127	0	30324	
9128	0	32032	
9129	0	35248	
9130	0	37864	
9131	0	37248	
9132	0	34124	
9133	0	30984	
9134	0	28888	
9135	0	28300	
9136	0	29072	
9137	0	29624	
9138	0	29676	
9139	0	29920	
9140	0	30980	
9141	0	31776	
9142	0	31440	
9143	0	30568	
9144	0	29604	
9145	0	28968	
9146	0	27708	
9147	0	26612	
9148	0	26548	
9149	0	28040	
9150	0	29528	
9151	0	30736	
9152	0	32968	
9153	0	35456	
9154	0	38024	
9155	0	40648	
9156	0	42988	
9157	0	44596	
9158	0	44976	
9159	0	44776	
9160	0	44120	
9161	0	43136	
9162	0	41512	
9163	0	40512	
9164	0	40004	
9165	0	39552	
9166	0	39472	
9167	0	40008	
9168	0	40668	
9169	0	41100	
9170	0	40984	
9171	0	40488	
9172	0	39960	
9173	0	38696	
9174	0	37672	
9175	0	37744	
9176	0	38488	
9177	0	38688	
9178	0	38488	
9179	0	39056	
9180	0	40112	
9181	0	40960	
9182	0	41348	
9183	0	41216	
9184	0	40940	
9185	0	41272	
9186	0	41896	
9187	0	42528	
9188	0	42816	
9189	0	44096	
9190	0	44296	
9191	0	43148	
9192	0	41804	
9193	0	40684	
9194	0	39608	
9195	0	38952	
9196	0	38712	
9197	0	38848	
9198	0	38840	
9199	0	38236	
9200	0	36756	
9201	0	35256	
9202	0	34136	
9203	0	33296	
9204	0	32116	
9205	0	32216	
9206	0	33092	
9207	0	33996	
9208	0	35016	
9209	0	36280	
9210	0	36832	
9211	0	36728	
9212	0	36976	
9213	0	37696	
9214	0	38072	
9215	0	38132	
9216	0	37408	
9217	0	36784	
9218	0	35976	
9219	0	35700	
9220	0	36428	
9221	0	37400	
9222	0	37832	
9223	0	38664	
9224	0	38896	
9225	0	38240	
9226	0	38016	
9227	0	38200	
9228	0	39208	
9229	0	40392	
9230	0	40184	
9231	0	39268	
9232	0	38724	
9233	0	38212	
9234	0	38256	
9235	0	38808	
9236	0	39444	
9237	0	40024	
9238	0	40128	
9239	0	39868	
9240	0	38468	
9241	0	36404	
9242	0	35072	
9243	0	34616	
9244	0	34524	
9245	0	34336	
9246	0	32920	
9247	0	31276	
9248	0	29844	
9249	0	29452	
9250	0	30304	
9251	0	32080	
9252	0	34376	
9253	0	36200	
9254	0	37840	
9255	0	39600	
9256	0	40944	
9257	0	41352	
9258	0	41560	
9259	0	41236	
9260	0	40480	
9261	0	39752	
9262	0	39216	
9263	0	38596	
9264	0	37724	
9265	0	36736	
9266	0	36068	
9267	0	35020	
9268	0	33836	
9269	0	33392	
9270	0	33488	
9271	0	33984	
9272	0	33844	
9273	0	33264	
9274	0	32880	
9275	0	32524	
9276	0	32468	
9277	0	32736	
9278	0	33020	
9279	0	33208	
9280	0	33432	
9281	0	34180	
9282	0	35066	
9283	0	35840	
9284	0	36224	
9285	0	35948	
9286	0	35180	
9287	0	35020	
9288	0	34800	
9289	0	34284	
9290	0	33408	
9291	0	32948	
9292	0	33160	
9293	0	32920	
9294	0	32832	
9295	0	32252	
9296	0	32140	
9297	0	32056	
9298	0	31716	
9299	0	32008	
9300	0	33944	
9301	0	35216	
9302	0	35176	
9303	0	35300	
9304	0	34792	
9305	0	33568	
9306	0	32512	
9307	0	31596	
9308	0	30572	
9309	0	29404	
9310	0	28768	
9311	0	28972	
9312	0	29260	
9313	0	29432	
9314	0	30308	
9315	0	31976	
9316	0	33652	
9317	0	34704	
9318	0	35068	
9319	0	34808	
9320	0	34144	
9321	0	33796	
9322	0	33488	
9323	0	32944	
9324	0	32376	
9325	0	32640	
9326	0	33232	
9327	0	33736	
9328	0	33872	
9329	0	33316	
9330	0	32368	
9331	0	31124	
9332	0	29780	
9333	0	28588	
9334	0	27880	
9335	0	26952	
9336	0	25936	
9337	0	25172	
9338	0	24928	
9339	0	25100	
9340	0	25952	
9341	0	27436	
9342	0	29524	
9343	0	32020	
9344	0	32848	
9345	0	32940	
9346	0	32892	
9347	0	32596	
9348	0	32176	
9349	0	30604	
9350	0	28624	
9351	0	27412	
9352	0	26652	
9353	0	26253	
9354	0	26388	
9355	0	27612	
9356	0	29372	
9357	0	31152	
9358	0	31984	
9359	0	32148	
9360	0	31920	
9361	0	31552	
9362	0	31552	
9363	0	32232	
9364	0	32624	
9365	0	33324	
9366	0	34104	
9367	0	34944	
9368	0	35260	
9369	0	35928	
9370	0	36794	
9371	0	36372	
9372	0	35004	
9373	0	33624	
9374	0	32852	
9375	0	32824	
9376	0	32444	
9377	0	33016	
9378	0	33944	
9379	0	33908	
9380	0	33472	
9381	0	32468	
9382	0	31372	
9383	0	30466	
9384	0	30208	
9385	0	30752	
9386	0	31400	
9387	0	32020	
9388	0	32928	
9389	0	34260	
9390	0	34812	
9391	0	34920	
9392	0	35200	
9393	0	35056	
9394	0	34812	
9395	0	34724	
9396	0	34394	
9397	0	33488	
9398	0	32636	
9399	0	32584	
9400	0	32864	
9401	0	33036	
9402	0	33308	
9403	0	33160	
9404	0	32920	
9405	0	32312	
9406	0	31608	
9407	0	31256	
9408	0	31652	
9409	0	32416	
9410	0	32776	
9411	0	32500	
9412	0	31884	
9413	0	31208	
9414	0	30984	
9415	0	31168	
9416	0	31572	
9417	0	31928	
9418	0	31784	
9419	0	31620	
9420	0	31460	
9421	0	31200	
9422	0	31124	
9423	0	31160	
9424	0	30636	
9425	0	29852	
9426	0	29054	
9427	0	28564	
9428	0	27224	
9429	0	26092	
9430	0	25028	
9431	0	24236	
9432	0	24172	
9433	0	24804	
9434	0	26028	
9435	0	27388	
9436	0	28168	
9437	0	28108	
9438	0	29480	
9439	0	31232	
9440	0	32836	
9441	0	33564	
9442	0	34228	
9443	0	34556	
9444	0	34620	
9445	0	34836	
9446	0	34768	
9447	0	33588	
9448	0	32336	
9449	0	32388	
9450	0	32168	
9451	0	32120	
9452	0	32380	
9453	0	32992	
9454	0	33592	
9455	0	34240	
9456	0	34252	
9457	0	34112	
9458	0	35080	
9459	0	36240	
9460	0	37016	
9461	0	37308	
9462	0	36896	
9463	0	36820	
9464	0	37076	
9465	0	36528	
9466	0	34912	
9467	0	33188	
9468	0	31340	
9469	0	30112	
9470	0	29748	
9471	0	30204	
9472	0	30968	
9473	0	31524	
9474	0	31824	
9475	0	31968	
9476	0	32724	
9477	0	33400	
9478	0	33708	
9479	0	34004	
9480	0	33772	
9481	0	33064	
9482	0	32808	
9483	0	33324	
9484	0	34452	
9485	0	35640	
9486	0	36520	
9487	0	37176	
9488	0	37268	
9489	0	37064	
9490	0	36724	
9491	0	36432	
9492	0	35824	
9493	0	35048	
9494	0	35100	
9495	0	37016	
9496	0	39360	
9497	0	40900	
9498	0	39380	
9499	0	36328	
9500	0	33540	
9501	0	32124	
9502	0	31752	
9503	0	31104	
9504	0	30788	
9505	0	30268	
9506	0	29576	
9507	0	29536	
9508	0	29252	
9509	0	30304	
9510	0	32440	
9511	0	35292	
9512	0	38196	
9513	0	40132	
9514	0	41084	
9515	0	40240	
9516	0	38664	
9517	0	37136	
9518	0	36652	
9519	0	36496	
9520	0	36408	
9521	0	36468	
9522	0	37300	
9523	0	38288	
9524	0	39564	
9525	0	39972	
9526	0	39528	
9527	0	39096	
9528	0	38316	
9529	0	37940	
9530	0	37488	
9531	0	37352	
9532	0	37924	
9533	0	38180	
9534	0	37216	
9535	0	35196	
9536	0	31500	
9537	0	28136	
9538	0	24408	
9539	0	20960	
9540	0	18402	
9541	0	17316	
9542	0	17116	
9543	0	17942	
9544	0	19480	
9545	0	21300	
9546	0	22348	
9547	0	22120	
9548	0	21364	
9549	0	20652	
9550	0	19828	
9551	0	19916	
9552	0	20488	
9553	0	21340	
9554	0	22394	
9555	0	23008	
9556	0	22932	
9557	0	22628	
9558	0	22408	
9559	0	21846	
9560	0	21400	
9561	0	21584	
9562	0	22036	
9563	0	22704	
9564	0	23416	
9565	0	24596	
9566	0	25352	
9567	0	25928	
9568	0	26940	
9569	0	27396	
9570	0	27636	
9571	0	27344	
9572	0	26558	
9573	0	26004	
9574	0	26344	
9575	0	27312	
9576	0	28424	
9577	0	27916	
9578	0	26824	
9579	0	26176	
9580	0	25898	
9581	0	25888	
9582	0	26176	
9583	0	25872	
9584	0	24620	
9585	0	23706	
9586	0	23872	
9587	0	24448	
9588	0	25152	
9589	0	25672	
9590	0	26018	
9591	0	26184	
9592	0	26420	
9593	0	26788	
9594	0	27076	
9595	0	27408	
9596	0	28036	
9597	0	28216	
9598	0	28188	
9599	0	28148	
9600	0	27652	
9601	0	26836	
9602	0	26096	
9603	0	25512	
9604	0	24808	
9605	0	24556	
9606	0	24572	
9607	0	24486	
9608	0	25184	
9609	0	25832	
9610	0	25968	
9611	0	25992	
9612	0	25012	
9613	0	24576	
9614	0	24984	
9615	0	25592	
9616	0	25996	
9617	0	26228	
9618	0	26400	
9619	0	26236	
9620	0	26042	
9621	0	27112	
9622	0	28356	
9623	0	29588	
9624	0	30288	
9625	0	31012	
9626	0	31424	
9627	0	30968	
9628	0	29776	
9629	0	28556	
9630	0	28176	
9631	0	28444	
9632	0	28744	
9633	0	29576	
9634	0	31124	
9635	0	32052	
9636	0	32164	
9637	0	31812	
9638	0	30560	
9639	0	29658	
9640	0	29436	
9641	0	28756	
9642	0	28112	
9643	0	28388	
9644	0	29056	
9645	0	30120	
9646	0	31004	
9647	0	31504	
9648	0	32020	
9649	0	31776	
9650	0	31136	
9651	0	30912	
9652	0	31896	
9653	0	32780	
9654	0	33200	
9655	0	33880	
9656	0	35116	
9657	0	35752	
9658	0	35876	
9659	0	35424	
9660	0	34424	
9661	0	32856	
9662	0	31041	
9663	0	29848	
9664	0	29158	
9665	0	28956	
9666	0	29324	
9667	0	29444	
9668	0	29696	
9669	0	30064	
9670	0	29688	
9671	0	29264	
9672	0	29388	
9673	0	29924	
9674	0	30760	
9675	0	31996	
9676	0	32852	
9677	0	33466	
9678	0	34940	
9679	0	35896	
9680	0	36512	
9681	0	37192	
9682	0	37400	
9683	0	36596	
9684	0	34988	
9685	0	33228	
9686	0	32048	
9687	0	31968	
9688	0	31848	
9689	0	31176	
9690	0	30400	
9691	0	29108	
9692	0	28400	
9693	0	28236	
9694	0	29164	
9695	0	30996	
9696	0	33668	
9697	0	36088	
9698	0	37684	
9699	0	39248	
9700	0	40040	
9701	0	39424	
9702	0	38752	
9703	0	38564	
9704	0	38212	
9705	0	37320	
9706	0	35816	
9707	0	34232	
9708	0	33064	
9709	0	32976	
9710	0	32636	
9711	0	32380	
9712	0	32156	
9713	0	31896	
9714	0	32288	
9715	0	33116	
9716	0	33480	
9717	0	33232	
9718	0	32868	
9719	0	33308	
9720	0	33616	
9721	0	33816	
9722	0	33700	
9723	0	32872	
9724	0	32476	
9725	0	32068	
9726	0	31276	
9727	0	30088	
9728	0	28960	
9729	0	27644	
9730	0	26072	
9731	0	24716	
9732	0	23940	
9733	0	23648	
9734	0	24212	
9735	0	25520	
9736	0	27188	
9737	0	28588	
9738	0	29556	
9739	0	30476	
9740	0	31064	
9741	0	31528	
9742	0	32856	
9743	0	34352	
9744	0	34852	
9745	0	34380	
9746	0	34036	
9747	0	33400	
9748	0	32156	
9749	0	30860	
9750	0	29568	
9751	0	28656	
9752	0	28392	
9753	0	28788	
9754	0	29480	
9755	0	30488	
9756	0	31704	
9757	0	32484	
9758	0	33240	
9759	0	33824	
9760	0	34456	
9761	0	35196	
9762	0	35432	
9763	0	36288	
9764	0	37136	
9765	0	37292	
9766	0	37564	
9767	0	37780	
9768	0	37976	
9769	0	37696	
9770	0	35948	
9771	0	34312	
9772	0	33032	
9773	0	31748	
9774	0	30916	
9775	0	30560	
9776	0	30904	
9777	0	32264	
9778	0	33214	
9779	0	34065	
9780	0	34584	
9781	0	34912	
9782	0	35188	
9783	0	35616	
9784	0	36108	
9785	0	36992	
9786	0	38224	
9787	0	38884	
9788	0	39360	
9789	0	39516	
9790	0	39360	
9791	0	39532	
9792	0	40264	
9793	0	41416	
9794	0	43496	
9795	0	45992	
9796	0	47060	
9797	0	46556	
9798	0	46160	
9799	0	47048	
9800	0	50416	
9801	0	52340	
9802	0	51392	
9803	0	48536	
9804	0	44340	
9805	0	40992	
9806	0	40256	
9807	0	42104	
9808	0	44328	
9809	0	46016	
9810	0	46976	
9811	0	47784	
9812	0	48344	
9813	0	49596	
9814	0	49852	
9815	0	49048	
9816	0	47972	
9817	0	46352	
9818	0	45048	
9819	0	44408	
9820	0	44416	
9821	0	46040	
9822	0	48556	
9823	0	51812	
9824	0	54680	
9825	0	56664	
9826	0	57468	
9827	0	57488	
9828	0	56252	
9829	0	54608	
9830	0	52536	
9831	0	50668	
9832	0	48548	
9833	0	46096	
9834	0	45000	
9835	0	45824	
9836	0	47892	
9837	0	50164	
9838	0	52592	
9839	0	54196	
9840	0	56584	
9841	0	58696	
9842	0	60200	
9843	0	60756	
9844	0	60152	
9845	0	59144	
9846	0	59124	
9847	0	61312	
9848	0	64380	
9849	0	65440	
9850	0	64352	
9851	0	63440	
9852	0	63436	
9853	0	64288	
9854	0	65472	
9855	0	65480	
9856	0	65472	
9857	0	65472	
9858	0	65472	
9859	0	65480	
9860	0	65480	
9861	0	65476	
9862	0	65476	
9863	0	65480	
9864	0	65480	
9865	0	65472	
9866	0	63448	
9867	0	63624	
9868	0	63120	
9869	0	61972	
9870	0	61072	
9871	0	60308	
9872	0	59436	
9873	0	58712	
9874	0	58560	
9875	0	58560	
9876	0	57976	
9877	0	57728	
9878	0	57200	
9879	0	56684	
9880	0	56148	
9881	0	55496	
9882	0	54956	
9883	0	55056	
9884	0	55304	
9885	0	54940	
9886	0	54552	
9887	0	53192	
9888	0	51032	
9889	0	48832	
9890	0	46120	
9891	0	43488	
9892	0	41216	
9893	0	39296	
9894	0	38264	
9895	0	37508	
9896	0	38088	
9897	0	40012	
9898	0	42880	
9899	0	44872	
9900	0	45176	
9901	0	44964	
9902	0	44508	
9903	0	43364	
9904	0	42340	
9905	0	41672	
9906	0	41160	
9907	0	40580	
9908	0	39732	
9909	0	38680	
9910	0	37780	
9911	0	36904	
9912	0	35944	
9913	0	35496	
9914	0	35824	
9915	0	36384	
9916	0	36244	
9917	0	35012	
9918	0	33288	
9919	0	31464	
9920	0	30140	
9921	0	29136	
9922	0	28296	
9923	0	28396	
9924	0	28792	
9925	0	28312	
9926	0	28098	
9927	0	27704	
9928	0	26980	
9929	0	26148	
9930	0	24908	
9931	0	23548	
9932	0	22280	
9933	0	21642	
9934	0	20870	
9935	0	19782	
9936	0	18560	
9937	0	17393	
9938	0	16600	
9939	0	16252	
9940	0	15932	
9941	0	15488	
9942	0	15282	
9943	0	15056	
9944	0	14768	
9945	0	14940	
9946	0	15516	
9947	0	16464	
9948	0	17566	
9949	0	18584	
9950	0	18784	
9951	0	18658	
9952	0	18644	
9953	0	19032	
9954	0	19312	
9955	0	19088	
9956	0	18746	
9957	0	18468	
9958	0	18784	
9959	0	19744	
9960	0	21824	
9961	0	22928	
9962	0	22648	
9963	0	21608	
9964	0	20852	
9965	0	20016	
9966	0	19128	
9967	0	17968	
9968	0	16888	
9969	0	16080	
9970	0	15964	
9971	0	15944	
9972	0	16032	
9973	0	15946	
9974	0	15902	
9975	0	16348	
9976	0	17074	
9977	0	16952	
9978	0	15819	
9979	0	15314	
9980	0	15944	
9981	0	17268	
9982	0	18664	
9983	0	20066	
9984	0	20868	
9985	0	20578	
9986	0	19596	
9987	0	19266	
9988	0	19680	
9989	0	19776	
9990	0	19896	
9991	0	19888	
9992	0	19944	
9993	0	20336	
9994	0	20621	
9995	0	20285	
9996	0	19441	
9997	0	19036	
9998	0	19092	
9999	0	19626	
10000	0	20252	
10001	0	20336	
10002	0	20800	
10003	0	21496	
10004	0	21896	
10005	0	21614	
10006	0	21564	
10007	0	22092	
10008	0	22560	
10009	0	22745	
10010	0	22936	
10011	0	23352	
10012	0	24064	
10013	0	24856	
10014	0	25124	
10015	0	24896	
10016	0	24624	
10017	0	23850	
10018	0	23178	
10019	0	23386	
10020	0	23404	
10021	0	23344	
10022	0	23228	
10023	0	23038	
10024	0	22382	
10025	0	21232	
10026	0	20058	
10027	0	18768	
10028	0	18228	
10029	0	17740	
10030	0	16748	
10031	0	15716	
10032	0	15432	
10033	0	16128	
10034	0	17900	
10035	0	19432	
10036	0	20020	
10037	0	20057	
10038	0	20582	
10039	0	21744	
10040	0	23312	
10041	0	25244	
10042	0	26884	
10043	0	28176	
10044	0	28828	
10045	0	29044	
10046	0	28628	
10047	0	27956	
10048	0	27596	
10049	0	27496	
10050	0	27468	
10051	0	27532	
10052	0	27908	
10053	0	29108	
10054	0	30112	
10055	0	30236	
10056	0	30028	
10057	0	30002	
10058	0	29992	
10059	0	30324	
10060	0	30552	
10061	0	30388	
10062	0	29656	
10063	0	28984	
10064	0	28272	
10065	0	28296	
10066	0	28568	
10067	0	28596	
10068	0	28622	
10069	0	28996	
10070	0	29512	
10071	0	29844	
10072	0	29360	
10073	0	28728	
10074	0	28288	
10075	0	28428	
10076	0	28364	
10077	0	28272	
10078	0	28588	
10079	0	28732	
10080	0	28544	
10081	0	28384	
10082	0	28464	
10083	0	28418	
10084	0	27744	
10085	0	27248	
10086	0	27104	
10087	0	27184	
10088	0	27368	
10089	0	27712	
10090	0	27856	
10091	0	27596	
10092	0	27076	
10093	0	26340	
10094	0	25364	
10095	0	24868	
10096	0	24736	
10097	0	25064	
10098	0	25508	
10099	0	25984	
10100	0	26944	
10101	0	28396	
10102	0	30136	
10103	0	31388	
10104	0	31552	
10105	0	31084	
10106	0	30228	
10107	0	29940	
10108	0	29844	
10109	0	30244	
10110	0	30904	
10111	0	31812	
10112	0	32808	
10113	0	33488	
10114	0	33456	
10115	0	32848	
10116	0	33004	
10117	0	33168	
10118	0	33064	
10119	0	32892	
10120	0	32746	
10121	0	32700	
10122	0	32576	
10123	0	31800	
10124	0	30448	
10125	0	29016	
10126	0	28208	
10127	0	27404	
10128	0	26744	
10129	0	26728	
10130	0	27324	
10131	0	27608	
10132	0	28228	
10133	0	28544	
10134	0	29040	
10135	0	29444	
10136	0	29788	
10137	0	30108	
10138	0	30964	
10139	0	32216	
10140	0	33020	
10141	0	33652	
10142	0	34000	
10143	0	33760	
10144	0	33120	
10145	0	32340	
10146	0	31284	
10147	0	30636	
10148	0	29960	
10149	0	29676	
10150	0	29852	
10151	0	30176	
10152	0	30184	
10153	0	29360	
10154	0	28268	
10155	0	27160	
10156	0	26584	
10157	0	26424	
10158	0	26584	
10159	0	26824	
10160	0	27625	
10161	0	28608	
10162	0	29208	
10163	0	29864	
10164	0	30712	
10165	0	31276	
10166	0	31188	
10167	0	30592	
10168	0	30052	
10169	0	29916	
10170	0	29560	
10171	0	28460	
10172	0	27624	
10173	0	27584	
10174	0	28000	
10175	0	28716	
10176	0	29697	
10177	0	30732	
10178	0	31780	
10179	0	32812	
10180	0	34032	
10181	0	34792	
10182	0	34288	
10183	0	32976	
10184	0	32060	
10185	0	31272	
10186	0	30672	
10187	0	30624	
10188	0	30344	
10189	0	29836	
10190	0	29020	
10191	0	27980	
10192	0	26764	
10193	0	25888	
10194	0	25988	
10195	0	27236	
10196	0	28204	
10197	0	28764	
10198	0	29252	
10199	0	29656	
10200	0	29336	
10201	0	29180	
10202	0	29322	
10203	0	29252	
10204	0	29480	
10205	0	29264	
10206	0	28956	
10207	0	28348	
10208	0	27120	
10209	0	25652	
10210	0	24340	
10211	0	23972	
10212	0	24400	
10213	0	25560	
10214	0	26924	
10215	0	29064	
10216	0	32008	
10217	0	34896	
10218	0	37064	
10219	0	38752	
10220	0	39496	
10221	0	39360	
10222	0	38524	
10223	0	37640	
10224	0	36812	
10225	0	36504	
10226	0	36264	
10227	0	35500	
10228	0	34668	
10229	0	33412	
10230	0	32132	
10231	0	31480	
10232	0	30744	
10233	0	29968	
10234	0	29680	
10235	0	29720	
10236	0	29940	
10237	0	30180	
10238	0	31072	
10239	0	31636	
10240	0	31752	
10241	0	31956	
10242	0	32368	
10243	0	32448	
10244	0	31564	
10245	0	30028	
10246	0	28400	
10247	0	27980	
10248	0	28362	
10249	0	29536	
10250	0	31096	
10251	0	32280	
10252	0	32900	
10253	0	32796	
10254	0	32208	
10255	0	31772	
10256	0	31282	
10257	0	31232	
10258	0	31240	
10259	0	31080	
10260	0	30936	
10261	0	31140	
10262	0	31220	
10263	0	31128	
10264	0	30928	
10265	0	31584	
10266	0	32764	
10267	0	33724	
10268	0	34404	
10269	0	34600	
10270	0	34748	
10271	0	34916	
10272	0	34800	
10273	0	34676	
10274	0	34508	
10275	0	33600	
10276	0	32632	
10277	0	32224	
10278	0	31976	
10279	0	31436	
10280	0	31504	
10281	0	32168	
10282	0	32764	
10283	0	32708	
10284	0	32268	
10285	0	31504	
10286	0	30356	
10287	0	28664	
10288	0	26704	
10289	0	25312	
10290	0	25124	
10291	0	26264	
10292	0	28152	
10293	0	30784	
10294	0	33072	
10295	0	34544	
10296	0	34792	
10297	0	34396	
10298	0	33488	
10299	0	32880	
10300	0	32448	
10301	0	32468	
10302	0	33032	
10303	0	33512	
10304	0	33180	
10305	0	32332	
10306	0	30836	
10307	0	28970	
10308	0	27616	
10309	0	26928	
10310	0	27088	
10311	0	27048	
10312	0	27080	
10313	0	27312	
10314	0	27748	
10315	0	28896	
10316	0	30340	
10317	0	31984	
10318	0	34352	
10319	0	36684	
10320	0	38788	
10321	0	39944	
10322	0	40460	
10323	0	40200	
10324	0	39516	
10325	0	39176	
10326	0	39668	
10327	0	39880	
10328	0	39868	
10329	0	39680	
10330	0	38832	
10331	0	37988	
10332	0	36880	
10333	0	36828	
10334	0	37632	
10335	0	38224	
10336	0	38904	
10337	0	39992	
10338	0	40832	
10339	0	41192	
10340	0	41288	
10341	0	40980	
10342	0	40116	
10343	0	39416	
10344	0	38940	
10345	0	38652	
10346	0	38328	
10347	0	38288	
10348	0	38248	
10349	0	37992	
10350	0	37474	
10351	0	37112	
10352	0	36704	
10353	0	36596	
10354	0	36528	
10355	0	36584	
10356	0	36752	
10357	0	36604	
10358	0	36256	
10359	0	35540	
10360	0	34860	
10361	0	34696	
10362	0	35032	
10363	0	35872	
10364	0	37172	
10365	0	38280	
10366	0	38380	
10367	0	37132	
10368	0	35448	
10369	0	33276	
10370	0	31720	
10371	0	31260	
10372	0	31816	
10373	0	32268	
10374	0	32112	
10375	0	31824	
10376	0	31436	
10377	0	30744	
10378	0	30116	
10379	0	30184	
10380	0	31292	
10381	0	33616	
10382	0	36236	
10383	0	38236	
10384	0	39828	
10385	0	40688	
10386	0	40816	
10387	0	39928	
10388	0	38394	
10389	0	36704	
10390	0	34880	
10391	0	32836	
10392	0	30976	
10393	0	30316	
10394	0	30416	
10395	0	30932	
10396	0	31388	
10397	0	31896	
10398	0	32136	
10399	0	32280	
10400	0	32280	
10401	0	32228	
10402	0	32360	
10403	0	32564	
10404	0	32480	
10405	0	31588	
10406	0	30576	
10407	0	29608	
10408	0	28816	
10409	0	27944	
10410	0	27368	
10411	0	26712	
10412	0	25840	
10413	0	25360	
10414	0	25212	
10415	0	24604	
10416	0	23736	
10417	0	22772	
10418	0	22400	
10419	0	22376	
10420	0	22216	
10421	0	22244	
10422	0	22928	
10423	0	23712	
10424	0	23460	
10425	0	22460	
10426	0	21864	
10427	0	22002	
10428	0	22676	
10429	0	23752	
10430	0	25088	
10431	0	25722	
10432	0	25804	
10433	0	25980	
10434	0	26068	
10435	0	26264	
10436	0	26688	
10437	0	27240	
10438	0	27536	
10439	0	27716	
10440	0	28032	
10441	0	28236	
10442	0	28020	
10443	0	27340	
10444	0	26712	
10445	0	26602	
10446	0	26752	
10447	0	26724	
10448	0	26609	
10449	0	26418	
10450	0	26576	
10451	0	26924	
10452	0	26916	
10453	0	26784	
10454	0	26772	
10455	0	27368	
10456	0	27840	
10457	0	27612	
10458	0	27844	
10459	0	28780	
10460	0	29868	
10461	0	30592	
10462	0	31096	
10463	0	30908	
10464	0	30624	
10465	0	30532	
10466	0	30496	
10467	0	30572	
10468	0	30332	
10469	0	30252	
10470	0	30940	
10471	0	31332	
10472	0	31156	
10473	0	30964	
10474	0	30752	
10475	0	30460	
10476	0	30572	
10477	0	31456	
10478	0	32768	
10479	0	34024	
10480	0	35216	
10481	0	35664	
10482	0	35808	
10483	0	35396	
10484	0	34892	
10485	0	34488	
10486	0	34920	
10487	0	35188	
10488	0	35472	
10489	0	35672	
10490	0	35340	
10491	0	35308	
10492	0	35864	
10493	0	36532	
10494	0	36824	
10495	0	36392	
10496	0	35976	
10497	0	35576	
10498	0	35416	
10499	0	35436	
10500	0	35304	
10501	0	34612	
10502	0	33848	
10503	0	33112	
10504	0	32552	
10505	0	32148	
10506	0	31760	
10507	0	31200	
10508	0	31010	
10509	0	30698	
10510	0	30708	
10511	0	31016	
10512	0	31976	
10513	0	33132	
10514	0	34004	
10515	0	34876	
10516	0	35664	
10517	0	35896	
10518	0	36590	
10519	0	37072	
10520	0	36704	
10521	0	36080	
10522	0	35952	
10523	0	36536	
10524	0	37240	
10525	0	37600	
10526	0	37604	
10527	0	37152	
10528	0	36788	
10529	0	36812	
10530	0	37048	
10531	0	37608	
10532	0	38272	
10533	0	38212	
10534	0	37756	
10535	0	36864	
10536	0	36108	
10537	0	35928	
10538	0	36184	
10539	0	36524	
10540	0	36248	
10541	0	35472	
10542	0	34628	
10543	0	33768	
10544	0	32664	
10545	0	31640	
10546	0	31028	
10547	0	30260	
10548	0	29136	
10549	0	28072	
10550	0	27392	
10551	0	27192	
10552	0	27468	
10553	0	28268	
10554	0	29728	
10555	0	31048	
10556	0	32432	
10557	0	33524	
10558	0	34536	
10559	0	35592	
10560	0	36204	
10561	0	36776	
10562	0	37240	
10563	0	37260	
10564	0	37404	
10565	0	37472	
10566	0	37044	
10567	0	36508	
10568	0	36232	
10569	0	35928	
10570	0	35752	
10571	0	35780	
10572	0	35896	
10573	0	36320	
10574	0	36756	
10575	0	37264	
10576	0	37512	
10577	0	37988	
10578	0	38480	
10579	0	38752	
10580	0	38008	
10581	0	36760	
10582	0	35504	
10583	0	35048	
10584	0	35216	
10585	0	34924	
10586	0	34052	
10587	0	33840	
10588	0	33984	
10589	0	34484	
10590	0	35116	
10591	0	36130	
10592	0	37048	
10593	0	37572	
10594	0	37336	
10595	0	36224	
10596	0	34576	
10597	0	32544	
10598	0	30520	
10599	0	29524	
10600	0	29264	
10601	0	29660	
10602	0	30548	
10603	0	31832	
10604	0	33660	
10605	0	35708	
10606	0	37836	
10607	0	39228	
10608	0	40080	
10609	0	40232	
10610	0	39636	
10611	0	39532	
10612	0	39072	
10613	0	38264	
10614	0	37836	
10615	0	37640	
10616	0	37564	
10617	0	37896	
10618	0	37952	
10619	0	37720	
10620	0	37320	
10621	0	38044	
10622	0	39792	
10623	0	40056	
10624	0	39252	
10625	0	37600	
10626	0	35420	
10627	0	33264	
10628	0	31388	
10629	0	30948	
10630	0	31296	
10631	0	32204	
10632	0	32505	
10633	0	32244	
10634	0	31492	
10635	0	30680	
10636	0	29821	
10637	0	29316	
10638	0	28372	
10639	0	28220	
10640	0	28298	
10641	0	28668	
10642	0	29068	
10643	0	29464	
10644	0	29512	
10645	0	29200	
10646	0	28888	
10647	0	28548	
10648	0	28352	
10649	0	28308	
10650	0	28836	
10651	0	29000	
10652	0	28184	
10653	0	27352	
10654	0	26600	
10655	0	26424	
10656	0	26320	
10657	0	26948	
10658	0	27764	
10659	0	28520	
10660	0	29172	
10661	0	30028	
10662	0	30912	
10663	0	31600	
10664	0	32760	
10665	0	34104	
10666	0	35088	
10667	0	35852	
10668	0	36052	
10669	0	36016	
10670	0	35548	
10671	0	35040	
10672	0	33640	
10673	0	32444	
10674	0	31668	
10675	0	30968	
10676	0	29944	
10677	0	29028	
10678	0	28752	
10679	0	28977	
10680	0	29312	
10681	0	30528	
10682	0	31348	
10683	0	31408	
10684	0	31408	
10685	0	31288	
10686	0	31400	
10687	0	31548	
10688	0	31546	
10689	0	31412	
10690	0	31632	
10691	0	31604	
10692	0	31200	
10693	0	30680	
10694	0	31008	
10695	0	31616	
10696	0	32388	
10697	0	32700	
10698	0	32032	
10699	0	30792	
10700	0	29128	
10701	0	27876	
10702	0	27284	
10703	0	27484	
10704	0	28728	
10705	0	30032	
10706	0	30456	
10707	0	30372	
10708	0	30380	
10709	0	31172	
10710	0	32228	
10711	0	33160	
10712	0	33684	
10713	0	33472	
10714	0	33180	
10715	0	32864	
10716	0	32604	
10717	0	32856	
10718	0	33556	
10719	0	34080	
10720	0	34472	
10721	0	34248	
10722	0	34092	
10723	0	33372	
10724	0	32692	
10725	0	32276	
10726	0	31644	
10727	0	30264	
10728	0	28956	
10729	0	28088	
10730	0	27880	
10731	0	27636	
10732	0	27324	
10733	0	27624	
10734	0	28272	
10735	0	28824	
10736	0	29948	
10737	0	30760	
10738	0	31446	
10739	0	32056	
10740	0	32224	
10741	0	32036	
10742	0	31668	
10743	0	31084	
10744	0	30520	
10745	0	30168	
10746	0	30064	
10747	0	30040	
10748	0	29720	
10749	0	29892	
10750	0	30360	
10751	0	30484	
10752	0	30000	
10753	0	29464	
10754	0	29096	
10755	0	28704	
10756	0	28416	
10757	0	28128	
10758	0	28100	
10759	0	28824	
10760	0	29952	
10761	0	31184	
10762	0	32764	
10763	0	33944	
10764	0	34980	
10765	0	35772	
10766	0	35936	
10767	0	35528	
10768	0	34572	
10769	0	33660	
10770	0	32668	
10771	0	32408	
10772	0	32500	
10773	0	33040	
10774	0	33252	
10775	0	32644	
10776	0	31808	
10777	0	30992	
10778	0	30252	
10779	0	29176	
10780	0	28076	
10781	0	27384	
10782	0	27472	
10783	0	27892	
10784	0	28108	
10785	0	28300	
10786	0	28340	
10787	0	28380	
10788	0	28336	
10789	0	28236	
10790	0	27856	
10791	0	27674	
10792	0	27124	
10793	0	26820	
10794	0	26100	
10795	0	25480	
10796	0	26004	
10797	0	27428	
10798	0	28284	
10799	0	28828	
10800	0	29428	
10801	0	29956	
10802	0	29640	
10803	0	28828	
10804	0	27752	
10805	0	26572	
10806	0	25504	
10807	0	25696	
10808	0	27056	
10809	0	28368	
10810	0	29176	
10811	0	29424	
10812	0	29504	
10813	0	29432	
10814	0	29896	
10815	0	31176	
10816	0	32816	
10817	0	35100	
10818	0	37416	
10819	0	38364	
10820	0	37760	
10821	0	36712	
10822	0	36352	
10823	0	36328	
10824	0	35620	
10825	0	34360	
10826	0	32904	
10827	0	31740	
10828	0	30472	
10829	0	29450	
10830	0	29256	
10831	0	29132	
10832	0	28736	
10833	0	28032	
10834	0	27896	
10835	0	28500	
10836	0	30256	
10837	0	32656	
10838	0	34924	
10839	0	37236	
10840	0	38992	
10841	0	40664	
10842	0	42008	
10843	0	42396	
10844	0	41292	
10845	0	39740	
10846	0	38188	
10847	0	37232	
10848	0	37108	
10849	0	37464	
10850	0	38162	
10851	0	39172	
10852	0	40040	
10853	0	40552	
10854	0	41032	
10855	0	40444	
10856	0	39188	
10857	0	38000	
10858	0	37292	
10859	0	37060	
10860	0	37368	
10861	0	37712	
10862	0	37960	
10863	0	38822	
10864	0	40036	
10865	0	41704	
10866	0	43816	
10867	0	44696	
10868	0	43720	
10869	0	42224	
10870	0	40964	
10871	0	39472	
10872	0	38216	
10873	0	37400	
10874	0	36484	
10875	0	35772	
10876	0	35724	
10877	0	36356	
10878	0	36584	
10879	0	36388	
10880	0	35920	
10881	0	35660	
10882	0	34880	
10883	0	34268	
10884	0	34124	
10885	0	34080	
10886	0	34356	
10887	0	34924	
10888	0	35904	
10889	0	36768	
10890	0	36948	
10891	0	36176	
10892	0	34912	
10893	0	33932	
10894	0	33660	
10895	0	33748	
10896	0	34460	
10897	0	35116	
10898	0	35216	
10899	0	34848	
10900	0	34332	
10901	0	33456	
10902	0	33328	
10903	0	33840	
10904	0	34496	
10905	0	35524	
10906	0	36528	
10907	0	36784	
10908	0	36124	
10909	0	35264	
10910	0	34328	
10911	0	34084	
10912	0	34300	
10913	0	33892	
10914	0	33764	
10915	0	33416	
10916	0	33304	
10917	0	33420	
10918	0	33856	
10919	0	33764	
10920	0	33704	
10921	0	33922	
10922	0	34612	
10923	0	35032	
10924	0	35512	
10925	0	36436	
10926	0	36952	
10927	0	36816	
10928	0	36576	
10929	0	36156	
10930	0	35256	
10931	0	34624	
10932	0	34380	
10933	0	34536	
10934	0	34752	
10935	0	35048	
10936	0	34900	
10937	0	34704	
10938	0	35112	
10939	0	35732	
10940	0	36844	
10941	0	37656	
10942	0	37688	
10943	0	37184	
10944	0	36370	
10945	0	35216	
10946	0	34404	
10947	0	33968	
10948	0	33296	
10949	0	32520	
10950	0	32140	
10951	0	32008	
10952	0	32148	
10953	0	32780	
10954	0	33468	
10955	0	34128	
10956	0	34616	
10957	0	34752	
10958	0	34792	
10959	0	34864	
10960	0	35724	
10961	0	36404	
10962	0	36480	
10963	0	36632	
10964	0	36412	
10965	0	35616	
10966	0	34752	
10967	0	34228	
10968	0	33688	
10969	0	33404	
10970	0	33496	
10971	0	33744	
10972	0	33976	
10973	0	34264	
10974	0	34544	
10975	0	35538	
10976	0	36552	
10977	0	36740	
10978	0	35652	
10979	0	34408	
10980	0	34360	
10981	0	35356	
10982	0	36200	
10983	0	37340	
10984	0	39392	
10985	0	41296	
10986	0	42076	
10987	0	40600	
10988	0	38560	
10989	0	36860	
10990	0	35856	
10991	0	34868	
10992	0	33924	
10993	0	33608	
10994	0	33280	
10995	0	33448	
10996	0	33736	
10997	0	34096	
10998	0	35108	
10999	0	36184	
11000	0	37456	
11001	0	39120	
11002	0	40872	
11003	0	42884	
11004	0	44760	
11005	0	45488	
11006	0	45212	
11007	0	44692	
11008	0	44364	
11009	0	43852	
11010	0	43320	
11011	0	42424	
11012	0	41320	
11013	0	40624	
11014	0	39392	
11015	0	37940	
11016	0	36352	
11017	0	34948	
11018	0	34104	
11019	0	33636	
11020	0	33600	
11021	0	33932	
11022	0	34524	
11023	0	35132	
11024	0	34988	
11025	0	35208	
11026	0	35156	
11027	0	34732	
11028	0	34592	
11029	0	34320	
11030	0	33872	
11031	0	33404	
11032	0	32648	
11033	0	32956	
11034	0	33008	
11035	0	32808	
11036	0	32144	
11037	0	31608	
11038	0	32240	
11039	0	33384	
11040	0	34424	
11041	0	35688	
11042	0	37024	
11043	0	38184	
11044	0	39144	
11045	0	39496	
11046	0	39312	
11047	0	39800	
11048	0	40760	
11049	0	41064	
11050	0	40128	
11051	0	37664	
11052	0	35128	
11053	0	32716	
11054	0	30864	
11055	0	31456	
11056	0	33412	
11057	0	35452	
11058	0	37348	
11059	0	38412	
11060	0	37744	
11061	0	36884	
11062	0	36488	
11063	0	36064	
11064	0	35276	
11065	0	34988	
11066	0	35076	
11067	0	35168	
11068	0	35024	
11069	0	34696	
11070	0	34632	
11071	0	34620	
11072	0	34604	
11073	0	35036	
11074	0	35800	
11075	0	36760	
11076	0	37360	
11077	0	37888	
11078	0	37528	
11079	0	36780	
11080	0	36512	
11081	0	36520	
11082	0	36672	
11083	0	36052	
11084	0	35420	
11085	0	34896	
11086	0	35104	
11087	0	35856	
11088	0	35932	
11089	0	34984	
11090	0	33312	
11091	0	31352	
11092	0	29220	
11093	0	27918	
11094	0	26904	
11095	0	26572	
11096	0	27808	
11097	0	29792	
11098	0	31724	
11099	0	33684	
11100	0	35208	
11101	0	36196	
11102	0	36736	
11103	0	36720	
11104	0	37276	
11105	0	37640	
11106	0	37312	
11107	0	36992	
11108	0	37060	
11109	0	37216	
11110	0	37156	
11111	0	36852	
11112	0	36552	
11113	0	36224	
11114	0	35092	
11115	0	33400	
11116	0	32248	
11117	0	31708	
11118	0	31600	
11119	0	31272	
11120	0	31500	
11121	0	31612	
11122	0	32244	
11123	0	33236	
11124	0	33624	
11125	0	33884	
11126	0	33464	
11127	0	32848	
11128	0	32520	
11129	0	32000	
11130	0	32624	
11131	0	32832	
11132	0	32464	
11133	0	32496	
11134	0	32694	
11135	0	33348	
11136	0	33732	
11137	0	32944	
11138	0	32344	
11139	0	31460	
11140	0	29840	
11141	0	28344	
11142	0	27188	
11143	0	27724	
11144	0	29952	
11145	0	32580	
11146	0	34128	
11147	0	33932	
11148	0	33994	
11149	0	33800	
11150	0	34184	
11151	0	34364	
11152	0	34560	
11153	0	33956	
11154	0	33088	
11155	0	32776	
11156	0	33092	
11157	0	33680	
11158	0	33892	
11159	0	33096	
11160	0	33508	
11161	0	34408	
11162	0	34520	
11163	0	35364	
11164	0	36896	
11165	0	37288	
11166	0	37448	
11167	0	38592	
11168	0	39368	
11169	0	38856	
11170	0	37804	
11171	0	36396	
11172	0	35060	
11173	0	34696	
11174	0	35504	
11175	0	37472	
11176	0	39868	
11177	0	40324	
11178	0	38124	
11179	0	34500	
11180	0	31940	
11181	0	30888	
11182	0	30824	
11183	0	31092	
11184	0	32052	
11185	0	33044	
11186	0	33168	
11187	0	33500	
11188	0	34816	
11189	0	34352	
11190	0	33904	
11191	0	34560	
11192	0	34028	
11193	0	33764	
11194	0	34356	
11195	0	34152	
11196	0	33136	
11197	0	32168	
11198	0	31296	
11199	0	30808	
11200	0	30768	
11201	0	30508	
11202	0	30044	
11203	0	30676	
11204	0	30436	
11205	0	29812	
11206	0	29608	
11207	0	29840	
11208	0	31172	
11209	0	33864	
11210	0	36672	
11211	0	38688	
11212	0	41148	
11213	0	41848	
11214	0	39912	
11215	0	38984	
11216	0	38648	
11217	0	38448	
11218	0	36844	
11219	0	36492	
11220	0	37942	
11221	0	37236	
11222	0	35268	
11223	0	34500	
11224	0	33408	
11225	0	32080	
11226	0	33512	
11227	0	35720	
11228	0	35084	
11229	0	33644	
11230	0	31852	
11231	0	31640	
11232	0	31088	
11233	0	30684	
11234	0	30180	
11235	0	29964	
11236	0	29224	
11237	0	30204	
11238	0	32968	
11239	0	34324	
11240	0	35172	
11241	0	34544	
11242	0	34468	
11243	0	36192	
11244	0	37800	
11245	0	37528	
11246	0	37228	
11247	0	37476	
11248	0	35564	
11249	0	32824	
11250	0	31520	
11251	0	30960	
11252	0	30744	
11253	0	31736	
11254	0	33380	
11255	0	34216	
11256	0	34932	
11257	0	35704	
11258	0	35364	
11259	0	34428	
11260	0	34316	
11261	0	35520	
11262	0	36168	
11263	0	35976	
11264	0	35840	
11265	0	35208	
11266	0	32420	
11267	0	30436	
11268	0	30976	
11269	0	32300	
11270	0	33538	
11271	0	33004	
11272	0	30832	
11273	0	30376	
11274	0	31200	
11275	0	32328	
11276	0	33504	
11277	0	35980	
11278	0	39578	
11279	0	40652	
11280	0	39068	
11281	0	36940	
11282	0	36584	
11283	0	37424	
11284	0	37256	
11285	0	36056	
11286	0	33672	
11287	0	32684	
11288	0	32664	
11289	0	32864	
11290	0	32784	
11291	0	30880	
11292	0	30692	
11293	0	31988	
11294	0	31764	
11295	0	31700	
11296	0	32692	
11297	0	32056	
11298	0	29554	
11299	0	27452	
11300	0	26380	
11301	0	26776	
11302	0	29324	
11303	0	30632	
11304	0	31256	
11305	0	31082	
11306	0	30896	
11307	0	30992	
11308	0	30664	
11309	0	30112	
11310	0	30612	
11311	0	30308	
11312	0	31536	
11313	0	33208	
11314	0	35560	
11315	0	37156	
11316	0	37313	
11317	0	37116	
11318	0	36928	
11319	0	37532	
11320	0	38264	
11321	0	38184	
11322	0	38472	
11323	0	39108	
11324	0	40040	
11325	0	41088	
11326	0	42240	
11327	0	41148	
11328	0	39104	
11329	0	38112	
11330	0	38956	
11331	0	38184	
11332	0	36240	
11333	0	36220	
11334	0	37352	
11335	0	37984	
11336	0	37652	
11337	0	36760	
11338	0	34944	
11339	0	33236	
11340	0	33940	
11341	0	35168	
11342	0	35800	
11343	0	35644	
11344	0	36468	
11345	0	39008	
11346	0	40596	
11347	0	40136	
11348	0	38136	
11349	0	36176	
11350	0	35408	
11351	0	35296	
11352	0	35236	
11353	0	36504	
11354	0	38000	
11355	0	38036	
11356	0	39234	
11357	0	39716	
11358	0	36048	
11359	0	32184	
11360	0	31468	
11361	0	31660	
11362	0	31572	
11363	0	31120	
11364	0	31812	
11365	0	33264	
11366	0	33044	
11367	0	32976	
11368	0	33400	
11369	0	33344	
11370	0	33420	
11371	0	33804	
11372	0	33748	
11373	0	34440	
11374	0	34696	
11375	0	34448	
11376	0	34276	
11377	0	33952	
11378	0	34064	
11379	0	33328	
11380	0	31832	
11381	0	32668	
11382	0	33648	
11383	0	34904	
11384	0	35592	
11385	0	36636	
11386	0	37496	
11387	0	37456	
11388	0	36312	
11389	0	35924	
11390	0	37528	
11391	0	38128	
11392	0	37276	
11393	0	37284	
11394	0	39284	
11395	0	40928	
11396	0	42160	
11397	0	42404	
11398	0	42080	
11399	0	41464	
11400	0	41040	
11401	0	39900	
11402	0	39112	
11403	0	37988	
11404	0	36000	
11405	0	34860	
11406	0	34736	
11407	0	33964	
11408	0	33600	
11409	0	31624	
11410	0	31242	
11411	0	30476	
11412	0	29244	
11413	0	28612	
11414	0	30088	
11415	0	30656	
11416	0	30652	
11417	0	32644	
11418	0	34964	
11419	0	35868	
11420	0	36116	
11421	0	36284	
11422	0	36552	
11423	0	36908	
11424	0	37552	
11425	0	35464	
11426	0	33240	
11427	0	33580	
11428	0	33580	
11429	0	34380	
11430	0	35504	
11431	0	36440	
11432	0	36400	
11433	0	36312	
11434	0	35180	
11435	0	32888	
11436	0	31428	
11437	0	32656	
11438	0	33516	
11439	0	33348	
11440	0	32496	
11441	0	32224	
11442	0	32236	
11443	0	32240	
11444	0	33560	
11445	0	35900	
11446	0	34768	
11447	0	32548	
11448	0	31168	
11449	0	29876	
11450	0	29072	
11451	0	29088	
11452	0	29120	
11453	0	29436	
11454	0	30400	
11455	0	31116	
11456	0	31508	
11457	0	31452	
11458	0	31540	
11459	0	31364	
11460	0	29720	
11461	0	28066	
11462	0	27168	
11463	0	27416	
11464	0	27916	
11465	0	26948	
11466	0	26810	
11467	0	27772	
11468	0	27740	
11469	0	27064	
11470	0	25912	
11471	0	25060	
11472	0	25424	
11473	0	26296	
11474	0	27952	
11475	0	29028	
11476	0	28184	
11477	0	26664	
11478	0	24725	
11479	0	22876	
11480	0	21808	
11481	0	21552	
11482	0	22920	
11483	0	24576	
11484	0	26940	
11485	0	29944	
11486	0	33116	
11487	0	35984	
11488	0	38976	
11489	0	39968	
11490	0	39148	
11491	0	37652	
11492	0	35228	
11493	0	32944	
11494	0	30884	
11495	0	29656	
11496	0	29796	
11497	0	30640	
11498	0	31060	
11499	0	31304	
11500	0	31428	
11501	0	31468	
11502	0	31048	
11503	0	31624	
11504	0	31228	
11505	0	30524	
11506	0	30560	
11507	0	29660	
11508	0	28080	
11509	0	26616	
11510	0	25416	
11511	0	25632	
11512	0	29066	
11513	0	32800	
11514	0	33136	
11515	0	32268	
11516	0	32864	
11517	0	31708	
11518	0	28580	
11519	0	25424	
11520	0	20904	
11521	0	19584	
11522	0	21632	
11523	0	24576	
11524	0	30012	
11525	0	34440	
11526	0	35660	
11527	0	34608	
11528	0	32348	
11529	0	28516	
11530	0	23112	
11531	0	18576	
11532	0	15840	
11533	0	14148	
11534	0	16240	
11535	0	20136	
11536	0	22038	
11537	0	23368	
11538	0	25056	
11539	0	27472	
11540	0	29790	
11541	0	31720	
11542	0	34056	
11543	0	31416	
11544	0	27960	
11545	0	27696	
11546	0	30276	
11547	0	32912	
11548	0	32908	
11549	0	29896	
11550	0	28752	
11551	0	31392	
11552	0	31868	
11553	0	32616	
11554	0	32520	
11555	0	30936	
11556	0	28228	
11557	0	26652	
11558	0	25872	
11559	0	24980	
11560	0	23492	
11561	0	23760	
11562	0	24852	
11563	0	25848	
11564	0	26128	
11565	0	25856	
11566	0	24964	
11567	0	23618	
11568	0	23168	
11569	0	24376	
11570	0	28232	
11571	0	32672	
11572	0	31380	
11573	0	28400	
11574	0	26656	
11575	0	25488	
11576	0	25056	
11577	0	22716	
11578	0	19484	
11579	0	19696	
11580	0	21320	
11581	0	21988	
11582	0	22956	
11583	0	25324	
11584	0	28188	
11585	0	29868	
11586	0	29644	
11587	0	27404	
11588	0	25044	
11589	0	24168	
11590	0	25620	
11591	0	26972	
11592	0	27056	
11593	0	27768	
11594	0	29104	
11595	0	29504	
11596	0	28912	
11597	0	28924	
11598	0	32476	
11599	0	36264	
11600	0	37888	
11601	0	36600	
11602	0	34432	
11603	0	32756	
11604	0	32356	
11605	0	32852	
11606	0	32704	
11607	0	32076	
11608	0	31964	
11609	0	30896	
11610	0	30180	
11611	0	30684	
11612	0	31936	
11613	0	32652	
11614	0	32608	
11615	0	33752	
11616	0	33980	
11617	0	32268	
11618	0	27108	
11619	0	24832	
11620	0	27324	
11621	0	30460	
11622	0	32480	
11623	0	33480	
11624	0	33480	
11625	0	31928	
11626	0	32020	
11627	0	33500	
11628	0	33992	
11629	0	33306	
11630	0	33516	
11631	0	32752	
11632	0	30708	
11633	0	29632	
11634	0	28752	
11635	0	27608	
11636	0	28012	
11637	0	30240	
11638	0	32064	
11639	0	32480	
11640	0	31200	
11641	0	28752	
11642	0	27360	
11643	0	26952	
11644	0	27296	
11645	0	27544	
11646	0	26954	
11647	0	27984	
11648	0	31860	
11649	0	33904	
11650	0	33044	
11651	0	30680	
11652	0	29404	
11653	0	29396	
11654	0	31432	
11655	0	33904	
11656	0	31528	
11657	0	29410	
11658	0	30332	
11659	0	31156	
11660	0	29376	
11661	0	29640	
11662	0	32036	
11663	0	34112	
11664	0	34228	
11665	0	32396	
11666	0	30628	
11667	0	30444	
11668	0	31596	
11669	0	31684	
11670	0	31564	
11671	0	32068	
11672	0	32554	
11673	0	33520	
11674	0	34058	
11675	0	33352	
11676	0	32476	
11677	0	31232	
11678	0	29928	
11679	0	30300	
11680	0	29628	
11681	0	28296	
11682	0	27032	
11683	0	29146	
11684	0	32148	
11685	0	32488	
11686	0	32256	
11687	0	31280	
11688	0	28640	
11689	0	27180	
11690	0	25484	
11691	0	23022	
11692	0	26808	
11693	0	35112	
11694	0	38912	
11695	0	35836	
11696	0	31452	
11697	0	28528	
11698	0	27532	
11699	0	27684	
11700	0	27912	
11701	0	29400	
11702	0	29764	
11703	0	30300	
11704	0	28720	
11705	0	26892	
11706	0	27472	
11707	0	27948	
11708	0	27760	
11709	0	26976	
11710	0	28640	
11711	0	30540	
11712	0	29728	
11713	0	31288	
11714	0	34216	
11715	0	33868	
11716	0	31400	
11717	0	28592	
11718	0	27762	
11719	0	27372	
11720	0	28792	
11721	0	30202	
11722	0	31233	
11723	0	31364	
11724	0	31208	
11725	0	31496	
11726	0	32876	
11727	0	35128	
11728	0	32508	
11729	0	33068	
11730	0	36260	
11731	0	36816	
11732	0	32560	
11733	0	28376	
11734	0	27928	
11735	0	30008	
11736	0	32672	
11737	0	34672	
11738	0	36728	
11739	0	36160	
11740	0	36988	
11741	0	36112	
11742	0	31796	
11743	0	27364	
11744	0	22144	
11745	0	21146	
11746	0	25996	
11747	0	33520	
11748	0	36372	
11749	0	35008	
11750	0	33192	
11751	0	31580	
11752	0	35440	
11753	0	39208	
11754	0	35728	
11755	0	32756	
11756	0	32452	
11757	0	33428	
11758	0	36772	
11759	0	40096	
11760	0	41748	
11761	0	40856	
11762	0	38896	
11763	0	36144	
11764	0	33728	
11765	0	31596	
11766	0	27464	
11767	0	26368	
11768	0	24512	
11769	0	20408	
11770	0	19040	
11771	0	23226	
11772	0	31200	
11773	0	37456	
11774	0	40400	
11775	0	38840	
11776	0	36264	
11777	0	33540	
11778	0	32572	
11779	0	32424	
11780	0	34736	
11781	0	36392	
11782	0	36376	
11783	0	33832	
11784	0	32388	
11785	0	32524	
11786	0	32876	
11787	0	33992	
11788	0	33082	
11789	0	31440	
11790	0	32224	
11791	0	29652	
11792	0	27808	
11793	0	28948	
11794	0	30024	
11795	0	29776	
11796	0	29232	
11797	0	32764	
11798	0	30464	
11799	0	25004	
11800	0	23876	
11801	0	28548	
11802	0	34104	
11803	0	38904	
11804	0	40512	
11805	0	37104	
11806	0	34548	
11807	0	35280	
11808	0	38032	
11809	0	38072	
11810	0	35348	
11811	0	34276	
11812	0	33680	
11813	0	33988	
11814	0	32852	
11815	0	31496	
11816	0	30324	
11817	0	31104	
11818	0	33316	
11819	0	32496	
11820	0	32760	
11821	0	33044	
11822	0	30508	
11823	0	27768	
11824	0	30272	
11825	0	36696	
11826	0	39692	
11827	0	38716	
11828	0	38176	
11829	0	37472	
11830	0	35976	
11831	0	35548	
11832	0	35240	
11833	0	33184	
11834	0	28804	
11835	0	29704	
11836	0	35320	
11837	0	38396	
11838	0	38224	
11839	0	37212	
11840	0	38656	
11841	0	39132	
11842	0	35172	
11843	0	30592	
11844	0	28688	
11845	0	26784	
11846	0	24884	
11847	0	24960	
11848	0	28796	
11849	0	32324	
11850	0	32982	
11851	0	32532	
11852	0	30460	
11853	0	31812	
11854	0	33460	
11855	0	33772	
11856	0	32756	
11857	0	31528	
11858	0	29784	
11859	0	27936	
11860	0	27581	
11861	0	28696	
11862	0	29512	
11863	0	31380	
11864	0	33172	
11865	0	35904	
11866	0	37480	
11867	0	37468	
11868	0	37796	
11869	0	38720	
11870	0	34380	
11871	0	30672	
11872	0	30388	
11873	0	32112	
11874	0	32684	
11875	0	33372	
11876	0	33324	
11877	0	32148	
11878	0	32900	
11879	0	33536	
11880	0	30988	
11881	0	29100	
11882	0	29136	
11883	0	30944	
11884	0	31692	
11885	0	31728	
11886	0	32000	
11887	0	32588	
11888	0	34592	
11889	0	34892	
11890	0	33708	
11891	0	30936	
11892	0	27794	
11893	0	27276	
11894	0	27600	
11895	0	28988	
11896	0	28212	
11897	0	28640	
11898	0	32960	
11899	0	35912	
11900	0	36369	
11901	0	34296	
11902	0	32936	
11903	0	34332	
11904	0	35740	
11905	0	35608	
11906	0	32688	
11907	0	32900	
11908	0	35104	
11909	0	36464	
11910	0	34896	
11911	0	34268	
11912	0	34020	
11913	0	29296	
11914	0	26672	
11915	0	24792	
11916	0	23948	
11917	0	25772	
11918	0	26728	
11919	0	26916	
11920	0	28724	
11921	0	27548	
11922	0	27636	
11923	0	32120	
11924	0	36208	
11925	0	35668	
11926	0	38416	
11927	0	42380	
11928	0	43544	
11929	0	43356	
11930	0	40736	
11931	0	34576	
11932	0	30644	
11933	0	33192	
11934	0	36344	
11935	0	33656	
11936	0	30564	
11937	0	28840	
11938	0	28212	
11939	0	32448	
11940	0	36444	
11941	0	38360	
11942	0	39580	
11943	0	37568	
11944	0	32556	
11945	0	31088	
11946	0	34108	
11947	0	37156	
11948	0	35264	
11949	0	30192	
11950	0	26816	
11951	0	24816	
11952	0	26888	
11953	0	30136	
11954	0	34816	
11955	0	37460	
11956	0	36424	
11957	0	33548	
11958	0	31332	
11959	0	30116	
11960	0	30200	
11961	0	29104	
11962	0	28376	
11963	0	28980	
11964	0	28444	
11965	0	27792	
11966	0	26344	
11967	0	25486	
11968	0	25796	
11969	0	27928	
11970	0	30736	
11971	0	33548	
11972	0	37328	
11973	0	37436	
11974	0	35892	
11975	0	36428	
11976	0	34272	
11977	0	28256	
11978	0	24536	
11979	0	24208	
11980	0	25992	
11981	0	26904	
11982	0	27188	
11983	0	32620	
11984	0	39476	
11985	0	42808	
11986	0	41440	
11987	0	36832	
11988	0	33792	
11989	0	32244	
11990	0	32100	
11991	0	33892	
11992	0	33900	
11993	0	34120	
11994	0	34920	
11995	0	32556	
11996	0	30208	
11997	0	28994	
11998	0	28924	
11999	0	29956	
12000	0	32240	
12001	0	32148	
12002	0	31648	
12003	0	32404	
12004	0	34624	
12005	0	37096	
12006	0	38836	
12007	0	38776	
12008	0	36844	
12009	0	35892	
12010	0	34432	
12011	0	33168	
12012	0	34048	
12013	0	35984	
12014	0	34320	
12015	0	32568	
12016	0	34024	
12017	0	34096	
12018	0	34372	
12019	0	33724	
12020	0	32844	
12021	0	32064	
12022	0	33328	
12023	0	35696	
12024	0	36428	
12025	0	37660	
12026	0	39836	
12027	0	39296	
12028	0	36744	
12029	0	33396	
12030	0	30172	
12031	0	29136	
12032	0	29408	
12033	0	32020	
12034	0	34600	
12035	0	35048	
12036	0	36560	
12037	0	36416	
12038	0	34988	
12039	0	31724	
12040	0	28472	
12041	0	30216	
12042	0	30920	
12043	0	29489	
12044	0	28704	
12045	0	31600	
12046	0	31664	
12047	0	31368	
12048	0	34352	
12049	0	37168	
12050	0	37860	
12051	0	37284	
12052	0	37824	
12053	0	39672	
12054	0	42000	
12055	0	41732	
12056	0	39904	
12057	0	40676	
12058	0	43556	
12059	0	40848	
12060	0	35600	
12061	0	32940	
12062	0	34272	
12063	0	36648	
12064	0	36824	
12065	0	36688	
12066	0	36268	
12067	0	34784	
12068	0	31888	
12069	0	30272	
12070	0	29524	
12071	0	28888	
12072	0	29384	
12073	0	31164	
12074	0	32768	
12075	0	33840	
12076	0	32948	
12077	0	31440	
12078	0	30952	
12079	0	30596	
12080	0	28280	
12081	0	29820	
12082	0	33824	
12083	0	36376	
12084	0	36852	
12085	0	34644	
12086	0	34192	
12087	0	33984	
12088	0	31744	
12089	0	29120	
12090	0	29164	
12091	0	30900	
12092	0	31608	
12093	0	32816	
12094	0	34616	
12095	0	36296	
12096	0	38012	
12097	0	37292	
12098	0	34908	
12099	0	33812	
12100	0	36324	
12101	0	37828	
12102	0	38560	
12103	0	38152	
12104	0	36272	
12105	0	37784	
12106	0	40180	
12107	0	40912	
12108	0	41824	
12109	0	42724	
12110	0	41236	
12111	0	39164	
12112	0	38936	
12113	0	38696	
12114	0	37608	
12115	0	34496	
12116	0	33218	
12117	0	33692	
12118	0	33952	
12119	0	34120	
12120	0	33848	
12121	0	32464	
12122	0	32356	
12123	0	33576	
12124	0	33856	
12125	0	33696	
12126	0	32992	
12127	0	32472	
12128	0	32888	
12129	0	33316	
12130	0	33660	
12131	0	34304	
12132	0	32828	
12133	0	30896	
12134	0	30752	
12135	0	31236	
12136	0	32840	
12137	0	33284	
12138	0	31872	
12139	0	29004	
12140	0	28152	
12141	0	27728	
12142	0	27876	
12143	0	29488	
12144	0	32284	
12145	0	36616	
12146	0	39396	
12147	0	38204	
12148	0	36076	
12149	0	34432	
12150	0	33464	
12151	0	33744	
12152	0	35116	
12153	0	36096	
12154	0	36592	
12155	0	36356	
12156	0	35610	
12157	0	34112	
12158	0	33892	
12159	0	34260	
12160	0	33664	
12161	0	32864	
12162	0	32632	
12163	0	32932	
12164	0	32524	
12165	0	32156	
12166	0	32756	
12167	0	34084	
12168	0	35388	
12169	0	35728	
12170	0	35448	
12171	0	35104	
12172	0	33996	
12173	0	32786	
12174	0	32728	
12175	0	33660	
12176	0	34904	
12177	0	35236	
12178	0	35440	
12179	0	35188	
12180	0	34100	
12181	0	32916	
12182	0	32284	
12183	0	31780	
12184	0	31976	
12185	0	32560	
12186	0	32980	
12187	0	34016	
12188	0	35168	
12189	0	35708	
12190	0	35056	
12191	0	33856	
12192	0	32548	
12193	0	32068	
12194	0	31920	
12195	0	31980	
12196	0	32572	
12197	0	33608	
12198	0	34008	
12199	0	33780	
12200	0	32972	
12201	0	32636	
12202	0	32300	
12203	0	31948	
12204	0	32008	
12205	0	32576	
12206	0	32880	
12207	0	32688	
12208	0	33952	
12209	0	34568	
12210	0	34920	
12211	0	35704	
12212	0	35840	
12213	0	36492	
12214	0	35252	
12215	0	32736	
12216	0	31816	
12217	0	33832	
12218	0	33864	
12219	0	33436	
12220	0	34586	
12221	0	32988	
12222	0	30392	
12223	0	28972	
12224	0	28780	
12225	0	29256	
12226	0	29220	
12227	0	29380	
12228	0	30340	
12229	0	30812	
12230	0	31276	
12231	0	30976	
12232	0	30616	
12233	0	30272	
12234	0	29628	
12235	0	29108	
12236	0	28248	
12237	0	28028	
12238	0	28568	
12239	0	29624	
12240	0	30364	
12241	0	31360	
12242	0	32448	
12243	0	33608	
12244	0	34608	
12245	0	35132	
12246	0	35652	
12247	0	35712	
12248	0	35112	
12249	0	34360	
12250	0	33636	
12251	0	33540	
12252	0	33856	
12253	0	34100	
12254	0	34202	
12255	0	34296	
12256	0	34868	
12257	0	34564	
12258	0	32920	
12259	0	30632	
12260	0	29732	
12261	0	29052	
12262	0	26856	
12263	0	25280	
12264	0	25012	
12265	0	25792	
12266	0	27128	
12267	0	27804	
12268	0	27200	
12269	0	29557	
12270	0	35364	
12271	0	36920	
12272	0	35960	
12273	0	35108	
12274	0	34552	
12275	0	34648	
12276	0	34032	
12277	0	33016	
12278	0	31992	
12279	0	30372	
12280	0	29592	
12281	0	30180	
12282	0	31584	
12283	0	32820	
12284	0	34056	
12285	0	35552	
12286	0	36168	
12287	0	36184	
12288	0	35520	
12289	0	34316	
12290	0	34064	
12291	0	34984	
12292	0	36856	
12293	0	38740	
12294	0	38208	
12295	0	36396	
12296	0	35716	
12297	0	35164	
12298	0	32104	
12299	0	28264	
12300	0	25844	
12301	0	24364	
12302	0	24528	
12303	0	25512	
12304	0	28012	
12305	0	31920	
12306	0	33000	
12307	0	32256	
12308	0	31440	
12309	0	30298	
12310	0	28652	
12311	0	28540	
12312	0	31296	
12313	0	32072	
12314	0	31100	
12315	0	30840	
12316	0	30516	
12317	0	30184	
12318	0	30464	
12319	0	30352	
12320	0	31628	
12321	0	33848	
12322	0	34752	
12323	0	34848	
12324	0	34324	
12325	0	33164	
12326	0	32184	
12327	0	32024	
12328	0	32438	
12329	0	33628	
12330	0	34280	
12331	0	33468	
12332	0	32044	
12333	0	31072	
12334	0	30312	
12335	0	29184	
12336	0	28500	
12337	0	28204	
12338	0	28088	
12339	0	27236	
12340	0	25736	
12341	0	23848	
12342	0	22992	
12343	0	23752	
12344	0	24592	
12345	0	25380	
12346	0	26388	
12347	0	28140	
12348	0	30384	
12349	0	31944	
12350	0	33908	
12351	0	35648	
12352	0	36664	
12353	0	36500	
12354	0	35072	
12355	0	32916	
12356	0	30568	
12357	0	29364	
12358	0	29076	
12359	0	28912	
12360	0	28750	
12361	0	29932	
12362	0	33168	
12363	0	36756	
12364	0	36712	
12365	0	35540	
12366	0	34252	
12367	0	32032	
12368	0	30636	
12369	0	29492	
12370	0	30440	
12371	0	32184	
12372	0	33244	
12373	0	33528	
12374	0	33333	
12375	0	31120	
12376	0	29008	
12377	0	28748	
12378	0	28708	
12379	0	28532	
12380	0	30036	
12381	0	31658	
12382	0	32360	
12383	0	31882	
12384	0	30700	
12385	0	30284	
12386	0	30188	
12387	0	30196	
12388	0	30698	
12389	0	31480	
12390	0	31676	
12391	0	31184	
12392	0	30497	
12393	0	29964	
12394	0	29768	
12395	0	29784	
12396	0	30560	
12397	0	31728	
12398	0	32292	
12399	0	32956	
12400	0	33960	
12401	0	33848	
12402	0	32756	
12403	0	31980	
12404	0	30876	
12405	0	29684	
12406	0	29368	
12407	0	29668	
12408	0	30048	
12409	0	30704	
12410	0	32044	
12411	0	32636	
12412	0	32660	
12413	0	32936	
12414	0	32620	
12415	0	32440	
12416	0	31240	
12417	0	29748	
12418	0	30268	
12419	0	31304	
12420	0	31332	
12421	0	31632	
12422	0	34832	
12423	0	35600	
12424	0	33856	
12425	0	32900	
12426	0	33160	
12427	0	33012	
12428	0	32728	
12429	0	32856	
12430	0	32308	
12431	0	31088	
12432	0	28932	
12433	0	28088	
12434	0	28560	
12435	0	30000	
12436	0	31228	
12437	0	31824	
12438	0	32080	
12439	0	32764	
12440	0	33532	
12441	0	34316	
12442	0	35040	
12443	0	34988	
12444	0	35184	
12445	0	35876	
12446	0	36364	
12447	0	35924	
12448	0	35328	
12449	0	35060	
12450	0	35032	
12451	0	34440	
12452	0	34392	
12453	0	34444	
12454	0	34964	
12455	0	35436	
12456	0	35088	
12457	0	34432	
12458	0	34024	
12459	0	33144	
12460	0	32432	
12461	0	32128	
12462	0	32320	
12463	0	33216	
12464	0	34864	
12465	0	36728	
12466	0	38112	
12467	0	38312	
12468	0	37092	
12469	0	35712	
12470	0	34424	
12471	0	33936	
12472	0	34032	
12473	0	33556	
12474	0	32568	
12475	0	31648	
12476	0	30884	
12477	0	30644	
12478	0	30500	
12479	0	29684	
12480	0	29324	
12481	0	30088	
12482	0	31308	
12483	0	32836	
12484	0	33196	
12485	0	32580	
12486	0	32284	
12487	0	32276	
12488	0	32220	
12489	0	31740	
12490	0	31708	
12491	0	34440	
12492	0	38624	
12493	0	38200	
12494	0	37384	
12495	0	37140	
12496	0	36516	
12497	0	35888	
12498	0	35692	
12499	0	36272	
12500	0	35824	
12501	0	34768	
12502	0	34020	
12503	0	32880	
12504	0	32092	
12505	0	31908	
12506	0	32924	
12507	0	34024	
12508	0	33856	
12509	0	32932	
12510	0	32320	
12511	0	32276	
12512	0	31940	
12513	0	31688	
12514	0	32164	
12515	0	32196	
12516	0	32480	
12517	0	32624	
12518	0	33496	
12519	0	34880	
12520	0	35088	
12521	0	33888	
12522	0	32464	
12523	0	31784	
12524	0	31764	
12525	0	31084	
12526	0	30736	
12527	0	31064	
12528	0	32484	
12529	0	33608	
12530	0	35004	
12531	0	36756	
12532	0	38224	
12533	0	39244	
12534	0	39128	
12535	0	38472	
12536	0	37340	
12537	0	35920	
12538	0	34700	
12539	0	33880	
12540	0	32948	
12541	0	33656	
12542	0	34588	
12543	0	34074	
12544	0	34344	
12545	0	35800	
12546	0	33784	
12547	0	31752	
12548	0	30776	
12549	0	30014	
12550	0	28974	
12551	0	28288	
12552	0	27980	
12553	0	28100	
12554	0	27940	
12555	0	27668	
12556	0	27988	
12557	0	27864	
12558	0	27872	
12559	0	27980	
12560	0	27928	
12561	0	27612	
12562	0	28986	
12563	0	31376	
12564	0	31940	
12565	0	32524	
12566	0	33152	
12567	0	33704	
12568	0	33672	
12569	0	32641	
12570	0	32360	
12571	0	32032	
12572	0	31564	
12573	0	31448	
12574	0	31544	
12575	0	31424	
12576	0	30976	
12577	0	30292	
12578	0	31488	
12579	0	33952	
12580	0	35640	
12581	0	36384	
12582	0	37536	
12583	0	38984	
12584	0	39416	
12585	0	38424	
12586	0	36468	
12587	0	34440	
12588	0	33428	
12589	0	31592	
12590	0	30108	
12591	0	29744	
12592	0	30264	
12593	0	31216	
12594	0	31376	
12595	0	30808	
12596	0	30236	
12597	0	29984	
12598	0	31300	
12599	0	32960	
12600	0	34096	
12601	0	35188	
12602	0	35612	
12603	0	35092	
12604	0	34596	
12605	0	34520	
12606	0	34960	
12607	0	35516	
12608	0	35998	
12609	0	36372	
12610	0	36860	
12611	0	36864	
12612	0	35452	
12613	0	32756	
12614	0	30144	
12615	0	28868	
12616	0	29640	
12617	0	30948	
12618	0	32228	
12619	0	33444	
12620	0	34888	
12621	0	36096	
12622	0	37052	
12623	0	37536	
12624	0	37296	
12625	0	36948	
12626	0	35720	
12627	0	35192	
12628	0	35384	
12629	0	34664	
12630	0	33160	
12631	0	31392	
12632	0	28932	
12633	0	27420	
12634	0	26932	
12635	0	27164	
12636	0	28304	
12637	0	30504	
12638	0	32800	
12639	0	33996	
12640	0	34784	
12641	0	34752	
12642	0	34268	
12643	0	34352	
12644	0	34420	
12645	0	34512	
12646	0	34528	
12647	0	34968	
12648	0	35224	
12649	0	35380	
12650	0	35792	
12651	0	35800	
12652	0	35152	
12653	0	35864	
12654	0	36472	
12655	0	35716	
12656	0	35064	
12657	0	34596	
12658	0	34500	
12659	0	34836	
12660	0	35572	
12661	0	35000	
12662	0	33704	
12663	0	32532	
12664	0	32144	
12665	0	32908	
12666	0	34616	
12667	0	36412	
12668	0	36708	
12669	0	35392	
12670	0	33536	
12671	0	32580	
12672	0	31772	
12673	0	31022	
12674	0	30360	
12675	0	30024	
12676	0	31008	
12677	0	32104	
12678	0	33308	
12679	0	34456	
12680	0	34650	
12681	0	33868	
12682	0	33296	
12683	0	33560	
12684	0	34308	
12685	0	36040	
12686	0	36800	
12687	0	36572	
12688	0	36016	
12689	0	34856	
12690	0	33456	
12691	0	32276	
12692	0	31384	
12693	0	31544	
12694	0	32448	
12695	0	33007	
12696	0	32936	
12697	0	32256	
12698	0	31034	
12699	0	30752	
12700	0	30504	
12701	0	30132	
12702	0	30652	
12703	0	31348	
12704	0	31276	
12705	0	31344	
12706	0	31168	
12707	0	30456	
12708	0	30320	
12709	0	30632	
12710	0	31048	
12711	0	31604	
12712	0	32164	
12713	0	31620	
12714	0	30684	
12715	0	29976	
12716	0	29606	
12717	0	29344	
12718	0	29632	
12719	0	30088	
12720	0	31170	
12721	0	33128	
12722	0	35216	
12723	0	35788	
12724	0	35444	
12725	0	33916	
12726	0	32040	
12727	0	31104	
12728	0	31952	
12729	0	33188	
12730	0	34216	
12731	0	34864	
12732	0	34944	
12733	0	35044	
12734	0	34532	
12735	0	34240	
12736	0	34264	
12737	0	34536	
12738	0	34052	
12739	0	32940	
12740	0	32228	
12741	0	32072	
12742	0	32312	
12743	0	32728	
12744	0	33508	
12745	0	35560	
12746	0	36544	
12747	0	36156	
12748	0	35834	
12749	0	36060	
12750	0	36784	
12751	0	37964	
12752	0	37956	
12753	0	37864	
12754	0	37828	
12755	0	37400	
12756	0	37104	
12757	0	37976	
12758	0	39540	
12759	0	40628	
12760	0	39648	
12761	0	38016	
12762	0	36816	
12763	0	35636	
12764	0	34416	
12765	0	32820	
12766	0	30908	
12767	0	28300	
12768	0	25720	
12769	0	23344	
12770	0	21988	
12771	0	21776	
12772	0	22348	
12773	0	23264	
12774	0	24896	
12775	0	26400	
12776	0	27204	
12777	0	27866	
12778	0	28888	
12779	0	29900	
12780	0	31412	
12781	0	33208	
12782	0	34476	
12783	0	35192	
12784	0	35532	
12785	0	35684	
12786	0	35816	
12787	0	35944	
12788	0	35888	
12789	0	35328	
12790	0	34308	
12791	0	33168	
12792	0	31360	
12793	0	29652	
12794	0	29180	
12795	0	28882	
12796	0	28736	
12797	0	29560	
12798	0	31420	
12799	0	33328	
12800	0	34264	
12801	0	34484	
12802	0	34044	
12803	0	32956	
12804	0	31960	
12805	0	31316	
12806	0	30796	
12807	0	30868	
12808	0	30820	
12809	0	30780	
12810	0	29808	
12811	0	28564	
12812	0	27824	
12813	0	27540	
12814	0	27724	
12815	0	28452	
12816	0	29584	
12817	0	30344	
12818	0	31072	
12819	0	30988	
12820	0	31024	
12821	0	30808	
12822	0	30572	
12823	0	30968	
12824	0	31260	
12825	0	31620	
12826	0	32364	
12827	0	32392	
12828	0	32140	
12829	0	32384	
12830	0	32168	
12831	0	31380	
12832	0	30764	
12833	0	30536	
12834	0	30824	
12835	0	31892	
12836	0	32794	
12837	0	32920	
12838	0	32712	
12839	0	32512	
12840	0	32464	
12841	0	32640	
12842	0	32540	
12843	0	32618	
12844	0	32340	
12845	0	31100	
12846	0	30308	
12847	0	29512	
12848	0	28052	
12849	0	26196	
12850	0	25140	
12851	0	24824	
12852	0	25016	
12853	0	25724	
12854	0	26492	
12855	0	26596	
12856	0	26752	
12857	0	28092	
12858	0	30000	
12859	0	31636	
12860	0	32996	
12861	0	34400	
12862	0	34968	
12863	0	35128	
12864	0	35152	
12865	0	34928	
12866	0	34708	
12867	0	34384	
12868	0	34328	
12869	0	33956	
12870	0	33720	
12871	0	33812	
12872	0	34024	
12873	0	33876	
12874	0	33184	
12875	0	32528	
12876	0	32412	
12877	0	32380	
12878	0	31248	
12879	0	29972	
12880	0	29840	
12881	0	30456	
12882	0	31596	
12883	0	32524	
12884	0	32916	
12885	0	33032	
12886	0	32620	
12887	0	32320	
12888	0	32456	
12889	0	32908	
12890	0	33424	
12891	0	34176	
12892	0	34460	
12893	0	34892	
12894	0	34840	
12895	0	34664	
12896	0	34252	
12897	0	33880	
12898	0	33568	
12899	0	32948	
12900	0	32564	
12901	0	32520	
12902	0	32696	
12903	0	32644	
12904	0	32896	
12905	0	33204	
12906	0	34212	
12907	0	35576	
12908	0	36636	
12909	0	37396	
12910	0	37488	
12911	0	36400	
12912	0	34204	
12913	0	32212	
12914	0	31432	
12915	0	31248	
12916	0	31408	
12917	0	31564	
12918	0	32472	
12919	0	33108	
12920	0	33632	
12921	0	33204	
12922	0	32192	
12923	0	31528	
12924	0	31768	
12925	0	31980	
12926	0	31644	
12927	0	30956	
12928	0	30148	
12929	0	29448	
12930	0	29160	
12931	0	29688	
12932	0	29916	
12933	0	29954	
12934	0	30200	
12935	0	30372	
12936	0	29908	
12937	0	29428	
12938	0	29288	
12939	0	28988	
12940	0	28626	
12941	0	27908	
12942	0	27920	
12943	0	28128	
12944	0	28420	
12945	0	29556	
12946	0	31008	
12947	0	31548	
12948	0	32048	
12949	0	32452	
12950	0	33116	
12951	0	33836	
12952	0	33724	
12953	0	33124	
12954	0	32884	
12955	0	32044	
12956	0	30396	
12957	0	28808	
12958	0	27736	
12959	0	26640	
12960	0	25976	
12961	0	24952	
12962	0	23472	
12963	0	21848	
12964	0	21788	
12965	0	22796	
12966	0	23588	
12967	0	23330	
12968	0	22420	
12969	0	21932	
12970	0	22476	
12971	0	23712	
12972	0	25264	
12973	0	26176	
12974	0	27922	
12975	0	30812	
12976	0	32604	
12977	0	33032	
12978	0	33316	
12979	0	33860	
12980	0	33948	
12981	0	34124	
12982	0	35176	
12983	0	36960	
12984	0	38496	
12985	0	38016	
12986	0	36152	
12987	0	33664	
12988	0	30632	
12989	0	28604	
12990	0	27972	
12991	0	27930	
12992	0	29160	
12993	0	31672	
12994	0	34084	
12995	0	36456	
12996	0	37636	
12997	0	37444	
12998	0	36912	
12999	0	37128	
13000	0	38420	
13001	0	39528	
13002	0	39824	
13003	0	40064	
13004	0	40120	
13005	0	40036	
13006	0	39672	
13007	0	39512	
13008	0	39304	
13009	0	39064	
13010	0	38332	
13011	0	37780	
13012	0	36804	
13013	0	36072	
13014	0	35600	
13015	0	34804	
13016	0	34664	
13017	0	34984	
13018	0	34924	
13019	0	35108	
13020	0	35372	
13021	0	36100	
13022	0	36624	
13023	0	36824	
13024	0	36344	
13025	0	35432	
13026	0	35184	
13027	0	34236	
13028	0	32968	
13029	0	31626	
13030	0	30448	
13031	0	29740	
13032	0	29452	
13033	0	29012	
13034	0	28676	
13035	0	28772	
13036	0	29344	
13037	0	29940	
13038	0	30676	
13039	0	31492	
13040	0	31188	
13041	0	30880	
13042	0	31348	
13043	0	31920	
13044	0	32032	
13045	0	32052	
13046	0	32256	
13047	0	32080	
13048	0	32044	
13049	0	32240	
13050	0	32400	
13051	0	32660	
13052	0	33376	
13053	0	34560	
13054	0	35672	
13055	0	35908	
13056	0	36368	
13057	0	36316	
13058	0	35380	
13059	0	34912	
13060	0	34968	
13061	0	35282	
13062	0	35708	
13063	0	35164	
13064	0	33160	
13065	0	30704	
13066	0	28850	
13067	0	28916	
13068	0	29988	
13069	0	31708	
13070	0	33568	
13071	0	34952	
13072	0	36348	
13073	0	36976	
13074	0	36972	
13075	0	36826	
13076	0	36900	
13077	0	36760	
13078	0	36112	
13079	0	35156	
13080	0	34116	
13081	0	32524	
13082	0	31620	
13083	0	31012	
13084	0	30688	
13085	0	30948	
13086	0	31624	
13087	0	32220	
13088	0	32272	
13089	0	32444	
13090	0	32272	
13091	0	31864	
13092	0	31434	
13093	0	30872	
13094	0	30200	
13095	0	30076	
13096	0	30476	
13097	0	31132	
13098	0	31652	
13099	0	31920	
13100	0	32016	
13101	0	31640	
13102	0	30856	
13103	0	30020	
13104	0	29544	
13105	0	29176	
13106	0	29488	
13107	0	30400	
13108	0	31740	
13109	0	32660	
13110	0	33408	
13111	0	33672	
13112	0	33252	
13113	0	32108	
13114	0	30336	
13115	0	28136	
13116	0	26474	
13117	0	26188	
13118	0	26596	
13119	0	27020	
13120	0	27568	
13121	0	27592	
13122	0	26840	
13123	0	25980	
13124	0	25480	
13125	0	25496	
13126	0	26584	
13127	0	28096	
13128	0	29428	
13129	0	29688	
13130	0	29152	
13131	0	28640	
13132	0	28284	
13133	0	27664	
13134	0	27476	
13135	0	27500	
13136	0	27536	
13137	0	27136	
13138	0	27368	
13139	0	27684	
13140	0	27976	
13141	0	27464	
13142	0	26912	
13143	0	26832	
13144	0	27324	
13145	0	27981	
13146	0	28204	
13147	0	28424	
13148	0	29040	
13149	0	30208	
13150	0	31312	
13151	0	32328	
13152	0	32704	
13153	0	32036	
13154	0	30928	
13155	0	30172	
13156	0	29952	
13157	0	29962	
13158	0	29732	
13159	0	29572	
13160	0	29676	
13161	0	29912	
13162	0	30040	
13163	0	30072	
13164	0	30168	
13165	0	30424	
13166	0	30744	
13167	0	31244	
13168	0	31024	
13169	0	30108	
13170	0	30216	
13171	0	30188	
13172	0	29972	
13173	0	30000	
13174	0	30888	
13175	0	31764	
13176	0	31552	
13177	0	30944	
13178	0	30749	
13179	0	31404	
13180	0	32164	
13181	0	32876	
13182	0	34088	
13183	0	35484	
13184	0	36460	
13185	0	36928	
13186	0	37012	
13187	0	36096	
13188	0	34256	
13189	0	32336	
13190	0	30696	
13191	0	29596	
13192	0	29228	
13193	0	29880	
13194	0	30624	
13195	0	31076	
13196	0	31776	
13197	0	32204	
13198	0	32772	
13199	0	33044	
13200	0	33444	
13201	0	34276	
13202	0	33448	
13203	0	32032	
13204	0	31896	
13205	0	32832	
13206	0	33888	
13207	0	34796	
13208	0	34792	
13209	0	34336	
13210	0	33992	
13211	0	34292	
13212	0	35024	
13213	0	35528	
13214	0	35912	
13215	0	35192	
13216	0	33356	
13217	0	31944	
13218	0	30804	
13219	0	30264	
13220	0	30720	
13221	0	32040	
13222	0	32972	
13223	0	33992	
13224	0	34348	
13225	0	34172	
13226	0	34080	
13227	0	34068	
13228	0	33424	
13229	0	32600	
13230	0	31996	
13231	0	32088	
13232	0	32264	
13233	0	32184	
13234	0	31780	
13235	0	31308	
13236	0	31288	
13237	0	31366	
13238	0	31136	
13239	0	30988	
13240	0	30632	
13241	0	30344	
13242	0	30794	
13243	0	31392	
13244	0	32716	
13245	0	33000	
13246	0	32508	
13247	0	31848	
13248	0	31108	
13249	0	30616	
13250	0	30416	
13251	0	31060	
13252	0	31564	
13253	0	31376	
13254	0	30900	
13255	0	30812	
13256	0	30780	
13257	0	30904	
13258	0	31120	
13259	0	30744	
13260	0	30368	
13261	0	30172	
13262	0	29976	
13263	0	30300	
13264	0	31056	
13265	0	31672	
13266	0	32012	
13267	0	31616	
13268	0	30588	
13269	0	29976	
13270	0	29828	
13271	0	29480	
13272	0	29096	
13273	0	29060	
13274	0	29060	
13275	0	29516	
13276	0	30404	
13277	0	31748	
13278	0	32772	
13279	0	33328	
13280	0	33324	
13281	0	33232	
13282	0	33716	
13283	0	34716	
13284	0	34764	
13285	0	34168	
13286	0	33604	
13287	0	33576	
13288	0	33844	
13289	0	34448	
13290	0	34996	
13291	0	34760	
13292	0	33916	
13293	0	32685	
13294	0	30964	
13295	0	29776	
13296	0	29288	
13297	0	29164	
13298	0	29124	
13299	0	29100	
13300	0	28954	
13301	0	28380	
13302	0	27960	
13303	0	28232	
13304	0	28692	
13305	0	28712	
13306	0	28792	
13307	0	29168	
13308	0	29845	
13309	0	30236	
13310	0	30868	
13311	0	31560	
13312	0	31784	
13313	0	31876	
13314	0	32020	
13315	0	30904	
13316	0	29604	
13317	0	28972	
13318	0	28636	
13319	0	28824	
13320	0	29476	
13321	0	29896	
13322	0	30528	
13323	0	31320	
13324	0	31956	
13325	0	32300	
13326	0	32448	
13327	0	32796	
13328	0	33680	
13329	0	34516	
13330	0	35000	
13331	0	35872	
13332	0	36824	
13333	0	36592	
13334	0	35756	
13335	0	35112	
13336	0	34464	
13337	0	34144	
13338	0	34656	
13339	0	35796	
13340	0	37096	
13341	0	38392	
13342	0	38616	
13343	0	38356	
13344	0	38488	
13345	0	37956	
13346	0	36768	
13347	0	35528	
13348	0	35096	
13349	0	35204	
13350	0	35244	
13351	0	35484	
13352	0	35528	
13353	0	34448	
13354	0	32784	
13355	0	31040	
13356	0	30140	
13357	0	29940	
13358	0	30064	
13359	0	30416	
13360	0	30992	
13361	0	31120	
13362	0	30844	
13363	0	30556	
13364	0	31224	
13365	0	33224	
13366	0	35676	
13367	0	37568	
13368	0	39212	
13369	0	39992	
13370	0	39292	
13371	0	37340	
13372	0	34528	
13373	0	32792	
13374	0	31892	
13375	0	31604	
13376	0	31572	
13377	0	31660	
13378	0	31600	
13379	0	31948	
13380	0	31872	
13381	0	31488	
13382	0	31272	
13383	0	31468	
13384	0	31744	
13385	0	32332	
13386	0	32784	
13387	0	33592	
13388	0	34424	
13389	0	34968	
13390	0	35400	
13391	0	34984	
13392	0	34136	
13393	0	33544	
13394	0	32816	
13395	0	32432	
13396	0	32100	
13397	0	31132	
13398	0	29964	
13399	0	28996	
13400	0	28660	
13401	0	28628	
13402	0	28680	
13403	0	28504	
13404	0	27624	
13405	0	27060	
13406	0	27272	
13407	0	27012	
13408	0	27056	
13409	0	27444	
13410	0	28136	
13411	0	29376	
13412	0	30616	
13413	0	31256	
13414	0	31440	
13415	0	31308	
13416	0	30840	
13417	0	30096	
13418	0	29024	
13419	0	28640	
13420	0	28056	
13421	0	28108	
13422	0	29112	
13423	0	30240	
13424	0	31340	
13425	0	32020	
13426	0	32232	
13427	0	32520	
13428	0	32704	
13429	0	33056	
13430	0	33288	
13431	0	32872	
13432	0	32696	
13433	0	33048	
13434	0	34080	
13435	0	35588	
13436	0	37048	
13437	0	38004	
13438	0	38572	
13439	0	37996	
13440	0	36276	
13441	0	34556	
13442	0	33336	
13443	0	33228	
13444	0	33680	
13445	0	34140	
13446	0	34280	
13447	0	33984	
13448	0	33148	
13449	0	32232	
13450	0	31976	
13451	0	31960	
13452	0	31476	
13453	0	30848	
13454	0	30304	
13455	0	31192	
13456	0	32524	
13457	0	33136	
13458	0	32992	
13459	0	32944	
13460	0	32752	
13461	0	32680	
13462	0	32380	
13463	0	31960	
13464	0	31404	
13465	0	31428	
13466	0	31428	
13467	0	31720	
13468	0	32268	
13469	0	32816	
13470	0	32928	
13471	0	32712	
13472	0	32324	
13473	0	31632	
13474	0	31524	
13475	0	32480	
13476	0	32984	
13477	0	33724	
13478	0	34412	
13479	0	34124	
13480	0	33492	
13481	0	33264	
13482	0	33452	
13483	0	33540	
13484	0	33472	
13485	0	33216	
13486	0	33284	
13487	0	33836	
13488	0	34168	
13489	0	34852	
13490	0	35704	
13491	0	36536	
13492	0	37036	
13493	0	36724	
13494	0	36360	
13495	0	36248	
13496	0	35728	
13497	0	34788	
13498	0	34820	
13499	0	35112	
13500	0	35064	
13501	0	34484	
13502	0	34016	
13503	0	33812	
13504	0	34332	
13505	0	35244	
13506	0	36292	
13507	0	36636	
13508	0	36800	
13509	0	36844	
13510	0	36200	
13511	0	35708	
13512	0	35844	
13513	0	35352	
13514	0	34844	
13515	0	34568	
13516	0	34144	
13517	0	33524	
13518	0	33390	
13519	0	33504	
13520	0	33780	
13521	0	33648	
13522	0	32960	
13523	0	32188	
13524	0	32040	
13525	0	32288	
13526	0	33048	
13527	0	34172	
13528	0	34936	
13529	0	35508	
13530	0	35976	
13531	0	36136	
13532	0	35496	
13533	0	34548	
13534	0	33640	
13535	0	32916	
13536	0	32676	
13537	0	33228	
13538	0	34512	
13539	0	35560	
13540	0	36032	
13541	0	36352	
13542	0	36320	
13543	0	35328	
13544	0	34156	
13545	0	32994	
13546	0	32384	
13547	0	32072	
13548	0	32544	
13549	0	33904	
13550	0	36104	
13551	0	38828	
13552	0	41064	
13553	0	42360	
13554	0	42624	
13555	0	41684	
13556	0	39408	
13557	0	36580	
13558	0	34052	
13559	0	31500	
13560	0	29616	
13561	0	28276	
13562	0	27872	
13563	0	27752	
13564	0	27856	
13565	0	28456	
13566	0	30100	
13567	0	32352	
13568	0	33584	
13569	0	34204	
13570	0	34168	
13571	0	34232	
13572	0	34628	
13573	0	35568	
13574	0	36052	
13575	0	36384	
13576	0	36320	
13577	0	35880	
13578	0	36124	
13579	0	36644	
13580	0	36960	
13581	0	37036	
13582	0	36728	
13583	0	35696	
13584	0	34480	
13585	0	34660	
13586	0	35444	
13587	0	35648	
13588	0	35808	
13589	0	35712	
13590	0	35976	
13591	0	35968	
13592	0	35888	
13593	0	36292	
13594	0	37672	
13595	0	39008	
13596	0	40160	
13597	0	41076	
13598	0	41528	
13599	0	42088	
13600	0	42284	
13601	0	42032	
13602	0	40920	
13603	0	39504	
13604	0	37984	
13605	0	36584	
13606	0	35832	
13607	0	36392	
13608	0	38120	
13609	0	39304	
13610	0	39416	
13611	0	39032	
13612	0	38956	
13613	0	39072	
13614	0	39348	
13615	0	39788	
13616	0	39896	
13617	0	39896	
13618	0	40148	
13619	0	40360	
13620	0	40348	
13621	0	40328	
13622	0	39932	
13623	0	39200	
13624	0	39328	
13625	0	40584	
13626	0	41360	
13627	0	42424	
13628	0	42708	
13629	0	42872	
13630	0	43288	
13631	0	43408	
13632	0	43256	
13633	0	42224	
13634	0	40936	
13635	0	39684	
13636	0	38416	
13637	0	37824	
13638	0	38084	
13639	0	38836	
13640	0	39376	
13641	0	39448	
13642	0	39468	
13643	0	40020	
13644	0	40772	
13645	0	41436	
13646	0	42444	
13647	0	43676	
13648	0	44488	
13649	0	44112	
13650	0	42920	
13651	0	41884	
13652	0	41004	
13653	0	40448	
13654	0	40220	
13655	0	40272	
13656	0	40584	
13657	0	40552	
13658	0	40456	
13659	0	39152	
13660	0	37728	
13661	0	36596	
13662	0	35656	
13663	0	35092	
13664	0	34930	
13665	0	34586	
13666	0	34344	
13667	0	34396	
13668	0	34500	
13669	0	34604	
13670	0	35480	
13671	0	37040	
13672	0	38088	
13673	0	38540	
13674	0	38316	
13675	0	37536	
13676	0	36384	
13677	0	35608	
13678	0	35380	
13679	0	35080	
13680	0	34832	
13681	0	34604	
13682	0	34984	
13683	0	35808	
13684	0	36656	
13685	0	36928	
13686	0	36520	
13687	0	35492	
13688	0	33956	
13689	0	32872	
13690	0	32624	
13691	0	32972	
13692	0	33724	
13693	0	35576	
13694	0	37772	
13695	0	38460	
13696	0	37496	
13697	0	35044	
13698	0	32752	
13699	0	31840	
13700	0	31512	
13701	0	31376	
13702	0	31872	
13703	0	32520	
13704	0	32708	
13705	0	32704	
13706	0	32816	
13707	0	33584	
13708	0	34056	
13709	0	33680	
13710	0	33296	
13711	0	33352	
13712	0	33976	
13713	0	34584	
13714	0	35156	
13715	0	35608	
13716	0	36912	
13717	0	38320	
13718	0	38928	
13719	0	39152	
13720	0	39244	
13721	0	39160	
13722	0	38828	
13723	0	38592	
13724	0	38592	
13725	0	38364	
13726	0	38468	
13727	0	38928	
13728	0	39808	
13729	0	40424	
13730	0	40060	
13731	0	38804	
13732	0	36884	
13733	0	34996	
13734	0	33260	
13735	0	32164	
13736	0	31628	
13737	0	30992	
13738	0	29994	
13739	0	29194	
13740	0	28692	
13741	0	28680	
13742	0	28472	
13743	0	28198	
13744	0	28324	
13745	0	28992	
13746	0	30220	
13747	0	31716	
13748	0	33380	
13749	0	34932	
13750	0	36204	
13751	0	37224	
13752	0	37144	
13753	0	37052	
13754	0	36884	
13755	0	37040	
13756	0	37708	
13757	0	38080	
13758	0	38428	
13759	0	38116	
13760	0	37484	
13761	0	36912	
13762	0	36800	
13763	0	36584	
13764	0	36000	
13765	0	35236	
13766	0	34680	
13767	0	34580	
13768	0	34492	
13769	0	34248	
13770	0	33592	
13771	0	32968	
13772	0	32400	
13773	0	31772	
13774	0	31388	
13775	0	31468	
13776	0	31732	
13777	0	32100	
13778	0	31812	
13779	0	31404	
13780	0	31052	
13781	0	30784	
13782	0	30714	
13783	0	30864	
13784	0	31128	
13785	0	31704	
13786	0	32080	
13787	0	32456	
13788	0	32328	
13789	0	32500	
13790	0	32696	
13791	0	32464	
13792	0	32352	
13793	0	31964	
13794	0	31440	
13795	0	31408	
13796	0	31700	
13797	0	32220	
13798	0	32152	
13799	0	31988	
13800	0	32220	
13801	0	32896	
13802	0	33044	
13803	0	32816	
13804	0	32984	
13805	0	33284	
13806	0	33528	
13807	0	33676	
13808	0	33708	
13809	0	33832	
13810	0	33560	
13811	0	33760	
13812	0	33656	
13813	0	33004	
13814	0	32217	
13815	0	31564	
13816	0	30632	
13817	0	30072	
13818	0	29248	
13819	0	28468	
13820	0	28680	
13821	0	29148	
13822	0	29484	
13823	0	29704	
13824	0	30240	
13825	0	31048	
13826	0	32104	
13827	0	33348	
13828	0	34520	
13829	0	35420	
13830	0	35740	
13831	0	35744	
13832	0	35468	
13833	0	35276	
13834	0	35040	
13835	0	34340	
13836	0	33388	
13837	0	33016	
13838	0	32780	
13839	0	32472	
13840	0	32352	
13841	0	32496	
13842	0	32300	
13843	0	31880	
13844	0	31368	
13845	0	31180	
13846	0	30848	
13847	0	30680	
13848	0	30736	
13849	0	31400	
13850	0	32052	
13851	0	32848	
13852	0	33000	
13853	0	32884	
13854	0	33152	
13855	0	33344	
13856	0	33312	
13857	0	32866	
13858	0	32448	
13859	0	32560	
13860	0	32584	
13861	0	32112	
13862	0	31928	
13863	0	32424	
13864	0	33070	
13865	0	33860	
13866	0	34668	
13867	0	34752	
13868	0	35008	
13869	0	35840	
13870	0	36424	
13871	0	36708	
13872	0	36728	
13873	0	36436	
13874	0	35816	
13875	0	35032	
13876	0	34592	
13877	0	34524	
13878	0	34392	
13879	0	34060	
13880	0	33760	
13881	0	33560	
13882	0	32826	
13883	0	32152	
13884	0	31764	
13885	0	31440	
13886	0	30188	
13887	0	28504	
13888	0	27258	
13889	0	26704	
13890	0	25932	
13891	0	26084	
13892	0	26856	
13893	0	27448	
13894	0	27704	
13895	0	27808	
13896	0	27064	
13897	0	26056	
13898	0	25738	
13899	0	26600	
13900	0	28080	
13901	0	29848	
13902	0	31832	
13903	0	33404	
13904	0	34236	
13905	0	34988	
13906	0	35588	
13907	0	36096	
13908	0	36492	
13909	0	36512	
13910	0	36240	
13911	0	35768	
13912	0	35068	
13913	0	34792	
13914	0	34888	
13915	0	35480	
13916	0	36036	
13917	0	36520	
13918	0	36642	
13919	0	35776	
13920	0	33860	
13921	0	31872	
13922	0	30328	
13923	0	29292	
13924	0	28906	
13925	0	29296	
13926	0	30392	
13927	0	31374	
13928	0	32048	
13929	0	31716	
13930	0	31312	
13931	0	31248	
13932	0	31069	
13933	0	30876	
13934	0	30668	
13935	0	30140	
13936	0	29644	
13937	0	29116	
13938	0	29101	
13939	0	30256	
13940	0	31440	
13941	0	32308	
13942	0	33256	
13943	0	34032	
13944	0	34152	
13945	0	33450	
13946	0	33184	
13947	0	33300	
13948	0	33136	
13949	0	32472	
13950	0	31608	
13951	0	30912	
13952	0	30616	
13953	0	30316	
13954	0	30176	
13955	0	29690	
13956	0	28984	
13957	0	28480	
13958	0	28648	
13959	0	28952	
13960	0	29460	
13961	0	30256	
13962	0	30684	
13963	0	30908	
13964	0	30484	
13965	0	30216	
13966	0	29932	
13967	0	29688	
13968	0	28808	
13969	0	27408	
13970	0	27160	
13971	0	27492	
13972	0	28204	
13973	0	27912	
13974	0	27356	
13975	0	27692	
13976	0	28648	
13977	0	29652	
13978	0	30420	
13979	0	30716	
13980	0	30760	
13981	0	30284	
13982	0	30072	
13983	0	29920	
13984	0	30304	
13985	0	30964	
13986	0	31440	
13987	0	31628	
13988	0	31712	
13989	0	31820	
13990	0	31724	
13991	0	31416	
13992	0	31120	
13993	0	31108	
13994	0	30928	
13995	0	30124	
13996	0	29188	
13997	0	28616	
13998	0	28926	
13999	0	29865	
14000	0	31278	
14001	0	32280	
14002	0	32080	
14003	0	31408	
14004	0	30644	
14005	0	30466	
14006	0	30852	
14007	0	31476	
14008	0	31668	
14009	0	31080	
14010	0	30316	
14011	0	29352	
14012	0	28784	
14013	0	28272	
14014	0	28296	
14015	0	28608	
14016	0	28656	
14017	0	28600	
14018	0	29544	
14019	0	30998	
14020	0	31824	
14021	0	32532	
14022	0	32004	
14023	0	30960	
14024	0	30076	
14025	0	29320	
14026	0	28680	
14027	0	28256	
14028	0	28016	
14029	0	28248	
14030	0	28732	
14031	0	29552	
14032	0	30476	
14033	0	31008	
14034	0	31512	
14035	0	32960	
14036	0	34496	
14037	0	35464	
14038	0	35408	
14039	0	33882	
14040	0	32144	
14041	0	30672	
14042	0	29968	
14043	0	29984	
14044	0	30560	
14045	0	31664	
14046	0	33104	
14047	0	34740	
14048	0	36744	
14049	0	37432	
14050	0	37352	
14051	0	37368	
14052	0	37728	
14053	0	37948	
14054	0	37752	
14055	0	37208	
14056	0	36972	
14057	0	37080	
14058	0	37264	
14059	0	37576	
14060	0	37888	
14061	0	37316	
14062	0	36008	
14063	0	34028	
14064	0	32504	
14065	0	31576	
14066	0	32056	
14067	0	32600	
14068	0	33584	
14069	0	34160	
14070	0	34176	
14071	0	34372	
14072	0	34084	
14073	0	33064	
14074	0	32368	
14075	0	31844	
14076	0	31204	
14077	0	30888	
14078	0	31184	
14079	0	31544	
14080	0	31656	
14081	0	31664	
14082	0	31984	
14083	0	32234	
14084	0	32256	
14085	0	32308	
14086	0	31504	
14087	0	29628	
14088	0	27668	
14089	0	25596	
14090	0	23800	
14091	0	22568	
14092	0	22364	
14093	0	21905	
14094	0	21568	
14095	0	20986	
14096	0	20588	
14097	0	20384	
14098	0	20786	
14099	0	21768	
14100	0	23492	
14101	0	24760	
14102	0	26372	
14103	0	27892	
14104	0	29212	
14105	0	29176	
14106	0	28616	
14107	0	27840	
14108	0	27304	
14109	0	26617	
14110	0	25352	
14111	0	24628	
14112	0	23872	
14113	0	22648	
14114	0	21614	
14115	0	21778	
14116	0	22780	
14117	0	23528	
14118	0	23688	
14119	0	23669	
14120	0	23892	
14121	0	24060	
14122	0	24480	
14123	0	24892	
14124	0	25498	
14125	0	26372	
14126	0	26796	
14127	0	27328	
14128	0	28088	
14129	0	29032	
14130	0	29688	
14131	0	29498	
14132	0	29092	
14133	0	27960	
14134	0	27068	
14135	0	26612	
14136	0	26384	
14137	0	25716	
14138	0	25216	
14139	0	25276	
14140	0	25528	
14141	0	26448	
14142	0	28088	
14143	0	30144	
14144	0	31556	
14145	0	31884	
14146	0	31600	
14147	0	31104	
14148	0	30288	
14149	0	29844	
14150	0	29552	
14151	0	29712	
14152	0	29792	
14153	0	29304	
14154	0	28304	
14155	0	27476	
14156	0	26752	
14157	0	26380	
14158	0	26290	
14159	0	26464	
14160	0	26340	
14161	0	26356	
14162	0	26524	
14163	0	26508	
14164	0	26856	
14165	0	27384	
14166	0	28092	
14167	0	29260	
14168	0	30336	
14169	0	31332	
14170	0	31572	
14171	0	30896	
14172	0	29576	
14173	0	28576	
14174	0	27992	
14175	0	27649	
14176	0	27952	
14177	0	28644	
14178	0	29284	
14179	0	29812	
14180	0	30252	
14181	0	30476	
14182	0	30744	
14183	0	31048	
14184	0	31488	
14185	0	32088	
14186	0	32224	
14187	0	30920	
14188	0	30480	
14189	0	30792	
14190	0	31300	
14191	0	31588	
14192	0	31624	
14193	0	31408	
14194	0	31532	
14195	0	31876	
14196	0	31772	
14197	0	31196	
14198	0	31088	
14199	0	31336	
14200	0	31936	
14201	0	32140	
14202	0	31756	
14203	0	31384	
14204	0	31472	
14205	0	31968	
14206	0	32508	
14207	0	33252	
14208	0	34044	
14209	0	34396	
14210	0	34728	
14211	0	34728	
14212	0	33988	
14213	0	33368	
14214	0	33072	
14215	0	32424	
14216	0	31516	
14217	0	31252	
14218	0	31724	
14219	0	31548	
14220	0	30992	
14221	0	30830	
14222	0	31356	
14223	0	32506	
14224	0	33276	
14225	0	33828	
14226	0	34104	
14227	0	34020	
14228	0	33916	
14229	0	34024	
14230	0	33296	
14231	0	32880	
14232	0	33184	
14233	0	34108	
14234	0	35376	
14235	0	35744	
14236	0	35660	
14237	0	35132	
14238	0	33944	
14239	0	33088	
14240	0	33066	
14241	0	32948	
14242	0	32712	
14243	0	32292	
14244	0	31752	
14245	0	31580	
14246	0	32252	
14247	0	33356	
14248	0	34512	
14249	0	34560	
14250	0	34096	
14251	0	33624	
14252	0	33492	
14253	0	33412	
14254	0	33252	
14255	0	33120	
14256	0	33076	
14257	0	32986	
14258	0	32756	
14259	0	32716	
14260	0	33116	
14261	0	33464	
14262	0	33826	
14263	0	34228	
14264	0	34468	
14265	0	34856	
14266	0	35112	
14267	0	34740	
14268	0	34160	
14269	0	33842	
14270	0	34592	
14271	0	36204	
14272	0	37264	
14273	0	37168	
14274	0	36832	
14275	0	36460	
14276	0	35704	
14277	0	34532	
14278	0	33160	
14279	0	31904	
14280	0	31032	
14281	0	30564	
14282	0	30724	
14283	0	31584	
14284	0	32160	
14285	0	31980	
14286	0	31464	
14287	0	31280	
14288	0	31412	
14289	0	31560	
14290	0	32296	
14291	0	33368	
14292	0	34468	
14293	0	35488	
14294	0	35968	
14295	0	35848	
14296	0	35156	
14297	0	33928	
14298	0	32140	
14299	0	30444	
14300	0	29524	
14301	0	29436	
14302	0	29368	
14303	0	29888	
14304	0	30416	
14305	0	30620	
14306	0	30820	
14307	0	30956	
14308	0	30932	
14309	0	31016	
14310	0	31544	
14311	0	32080	
14312	0	32236	
14313	0	32416	
14314	0	32924	
14315	0	33720	
14316	0	33620	
14317	0	33116	
14318	0	32796	
14319	0	32728	
14320	0	32928	
14321	0	32664	
14322	0	32312	
14323	0	32300	
14324	0	33068	
14325	0	34076	
14326	0	34760	
14327	0	34844	
14328	0	34424	
14329	0	34532	
14330	0	35452	
14331	0	37216	
14332	0	38852	
14333	0	40048	
14334	0	40764	
14335	0	41328	
14336	0	41152	
14337	0	39428	
14338	0	36364	
14339	0	33276	
14340	0	31036	
14341	0	29880	
14342	0	29408	
14343	0	29608	
14344	0	29988	
14345	0	30684	
14346	0	31720	
14347	0	32256	
14348	0	32232	
14349	0	32060	
14350	0	31588	
14351	0	31100	
14352	0	30784	
14353	0	30768	
14354	0	31604	
14355	0	32696	
14356	0	33944	
14357	0	34628	
14358	0	34560	
14359	0	34296	
14360	0	33376	
14361	0	32208	
14362	0	31504	
14363	0	31656	
14364	0	32468	
14365	0	33912	
14366	0	36708	
14367	0	39192	
14368	0	40956	
14369	0	41868	
14370	0	41220	
14371	0	39412	
14372	0	37944	
14373	0	36512	
14374	0	35632	
14375	0	35468	
14376	0	36316	
14377	0	37392	
14378	0	38496	
14379	0	39060	
14380	0	38852	
14381	0	37652	
14382	0	35500	
14383	0	33464	
14384	0	32344	
14385	0	31888	
14386	0	31896	
14387	0	32388	
14388	0	32720	
14389	0	33228	
14390	0	33456	
14391	0	33484	
14392	0	32820	
14393	0	32396	
14394	0	32784	
14395	0	33720	
14396	0	34520	
14397	0	35688	
14398	0	36980	
14399	0	38280	
14400	0	38824	
14401	0	39120	
14402	0	38836	
14403	0	37656	
14404	0	36980	
14405	0	36916	
14406	0	37096	
14407	0	37328	
14408	0	38156	
14409	0	38628	
14410	0	38448	
14411	0	38032	
14412	0	37544	
14413	0	37300	
14414	0	38072	
14415	0	39172	
14416	0	39880	
14417	0	39988	
14418	0	39692	
14419	0	39116	
14420	0	38616	
14421	0	38192	
14422	0	38396	
14423	0	38404	
14424	0	38500	
14425	0	38728	
14426	0	38728	
14427	0	38152	
14428	0	37552	
14429	0	36932	
14430	0	35932	
14431	0	34848	
14432	0	34452	
14433	0	34632	
14434	0	35136	
14435	0	34884	
14436	0	34016	
14437	0	33372	
14438	0	32736	
14439	0	31948	
14440	0	30656	
14441	0	29924	
14442	0	30080	
14443	0	30468	
14444	0	31312	
14445	0	32304	
14446	0	33280	
14447	0	33772	
14448	0	33900	
14449	0	33760	
14450	0	33536	
14451	0	33316	
14452	0	33016	
14453	0	32436	
14454	0	31924	
14455	0	31512	
14456	0	31740	
14457	0	32308	
14458	0	32524	
14459	0	32384	
14460	0	32260	
14461	0	32336	
14462	0	32696	
14463	0	32376	
14464	0	31596	
14465	0	30992	
14466	0	30772	
14467	0	31308	
14468	0	31504	
14469	0	31308	
14470	0	31344	
14471	0	31496	
14472	0	31260	
14473	0	31096	
14474	0	31184	
14475	0	31824	
14476	0	32676	
14477	0	32908	
14478	0	32176	
14479	0	31300	
14480	0	30624	
14481	0	30108	
14482	0	30140	
14483	0	30564	
14484	0	30760	
14485	0	31020	
14486	0	31176	
14487	0	31580	
14488	0	32392	
14489	0	32868	
14490	0	33008	
14491	0	32812	
14492	0	32820	
14493	0	32808	
14494	0	32712	
14495	0	33032	
14496	0	34140	
14497	0	35064	
14498	0	34896	
14499	0	34980	
14500	0	36128	
14501	0	36880	
14502	0	37056	
14503	0	36412	
14504	0	35636	
14505	0	35244	
14506	0	35632	
14507	0	35984	
14508	0	36208	
14509	0	36580	
14510	0	36900	
14511	0	36752	
14512	0	35516	
14513	0	34232	
14514	0	32980	
14515	0	32712	
14516	0	33244	
14517	0	33528	
14518	0	33620	
14519	0	33180	
14520	0	33172	
14521	0	33044	
14522	0	33312	
14523	0	33896	
14524	0	34760	
14525	0	34168	
14526	0	33300	
14527	0	32612	
14528	0	32128	
14529	0	32144	
14530	0	32428	
14531	0	32656	
14532	0	32384	
14533	0	32076	
14534	0	32112	
14535	0	31976	
14536	0	32104	
14537	0	32832	
14538	0	33544	
14539	0	33794	
14540	0	33816	
14541	0	34172	
14542	0	33544	
14543	0	32336	
14544	0	31176	
14545	0	30808	
14546	0	30824	
14547	0	31044	
14548	0	31676	
14549	0	32760	
14550	0	33256	
14551	0	33752	
14552	0	34900	
14553	0	35544	
14554	0	35464	
14555	0	34428	
14556	0	33064	
14557	0	31744	
14558	0	30648	
14559	0	30312	
14560	0	30184	
14561	0	30656	
14562	0	31108	
14563	0	31904	
14564	0	32424	
14565	0	32648	
14566	0	32760	
14567	0	33488	
14568	0	34428	
14569	0	35348	
14570	0	35996	
14571	0	36104	
14572	0	36352	
14573	0	36100	
14574	0	35820	
14575	0	35484	
14576	0	35112	
14577	0	34272	
14578	0	33316	
14579	0	32736	
14580	0	32044	
14581	0	31209	
14582	0	30500	
14583	0	30196	
14584	0	30776	
14585	0	31700	
14586	0	32192	
14587	0	32740	
14588	0	32924	
14589	0	32540	
14590	0	32132	
14591	0	32132	
14592	0	32612	
14593	0	33308	
14594	0	33904	
14595	0	34516	
14596	0	34968	
14597	0	35116	
14598	0	34564	
14599	0	33552	
14600	0	32768	
14601	0	32924	
14602	0	32632	
14603	0	32172	
14604	0	31844	
14605	0	31756	
14606	0	32252	
14607	0	33844	
14608	0	35408	
14609	0	36412	
14610	0	36692	
14611	0	36916	
14612	0	36640	
14613	0	36440	
14614	0	36240	
14615	0	36384	
14616	0	36096	
14617	0	35180	
14618	0	34248	
14619	0	33376	
14620	0	33272	
14621	0	33668	
14622	0	33720	
14623	0	33744	
14624	0	33864	
14625	0	34072	
14626	0	33744	
14627	0	33216	
14628	0	32992	
14629	0	32698	
14630	0	31928	
14631	0	31288	
14632	0	31064	
14633	0	31644	
14634	0	32952	
14635	0	34392	
14636	0	34896	
14637	0	34980	
14638	0	35520	
14639	0	36344	
14640	0	35960	
14641	0	34880	
14642	0	33960	
14643	0	33376	
14644	0	32932	
14645	0	33112	
14646	0	33264	
14647	0	33344	
14648	0	33904	
14649	0	34592	
14650	0	35052	
14651	0	34272	
14652	0	33188	
14653	0	33016	
14654	0	32548	
14655	0	32112	
14656	0	32072	
14657	0	31764	
14658	0	31476	
14659	0	31224	
14660	0	31044	
14661	0	31208	
14662	0	31322	
14663	0	30848	
14664	0	30204	
14665	0	30108	
14666	0	30664	
14667	0	31480	
14668	0	31652	
14669	0	31616	
14670	0	31480	
14671	0	30972	
14672	0	30052	
14673	0	28772	
14674	0	27368	
14675	0	26696	
14676	0	26240	
14677	0	26264	
14678	0	26736	
14679	0	27188	
14680	0	27588	
14681	0	28168	
14682	0	28448	
14683	0	28604	
14684	0	28352	
14685	0	28220	
14686	0	28880	
14687	0	30668	
14688	0	32676	
14689	0	33508	
14690	0	33900	
14691	0	34076	
14692	0	33704	
14693	0	32900	
14694	0	31900	
14695	0	31440	
14696	0	31300	
14697	0	31208	
14698	0	31416	
14699	0	31664	
14700	0	31932	
14701	0	32168	
14702	0	33028	
14703	0	34392	
14704	0	35392	
14705	0	36272	
14706	0	36836	
14707	0	36396	
14708	0	35884	
14709	0	35744	
14710	0	35444	
14711	0	34820	
14712	0	34448	
14713	0	34396	
14714	0	34560	
14715	0	34736	
14716	0	34688	
14717	0	34576	
14718	0	35040	
14719	0	35492	
14720	0	35378	
14721	0	35600	
14722	0	35656	
14723	0	36052	
14724	0	37568	
14725	0	38972	
14726	0	39928	
14727	0	40386	
14728	0	40280	
14729	0	40260	
14730	0	39632	
14731	0	38376	
14732	0	37136	
14733	0	36452	
14734	0	36308	
14735	0	36104	
14736	0	36320	
14737	0	36536	
14738	0	36260	
14739	0	36056	
14740	0	35948	
14741	0	35048	
14742	0	33792	
14743	0	33028	
14744	0	32980	
14745	0	33448	
14746	0	34388	
14747	0	35536	
14748	0	36216	
14749	0	36724	
14750	0	36580	
14751	0	35828	
14752	0	35220	
14753	0	34816	
14754	0	34700	
14755	0	34364	
14756	0	33852	
14757	0	33408	
14758	0	32928	
14759	0	32808	
14760	0	33292	
14761	0	33728	
14762	0	33580	
14763	0	33032	
14764	0	32356	
14765	0	31184	
14766	0	30684	
14767	0	30276	
14768	0	30476	
14769	0	31656	
14770	0	33300	
14771	0	34556	
14772	0	35228	
14773	0	35604	
14774	0	36148	
14775	0	35840	
14776	0	34792	
14777	0	33864	
14778	0	33168	
14779	0	32592	
14780	0	32360	
14781	0	33040	
14782	0	34208	
14783	0	34948	
14784	0	35224	
14785	0	34820	
14786	0	34504	
14787	0	34090	
14788	0	33168	
14789	0	32160	
14790	0	31480	
14791	0	30828	
14792	0	31192	
14793	0	31728	
14794	0	32264	
14795	0	32072	
14796	0	31268	
14797	0	30308	
14798	0	29804	
14799	0	29464	
14800	0	30116	
14801	0	31616	
14802	0	32896	
14803	0	33428	
14804	0	33100	
14805	0	32100	
14806	0	30718	
14807	0	29436	
14808	0	29692	
14809	0	31316	
14810	0	34416	
14811	0	37572	
14812	0	39352	
14813	0	39504	
14814	0	38184	
14815	0	35516	
14816	0	33636	
14817	0	32832	
14818	0	32024	
14819	0	30832	
14820	0	29724	
14821	0	29036	
14822	0	28488	
14823	0	28240	
14824	0	28296	
14825	0	28788	
14826	0	29828	
14827	0	31332	
14828	0	33096	
14829	0	34660	
14830	0	36052	
14831	0	36960	
14832	0	37556	
14833	0	37612	
14834	0	37112	
14835	0	36652	
14836	0	36358	
14837	0	36160	
14838	0	35696	
14839	0	35316	
14840	0	34712	
14841	0	33644	
14842	0	32916	
14843	0	32528	
14844	0	32636	
14845	0	32708	
14846	0	32944	
14847	0	33212	
14848	0	33524	
14849	0	33888	
14850	0	34640	
14851	0	36012	
14852	0	38036	
14853	0	39976	
14854	0	40596	
14855	0	39696	
14856	0	37420	
14857	0	34708	
14858	0	32316	
14859	0	30876	
14860	0	30628	
14861	0	31004	
14862	0	31736	
14863	0	31852	
14864	0	31900	
14865	0	31444	
14866	0	30428	
14867	0	29780	
14868	0	29752	
14869	0	30420	
14870	0	31420	
14871	0	31760	
14872	0	31496	
14873	0	31144	
14874	0	31088	
14875	0	31308	
14876	0	30644	
14877	0	30044	
14878	0	30004	
14879	0	30052	
14880	0	29944	
14881	0	30108	
14882	0	29912	
14883	0	29292	
14884	0	29168	
14885	0	29936	
14886	0	31608	
14887	0	33136	
14888	0	33584	
14889	0	33236	
14890	0	32008	
14891	0	30888	
14892	0	30976	
14893	0	31756	
14894	0	33524	
14895	0	35620	
14896	0	37976	
14897	0	40052	
14898	0	40424	
14899	0	39904	
14900	0	38824	
14901	0	37280	
14902	0	35184	
14903	0	32440	
14904	0	29528	
14905	0	27265	
14906	0	25888	
14907	0	24976	
14908	0	24900	
14909	0	24796	
14910	0	24684	
14911	0	24384	
14912	0	23828	
14913	0	23762	
14914	0	23828	
14915	0	23488	
14916	0	23260	
14917	0	23212	
14918	0	23396	
14919	0	23540	
14920	0	23100	
14921	0	22348	
14922	0	22016	
14923	0	22676	
14924	0	24598	
14925	0	26436	
14926	0	28168	
14927	0	29880	
14928	0	31092	
14929	0	31812	
14930	0	32228	
14931	0	32072	
14932	0	31200	
14933	0	29976	
14934	0	28288	
14935	0	27124	
14936	0	26600	
14937	0	26912	
14938	0	28448	
14939	0	31516	
14940	0	35144	
14941	0	38160	
14942	0	40112	
14943	0	41128	
14944	0	41332	
14945	0	40596	
14946	0	40072	
14947	0	40224	
14948	0	40528	
14949	0	41136	
14950	0	41680	
14951	0	41092	
14952	0	40008	
14953	0	39100	
14954	0	38112	
14955	0	36628	
14956	0	34964	
14957	0	33520	
14958	0	32622	
14959	0	31964	
14960	0	31576	
14961	0	31239	
14962	0	31416	
14963	0	31280	
14964	0	29904	
14965	0	28680	
14966	0	28416	
14967	0	29736	
14968	0	30744	
14969	0	30976	
14970	0	30392	
14971	0	29328	
14972	0	28012	
14973	0	26840	
14974	0	25878	
14975	0	26344	
14976	0	28464	
14977	0	29588	
14978	0	28672	
14979	0	27140	
14980	0	25716	
14981	0	24884	
14982	0	24852	
14983	0	25100	
14984	0	26048	
14985	0	27368	
14986	0	28320	
14987	0	28396	
14988	0	28540	
14989	0	28696	
14990	0	29436	
14991	0	29496	
14992	0	29064	
14993	0	28700	
14994	0	28222	
14995	0	27648	
14996	0	27624	
14997	0	28432	
14998	0	29592	
14999	0	30256	
15000	0	29960	
15001	0	29812	
15002	0	28688	
15003	0	27136	
15004	0	25708	
15005	0	24980	
15006	0	25168	
15007	0	25473	
15008	0	25240	
15009	0	25144	
15010	0	24864	
15011	0	24824	
15012	0	25434	
15013	0	26988	
15014	0	28042	
15015	0	28200	
15016	0	28264	
15017	0	28778	
15018	0	29784	
15019	0	30392	
15020	0	31160	
15021	0	32368	
15022	0	33608	
15023	0	34284	
15024	0	34576	
15025	0	34990	
15026	0	35592	
15027	0	36456	
15028	0	35908	
15029	0	33688	
15030	0	31436	
15031	0	30040	
15032	0	28944	
15033	0	27848	
15034	0	27908	
15035	0	28476	
15036	0	29136	
15037	0	28992	
15038	0	29120	
15039	0	29568	
15040	0	30756	
15041	0	31628	
15042	0	32144	
15043	0	33040	
15044	0	32516	
15045	0	31040	
15046	0	30148	
15047	0	29608	
15048	0	29092	
15049	0	28649	
15050	0	28480	
15051	0	28692	
15052	0	28244	
15053	0	27728	
15054	0	27464	
15055	0	27448	
15056	0	27816	
15057	0	28162	
15058	0	28272	
15059	0	28344	
15060	0	28364	
15061	0	28408	
15062	0	28440	
15063	0	28320	
15064	0	28256	
15065	0	28036	
15066	0	27564	
15067	0	27096	
15068	0	26972	
15069	0	27280	
15070	0	27048	
15071	0	26532	
15072	0	26204	
15073	0	26712	
15074	0	27088	
15075	0	27418	
15076	0	28052	
15077	0	28588	
15078	0	29012	
15079	0	29896	
15080	0	31588	
15081	0	33032	
15082	0	33328	
15083	0	32816	
15084	0	31784	
15085	0	30112	
15086	0	28981	
15087	0	28832	
15088	0	28824	
15089	0	29244	
15090	0	29564	
15091	0	30308	
15092	0	30976	
15093	0	30720	
15094	0	30212	
15095	0	29492	
15096	0	29120	
15097	0	29504	
15098	0	30272	
15099	0	30512	
15100	0	30124	
15101	0	29792	
15102	0	29456	
15103	0	29128	
15104	0	29260	
15105	0	29384	
15106	0	30112	
15107	0	31700	
15108	0	32760	
15109	0	33136	
15110	0	33196	
15111	0	33040	
15112	0	32824	
15113	0	32192	
15114	0	31284	
15115	0	30208	
15116	0	29668	
15117	0	30040	
15118	0	29692	
15119	0	28772	
15120	0	28760	
15121	0	28664	
15122	0	27332	
15123	0	25696	
15124	0	24740	
15125	0	24456	
15126	0	24844	
15127	0	25592	
15128	0	26160	
15129	0	26362	
15130	0	26504	
15131	0	27212	
15132	0	28548	
15133	0	30132	
15134	0	31896	
15135	0	33016	
15136	0	32480	
15137	0	31688	
15138	0	31748	
15139	0	31960	
15140	0	32264	
15141	0	32728	
15142	0	33200	
15143	0	33088	
15144	0	32600	
15145	0	32552	
15146	0	32762	
15147	0	32996	
15148	0	33756	
15149	0	34192	
15150	0	33932	
15151	0	33512	
15152	0	33012	
15153	0	32048	
15154	0	31812	
15155	0	32120	
15156	0	32624	
15157	0	33216	
15158	0	34444	
15159	0	35692	
15160	0	36616	
15161	0	36076	
15162	0	34872	
15163	0	33440	
15164	0	32832	
15165	0	32544	
15166	0	32984	
15167	0	32868	
15168	0	32312	
15169	0	32572	
15170	0	33308	
15171	0	33784	
15172	0	33676	
15173	0	33560	
15174	0	33104	
15175	0	33224	
15176	0	33676	
15177	0	33468	
15178	0	32852	
15179	0	32100	
15180	0	31572	
15181	0	31184	
15182	0	31308	
15183	0	32040	
15184	0	32116	
15185	0	32064	
15186	0	32404	
15187	0	33060	
15188	0	33280	
15189	0	33504	
15190	0	33832	
15191	0	34664	
15192	0	34960	
15193	0	34823	
15194	0	35864	
15195	0	37360	
15196	0	37396	
15197	0	36360	
15198	0	34764	
15199	0	33656	
15200	0	33220	
15201	0	32400	
15202	0	31864	
15203	0	32256	
15204	0	33192	
15205	0	34072	
15206	0	35244	
15207	0	36268	
15208	0	36924	
15209	0	37432	
15210	0	37904	
15211	0	38496	
15212	0	38680	
15213	0	38408	
15214	0	38280	
15215	0	38504	
15216	0	38424	
15217	0	37536	
15218	0	36748	
15219	0	36320	
15220	0	36000	
15221	0	35828	
15222	0	35820	
15223	0	35340	
15224	0	35280	
15225	0	35220	
15226	0	34724	
15227	0	34276	
15228	0	34592	
15229	0	35576	
15230	0	36272	
15231	0	36816	
15232	0	36852	
15233	0	36184	
15234	0	35464	
15235	0	34520	
15236	0	33456	
15237	0	32320	
15238	0	31924	
15239	0	32160	
15240	0	32788	
15241	0	34132	
15242	0	35592	
15243	0	36768	
15244	0	37404	
15245	0	37552	
15246	0	37064	
15247	0	36728	
15248	0	36772	
15249	0	37200	
15250	0	37220	
15251	0	37280	
15252	0	37068	
15253	0	36664	
15254	0	36160	
15255	0	36060	
15256	0	36160	
15257	0	36052	
15258	0	35992	
15259	0	35776	
15260	0	35544	
15261	0	35252	
15262	0	35548	
15263	0	35784	
15264	0	35852	
15265	0	36044	
15266	0	36512	
15267	0	37264	
15268	0	37920	
15269	0	38648	
15270	0	39188	
15271	0	39296	
15272	0	38856	
15273	0	37756	
15274	0	36736	
15275	0	35820	
15276	0	35872	
15277	0	36672	
15278	0	37120	
15279	0	37008	
15280	0	36436	
15281	0	35500	
15282	0	34848	
15283	0	34924	
15284	0	35516	
15285	0	36768	
15286	0	37040	
15287	0	35924	
15288	0	34720	
15289	0	33704	
15290	0	32980	
15291	0	32968	
15292	0	33632	
15293	0	34288	
15294	0	34448	
15295	0	34528	
15296	0	34808	
15297	0	34520	
15298	0	34654	
15299	0	34620	
15300	0	34428	
15301	0	34746	
15302	0	35064	
15303	0	35032	
15304	0	34384	
15305	0	33580	
15306	0	33264	
15307	0	33568	
15308	0	34556	
15309	0	35296	
15310	0	36332	
15311	0	36976	
15312	0	37520	
15313	0	37900	
15314	0	37752	
15315	0	37056	
15316	0	36476	
15317	0	36292	
15318	0	35820	
15319	0	34776	
15320	0	34088	
15321	0	34048	
15322	0	34624	
15323	0	34828	
15324	0	34672	
15325	0	34648	
15326	0	34712	
15327	0	34116	
15328	0	32812	
15329	0	31376	
15330	0	29896	
15331	0	28774	
15332	0	28324	
15333	0	29128	
15334	0	30232	
15335	0	31372	
15336	0	32592	
15337	0	34504	
15338	0	35836	
15339	0	36352	
15340	0	36296	
15341	0	36352	
15342	0	36576	
15343	0	37332	
15344	0	38284	
15345	0	39004	
15346	0	39156	
15347	0	39224	
15348	0	39476	
15349	0	39384	
15350	0	39216	
15351	0	39240	
15352	0	38724	
15353	0	37560	
15354	0	35736	
15355	0	34112	
15356	0	32236	
15357	0	31388	
15358	0	32020	
15359	0	32952	
15360	0	33592	
15361	0	34184	
15362	0	35020	
15363	0	35456	
15364	0	35100	
15365	0	34536	
15366	0	33996	
15367	0	33540	
15368	0	33304	
15369	0	32616	
15370	0	32668	
15371	0	32712	
15372	0	32752	
15373	0	32544	
15374	0	32082	
15375	0	31752	
15376	0	31560	
15377	0	31488	
15378	0	31424	
15379	0	31116	
15380	0	30540	
15381	0	29644	
15382	0	29192	
15383	0	30120	
15384	0	31060	
15385	0	31688	
15386	0	32096	
15387	0	32368	
15388	0	32608	
15389	0	32424	
15390	0	31764	
15391	0	31424	
15392	0	31448	
15393	0	32112	
15394	0	32928	
15395	0	33870	
15396	0	34196	
15397	0	34392	
15398	0	34780	
15399	0	35208	
15400	0	35380	
15401	0	36122	
15402	0	36496	
15403	0	36040	
15404	0	34764	
15405	0	33256	
15406	0	32024	
15407	0	31456	
15408	0	31960	
15409	0	33404	
15410	0	34456	
15411	0	34968	
15412	0	34992	
15413	0	34592	
15414	0	34140	
15415	0	33812	
15416	0	33716	
15417	0	33704	
15418	0	34192	
15419	0	34884	
15420	0	35628	
15421	0	35752	
15422	0	35364	
15423	0	34584	
15424	0	33832	
15425	0	32840	
15426	0	32368	
15427	0	32394	
15428	0	32616	
15429	0	32520	
15430	0	32877	
15431	0	32872	
15432	0	33000	
15433	0	32910	
15434	0	32992	
15435	0	33368	
15436	0	33248	
15437	0	32860	
15438	0	32556	
15439	0	32868	
15440	0	33688	
15441	0	34760	
15442	0	35924	
15443	0	36868	
15444	0	37296	
15445	0	37176	
15446	0	36480	
15447	0	35492	
15448	0	34752	
15449	0	34508	
15450	0	34716	
15451	0	34908	
15452	0	34396	
15453	0	33428	
15454	0	32588	
15455	0	32896	
15456	0	33524	
15457	0	34116	
15458	0	34736	
15459	0	35386	
15460	0	35624	
15461	0	35440	
15462	0	34656	
15463	0	34064	
15464	0	33620	
15465	0	33576	
15466	0	33588	
15467	0	32800	
15468	0	31700	
15469	0	30836	
15470	0	30600	
15471	0	30596	
15472	0	30844	
15473	0	31488	
15474	0	32008	
15475	0	32444	
15476	0	32700	
15477	0	33492	
15478	0	34664	
15479	0	35576	
15480	0	35588	
15481	0	35360	
15482	0	35152	
15483	0	34808	
15484	0	33928	
15485	0	33536	
15486	0	33232	
15487	0	32656	
15488	0	32400	
15489	0	32772	
15490	0	33268	
15491	0	33184	
15492	0	32592	
15493	0	31820	
15494	0	31776	
15495	0	31904	
15496	0	31668	
15497	0	31308	
15498	0	30960	
15499	0	31084	
15500	0	31180	
15501	0	31404	
15502	0	31376	
15503	0	31056	
15504	0	30880	
15505	0	30536	
15506	0	30096	
15507	0	30300	
15508	0	30788	
15509	0	31508	
15510	0	32148	
15511	0	32668	
15512	0	33840	
15513	0	34904	
15514	0	35232	
15515	0	34500	
15516	0	33888	
15517	0	33792	
15518	0	33372	
15519	0	32624	
15520	0	31032	
15521	0	28616	
15522	0	27008	
15523	0	26092	
15524	0	26072	
15525	0	26208	
15526	0	27120	
15527	0	28260	
15528	0	28744	
15529	0	29040	
15530	0	29596	
15531	0	30224	
15532	0	30928	
15533	0	31560	
15534	0	32200	
15535	0	32824	
15536	0	33264	
15537	0	33428	
15538	0	33596	
15539	0	33344	
15540	0	32896	
15541	0	32988	
15542	0	33236	
15543	0	33744	
15544	0	34392	
15545	0	35688	
15546	0	36492	
15547	0	36752	
15548	0	37312	
15549	0	37672	
15550	0	36648	
15551	0	35384	
15552	0	34364	
15553	0	33498	
15554	0	33428	
15555	0	33456	
15556	0	33236	
15557	0	32864	
15558	0	32564	
15559	0	31768	
15560	0	32048	
15561	0	33760	
15562	0	35140	
15563	0	34684	
15564	0	32800	
15565	0	30552	
15566	0	28932	
15567	0	28341	
15568	0	27992	
15569	0	27556	
15570	0	26920	
15571	0	26768	
15572	0	29040	
15573	0	30708	
15574	0	30216	
15575	0	28204	
15576	0	26384	
15577	0	25308	
15578	0	25668	
15579	0	26332	
15580	0	26676	
15581	0	27288	
15582	0	29504	
15583	0	32332	
15584	0	33000	
15585	0	30840	
15586	0	27752	
15587	0	25428	
15588	0	24120	
15589	0	24172	
15590	0	24840	
15591	0	25060	
15592	0	25428	
15593	0	25880	
15594	0	26568	
15595	0	27524	
15596	0	28384	
15597	0	29124	
15598	0	29752	
15599	0	30452	
15600	0	31628	
15601	0	31644	
15602	0	30388	
15603	0	28664	
15604	0	27276	
15605	0	26592	
15606	0	26676	
15607	0	27392	
15608	0	28768	
15609	0	29560	
15610	0	29636	
15611	0	29588	
15612	0	29208	
15613	0	28853	
15614	0	29164	
15615	0	29588	
15616	0	30616	
15617	0	31985	
15618	0	32828	
15619	0	32836	
15620	0	31768	
15621	0	30844	
15622	0	31776	
15623	0	34136	
15624	0	36048	
15625	0	35972	
15626	0	34036	
15627	0	32456	
15628	0	32636	
15629	0	33000	
15630	0	32008	
15631	0	29588	
15632	0	27684	
15633	0	26768	
15634	0	26012	
15635	0	25872	
15636	0	26056	
15637	0	25940	
15638	0	26216	
15639	0	26840	
15640	0	27948	
15641	0	28572	
15642	0	28260	
15643	0	27308	
15644	0	26784	
15645	0	27080	
15646	0	28276	
15647	0	29096	
15648	0	29840	
15649	0	31600	
15650	0	33192	
15651	0	34476	
15652	0	35408	
15653	0	35496	
15654	0	34980	
15655	0	34036	
15656	0	33336	
15657	0	32924	
15658	0	32588	
15659	0	32328	
15660	0	31724	
15661	0	31784	
15662	0	32000	
15663	0	32404	
15664	0	32636	
15665	0	33132	
15666	0	33980	
15667	0	35272	
15668	0	36552	
15669	0	37620	
15670	0	38004	
15671	0	37816	
15672	0	37232	
15673	0	36360	
15674	0	35096	
15675	0	33524	
15676	0	32428	
15677	0	32548	
15678	0	33120	
15679	0	33344	
15680	0	33584	
15681	0	33708	
15682	0	33752	
15683	0	33724	
15684	0	33560	
15685	0	33704	
15686	0	33836	
15687	0	33992	
15688	0	34280	
15689	0	34364	
15690	0	34388	
15691	0	34960	
15692	0	35916	
15693	0	36476	
15694	0	35860	
15695	0	35164	
15696	0	35344	
15697	0	36044	
15698	0	36516	
15699	0	36796	
15700	0	36936	
15701	0	36948	
15702	0	36992	
15703	0	36796	
15704	0	36356	
15705	0	35780	
15706	0	34696	
15707	0	34144	
15708	0	34004	
15709	0	33966	
15710	0	34232	
15711	0	34556	
15712	0	34850	
15713	0	35092	
15714	0	35680	
15715	0	36344	
15716	0	36352	
15717	0	35776	
15718	0	34672	
15719	0	32832	
15720	0	31224	
15721	0	30104	
15722	0	29504	
15723	0	29824	
15724	0	30804	
15725	0	32000	
15726	0	33004	
15727	0	33428	
15728	0	33432	
15729	0	33232	
15730	0	34020	
15731	0	36968	
15732	0	40552	
15733	0	43040	
15734	0	43528	
15735	0	42208	
15736	0	39896	
15737	0	37044	
15738	0	33952	
15739	0	30884	
15740	0	28712	
15741	0	27148	
15742	0	26776	
15743	0	27536	
15744	0	29468	
15745	0	31320	
15746	0	32344	
15747	0	32256	
15748	0	31596	
15749	0	30652	
15750	0	29944	
15751	0	29912	
15752	0	30424	
15753	0	30648	
15754	0	30600	
15755	0	29488	
15756	0	27988	
15757	0	27856	
15758	0	28560	
15759	0	28928	
15760	0	28856	
15761	0	28932	
15762	0	28840	
15763	0	28736	
15764	0	28636	
15765	0	28820	
15766	0	28864	
15767	0	29804	
15768	0	31312	
15769	0	32192	
15770	0	32748	
15771	0	32852	
15772	0	32556	
15773	0	32264	
15774	0	31992	
15775	0	32248	
15776	0	32660	
15777	0	33404	
15778	0	33952	
15779	0	34252	
15780	0	33452	
15781	0	32876	
15782	0	33108	
15783	0	34080	
15784	0	35040	
15785	0	36148	
15786	0	36460	
15787	0	36080	
15788	0	34976	
15789	0	33668	
15790	0	33024	
15791	0	32736	
15792	0	33268	
15793	0	33804	
15794	0	34530	
15795	0	34940	
15796	0	34968	
15797	0	34776	
15798	0	34520	
15799	0	34024	
15800	0	33200	
15801	0	32376	
15802	0	32208	
15803	0	32240	
15804	0	32636	
15805	0	32696	
15806	0	33080	
15807	0	34096	
15808	0	34896	
15809	0	35364	
15810	0	35312	
15811	0	35112	
15812	0	34208	
15813	0	33740	
15814	0	33464	
15815	0	33476	
15816	0	33312	
15817	0	33052	
15818	0	32708	
15819	0	32228	
15820	0	32132	
15821	0	32256	
15822	0	32660	
15823	0	33616	
15824	0	34148	
15825	0	34684	
15826	0	34960	
15827	0	34964	
15828	0	34644	
15829	0	34572	
15830	0	34836	
15831	0	35780	
15832	0	36628	
15833	0	37988	
15834	0	39160	
15835	0	39620	
15836	0	40032	
15837	0	40604	
15838	0	40712	
15839	0	40140	
15840	0	39424	
15841	0	38792	
15842	0	38420	
15843	0	38324	
15844	0	37856	
15845	0	36724	
15846	0	36024	
15847	0	35976	
15848	0	36440	
15849	0	36508	
15850	0	35400	
15851	0	33660	
15852	0	32396	
15853	0	31772	
15854	0	31828	
15855	0	31692	
15856	0	31580	
15857	0	31780	
15858	0	32820	
15859	0	33620	
15860	0	33616	
15861	0	32974	
15862	0	32932	
15863	0	33792	
15864	0	34696	
15865	0	35952	
15866	0	37148	
15867	0	37764	
15868	0	37808	
15869	0	37888	
15870	0	37400	
15871	0	36904	
15872	0	36436	
15873	0	36144	
15874	0	36232	
15875	0	36176	
15876	0	36028	
15877	0	35456	
15878	0	34944	
15879	0	34316	
15880	0	33760	
15881	0	33376	
15882	0	33040	
15883	0	32912	
15884	0	32576	
15885	0	32656	
15886	0	33408	
15887	0	33828	
15888	0	34368	
15889	0	35268	
15890	0	36416	
15891	0	37372	
15892	0	37480	
15893	0	36296	
15894	0	34802	
15895	0	33356	
15896	0	32220	
15897	0	31524	
15898	0	31476	
15899	0	32152	
15900	0	33308	
15901	0	33776	
15902	0	32984	
15903	0	31792	
15904	0	31572	
15905	0	32080	
15906	0	32604	
15907	0	33276	
15908	0	33952	
15909	0	33616	
15910	0	33116	
15911	0	32424	
15912	0	32456	
15913	0	32984	
15914	0	34048	
15915	0	35344	
15916	0	36704	
15917	0	37496	
15918	0	37904	
15919	0	37856	
15920	0	37944	
15921	0	38300	
15922	0	38612	
15923	0	38296	
15924	0	37628	
15925	0	36996	
15926	0	36428	
15927	0	35436	
15928	0	34876	
15929	0	34808	
15930	0	35024	
15931	0	35460	
15932	0	35832	
15933	0	36452	
15934	0	37052	
15935	0	37812	
15936	0	38188	
15937	0	38328	
15938	0	38424	
15939	0	37680	
15940	0	37840	
15941	0	38476	
15942	0	38444	
15943	0	37204	
15944	0	34904	
15945	0	32724	
15946	0	30852	
15947	0	29876	
15948	0	29632	
15949	0	30008	
15950	0	30352	
15951	0	30640	
15952	0	30540	
15953	0	30400	
15954	0	30292	
15955	0	29780	
15956	0	28700	
15957	0	27636	
15958	0	27456	
15959	0	27688	
15960	0	29112	
15961	0	31668	
15962	0	32740	
15963	0	32216	
15964	0	31080	
15965	0	30208	
15966	0	30304	
15967	0	30556	
15968	0	30380	
15969	0	30060	
15970	0	30016	
15971	0	30400	
15972	0	30676	
15973	0	30464	
15974	0	30256	
15975	0	29892	
15976	0	29280	
15977	0	28304	
15978	0	27160	
15979	0	26444	
15980	0	26386	
15981	0	26904	
15982	0	27832	
15983	0	28996	
15984	0	30596	
15985	0	32400	
15986	0	33944	
15987	0	34496	
15988	0	34028	
15989	0	33086	
15990	0	32428	
15991	0	32152	
15992	0	32024	
15993	0	32124	
15994	0	32628	
15995	0	32816	
15996	0	32760	
15997	0	33364	
15998	0	34580	
15999	0	35336	
16000	0	35204	
16001	0	35028	
16002	0	33920	
16003	0	32528	
16004	0	31624	
16005	0	31368	
16006	0	31516	
16007	0	32212	
16008	0	33772	
16009	0	34992	
16010	0	35620	
16011	0	35488	
16012	0	35320	
16013	0	34936	
16014	0	34472	
16015	0	34340	
16016	0	34032	
16017	0	34628	
16018	0	36264	
16019	0	37972	
16020	0	38440	
16021	0	36972	
16022	0	34112	
16023	0	31384	
16024	0	29640	
16025	0	28912	
16026	0	28316	
16027	0	28260	
16028	0	28368	
16029	0	28828	
16030	0	29360	
16031	0	30176	
16032	0	31776	
16033	0	32944	
16034	0	33572	
16035	0	34768	
16036	0	35408	
16037	0	35560	
16038	0	34812	
16039	0	33700	
16040	0	33028	
16041	0	32840	
16042	0	33190	
16043	0	33044	
16044	0	33236	
16045	0	34496	
16046	0	36336	
16047	0	38108	
16048	0	40748	
16049	0	42544	
16050	0	42308	
16051	0	40960	
16052	0	39152	
16053	0	37444	
16054	0	34344	
16055	0	31316	
16056	0	29448	
16057	0	29594	
16058	0	30256	
16059	0	30744	
16060	0	30728	
16061	0	30492	
16062	0	30436	
16063	0	30288	
16064	0	30184	
16065	0	30132	
16066	0	29900	
16067	0	30048	
16068	0	30644	
16069	0	31572	
16070	0	32104	
16071	0	32344	
16072	0	32680	
16073	0	32924	
16074	0	33068	
16075	0	33512	
16076	0	34144	
16077	0	34384	
16078	0	33972	
16079	0	33624	
16080	0	32876	
16081	0	32288	
16082	0	32220	
16083	0	32608	
16084	0	32984	
16085	0	33520	
16086	0	34348	
16087	0	34844	
16088	0	34688	
16089	0	33960	
16090	0	33560	
16091	0	33088	
16092	0	33040	
16093	0	33480	
16094	0	34384	
16095	0	35396	
16096	0	35472	
16097	0	34756	
16098	0	34348	
16099	0	34432	
16100	0	34516	
16101	0	34464	
16102	0	34436	
16103	0	35008	
16104	0	34416	
16105	0	33336	
16106	0	32380	
16107	0	31912	
16108	0	31956	
16109	0	32468	
16110	0	33508	
16111	0	33880	
16112	0	33696	
16113	0	32996	
16114	0	32156	
16115	0	31276	
16116	0	30472	
16117	0	30232	
16118	0	29900	
16119	0	29416	
16120	0	29240	
16121	0	29492	
16122	0	30440	
16123	0	32016	
16124	0	33856	
16125	0	35400	
16126	0	36336	
16127	0	36860	
16128	0	37112	
16129	0	36752	
16130	0	36840	
16131	0	36984	
16132	0	36992	
16133	0	37076	
16134	0	36756	
16135	0	36048	
16136	0	35444	
16137	0	34880	
16138	0	34548	
16139	0	34944	
16140	0	35060	
16141	0	34796	
16142	0	34420	
16143	0	34156	
16144	0	34300	
16145	0	34240	
16146	0	33912	
16147	0	33684	
16148	0	33388	
16149	0	33180	
16150	0	33268	
16151	0	34092	
16152	0	35824	
16153	0	38240	
16154	0	40414	
16155	0	41968	
16156	0	42684	
16157	0	42372	
16158	0	41080	
16159	0	38944	
16160	0	35728	
16161	0	32080	
16162	0	28800	
16163	0	27816	
16164	0	27924	
16165	0	28320	
16166	0	28620	
16167	0	29152	
16168	0	30352	
16169	0	32268	
16170	0	33824	
16171	0	34600	
16172	0	35180	
16173	0	35428	
16174	0	35220	
16175	0	35852	
16176	0	36388	
16177	0	36508	
16178	0	36256	
16179	0	36276	
16180	0	36244	
16181	0	36172	
16182	0	36528	
16183	0	37088	
16184	0	37920	
16185	0	38240	
16186	0	37708	
16187	0	36964	
16188	0	36870	
16189	0	37224	
16190	0	37664	
16191	0	37756	
16192	0	37908	
16193	0	38092	
16194	0	37448	
16195	0	36168	
16196	0	35244	
16197	0	35096	
16198	0	36032	
16199	0	37056	
16200	0	38784	
16201	0	40720	
16202	0	41880	
16203	0	42408	
16204	0	42560	
16205	0	42444	
16206	0	42504	
16207	0	42664	
16208	0	42880	
16209	0	43208	
16210	0	43172	
16211	0	43248	
16212	0	43520	
16213	0	43808	
16214	0	43564	
16215	0	42240	
16216	0	40560	
16217	0	39244	
16218	0	38364	
16219	0	38044	
16220	0	37876	
16221	0	37192	
16222	0	36984	
16223	0	37348	
16224	0	38828	
16225	0	41624	
16226	0	43528	
16227	0	43056	
16228	0	41704	
16229	0	40432	
16230	0	40108	
16231	0	40224	
16232	0	40232	
16233	0	39216	
16234	0	38344	
16235	0	37400	
16236	0	36088	
16237	0	34968	
16238	0	34640	
16239	0	34584	
16240	0	34744	
16241	0	35148	
16242	0	36320	
16243	0	38120	
16244	0	39428	
16245	0	40120	
16246	0	40760	
16247	0	41404	
16248	0	41704	
16249	0	41708	
16250	0	42132	
16251	0	41948	
16252	0	40960	
16253	0	40452	
16254	0	40068	
16255	0	39072	
16256	0	37880	
16257	0	36856	
16258	0	35904	
16259	0	35370	
16260	0	34600	
16261	0	33916	
16262	0	33848	
16263	0	33488	
16264	0	32832	
16265	0	32344	
16266	0	32036	
16267	0	31712	
16268	0	31844	
16269	0	32220	
16270	0	32684	
16271	0	32800	
16272	0	32424	
16273	0	32524	
16274	0	32888	
16275	0	33512	
16276	0	33572	
16277	0	33496	
16278	0	33184	
16279	0	33228	
16280	0	33360	
16281	0	33444	
16282	0	34928	
16283	0	36848	
16284	0	38496	
16285	0	37976	
16286	0	36592	
16287	0	35420	
16288	0	34546	
16289	0	33716	
16290	0	33568	
16291	0	33856	
16292	0	34148	
16293	0	33540	
16294	0	32428	
16295	0	31442	
16296	0	30456	
16297	0	30140	
16298	0	29612	
16299	0	29228	
16300	0	29016	
16301	0	29504	
16302	0	30216	
16303	0	30468	
16304	0	30704	
16305	0	30944	
16306	0	31052	
16307	0	31424	
16308	0	31900	
16309	0	32492	
16310	0	33216	
16311	0	34416	
16312	0	36468	
16313	0	38448	
16314	0	39336	
16315	0	38784	
16316	0	37852	
16317	0	36300	
16318	0	35120	
16319	0	34308	
16320	0	32976	
16321	0	31696	
16322	0	31772	
16323	0	32092	
16324	0	32644	
16325	0	32976	
16326	0	32124	
16327	0	31752	
16328	0	31804	
16329	0	31584	
16330	0	31260	
16331	0	30852	
16332	0	30824	
16333	0	31372	
16334	0	31508	
16335	0	31264	
16336	0	30172	
16337	0	28688	
16338	0	27264	
16339	0	26876	
16340	0	27480	
16341	0	28222	
16342	0	29300	
16343	0	31040	
16344	0	32616	
16345	0	33996	
16346	0	35210	
16347	0	35648	
16348	0	35048	
16349	0	33944	
16350	0	32868	
16351	0	32060	
16352	0	31212	
16353	0	31144	
16354	0	31252	
16355	0	31664	
16356	0	31976	
16357	0	32708	
16358	0	33560	
16359	0	34000	
16360	0	33624	
16361	0	33096	
16362	0	32856	
16363	0	32600	
16364	0	31980	
16365	0	31988	
16366	0	31936	
16367	0	31424	
16368	0	30708	
16369	0	30080	
16370	0	29656	
16371	0	29504	
16372	0	29596	
16373	0	29672	
16374	0	29976	
16375	0	30072	
16376	0	30032	
16377	0	30056	
16378	0	30404	
16379	0	30672	
16380	0	31180	
16381	0	31876	
16382	0	32228	
16383	0	33224	
16384	0	34580	
16385	0	35844	
16386	0	36892	
16387	0	37036	
16388	0	36784	
16389	0	36084	
16390	0	35176	
16391	0	33972	
16392	0	32920	
16393	0	32632	
16394	0	32580	
16395	0	32640	
16396	0	32692	
16397	0	32672	
16398	0	32336	
16399	0	31592	
16400	0	31316	
16401	0	32000	
16402	0	33060	
16403	0	33952	
16404	0	34608	
16405	0	35536	
16406	0	36212	
16407	0	35872	
16408	0	35008	
16409	0	34280	
16410	0	33380	
16411	0	32700	
16412	0	31640	
16413	0	30664	
16414	0	30360	
16415	0	30924	
16416	0	32428	
16417	0	33404	
16418	0	33072	
16419	0	31552	
16420	0	30576	
16421	0	30324	
16422	0	30056	
16423	0	29812	
16424	0	29992	
16425	0	30304	
16426	0	30668	
16427	0	31240	
16428	0	32536	
16429	0	34052	
16430	0	36040	
16431	0	37752	
16432	0	37312	
16433	0	35672	
16434	0	34008	
16435	0	31888	
16436	0	30064	
16437	0	29072	
16438	0	28560	
16439	0	28404	
16440	0	28820	
16441	0	29228	
16442	0	29624	
16443	0	29796	
16444	0	29776	
16445	0	29912	
16446	0	30300	
16447	0	30368	
16448	0	31260	
16449	0	32648	
16450	0	33524	
16451	0	33492	
16452	0	33220	
16453	0	32716	
16454	0	32120	
16455	0	31148	
16456	0	30708	
16457	0	30540	
16458	0	30264	
16459	0	30488	
16460	0	30568	
16461	0	30180	
16462	0	29980	
16463	0	29328	
16464	0	29780	
16465	0	30804	
16466	0	31872	
16467	0	32828	
16468	0	33560	
16469	0	33712	
16470	0	33652	
16471	0	33596	
16472	0	33216	
16473	0	32352	
16474	0	31680	
16475	0	31612	
16476	0	31424	
16477	0	30608	
16478	0	30052	
16479	0	29548	
16480	0	29512	
16481	0	30028	
16482	0	30984	
16483	0	32360	
16484	0	33592	
16485	0	34732	
16486	0	35908	
16487	0	36824	
16488	0	37252	
16489	0	37324	
16490	0	37140	
16491	0	36796	
16492	0	36640	
16493	0	36376	
16494	0	36176	
16495	0	35776	
16496	0	34904	
16497	0	34432	
16498	0	34616	
16499	0	34652	
16500	0	34268	
16501	0	34004	
16502	0	34160	
16503	0	34684	
16504	0	35412	
16505	0	36016	
16506	0	36200	
16507	0	35816	
16508	0	34760	
16509	0	34140	
16510	0	33804	
16511	0	34332	
16512	0	35112	
16513	0	35632	
16514	0	35928	
16515	0	35872	
16516	0	35224	
16517	0	34456	
16518	0	33456	
16519	0	33276	
16520	0	33056	
16521	0	33280	
16522	0	33068	
16523	0	32208	
16524	0	31388	
16525	0	30700	
16526	0	29392	
16527	0	28472	
16528	0	27776	
16529	0	27284	
16530	0	27610	
16531	0	28524	
16532	0	29408	
16533	0	29982	
16534	0	30032	
16535	0	30168	
16536	0	31188	
16537	0	32284	
16538	0	32944	
16539	0	33516	
16540	0	34204	
16541	0	34512	
16542	0	34340	
16543	0	34172	
16544	0	33440	
16545	0	32922	
16546	0	32824	
16547	0	32448	
16548	0	31644	
16549	0	30308	
16550	0	29172	
16551	0	28932	
16552	0	29588	
16553	0	30112	
16554	0	31004	
16555	0	32128	
16556	0	32420	
16557	0	32352	
16558	0	32028	
16559	0	31648	
16560	0	31288	
16561	0	30896	
16562	0	31144	
16563	0	31692	
16564	0	31984	
16565	0	32336	
16566	0	32912	
16567	0	33236	
16568	0	33360	
16569	0	33464	
16570	0	33336	
16571	0	33312	
16572	0	33852	
16573	0	34360	
16574	0	34876	
16575	0	35136	
16576	0	35424	
16577	0	35036	
16578	0	34208	
16579	0	33892	
16580	0	34080	
16581	0	34712	
16582	0	35416	
16583	0	35728	
16584	0	35752	
16585	0	36312	
16586	0	37428	
16587	0	38596	
16588	0	39544	
16589	0	40436	
16590	0	40788	
16591	0	40400	
16592	0	40212	
16593	0	40292	
16594	0	40156	
16595	0	39396	
16596	0	38208	
16597	0	36576	
16598	0	34896	
16599	0	33976	
16600	0	33668	
16601	0	33560	
16602	0	32976	
16603	0	32140	
16604	0	31884	
16605	0	32000	
16606	0	31632	
16607	0	30920	
16608	0	30552	
16609	0	30688	
16610	0	31004	
16611	0	31848	
16612	0	32968	
16613	0	34140	
16614	0	35000	
16615	0	35188	
16616	0	34676	
16617	0	33524	
16618	0	32122	
16619	0	30612	
16620	0	29820	
16621	0	29572	
16622	0	29028	
16623	0	28722	
16624	0	28888	
16625	0	29700	
16626	0	30112	
16627	0	30408	
16628	0	30588	
16629	0	31208	
16630	0	32044	
16631	0	32084	
16632	0	31708	
16633	0	31288	
16634	0	32128	
16635	0	33252	
16636	0	34144	
16637	0	33572	
16638	0	30924	
16639	0	28140	
16640	0	26133	
16641	0	25152	
16642	0	25018	
16643	0	25604	
16644	0	26898	
16645	0	29248	
16646	0	31836	
16647	0	34440	
16648	0	35848	
16649	0	35756	
16650	0	34260	
16651	0	31276	
16652	0	29404	
16653	0	30792	
16654	0	33428	
16655	0	35320	
16656	0	34768	
16657	0	32968	
16658	0	30548	
16659	0	26384	
16660	0	22040	
16661	0	18820	
16662	0	18024	
16663	0	19640	
16664	0	22192	
16665	0	25712	
16666	0	28568	
16667	0	30492	
16668	0	33336	
16669	0	36608	
16670	0	40276	
16671	0	42028	
16672	0	41628	
16673	0	39592	
16674	0	37380	
16675	0	35340	
16676	0	32068	
16677	0	28564	
16678	0	26332	
16679	0	26304	
16680	0	27656	
16681	0	29608	
16682	0	31608	
16683	0	31784	
16684	0	30340	
16685	0	28344	
16686	0	26988	
16687	0	27100	
16688	0	28204	
16689	0	28704	
16690	0	28304	
16691	0	27984	
16692	0	28212	
16693	0	28436	
16694	0	29250	
16695	0	30672	
16696	0	31984	
16697	0	32960	
16698	0	33208	
16699	0	32500	
16700	0	30528	
16701	0	28438	
16702	0	27128	
16703	0	26184	
16704	0	26076	
16705	0	27092	
16706	0	28800	
16707	0	30944	
16708	0	33032	
16709	0	34264	
16710	0	35336	
16711	0	36116	
16712	0	35584	
16713	0	34396	
16714	0	32980	
16715	0	31656	
16716	0	30976	
16717	0	30848	
16718	0	30056	
16719	0	29520	
16720	0	29662	
16721	0	30136	
16722	0	30508	
16723	0	31436	
16724	0	32880	
16725	0	34044	
16726	0	34016	
16727	0	33536	
16728	0	32896	
16729	0	31960	
16730	0	31292	
16731	0	30448	
16732	0	29648	
16733	0	29324	
16734	0	29884	
16735	0	30752	
16736	0	31292	
16737	0	30732	
16738	0	29636	
16739	0	28872	
16740	0	28500	
16741	0	28324	
16742	0	28336	
16743	0	28428	
16744	0	28928	
16745	0	29904	
16746	0	30888	
16747	0	31032	
16748	0	30912	
16749	0	30590	
16750	0	30176	
16751	0	30452	
16752	0	31124	
16753	0	31776	
16754	0	32372	
16755	0	33184	
16756	0	34408	
16757	0	35156	
16758	0	34816	
16759	0	33104	
16760	0	30572	
16761	0	28668	
16762	0	27842	
16763	0	27404	
16764	0	27300	
16765	0	27800	
16766	0	28008	
16767	0	28076	
16768	0	28532	
16769	0	28996	
16770	0	29596	
16771	0	30416	
16772	0	31184	
16773	0	31260	
16774	0	30728	
16775	0	30080	
16776	0	29408	
16777	0	29112	
16778	0	29096	
16779	0	29172	
16780	0	29336	
16781	0	29320	
16782	0	28640	
16783	0	27976	
16784	0	27260	
16785	0	26200	
16786	0	25482	
16787	0	26012	
16788	0	26852	
16789	0	27252	
16790	0	28000	
16791	0	28528	
16792	0	29098	
16793	0	29532	
16794	0	29328	
16795	0	28808	
16796	0	28764	
16797	0	29376	
16798	0	29848	
16799	0	29928	
16800	0	30284	
16801	0	30508	
16802	0	30404	
16803	0	31108	
16804	0	31372	
16805	0	31468	
16806	0	30892	
16807	0	30112	
16808	0	30196	
16809	0	31164	
16810	0	32440	
16811	0	33240	
16812	0	33476	
16813	0	33224	
16814	0	33292	
16815	0	33432	
16816	0	32968	
16817	0	31988	
16818	0	30244	
16819	0	28700	
16820	0	28044	
16821	0	27636	
16822	0	27712	
16823	0	27856	
16824	0	28300	
16825	0	29088	
16826	0	30016	
16827	0	29804	
16828	0	29178	
16829	0	28192	
16830	0	27492	
16831	0	27528	
16832	0	27968	
16833	0	28808	
16834	0	29648	
16835	0	30828	
16836	0	32388	
16837	0	33408	
16838	0	33812	
16839	0	33152	
16840	0	31788	
16841	0	30640	
16842	0	29864	
16843	0	29512	
16844	0	29172	
16845	0	29184	
16846	0	29560	
16847	0	29676	
16848	0	29084	
16849	0	28312	
16850	0	27984	
16851	0	28204	
16852	0	28570	
16853	0	28624	
16854	0	28656	
16855	0	29248	
16856	0	30092	
16857	0	31304	
16858	0	32888	
16859	0	34049	
16860	0	33612	
16861	0	32496	
16862	0	32012	
16863	0	31480	
16864	0	31116	
16865	0	30964	
16866	0	31056	
16867	0	31692	
16868	0	32216	
16869	0	33072	
16870	0	34464	
16871	0	35064	
16872	0	34592	
16873	0	34328	
16874	0	34024	
16875	0	33916	
16876	0	34092	
16877	0	33912	
16878	0	33324	
16879	0	32168	
16880	0	30152	
16881	0	28040	
16882	0	26716	
16883	0	26628	
16884	0	27584	
16885	0	28548	
16886	0	29224	
16887	0	30076	
16888	0	30880	
16889	0	31556	
16890	0	30944	
16891	0	30392	
16892	0	30380	
16893	0	30360	
16894	0	30400	
16895	0	30576	
16896	0	30900	
16897	0	30960	
16898	0	30688	
16899	0	30176	
16900	0	30464	
16901	0	31100	
16902	0	31736	
16903	0	32016	
16904	0	32136	
16905	0	32076	
16906	0	31712	
16907	0	31052	
16908	0	30328	
16909	0	29692	
16910	0	29040	
16911	0	28650	
16912	0	28896	
16913	0	29436	
16914	0	29460	
16915	0	29392	
16916	0	29216	
16917	0	28500	
16918	0	27756	
16919	0	27720	
16920	0	28340	
16921	0	29104	
16922	0	29349	
16923	0	29380	
16924	0	29848	
16925	0	30492	
16926	0	30988	
16927	0	31740	
16928	0	32128	
16929	0	31952	
16930	0	32484	
16931	0	33708	
16932	0	35052	
16933	0	35404	
16934	0	34924	
16935	0	33956	
16936	0	32008	
16937	0	30208	
16938	0	29864	
16939	0	29872	
16940	0	30544	
16941	0	31322	
16942	0	32704	
16943	0	34368	
16944	0	35632	
16945	0	35864	
16946	0	34872	
16947	0	33996	
16948	0	33748	
16949	0	33600	
16950	0	33588	
16951	0	33268	
16952	0	32880	
16953	0	31984	
16954	0	30860	
16955	0	29916	
16956	0	29036	
16957	0	28476	
16958	0	28740	
16959	0	29736	
16960	0	30874	
16961	0	31100	
16962	0	30948	
16963	0	30536	
16964	0	30268	
16965	0	30382	
16966	0	31072	
16967	0	32084	
16968	0	33000	
16969	0	33712	
16970	0	33944	
16971	0	34196	
16972	0	34016	
16973	0	34116	
16974	0	34604	
16975	0	35016	
16976	0	34700	
16977	0	33696	
16978	0	32424	
16979	0	31732	
16980	0	31108	
16981	0	31000	
16982	0	31344	
16983	0	31796	
16984	0	32392	
16985	0	33596	
16986	0	34440	
16987	0	35120	
16988	0	35880	
16989	0	36752	
16990	0	38192	
16991	0	38956	
16992	0	38780	
16993	0	38200	
16994	0	37720	
16995	0	37996	
16996	0	39256	
16997	0	39652	
16998	0	38500	
16999	0	36296	
17000	0	34068	
17001	0	32160	
17002	0	31344	
17003	0	30636	
17004	0	30000	
17005	0	29456	
17006	0	28768	
17007	0	28176	
17008	0	28240	
17009	0	29080	
17010	0	30592	
17011	0	31848	
17012	0	32620	
17013	0	33136	
17014	0	32724	
17015	0	31724	
17016	0	30960	
17017	0	30192	
17018	0	29704	
17019	0	29936	
17020	0	30880	
17021	0	32632	
17022	0	33456	
17023	0	32808	
17024	0	31092	
17025	0	29544	
17026	0	28480	
17027	0	27848	
17028	0	28028	
17029	0	29404	
17030	0	31608	
17031	0	33932	
17032	0	35380	
17033	0	36068	
17034	0	36544	
17035	0	36808	
17036	0	36860	
17037	0	37316	
17038	0	38496	
17039	0	39444	
17040	0	40512	
17041	0	40832	
17042	0	39336	
17043	0	37212	
17044	0	35524	
17045	0	34980	
17046	0	35000	
17047	0	34404	
17048	0	33688	
17049	0	33392	
17050	0	33788	
17051	0	34316	
17052	0	34200	
17053	0	33488	
17054	0	32616	
17055	0	32008	
17056	0	32020	
17057	0	32224	
17058	0	32636	
17059	0	32876	
17060	0	33864	
17061	0	35016	
17062	0	36040	
17063	0	36600	
17064	0	35864	
17065	0	34976	
17066	0	34700	
17067	0	34972	
17068	0	34956	
17069	0	35100	
17070	0	34996	
17071	0	34384	
17072	0	34120	
17073	0	34940	
17074	0	35812	
17075	0	36428	
17076	0	35912	
17077	0	34812	
17078	0	33516	
17079	0	32968	
17080	0	33524	
17081	0	33936	
17082	0	34620	
17083	0	35440	
17084	0	36104	
17085	0	36128	
17086	0	35560	
17087	0	35464	
17088	0	35200	
17089	0	34372	
17090	0	33164	
17091	0	32252	
17092	0	31904	
17093	0	31532	
17094	0	31072	
17095	0	30892	
17096	0	31024	
17097	0	31552	
17098	0	31432	
17099	0	30684	
17100	0	29568	
17101	0	28596	
17102	0	28124	
17103	0	28416	
17104	0	28984	
17105	0	29260	
17106	0	29452	
17107	0	30880	
17108	0	32632	
17109	0	33904	
17110	0	35648	
17111	0	37432	
17112	0	38660	
17113	0	39368	
17114	0	38660	
17115	0	37328	
17116	0	35992	
17117	0	34285	
17118	0	32752	
17119	0	31252	
17120	0	30340	
17121	0	29704	
17122	0	29192	
17123	0	29964	
17124	0	30632	
17125	0	30272	
17126	0	30336	
17127	0	30840	
17128	0	31296	
17129	0	31636	
17130	0	32608	
17131	0	34320	
17132	0	35912	
17133	0	36296	
17134	0	35836	
17135	0	35252	
17136	0	35036	
17137	0	35916	
17138	0	37452	
17139	0	39348	
17140	0	40984	
17141	0	42368	
17142	0	42916	
17143	0	42700	
17144	0	41816	
17145	0	41184	
17146	0	40484	
17147	0	39656	
17148	0	39296	
17149	0	39616	
17150	0	40296	
17151	0	40972	
17152	0	41764	
17153	0	42828	
17154	0	44180	
17155	0	44704	
17156	0	43872	
17157	0	42076	
17158	0	40456	
17159	0	39964	
17160	0	40288	
17161	0	40440	
17162	0	39992	
17163	0	39704	
17164	0	40028	
17165	0	40616	
17166	0	40584	
17167	0	40308	
17168	0	40000	
17169	0	39932	
17170	0	40028	
17171	0	39772	
17172	0	39760	
17173	0	40128	
17174	0	40352	
17175	0	39604	
17176	0	38508	
17177	0	37904	
17178	0	37980	
17179	0	38408	
17180	0	39160	
17181	0	40428	
17182	0	41580	
17183	0	42212	
17184	0	42276	
17185	0	41008	
17186	0	39128	
17187	0	37744	
17188	0	37048	
17189	0	37536	
17190	0	38040	
17191	0	37880	
17192	0	37488	
17193	0	36980	
17194	0	36632	
17195	0	36812	
17196	0	36944	
17197	0	36776	
17198	0	36288	
17199	0	35704	
17200	0	35448	
17201	0	36404	
17202	0	37780	
17203	0	38784	
17204	0	38596	
17205	0	37740	
17206	0	37368	
17207	0	37048	
17208	0	36508	
17209	0	36136	
17210	0	36104	
17211	0	36240	
17212	0	36606	
17213	0	36900	
17214	0	36912	
17215	0	35980	
17216	0	35096	
17217	0	34792	
17218	0	35360	
17219	0	36956	
17220	0	38560	
17221	0	38748	
17222	0	37292	
17223	0	35160	
17224	0	33448	
17225	0	32092	
17226	0	31268	
17227	0	31376	
17228	0	31984	
17229	0	31968	
17230	0	31120	
17231	0	30464	
17232	0	30736	
17233	0	31818	
17234	0	32592	
17235	0	32600	
17236	0	31962	
17237	0	30784	
17238	0	29504	
17239	0	28712	
17240	0	28360	
17241	0	27784	
17242	0	27468	
17243	0	28460	
17244	0	30540	
17245	0	31896	
17246	0	31764	
17247	0	31248	
17248	0	30668	
17249	0	30376	
17250	0	30432	
17251	0	31540	
17252	0	32948	
17253	0	35512	
17254	0	37916	
17255	0	39332	
17256	0	39472	
17257	0	38164	
17258	0	35808	
17259	0	33224	
17260	0	31144	
17261	0	29832	
17262	0	29100	
17263	0	28724	
17264	0	27960	
17265	0	27696	
17266	0	28272	
17267	0	29696	
17268	0	31464	
17269	0	32956	
17270	0	32900	
17271	0	32000	
17272	0	30688	
17273	0	29728	
17274	0	28916	
17275	0	28668	
17276	0	29388	
17277	0	30460	
17278	0	31368	
17279	0	31608	
17280	0	31636	
17281	0	32066	
17282	0	34076	
17283	0	36044	
17284	0	36848	
17285	0	36952	
17286	0	36576	
17287	0	35408	
17288	0	33360	
17289	0	31348	
17290	0	29736	
17291	0	28512	
17292	0	27784	
17293	0	27464	
17294	0	27384	
17295	0	27580	
17296	0	27732	
17297	0	28344	
17298	0	28972	
17299	0	29840	
17300	0	30704	
17301	0	31812	
17302	0	32796	
17303	0	33504	
17304	0	33688	
17305	0	33332	
17306	0	32698	
17307	0	31836	
17308	0	30752	
17309	0	30316	
17310	0	30072	
17311	0	29900	
17312	0	29512	
17313	0	29128	
17314	0	29090	
17315	0	29242	
17316	0	29496	
17317	0	30326	
17318	0	31408	
17319	0	32092	
17320	0	31604	
17321	0	29940	
17322	0	29026	
17323	0	29012	
17324	0	28668	
17325	0	28836	
17326	0	28978	
17327	0	28616	
17328	0	27472	
17329	0	26788	
17330	0	26088	
17331	0	25688	
17332	0	25696	
17333	0	26444	
17334	0	27768	
17335	0	29784	
17336	0	31756	
17337	0	32360	
17338	0	31698	
17339	0	30904	
17340	0	30512	
17341	0	30364	
17342	0	30564	
17343	0	30760	
17344	0	30836	
17345	0	30740	
17346	0	31116	
17347	0	31056	
17348	0	31008	
17349	0	31568	
17350	0	32428	
17351	0	33242	
17352	0	33728	
17353	0	34072	
17354	0	34380	
17355	0	34760	
17356	0	34620	
17357	0	34644	
17358	0	34744	
17359	0	34824	
17360	0	35144	
17361	0	35548	
17362	0	36272	
17363	0	36900	
17364	0	36476	
17365	0	34912	
17366	0	32996	
17367	0	31652	
17368	0	31068	
17369	0	30656	
17370	0	30232	
17371	0	31324	
17372	0	33120	
17373	0	34908	
17374	0	35980	
17375	0	36248	
17376	0	35380	
17377	0	34144	
17378	0	33308	
17379	0	33012	
17380	0	33028	
17381	0	33024	
17382	0	32784	
17383	0	32284	
17384	0	31756	
17385	0	31392	
17386	0	31000	
17387	0	30544	
17388	0	29892	
17389	0	29708	
17390	0	29616	
17391	0	29456	
17392	0	29242	
17393	0	29672	
17394	0	30836	
17395	0	32138	
17396	0	33896	
17397	0	35240	
17398	0	35344	
17399	0	34072	
17400	0	32440	
17401	0	32000	
17402	0	32872	
17403	0	33872	
17404	0	35504	
17405	0	36504	
17406	0	36076	
17407	0	34588	
17408	0	33064	
17409	0	32540	
17410	0	32340	
17411	0	32544	
17412	0	32620	
17413	0	32616	
17414	0	32364	
17415	0	32404	
17416	0	32720	
17417	0	33132	
17418	0	33436	
17419	0	33596	
17420	0	33856	
17421	0	34224	
17422	0	34760	
17423	0	34724	
17424	0	33944	
17425	0	32728	
17426	0	31716	
17427	0	31496	
17428	0	30924	
17429	0	29748	
17430	0	28844	
17431	0	28392	
17432	0	30000	
17433	0	32360	
17434	0	34076	
17435	0	34880	
17436	0	34904	
17437	0	33928	
17438	0	32784	
17439	0	31760	
17440	0	31108	
17441	0	30780	
17442	0	30928	
17443	0	31356	
17444	0	32084	
17445	0	32816	
17446	0	32692	
17447	0	32808	
17448	0	33880	
17449	0	35184	
17450	0	35264	
17451	0	34364	
17452	0	33992	
17453	0	33512	
17454	0	32648	
17455	0	31876	
17456	0	30872	
17457	0	29920	
17458	0	29436	
17459	0	29448	
17460	0	29172	
17461	0	28612	
17462	0	28260	
17463	0	27884	
17464	0	27728	
17465	0	27336	
17466	0	27168	
17467	0	27904	
17468	0	29620	
17469	0	31344	
17470	0	32272	
17471	0	33320	
17472	0	35452	
17473	0	38172	
17474	0	39364	
17475	0	38820	
17476	0	37916	
17477	0	37604	
17478	0	37960	
17479	0	38384	
17480	0	37856	
17481	0	36400	
17482	0	35624	
17483	0	36264	
17484	0	37488	
17485	0	37728	
17486	0	35764	
17487	0	32232	
17488	0	29524	
17489	0	29288	
17490	0	31144	
17491	0	33956	
17492	0	35340	
17493	0	35912	
17494	0	35992	
17495	0	36224	
17496	0	36716	
17497	0	36536	
17498	0	34824	
17499	0	32704	
17500	0	31144	
17501	0	30452	
17502	0	29236	
17503	0	26808	
17504	0	24420	
17505	0	22724	
17506	0	22284	
17507	0	22864	
17508	0	23600	
17509	0	23178	
17510	0	21904	
17511	0	22170	
17512	0	24096	
17513	0	26368	
17514	0	28026	
17515	0	29496	
17516	0	33152	
17517	0	37844	
17518	0	39068	
17519	0	36536	
17520	0	32432	
17521	0	28880	
17522	0	26540	
17523	0	25188	
17524	0	25772	
17525	0	26768	
17526	0	27268	
17527	0	27544	
17528	0	28232	
17529	0	29160	
17530	0	29692	
17531	0	29832	
17532	0	30424	
17533	0	31384	
17534	0	31996	
17535	0	32268	
17536	0	32520	
17537	0	32788	
17538	0	33212	
17539	0	33232	
17540	0	32424	
17541	0	31392	
17542	0	30564	
17543	0	30516	
17544	0	30908	
17545	0	31884	
17546	0	33604	
17547	0	33800	
17548	0	33600	
17549	0	34080	
17550	0	33816	
17551	0	31872	
17552	0	29850	
17553	0	28904	
17554	0	29456	
17555	0	30096	
17556	0	30412	
17557	0	30344	
17558	0	30096	
17559	0	29556	
17560	0	29520	
17561	0	30296	
17562	0	31548	
17563	0	32728	
17564	0	33384	
17565	0	33380	
17566	0	32944	
17567	0	32272	
17568	0	31396	
17569	0	30584	
17570	0	30292	
17571	0	30300	
17572	0	30528	
17573	0	30792	
17574	0	30620	
17575	0	29984	
17576	0	29432	
17577	0	29532	
17578	0	30016	
17579	0	30488	
17580	0	30816	
17581	0	31074	
17582	0	31044	
17583	0	30468	
17584	0	30332	
17585	0	30816	
17586	0	30948	
17587	0	30904	
17588	0	30976	
17589	0	31200	
17590	0	31044	
17591	0	30232	
17592	0	28956	
17593	0	27752	
17594	0	26668	
17595	0	25936	
17596	0	25580	
17597	0	26016	
17598	0	26592	
17599	0	27040	
17600	0	27722	
17601	0	27648	
17602	0	26952	
17603	0	26568	
17604	0	27112	
17605	0	27592	
17606	0	27292	
17607	0	26788	
17608	0	26010	
17609	0	25710	
17610	0	25752	
17611	0	26144	
17612	0	26752	
17613	0	27992	
17614	0	29356	
17615	0	30284	
17616	0	30240	
17617	0	30040	
17618	0	29808	
17619	0	29692	
17620	0	29632	
17621	0	29320	
17622	0	29108	
17623	0	28516	
17624	0	28028	
17625	0	28304	
17626	0	30096	
17627	0	31960	
17628	0	33440	
17629	0	34380	
17630	0	34140	
17631	0	32800	
17632	0	31898	
17633	0	30452	
17634	0	28828	
17635	0	27728	
17636	0	26948	
17637	0	26468	
17638	0	26320	
17639	0	26024	
17640	0	26100	
17641	0	26400	
17642	0	26904	
17643	0	27080	
17644	0	26996	
17645	0	27336	
17646	0	27684	
17647	0	27812	
17648	0	28620	
17649	0	29444	
17650	0	29124	
17651	0	28292	
17652	0	27964	
17653	0	27984	
17654	0	28576	
17655	0	29316	
17656	0	29896	
17657	0	30084	
17658	0	30232	
17659	0	30004	
17660	0	30024	
17661	0	30448	
17662	0	31000	
17663	0	31332	
17664	0	31652	
17665	0	31560	
17666	0	31576	
17667	0	32192	
17668	0	32912	
17669	0	33664	
17670	0	34456	
17671	0	34732	
17672	0	34968	
17673	0	35232	
17674	0	35348	
17675	0	34708	
17676	0	33816	
17677	0	32140	
17678	0	30624	
17679	0	29084	
17680	0	28236	
17681	0	28204	
17682	0	27960	
17683	0	27712	
17684	0	26656	
17685	0	25492	
17686	0	24252	
17687	0	23968	
17688	0	24820	
17689	0	26448	
17690	0	27956	
17691	0	29120	
17692	0	29944	
17693	0	31344	
17694	0	32628	
17695	0	33580	
17696	0	34336	
17697	0	34840	
17698	0	35036	
17699	0	34832	
17700	0	32892	
17701	0	30328	
17702	0	28796	
17703	0	28428	
17704	0	28988	
17705	0	30200	
17706	0	32296	
17707	0	33776	
17708	0	35116	
17709	0	36332	
17710	0	36776	
17711	0	36712	
17712	0	36720	
17713	0	36792	
17714	0	36392	
17715	0	35092	
17716	0	34020	
17717	0	33064	
17718	0	31864	
17719	0	31004	
17720	0	30592	
17721	0	31992	
17722	0	33856	
17723	0	34952	
17724	0	35008	
17725	0	34636	
17726	0	34756	
17727	0	34372	
17728	0	34020	
17729	0	33304	
17730	0	32696	
17731	0	31976	
17732	0	31120	
17733	0	29880	
17734	0	29140	
17735	0	29240	
17736	0	30432	
17737	0	32020	
17738	0	33300	
17739	0	33776	
17740	0	33952	
17741	0	34060	
17742	0	34304	
17743	0	34280	
17744	0	34692	
17745	0	35128	
17746	0	34808	
17747	0	34984	
17748	0	34632	
17749	0	33924	
17750	0	33028	
17751	0	33154	
17752	0	33808	
17753	0	34496	
17754	0	34772	
17755	0	34576	
17756	0	34072	
17757	0	33256	
17758	0	31896	
17759	0	30636	
17760	0	29452	
17761	0	29208	
17762	0	29720	
17763	0	30554	
17764	0	31000	
17765	0	31100	
17766	0	31492	
17767	0	32048	
17768	0	32792	
17769	0	33232	
17770	0	33660	
17771	0	34968	
17772	0	36908	
17773	0	38028	
17774	0	38440	
17775	0	37980	
17776	0	36608	
17777	0	35136	
17778	0	34328	
17779	0	34756	
17780	0	35520	
17781	0	36740	
17782	0	37048	
17783	0	36328	
17784	0	35560	
17785	0	34360	
17786	0	33040	
17787	0	32332	
17788	0	31772	
17789	0	31564	
17790	0	31372	
17791	0	31352	
17792	0	31284	
17793	0	31088	
17794	0	30652	
17795	0	30436	
17796	0	30632	
17797	0	30744	
17798	0	30468	
17799	0	30376	
17800	0	30808	
17801	0	31576	
17802	0	32456	
17803	0	33256	
17804	0	33772	
17805	0	34172	
17806	0	34400	
17807	0	33856	
17808	0	33064	
17809	0	31884	
17810	0	31176	
17811	0	31624	
17812	0	32632	
17813	0	33432	
17814	0	34572	
17815	0	35648	
17816	0	36296	
17817	0	36356	
17818	0	36460	
17819	0	36200	
17820	0	36496	
17821	0	36912	
17822	0	37368	
17823	0	37892	
17824	0	38024	
17825	0	38324	
17826	0	38952	
17827	0	39396	
17828	0	39548	
17829	0	40264	
17830	0	41708	
17831	0	42768	
17832	0	43488	
17833	0	44420	
17834	0	45200	
17835	0	43972	
17836	0	40808	
17837	0	37024	
17838	0	35256	
17839	0	34544	
17840	0	34024	
17841	0	33124	
17842	0	32828	
17843	0	33192	
17844	0	33980	
17845	0	34784	
17846	0	35648	
17847	0	36248	
17848	0	36508	
17849	0	36308	
17850	0	36004	
17851	0	36424	
17852	0	37864	
17853	0	39784	
17854	0	41456	
17855	0	42124	
17856	0	41544	
17857	0	40428	
17858	0	40060	
17859	0	38720	
17860	0	36624	
17861	0	36524	
17862	0	39240	
17863	0	42896	
17864	0	44704	
17865	0	44376	
17866	0	44008	
17867	0	45700	
17868	0	48112	
17869	0	48528	
17870	0	47244	
17871	0	45308	
17872	0	44536	
17873	0	44056	
17874	0	42352	
17875	0	41060	
17876	0	40444	
17877	0	40544	
17878	0	41084	
17879	0	41960	
17880	0	43034	
17881	0	45304	
17882	0	48912	
17883	0	51768	
17884	0	50664	
17885	0	47488	
17886	0	45064	
17887	0	43532	
17888	0	42164	
17889	0	41732	
17890	0	42592	
17891	0	44172	
17892	0	45360	
17893	0	45828	
17894	0	45616	
17895	0	45400	
17896	0	43588	
17897	0	40636	
17898	0	38048	
17899	0	37160	
17900	0	37872	
17901	0	39056	
17902	0	40672	
17903	0	41724	
17904	0	41712	
17905	0	41848	
17906	0	42100	
17907	0	42156	
17908	0	42348	
17909	0	42236	
17910	0	41116	
17911	0	40944	
17912	0	43284	
17913	0	47348	
17914	0	49560	
17915	0	49288	
17916	0	45940	
17917	0	40624	
17918	0	35856	
17919	0	32944	
17920	0	33156	
17921	0	35192	
17922	0	39392	
17923	0	44548	
17924	0	49216	
17925	0	52656	
17926	0	55352	
17927	0	57604	
17928	0	59800	
17929	0	62496	
17930	0	65424	
17931	0	65480	
17932	0	65456	
17933	0	65476	
17934	0	65464	
17935	0	65476	
17936	0	65480	
17937	0	65472	
17938	0	65480	
17939	0	62284	
17940	0	62960	
17941	0	65104	
17942	0	65464	
17943	0	65472	
17944	0	65472	
17945	0	65488	
17946	0	65464	
17947	0	59336	
17948	0	55488	
17949	0	51948	
17950	0	49560	
17951	0	48756	
17952	0	48900	
17953	0	48948	
17954	0	48448	
17955	0	47936	
17956	0	47832	
17957	0	47828	
17958	0	47776	
17959	0	47912	
17960	0	49068	
17961	0	49912	
17962	0	49512	
17963	0	47752	
17964	0	45144	
17965	0	42644	
17966	0	41044	
17967	0	37480	
17968	0	33040	
17969	0	31117	
17970	0	30848	
17971	0	30724	
17972	0	31744	
17973	0	33344	
17974	0	36464	
17975	0	40608	
17976	0	44112	
17977	0	46704	
17978	0	48496	
17979	0	49096	
17980	0	48476	
17981	0	46296	
17982	0	41832	
17983	0	36344	
17984	0	32172	
17985	0	32656	
17986	0	34552	
17987	0	35392	
17988	0	35156	
17989	0	34384	
17990	0	33960	
17991	0	33764	
17992	0	34112	
17993	0	34216	
17994	0	33492	
17995	0	31720	
17996	0	29068	
17997	0	25272	
17998	0	22144	
17999	0	20328	
18000	0	19780	
18001	0	20444	
18002	0	21356	
18003	0	22840	
18004	0	24508	
18005	0	26116	
18006	0	27516	
18007	0	28368	
18008	0	27308	
18009	0	25792	
18010	0	25696	
18011	0	27016	
18012	0	28160	
18013	0	28552	
18014	0	28176	
18015	0	27952	
18016	0	28176	
18017	0	28096	
18018	0	26748	
18019	0	24840	
18020	0	22080	
18021	0	20164	
18022	0	19132	
18023	0	17985	
18024	0	16924	
18025	0	15880	
18026	0	15110	
18027	0	14728	
18028	0	14860	
18029	0	15864	
18030	0	15808	
18031	0	14946	
18032	0	14276	
18033	0	14870	
18034	0	16524	
18035	0	19440	
18036	0	19578	
18037	0	15618	
18038	0	10438	
18039	0	6169	
18040	0	4228	
18041	0	5340	
18042	0	9704	
18043	0	15132	
18044	0	19536	
18045	0	22668	
18046	0	24512	
18047	0	25856	
18048	0	26484	
18049	0	26384	
18050	0	26048	
18051	0	25368	
18052	0	24976	
18053	0	25364	
18054	0	25456	
18055	0	24864	
18056	0	23592	
18057	0	22576	
18058	0	21380	
18059	0	19816	
18060	0	18752	
18061	0	18880	
18062	0	19002	
18063	0	19048	
18064	0	17509	
18065	0	13872	
18066	0	9716	
18067	0	7316	
18068	0	8133	
18069	0	11180	
18070	0	15248	
18071	0	19516	
18072	0	23290	
18073	0	26524	
18074	0	28780	
18075	0	30268	
18076	0	31760	
18077	0	31908	
18078	0	30180	
18079	0	27036	
18080	0	25100	
18081	0	24364	
18082	0	24060	
18083	0	23168	
18084	0	21536	
18085	0	19856	
18086	0	18084	
18087	0	16580	
18088	0	14956	
18089	0	12668	
18090	0	11550	
18091	0	10958	
18092	0	11249	
18093	0	13273	
18094	0	16756	
18095	0	20604	
18096	0	25204	
18097	0	29808	
18098	0	33176	
18099	0	34244	
18100	0	33556	
18101	0	32408	
18102	0	30640	
18103	0	28464	
18104	0	27228	
18105	0	26944	
18106	0	27264	
18107	0	27848	
18108	0	29340	
18109	0	34852	
18110	0	41636	
18111	0	45424	
18112	0	44068	
18113	0	39320	
18114	0	32664	
18115	0	26296	
18116	0	22860	
18117	0	21956	
18118	0	22056	
18119	0	21700	
18120	0	20048	
18121	0	18452	
18122	0	17420	
18123	0	17378	
18124	0	18628	
18125	0	21828	
18126	0	27516	
18127	0	33960	
18128	0	37832	
18129	0	37424	
18130	0	33380	
18131	0	28172	
18132	0	22436	
18133	0	16268	
18134	0	9942	
18135	0	5584	
18136	0	4184	
18137	0	6878	
18138	0	11920	
18139	0	17472	
18140	0	22340	
18141	0	26148	
18142	0	31304	
18143	0	37236	
18144	0	41720	
18145	0	42900	
18146	0	40848	
18147	0	38400	
18148	0	36420	
18149	0	35036	
18150	0	33352	
18151	0	31920	
18152	0	31268	
18153	0	30556	
18154	0	30020	
18155	0	29240	
18156	0	28812	
18157	0	28640	
18158	0	28808	
18159	0	30348	
18160	0	31592	
18161	0	31756	
18162	0	29904	
18163	0	27000	
18164	0	24448	
18165	0	22580	
18166	0	21672	
18167	0	21332	
18168	0	21076	
18169	0	21516	
18170	0	22272	
18171	0	22960	
18172	0	23264	
18173	0	23744	
18174	0	24620	
18175	0	24834	
18176	0	24916	
18177	0	26100	
18178	0	26964	
18179	0	27253	
18180	0	26364	
18181	0	24128	
18182	0	21004	
18183	0	19140	
18184	0	19548	
18185	0	21900	
18186	0	24572	
18187	0	27272	
18188	0	29440	
18189	0	29632	
18190	0	28140	
18191	0	25976	
18192	0	23508	
18193	0	21498	
18194	0	20848	
18195	0	21872	
18196	0	24226	
18197	0	27148	
18198	0	29068	
18199	0	30460	
18200	0	31208	
18201	0	31264	
18202	0	30440	
18203	0	29192	
18204	0	27876	
18205	0	26784	
18206	0	26132	
18207	0	25642	
18208	0	25940	
18209	0	26512	
18210	0	26856	
18211	0	26936	
18212	0	26864	
18213	0	26964	
18214	0	27116	
18215	0	27440	
18216	0	28309	
18217	0	28888	
18218	0	28184	
18219	0	27464	
18220	0	26604	
18221	0	26636	
18222	0	27532	
18223	0	28940	
18224	0	29880	
18225	0	30320	
18226	0	29980	
18227	0	29712	
18228	0	29504	
18229	0	29272	
18230	0	29892	
18231	0	31338	
18232	0	32868	
18233	0	33548	
18234	0	33168	
18235	0	32252	
18236	0	31092	
18237	0	30044	
18238	0	30828	
18239	0	32896	
18240	0	34664	
18241	0	35056	
18242	0	34412	
18243	0	33236	
18244	0	32068	
18245	0	30728	
18246	0	30484	
18247	0	30288	
18248	0	30624	
18249	0	30768	
18250	0	30104	
18251	0	28906	
18252	0	27080	
18253	0	25376	
18254	0	25372	
18255	0	26568	
18256	0	28428	
18257	0	30784	
18258	0	33260	
18259	0	36628	
18260	0	37836	
18261	0	36416	
18262	0	33500	
18263	0	30282	
18264	0	26948	
18265	0	24220	
18266	0	22612	
18267	0	22368	
18268	0	23062	
18269	0	24520	
18270	0	25928	
18271	0	27352	
18272	0	29316	
18273	0	31752	
18274	0	33496	
18275	0	34632	
18276	0	35024	
18277	0	35180	
18278	0	34860	
18279	0	34264	
18280	0	34052	
18281	0	34584	
18282	0	35412	
18283	0	35928	
18284	0	36148	
18285	0	36156	
18286	0	36008	
18287	0	35620	
18288	0	35348	
18289	0	35330	
18290	0	35548	
18291	0	35480	
18292	0	35400	
18293	0	36060	
18294	0	36388	
18295	0	35736	
18296	0	33226	
18297	0	29644	
18298	0	25860	
18299	0	22896	
18300	0	21792	
18301	0	22108	
18302	0	23124	
18303	0	23588	
18304	0	24000	
18305	0	24824	
18306	0	26680	
18307	0	28864	
18308	0	30620	
18309	0	32060	
18310	0	33240	
18311	0	35048	
18312	0	37448	
18313	0	39656	
18314	0	41076	
18315	0	41072	
18316	0	40012	
18317	0	38376	
18318	0	37120	
18319	0	36720	
18320	0	36968	
18321	0	38140	
18322	0	38184	
18323	0	36200	
18324	0	32148	
18325	0	28544	
18326	0	26724	
18327	0	27180	
18328	0	29232	
18329	0	31364	
18330	0	32204	
18331	0	32872	
18332	0	33280	
18333	0	33820	
18334	0	35044	
18335	0	37184	
18336	0	38544	
18337	0	38932	
18338	0	38408	
18339	0	37056	
18340	0	35208	
18341	0	34236	
18342	0	34360	
18343	0	34464	
18344	0	35656	
18345	0	37524	
18346	0	39132	
18347	0	39668	
18348	0	38780	
18349	0	36984	
18350	0	34788	
18351	0	33456	
18352	0	32756	
18353	0	32368	
18354	0	32528	
18355	0	32800	
18356	0	32384	
18357	0	32380	
18358	0	33332	
18359	0	33644	
18360	0	32956	
18361	0	31356	
18362	0	29484	
18363	0	27976	
18364	0	26212	
18365	0	25188	
18366	0	25920	
18367	0	25912	
18368	0	21620	
18369	0	14574	
18370	0	9036	
18371	0	7572	
18372	0	9878	
18373	0	15502	
18374	0	22348	
18375	0	28808	
18376	0	33488	
18377	0	36092	
18378	0	38164	
18379	0	40928	
18380	0	43596	
18381	0	45656	
18382	0	46764	
18383	0	46976	
18384	0	46572	
18385	0	46028	
18386	0	44920	
18387	0	43556	
18388	0	42408	
18389	0	41264	
18390	0	40080	
18391	0	38976	
18392	0	37804	
18393	0	36500	
18394	0	35808	
18395	0	34720	
18396	0	33540	
18397	0	31792	
18398	0	30476	
18399	0	29888	
18400	0	30844	
18401	0	33240	
18402	0	34564	
18403	0	34632	
18404	0	33980	
18405	0	33404	
18406	0	33224	
18407	0	33032	
18408	0	32632	
18409	0	33260	
18410	0	34448	
18411	0	35580	
18412	0	36512	
18413	0	36944	
18414	0	36248	
18415	0	35712	
18416	0	35924	
18417	0	36340	
18418	0	35944	
18419	0	35136	
18420	0	34844	
18421	0	35084	
18422	0	35636	
18423	0	36596	
18424	0	37504	
18425	0	38776	
18426	0	39744	
18427	0	40056	
18428	0	39984	
18429	0	39628	
18430	0	38912	
18431	0	38128	
18432	0	37288	
18433	0	36612	
18434	0	35728	
18435	0	34776	
18436	0	34092	
18437	0	33916	
18438	0	33968	
18439	0	33720	
18440	0	33752	
18441	0	34272	
18442	0	34664	
18443	0	34788	
18444	0	34544	
18445	0	33964	
18446	0	33628	
18447	0	33248	
18448	0	32656	
18449	0	32524	
18450	0	32196	
18451	0	32440	
18452	0	32930	
18453	0	33016	
18454	0	32840	
18455	0	32832	
18456	0	32744	
18457	0	32996	
18458	0	33764	
18459	0	35450	
18460	0	36468	
18461	0	35552	
18462	0	33112	
18463	0	30344	
18464	0	27984	
18465	0	26116	
18466	0	23840	
18467	0	21528	
18468	0	18252	
18469	0	14617	
18470	0	11784	
18471	0	11816	
18472	0	14596	
18473	0	19458	
18474	0	24784	
18475	0	29824	
18476	0	34340	
18477	0	39440	
18478	0	43996	
18479	0	44876	
18480	0	42860	
18481	0	40296	
18482	0	38588	
18483	0	37652	
18484	0	37028	
18485	0	36128	
18486	0	35316	
18487	0	34926	
18488	0	35722	
18489	0	36000	
18490	0	35348	
18491	0	33624	
18492	0	30664	
18493	0	27320	
18494	0	25260	
18495	0	25098	
18496	0	26036	
18497	0	26528	
18498	0	26816	
18499	0	27632	
18500	0	29344	
18501	0	31560	
18502	0	32296	
18503	0	31796	
18504	0	30868	
18505	0	29352	
18506	0	26508	
18507	0	23520	
18508	0	19772	
18509	0	17212	
18510	0	17100	
18511	0	19584	
18512	0	23480	
18513	0	26764	
18514	0	28976	
18515	0	30908	
18516	0	32288	
18517	0	33988	
18518	0	36056	
18519	0	37476	
18520	0	38424	
18521	0	38488	
18522	0	38624	
18523	0	38184	
18524	0	37604	
18525	0	36260	
18526	0	34328	
18527	0	32264	
18528	0	30512	
18529	0	29152	
18530	0	27300	
18531	0	25812	
18532	0	24880	
18533	0	22928	
18534	0	19844	
18535	0	16946	
18536	0	13984	
18537	0	11028	
18538	0	7718	
18539	0	5386	
18540	0	5209	
18541	0	7778	
18542	0	12034	
18543	0	17756	
18544	0	24458	
18545	0	31376	
18546	0	37980	
18547	0	43552	
18548	0	47748	
18549	0	50032	
18550	0	50532	
18551	0	50224	
18552	0	49504	
18553	0	48648	
18554	0	46988	
18555	0	44908	
18556	0	42708	
18557	0	40332	
18558	0	38376	
18559	0	37160	
18560	0	38068	
18561	0	38692	
18562	0	38348	
18563	0	37840	
18564	0	36980	
18565	0	35916	
18566	0	34920	
18567	0	34136	
18568	0	33768	
18569	0	33772	
18570	0	34400	
18571	0	34506	
18572	0	33788	
18573	0	32076	
18574	0	29400	
18575	0	27264	
18576	0	26004	
18577	0	25752	
18578	0	27180	
18579	0	28904	
18580	0	29456	
18581	0	29384	
18582	0	29148	
18583	0	28492	
18584	0	26060	
18585	0	21912	
18586	0	18004	
18587	0	16396	
18588	0	17552	
18589	0	20772	
18590	0	25180	
18591	0	29264	
18592	0	32904	
18593	0	34916	
18594	0	35496	
18595	0	36028	
18596	0	36928	
18597	0	37928	
18598	0	38692	
18599	0	38808	
18600	0	39240	
18601	0	39504	
18602	0	39428	
18603	0	39768	
18604	0	39512	
18605	0	38240	
18606	0	36924	
18607	0	35892	
18608	0	35080	
18609	0	34280	
18610	0	33720	
18611	0	33768	
18612	0	34556	
18613	0	36036	
18614	0	37704	
18615	0	39412	
18616	0	41064	
18617	0	42092	
18618	0	42416	
18619	0	43004	
18620	0	43052	
18621	0	41596	
18622	0	39516	
18623	0	37908	
18624	0	37056	
18625	0	36536	
18626	0	36512	
18627	0	36724	
18628	0	36476	
18629	0	35452	
18630	0	33328	
18631	0	30832	
18632	0	27076	
18633	0	23004	
18634	0	18416	
18635	0	14576	
18636	0	12784	
18637	0	13004	
18638	0	15192	
18639	0	19356	
18640	0	24830	
18641	0	30240	
18642	0	34620	
18643	0	38236	
18644	0	40840	
18645	0	42836	
18646	0	44672	
18647	0	46584	
18648	0	47948	
18649	0	48380	
18650	0	47892	
18651	0	46568	
18652	0	43832	
18653	0	40208	
18654	0	37596	
18655	0	35716	
18656	0	34624	
18657	0	35840	
18658	0	37868	
18659	0	39432	
18660	0	39968	
18661	0	39604	
18662	0	38852	
18663	0	37956	
18664	0	37636	
18665	0	37264	
18666	0	36512	
18667	0	36112	
18668	0	35700	
18669	0	35902	
18670	0	36064	
18671	0	36324	
18672	0	36716	
18673	0	36792	
18674	0	36240	
18675	0	35784	
18676	0	35800	
18677	0	35712	
18678	0	35616	
18679	0	34364	
18680	0	31704	
18681	0	27608	
18682	0	23124	
18683	0	19646	
18684	0	18464	
18685	0	18736	
18686	0	19248	
18687	0	19648	
18688	0	20120	
18689	0	21036	
18690	0	22264	
18691	0	24280	
18692	0	28380	
18693	0	34552	
18694	0	40092	
18695	0	43352	
18696	0	44176	
18697	0	44384	
18698	0	45180	
18699	0	45880	
18700	0	45992	
18701	0	46528	
18702	0	47228	
18703	0	48364	
18704	0	48848	
18705	0	49552	
18706	0	50816	
18707	0	51224	
18708	0	50192	
18709	0	47320	
18710	0	43776	
18711	0	41208	
18712	0	40512	
18713	0	40832	
18714	0	40972	
18715	0	40192	
18716	0	39072	
18717	0	39084	
18718	0	39776	
18719	0	40536	
18720	0	40820	
18721	0	40644	
18722	0	40560	
18723	0	40708	
18724	0	41048	
18725	0	40704	
18726	0	39632	
18727	0	37900	
18728	0	35848	
18729	0	34164	
18730	0	33608	
18731	0	33868	
18732	0	34688	
18733	0	34868	
18734	0	35316	
18735	0	36160	
18736	0	37024	
18737	0	37760	
18738	0	39236	
18739	0	40392	
18740	0	41056	
18741	0	40712	
18742	0	39600	
18743	0	38344	
18744	0	37544	
18745	0	36612	
18746	0	36284	
18747	0	36204	
18748	0	36240	
18749	0	36792	
18750	0	37004	
18751	0	36752	
18752	0	36572	
18753	0	36628	
18754	0	37388	
18755	0	37456	
18756	0	35876	
18757	0	33692	
18758	0	32368	
18759	0	31672	
18760	0	31204	
18761	0	30660	
18762	0	30808	
18763	0	31408	
18764	0	32480	
18765	0	33608	
18766	0	33668	
18767	0	33716	
18768	0	34488	
18769	0	35288	
18770	0	36152	
18771	0	36720	
18772	0	36992	
18773	0	37108	
18774	0	36620	
18775	0	36200	
18776	0	35664	
18777	0	34388	
18778	0	33600	
18779	0	32108	
18780	0	29744	
18781	0	27944	
18782	0	27264	
18783	0	27400	
18784	0	28444	
18785	0	30396	
18786	0	32712	
18787	0	34768	
18788	0	36780	
18789	0	38184	
18790	0	39240	
18791	0	40424	
18792	0	40384	
18793	0	39556	
18794	0	37988	
18795	0	35952	
18796	0	34612	
18797	0	34388	
18798	0	34280	
18799	0	34104	
18800	0	33984	
18801	0	33868	
18802	0	32664	
18803	0	31184	
18804	0	30328	
18805	0	29360	
18806	0	28444	
18807	0	28468	
18808	0	29008	
18809	0	30008	
18810	0	31208	
18811	0	32484	
18812	0	33588	
18813	0	34792	
18814	0	35488	
18815	0	35328	
18816	0	34656	
18817	0	33588	
18818	0	33228	
18819	0	33800	
18820	0	34236	
18821	0	34032	
18822	0	33920	
18823	0	34376	
18824	0	34068	
18825	0	31992	
18826	0	27600	
18827	0	22636	
18828	0	19328	
18829	0	19556	
18830	0	22652	
18831	0	26320	
18832	0	30020	
18833	0	33164	
18834	0	35272	
18835	0	36524	
18836	0	37984	
18837	0	39552	
18838	0	40872	
18839	0	41628	
18840	0	41800	
18841	0	40812	
18842	0	38720	
18843	0	36228	
18844	0	35336	
18845	0	35820	
18846	0	36348	
18847	0	36520	
18848	0	35680	
18849	0	35192	
18850	0	35024	
18851	0	34872	
18852	0	34824	
18853	0	35064	
18854	0	35640	
18855	0	35880	
18856	0	35696	
18857	0	35512	
18858	0	35348	
18859	0	34864	
18860	0	33556	
18861	0	31680	
18862	0	30276	
18863	0	29644	
18864	0	29732	
18865	0	29396	
18866	0	28428	
18867	0	27594	
18868	0	27016	
18869	0	26680	
18870	0	26744	
18871	0	27260	
18872	0	28224	
18873	0	28856	
18874	0	29284	
18875	0	29572	
18876	0	29636	
18877	0	29348	
18878	0	28320	
18879	0	27080	
18880	0	26124	
18881	0	24856	
18882	0	24668	
18883	0	25632	
18884	0	27344	
18885	0	29225	
18886	0	32392	
18887	0	35744	
18888	0	37740	
18889	0	38992	
18890	0	38512	
18891	0	37140	
18892	0	36196	
18893	0	35736	
18894	0	35656	
18895	0	35704	
18896	0	35492	
18897	0	35408	
18898	0	35336	
18899	0	35452	
18900	0	35452	
18901	0	35312	
18902	0	34672	
18903	0	33516	
18904	0	31552	
18905	0	29700	
18906	0	28312	
18907	0	27661	
18908	0	27892	
18909	0	28666	
18910	0	29356	
18911	0	30232	
18912	0	30928	
18913	0	31152	
18914	0	31364	
18915	0	31656	
18916	0	32828	
18917	0	34776	
18918	0	36632	
18919	0	37344	
18920	0	36520	
18921	0	35500	
18922	0	34888	
18923	0	34276	
18924	0	33180	
18925	0	32488	
18926	0	31872	
18927	0	31124	
18928	0	30624	
18929	0	30996	
18930	0	31628	
18931	0	32480	
18932	0	33432	
18933	0	34772	
18934	0	36588	
18935	0	38308	
18936	0	39328	
18937	0	39636	
18938	0	39648	
18939	0	39124	
18940	0	38400	
18941	0	37356	
18942	0	36684	
18943	0	36280	
18944	0	35608	
18945	0	34896	
18946	0	34704	
18947	0	34196	
18948	0	33768	
18949	0	33672	
18950	0	33940	
18951	0	34238	
18952	0	34172	
18953	0	33448	
18954	0	32292	
18955	0	31068	
18956	0	30692	
18957	0	30768	
18958	0	30984	
18959	0	31550	
18960	0	31984	
18961	0	32496	
18962	0	33048	
18963	0	33972	
18964	0	34988	
18965	0	36248	
18966	0	37312	
18967	0	37740	
18968	0	37156	
18969	0	36604	
18970	0	35920	
18971	0	35412	
18972	0	34880	
18973	0	34464	
18974	0	34272	
18975	0	34436	
18976	0	34652	
18977	0	34184	
18978	0	33136	
18979	0	31824	
18980	0	30344	
18981	0	29160	
18982	0	28356	
18983	0	28592	
18984	0	29512	
18985	0	30800	
18986	0	31952	
18987	0	32904	
18988	0	33456	
18989	0	33252	
18990	0	32512	
18991	0	32348	
18992	0	32360	
18993	0	31564	
18994	0	29840	
18995	0	27564	
18996	0	26448	
18997	0	26056	
18998	0	26812	
18999	0	29052	
19000	0	31612	
19001	0	34024	
19002	0	36176	
19003	0	37696	
19004	0	38632	
19005	0	38916	
19006	0	38124	
19007	0	35552	
19008	0	30944	
19009	0	26260	
19010	0	23294	
19011	0	22808	
19012	0	24596	
19013	0	27712	
19014	0	31168	
19015	0	34108	
19016	0	36744	
19017	0	39212	
19018	0	41424	
19019	0	43012	
19020	0	43860	
19021	0	43992	
19022	0	43864	
19023	0	43776	
19024	0	42952	
19025	0	41688	
19026	0	40444	
19027	0	38992	
19028	0	37548	
19029	0	36032	
19030	0	34800	
19031	0	34716	
19032	0	36136	
19033	0	38424	
19034	0	40468	
19035	0	40632	
19036	0	39608	
19037	0	37924	
19038	0	36800	
19039	0	36564	
19040	0	36588	
19041	0	36492	
19042	0	36424	
19043	0	36352	
19044	0	36280	
19045	0	35580	
19046	0	33840	
19047	0	31784	
19048	0	30116	
19049	0	29768	
19050	0	29904	
19051	0	30688	
19052	0	31060	
19053	0	30128	
19054	0	28628	
19055	0	27308	
19056	0	26684	
19057	0	27248	
19058	0	28748	
19059	0	30840	
19060	0	32784	
19061	0	33972	
19062	0	34580	
19063	0	35220	
19064	0	35632	
19065	0	36026	
19066	0	35848	
19067	0	35296	
19068	0	35124	
19069	0	34444	
19070	0	33308	
19071	0	31984	
19072	0	30552	
19073	0	29272	
19074	0	28592	
19075	0	28816	
19076	0	29436	
19077	0	30028	
19078	0	30304	
19079	0	30624	
19080	0	31308	
19081	0	31428	
19082	0	30008	
19083	0	26504	
19084	0	22452	
19085	0	19432	
19086	0	18360	
19087	0	19280	
19088	0	21416	
19089	0	23640	
19090	0	25324	
19091	0	27044	
19092	0	28292	
19093	0	28856	
19094	0	29612	
19095	0	30856	
19096	0	32796	
19097	0	34520	
19098	0	35500	
19099	0	36036	
19100	0	35992	
19101	0	35020	
19102	0	32876	
19103	0	31236	
19104	0	30380	
19105	0	30428	
19106	0	30596	
19107	0	31128	
19108	0	31580	
19109	0	31876	
19110	0	32148	
19111	0	32212	
19112	0	33120	
19113	0	34316	
19114	0	34760	
19115	0	34756	
19116	0	34488	
19117	0	33636	
19118	0	32352	
19119	0	30868	
19120	0	29474	
19121	0	28164	
19122	0	26890	
19123	0	25732	
19124	0	24920	
19125	0	25408	
19126	0	27308	
19127	0	29948	
19128	0	31704	
19129	0	33066	
19130	0	33592	
19131	0	34784	
19132	0	37080	
19133	0	38960	
19134	0	40826	
19135	0	42568	
19136	0	43776	
19137	0	44784	
19138	0	44680	
19139	0	43528	
19140	0	41736	
19141	0	39852	
19142	0	38060	
19143	0	36952	
19144	0	36208	
19145	0	35048	
19146	0	33216	
19147	0	31468	
19148	0	29864	
19149	0	28280	
19150	0	27080	
19151	0	26760	
19152	0	27460	
19153	0	28476	
19154	0	28428	
19155	0	27552	
19156	0	25944	
19157	0	24460	
19158	0	24488	
19159	0	26728	
19160	0	30000	
19161	0	32960	
19162	0	35084	
19163	0	36180	
19164	0	37004	
19165	0	37036	
19166	0	35256	
19167	0	32044	
19168	0	27688	
19169	0	23692	
19170	0	20994	
19171	0	19876	
19172	0	20292	
19173	0	22572	
19174	0	26432	
19175	0	32456	
19176	0	40168	
19177	0	48140	
19178	0	55308	
19179	0	61388	
19180	0	65456	
19181	0	65472	
19182	0	65472	
19183	0	65464	
19184	0	65472	
19185	0	65472	
19186	0	56844	
19187	0	52660	
19188	0	50428	
19189	0	48080	
19190	0	46448	
19191	0	45728	
19192	0	45872	
19193	0	46752	
19194	0	47768	
19195	0	47760	
19196	0	47096	
19197	0	45584	
19198	0	41320	
19199	0	36976	
19200	0	34348	
19201	0	34408	
19202	0	37508	
19203	0	41808	
19204	0	47152	
19205	0	50520	
19206	0	53000	
19207	0	54228	
19208	0	53392	
19209	0	51320	
19210	0	50208	
19211	0	52148	
19212	0	54192	
19213	0	56428	
19214	0	59104	
19215	0	61328	
19216	0	62316	
19217	0	62656	
19218	0	63072	
19219	0	63512	
19220	0	61856	
19221	0	59664	
19222	0	59888	
19223	0	63976	
19224	0	65476	
19225	0	65472	
19226	0	65480	
19227	0	65480	
19228	0	65472	
19229	0	65480	
19230	0	65472	
19231	0	65480	
19232	0	65480	
19233	0	65472	
19234	0	65472	
19235	0	65476	
19236	0	65480	
19237	0	65480	
19238	0	65464	
19239	0	65476	
19240	0	65480	
19241	0	65476	
19242	0	65472	
19243	0	65488	
19244	0	65480	
19245	0	65480	
19246	0	65480	
19247	0	65484	
19248	0	65476	
19249	0	65460	
19250	0	65472	
19251	0	65472	
19252	0	65496	
19253	0	65496	
19254	0	65480	
19255	0	65472	
19256	0	65480	
19257	0	65472	
19258	0	65472	
19259	0	65472	
19260	0	65456	
19261	0	65472	
19262	0	60616	
19263	0	58968	
19264	0	59916	
19265	0	61352	
19266	0	62224	
19267	0	61352	
19268	0	59032	
19269	0	56656	
19270	0	54060	
19271	0	51576	
19272	0	49888	
19273	0	49520	
19274	0	49324	
19275	0	49128	
19276	0	48972	
19277	0	49256	
19278	0	49576	
19279	0	49728	
19280	0	50028	
19281	0	49848	
19282	0	49656	
19283	0	48968	
19284	0	47552	
19285	0	46004	
19286	0	44228	
19287	0	42668	
19288	0	41304	
19289	0	40088	
19290	0	39188	
19291	0	37956	
19292	0	36488	
19293	0	35260	
19294	0	33940	
19295	0	33652	
19296	0	33628	
19297	0	34128	
19298	0	34932	
19299	0	35064	
19300	0	34444	
19301	0	33656	
19302	0	33518	
19303	0	33504	
19304	0	33568	
19305	0	33500	
19306	0	33064	
19307	0	32420	
19308	0	32248	
19309	0	32400	
19310	0	32056	
19311	0	30796	
19312	0	29184	
19313	0	27592	
19314	0	26660	
19315	0	25824	
19316	0	25638	
19317	0	25528	
19318	0	25416	
19319	0	25468	
19320	0	26164	
19321	0	26944	
19322	0	27530	
19323	0	27376	
19324	0	26804	
19325	0	25812	
19326	0	24664	
19327	0	24112	
19328	0	23916	
19329	0	23874	
19330	0	23358	
19331	0	22888	
19332	0	21812	
19333	0	20336	
19334	0	19500	
19335	0	19820	
19336	0	20138	
19337	0	20664	
19338	0	21916	
19339	0	23008	
19340	0	23564	
19341	0	23612	
19342	0	23048	
19343	0	22100	
19344	0	20464	
19345	0	18068	
19346	0	16342	
19347	0	15708	
19348	0	15624	
19349	0	15584	
19350	0	14800	
19351	0	14088	
19352	0	14094	
19353	0	14426	
19354	0	15424	
19355	0	17716	
19356	0	20420	
19357	0	22868	
19358	0	24292	
19359	0	24476	
19360	0	23076	
19361	0	20604	
19362	0	18408	
19363	0	16973	
19364	0	15829	
19365	0	14425	
19366	0	13406	
19367	0	13388	
19368	0	13917	
19369	0	13632	
19370	0	12826	
19371	0	11732	
19372	0	10894	
19373	0	10544	
19374	0	11176	
19375	0	12048	
19376	0	13124	
19377	0	14193	
19378	0	14352	
19379	0	15120	
19380	0	16468	
19381	0	17296	
19382	0	17732	
19383	0	18238	
19384	0	18440	
19385	0	18480	
19386	0	18456	
19387	0	19032	
19388	0	19936	
19389	0	20722	
19390	0	20932	
19391	0	20852	
19392	0	20260	
19393	0	19428	
19394	0	19338	
19395	0	18720	
19396	0	17888	
19397	0	16914	
19398	0	16480	
19399	0	16668	
19400	0	17540	
19401	0	18248	
19402	0	18596	
19403	0	18704	
19404	0	18248	
19405	0	17440	
19406	0	16972	
19407	0	16472	
19408	0	16118	
19409	0	16024	
19410	0	16040	
19411	0	15962	
19412	0	15684	
19413	0	14833	
19414	0	12708	
19415	0	9796	
19416	0	6970	
19417	0	4920	
19418	0	4726	
19419	0	7273	
19420	0	10937	
19421	0	14890	
19422	0	17836	
19423	0	19194	
19424	0	18952	
19425	0	18140	
19426	0	17936	
19427	0	18904	
19428	0	20500	
19429	0	22824	
19430	0	24756	
19431	0	25184	
19432	0	24812	
19433	0	24326	
19434	0	23484	
19435	0	22788	
19436	0	22884	
19437	0	24044	
19438	0	25704	
19439	0	27236	
19440	0	28104	
19441	0	27984	
19442	0	27328	
19443	0	26500	
19444	0	26172	
19445	0	26336	
19446	0	26052	
19447	0	26136	
19448	0	26556	
19449	0	27412	
19450	0	27764	
19451	0	27016	
19452	0	25776	
19453	0	24528	
19454	0	23392	
19455	0	22556	
19456	0	21584	
19457	0	20456	
19458	0	20376	
19459	0	20441	
19460	0	20684	
19461	0	20872	
19462	0	20780	
19463	0	20396	
19464	0	20180	
19465	0	20360	
19466	0	21480	
19467	0	22964	
19468	0	24424	
19469	0	25416	
19470	0	25992	
19471	0	26768	
19472	0	27400	
19473	0	27204	
19474	0	25808	
19475	0	24648	
19476	0	24040	
19477	0	23858	
19478	0	23754	
19479	0	23428	
19480	0	22932	
19481	0	23188	
19482	0	23648	
19483	0	24220	
19484	0	24168	
19485	0	23604	
19486	0	22780	
19487	0	22120	
19488	0	22400	
19489	0	22986	
19490	0	23400	
19491	0	23544	
19492	0	23300	
19493	0	22804	
19494	0	22780	
19495	0	22516	
19496	0	22964	
19497	0	23820	
19498	0	24912	
19499	0	26256	
19500	0	27224	
19501	0	27396	
19502	0	26624	
19503	0	25620	
19504	0	24856	
19505	0	24522	
19506	0	25284	
19507	0	26612	
19508	0	27220	
19509	0	27464	
19510	0	27072	
19511	0	26008	
19512	0	24808	
19513	0	23692	
19514	0	22456	
19515	0	21412	
19516	0	20648	
19517	0	20268	
19518	0	20456	
19519	0	20920	
19520	0	21816	
19521	0	23438	
19522	0	25504	
19523	0	27684	
19524	0	29560	
19525	0	31224	
19526	0	31908	
19527	0	31864	
19528	0	31840	
19529	0	31800	
19530	0	31536	
19531	0	31344	
19532	0	31696	
19533	0	31884	
19534	0	31496	
19535	0	30880	
19536	0	29596	
19537	0	28076	
19538	0	26076	
19539	0	23956	
19540	0	22264	
19541	0	21436	
19542	0	21596	
19543	0	22064	
19544	0	22440	
19545	0	22904	
19546	0	24072	
19547	0	24700	
19548	0	25284	
19549	0	25752	
19550	0	25640	
19551	0	25268	
19552	0	25108	
19553	0	24404	
19554	0	23272	
19555	0	22956	
19556	0	23628	
19557	0	24576	
19558	0	25444	
19559	0	26476	
19560	0	27400	
19561	0	28160	
19562	0	28396	
19563	0	27684	
19564	0	26904	
19565	0	26388	
19566	0	26124	
19567	0	26372	
19568	0	26284	
19569	0	25960	
19570	0	26632	
19571	0	27880	
19572	0	29320	
19573	0	29976	
19574	0	29640	
19575	0	28890	
19576	0	28368	
19577	0	28016	
19578	0	27476	
19579	0	26912	
19580	0	26640	
19581	0	26428	
19582	0	26444	
19583	0	26384	
19584	0	25796	
19585	0	25228	
19586	0	25032	
19587	0	25088	
19588	0	24780	
19589	0	24068	
19590	0	23324	
19591	0	23356	
19592	0	23520	
19593	0	23792	
19594	0	24232	
19595	0	24868	
19596	0	25596	
19597	0	26152	
19598	0	26628	
19599	0	26484	
19600	0	26776	
19601	0	28172	
19602	0	29760	
19603	0	30992	
19604	0	31980	
19605	0	33084	
19606	0	33536	
19607	0	33840	
19608	0	33068	
19609	0	31944	
19610	0	31041	
19611	0	29900	
19612	0	29004	
19613	0	28342	
19614	0	27860	
19615	0	27548	
19616	0	27478	
19617	0	27636	
19618	0	28076	
19619	0	28448	
19620	0	27644	
19621	0	26100	
19622	0	24364	
19623	0	23180	
19624	0	22864	
19625	0	23328	
19626	0	23364	
19627	0	22664	
19628	0	21544	
19629	0	20278	
19630	0	19956	
19631	0	20772	
19632	0	22078	
19633	0	23872	
19634	0	26056	
19635	0	28546	
19636	0	30852	
19637	0	32520	
19638	0	32788	
19639	0	31176	
19640	0	28660	
19641	0	26356	
19642	0	24980	
19643	0	24452	
19644	0	24916	
19645	0	25552	
19646	0	25796	
19647	0	25800	
19648	0	26052	
19649	0	26048	
19650	0	26372	
19651	0	27412	
19652	0	28060	
19653	0	28364	
19654	0	28700	
19655	0	29104	
19656	0	30164	
19657	0	31480	
19658	0	31892	
19659	0	31364	
19660	0	29916	
19661	0	28168	
19662	0	26416	
19663	0	24768	
19664	0	24308	
19665	0	25092	
19666	0	26036	
19667	0	27008	
19668	0	28370	
19669	0	28904	
19670	0	28536	
19671	0	27796	
19672	0	27352	
19673	0	27412	
19674	0	28004	
19675	0	28524	
19676	0	28564	
19677	0	28725	
19678	0	28872	
19679	0	29000	
19680	0	28728	
19681	0	28132	
19682	0	27488	
19683	0	27000	
19684	0	26136	
19685	0	25784	
19686	0	26656	
19687	0	27940	
19688	0	29470	
19689	0	31260	
19690	0	32944	
19691	0	34416	
19692	0	35136	
19693	0	35492	
19694	0	35624	
19695	0	36464	
19696	0	37056	
19697	0	36704	
19698	0	35548	
19699	0	34184	
19700	0	33208	
19701	0	32744	
19702	0	32180	
19703	0	31160	
19704	0	30416	
19705	0	29932	
19706	0	29548	
19707	0	29776	
19708	0	30480	
19709	0	31640	
19710	0	32944	
19711	0	33740	
19712	0	33512	
19713	0	33504	
19714	0	33504	
19715	0	33176	
19716	0	32504	
19717	0	32064	
19718	0	31520	
19719	0	31016	
19720	0	30536	
19721	0	30946	
19722	0	31708	
19723	0	32816	
19724	0	33532	
19725	0	34140	
19726	0	34700	
19727	0	34492	
19728	0	34684	
19729	0	35088	
19730	0	34812	
19731	0	33960	
19732	0	32836	
19733	0	31740	
19734	0	30772	
19735	0	31134	
19736	0	32336	
19737	0	34012	
19738	0	35212	
19739	0	36180	
19740	0	36676	
19741	0	37008	
19742	0	36516	
19743	0	35348	
19744	0	34296	
19745	0	33768	
19746	0	32968	
19747	0	31740	
19748	0	31204	
19749	0	30628	
19750	0	30528	
19751	0	31244	
19752	0	31864	
19753	0	32308	
19754	0	33464	
19755	0	34780	
19756	0	35396	
19757	0	36044	
19758	0	36536	
19759	0	36632	
19760	0	37028	
19761	0	36460	
19762	0	35904	
19763	0	36224	
19764	0	36984	
19765	0	37752	
19766	0	37996	
19767	0	37708	
19768	0	37316	
19769	0	36936	
19770	0	36780	
19771	0	36728	
19772	0	37260	
19773	0	36956	
19774	0	36364	
19775	0	35896	
19776	0	35480	
19777	0	34968	
19778	0	34400	
19779	0	33708	
19780	0	32884	
19781	0	32960	
19782	0	33176	
19783	0	33560	
19784	0	34148	
19785	0	34048	
19786	0	33756	
19787	0	33608	
19788	0	33532	
19789	0	33108	
19790	0	32716	
19791	0	32576	
19792	0	32500	
19793	0	32184	
19794	0	31772	
19795	0	31856	
19796	0	32136	
19797	0	33040	
19798	0	33536	
19799	0	34610	
19800	0	35144	
19801	0	35224	
19802	0	34836	
19803	0	34268	
19804	0	34092	
19805	0	34476	
19806	0	35024	
19807	0	35696	
19808	0	36104	
19809	0	35868	
19810	0	35084	
19811	0	33964	
19812	0	33560	
19813	0	33328	
19814	0	33252	
19815	0	33680	
19816	0	33104	
19817	0	32252	
19818	0	31656	
19819	0	31388	
19820	0	31220	
19821	0	31348	
19822	0	31676	
19823	0	32252	
19824	0	32972	
19825	0	33256	
19826	0	33388	
19827	0	33984	
19828	0	34200	
19829	0	33216	
19830	0	31740	
19831	0	31112	
19832	0	30820	
19833	0	30000	
19834	0	29528	
19835	0	29944	
19836	0	31568	
19837	0	33628	
19838	0	34796	
19839	0	35472	
19840	0	36108	
19841	0	36508	
19842	0	36168	
19843	0	35392	
19844	0	34156	
19845	0	32732	
19846	0	31688	
19847	0	30476	
19848	0	29920	
19849	0	29640	
19850	0	29984	
19851	0	30716	
19852	0	31376	
19853	0	31816	
19854	0	31832	
19855	0	31964	
19856	0	32360	
19857	0	32480	
19858	0	31448	
19859	0	30340	
19860	0	29816	
19861	0	29692	
19862	0	29568	
19863	0	29694	
19864	0	29788	
19865	0	30160	
19866	0	30676	
19867	0	31316	
19868	0	31568	
19869	0	32050	
19870	0	32164	
19871	0	32036	
19872	0	31988	
19873	0	31992	
19874	0	32044	
19875	0	32364	
19876	0	32696	
19877	0	32628	
19878	0	31896	
19879	0	31128	
19880	0	30628	
19881	0	30886	
19882	0	31328	
19883	0	32172	
19884	0	33356	
19885	0	34216	
19886	0	34756	
19887	0	35588	
19888	0	36124	
19889	0	36560	
19890	0	36936	
19891	0	37080	
19892	0	36440	
19893	0	35796	
19894	0	35292	
19895	0	34924	
19896	0	34024	
19897	0	33088	
19898	0	32816	
19899	0	32656	
19900	0	32632	
19901	0	33208	
19902	0	33228	
19903	0	32688	
19904	0	31776	
19905	0	31216	
19906	0	30404	
19907	0	29922	
19908	0	30304	
19909	0	31200	
19910	0	31716	
19911	0	32520	
19912	0	33608	
19913	0	34940	
19914	0	35396	
19915	0	34840	
19916	0	33636	
19917	0	32028	
19918	0	31192	
19919	0	30928	
19920	0	30712	
19921	0	30060	
19922	0	29700	
19923	0	29409	
19924	0	28928	
19925	0	28528	
19926	0	28760	
19927	0	29240	
19928	0	30082	
19929	0	31760	
19930	0	33984	
19931	0	36000	
19932	0	36924	
19933	0	38048	
19934	0	39352	
19935	0	40448	
19936	0	41016	
19937	0	41600	
19938	0	42172	
19939	0	42240	
19940	0	42140	
19941	0	41672	
19942	0	40592	
19943	0	39792	
19944	0	39968	
19945	0	40072	
19946	0	39032	
19947	0	37096	
19948	0	35096	
19949	0	33244	
19950	0	31868	
19951	0	31056	
19952	0	30700	
19953	0	31000	
19954	0	32456	
19955	0	34972	
19956	0	37352	
19957	0	39016	
19958	0	39980	
19959	0	39616	
19960	0	38844	
19961	0	37736	
19962	0	37004	
19963	0	36834	
19964	0	37340	
19965	0	38256	
19966	0	40128	
19967	0	43164	
19968	0	46316	
19969	0	48584	
19970	0	49356	
19971	0	48820	
19972	0	47452	
19973	0	46344	
19974	0	45236	
19975	0	43628	
19976	0	42400	
19977	0	41112	
19978	0	39976	
19979	0	39012	
19980	0	37892	
19981	0	36616	
19982	0	35180	
19983	0	33696	
19984	0	32312	
19985	0	30304	
19986	0	28184	
19987	0	26312	
19988	0	25512	
19989	0	25224	
19990	0	25024	
19991	0	24384	
19992	0	23384	
19993	0	22508	
19994	0	22360	
19995	0	22648	
19996	0	22449	
19997	0	22180	
19998	0	22584	
19999	0	23676	
20000	0	24764	
20001	0	25640	
20002	0	25976	
20003	0	25688	
20004	0	25552	
20005	0	25596	
20006	0	25384	
20007	0	24692	
20008	0	22816	
20009	0	20348	
20010	0	17934	
20011	0	15944	
20012	0	14800	
20013	0	14368	
20014	0	14656	
20015	0	15505	
20016	0	16322	
20017	0	16604	
20018	0	16656	
20019	0	16604	
20020	0	16692	
20021	0	16653	
20022	0	15722	
20023	0	14552	
20024	0	12964	
20025	0	11764	
20026	0	10724	
20027	0	10650	
20028	0	11062	
20029	0	11024	
20030	0	10394	
20031	0	8736	
20032	0	6752	
20033	0	4150	
20034	0	1524	
20035	0	460	
20036	0	818	
20037	0	2487	
20038	0	5373	
20039	0	9551	
20040	0	13684	
20041	0	17200	
20042	0	19254	
20043	0	20604	
20044	0	21312	
20045	0	21732	
20046	0	21948	
20047	0	22212	
20048	0	22272	
20049	0	22240	
20050	0	22072	
20051	0	22928	
20052	0	23756	
20053	0	23488	
20054	0	22441	
20055	0	21260	
20056	0	20392	
20057	0	20220	
20058	0	20296	
20059	0	20304	
20060	0	20052	
20061	0	20440	
20062	0	20612	
20063	0	20888	
20064	0	21218	
20065	0	21336	
20066	0	21662	
20067	0	22952	
20068	0	24080	
20069	0	24560	
20070	0	24280	
20071	0	23404	
20072	0	22508	
20073	0	21244	
20074	0	19616	
20075	0	18116	
20076	0	18236	
20077	0	19500	
20078	0	20924	
20079	0	23324	
20080	0	25956	
20081	0	27656	
20082	0	28448	
20083	0	28826	
20084	0	29012	
20085	0	29148	
20086	0	29104	
20087	0	28780	
20088	0	29172	
20089	0	29940	
20090	0	31560	
20091	0	33252	
20092	0	34044	
20093	0	33688	
20094	0	32658	
20095	0	30996	
20096	0	29656	
20097	0	28752	
20098	0	28340	
20099	0	28104	
20100	0	27304	
20101	0	26756	
20102	0	26300	
20103	0	26592	
20104	0	27304	
20105	0	27776	
20106	0	26900	
20107	0	25528	
20108	0	24404	
20109	0	23984	
20110	0	24512	
20111	0	25116	
20112	0	24817	
20113	0	23744	
20114	0	22520	
20115	0	21812	
20116	0	22117	
20117	0	23592	
20118	0	26468	
20119	0	29876	
20120	0	32888	
20121	0	35676	
20122	0	38632	
20123	0	41428	
20124	0	43764	
20125	0	45568	
20126	0	47656	
20127	0	50168	
20128	0	51132	
20129	0	50320	
20130	0	48040	
20131	0	44708	
20132	0	41776	
20133	0	39684	
20134	0	38292	
20135	0	37076	
20136	0	35024	
20137	0	33216	
20138	0	31968	
20139	0	31840	
20140	0	32692	
20141	0	34420	
20142	0	37024	
20143	0	38684	
20144	0	39900	
20145	0	40860	
20146	0	41328	
20147	0	41188	
20148	0	40656	
20149	0	41056	
20150	0	41608	
20151	0	42016	
20152	0	42384	
20153	0	42612	
20154	0	42936	
20155	0	42352	
20156	0	40634	
20157	0	38392	
20158	0	36032	
20159	0	34152	
20160	0	33860	
20161	0	34428	
20162	0	35224	
20163	0	36148	
20164	0	36780	
20165	0	37432	
20166	0	38482	
20167	0	39564	
20168	0	40128	
20169	0	40712	
20170	0	40932	
20171	0	40074	
20172	0	38092	
20173	0	36172	
20174	0	34792	
20175	0	34196	
20176	0	33940	
20177	0	34388	
20178	0	35580	
20179	0	37132	
20180	0	38544	
20181	0	39892	
20182	0	40872	
20183	0	41760	
20184	0	42564	
20185	0	44460	
20186	0	46136	
20187	0	47144	
20188	0	47572	
20189	0	48504	
20190	0	49044	
20191	0	47488	
20192	0	45168	
20193	0	43624	
20194	0	41940	
20195	0	40860	
20196	0	40628	
20197	0	41228	
20198	0	42416	
20199	0	43948	
20200	0	43124	
20201	0	40752	
20202	0	37960	
20203	0	34880	
20204	0	32648	
20205	0	31740	
20206	0	32120	
20207	0	33208	
20208	0	35840	
20209	0	39244	
20210	0	42088	
20211	0	43704	
20212	0	44280	
20213	0	45124	
20214	0	46556	
20215	0	48888	
20216	0	50744	
20217	0	52132	
20218	0	53052	
20219	0	53432	
20220	0	53848	
20221	0	54160	
20222	0	53552	
20223	0	52376	
20224	0	50604	
20225	0	49108	
20226	0	47920	
20227	0	46612	
20228	0	45176	
20229	0	44208	
20230	0	43360	
20231	0	42348	
20232	0	41456	
20233	0	40832	
20234	0	40128	
20235	0	38792	
20236	0	36424	
20237	0	33064	
20238	0	30484	
20239	0	29916	
20240	0	31124	
20241	0	33404	
20242	0	35204	
20243	0	36528	
20244	0	37884	
20245	0	39564	
20246	0	40628	
20247	0	41840	
20248	0	43112	
20249	0	44724	
20250	0	46112	
20251	0	47496	
20252	0	48340	
20253	0	48108	
20254	0	47108	
20255	0	46424	
20256	0	45784	
20257	0	44248	
20258	0	42424	
20259	0	41188	
20260	0	40104	
20261	0	39840	
20262	0	39656	
20263	0	39652	
20264	0	40016	
20265	0	40636	
20266	0	41216	
20267	0	41680	
20268	0	41680	
20269	0	41124	
20270	0	40232	
20271	0	39360	
20272	0	38840	
20273	0	39072	
20274	0	38940	
20275	0	37736	
20276	0	37100	
20277	0	37064	
20278	0	37836	
20279	0	38520	
20280	0	38700	
20281	0	38640	
20282	0	38556	
20283	0	38168	
20284	0	37964	
20285	0	38080	
20286	0	38388	
20287	0	38856	
20288	0	38616	
20289	0	38724	
20290	0	39040	
20291	0	38632	
20292	0	37848	
20293	0	36852	
20294	0	35456	
20295	0	33048	
20296	0	29576	
20297	0	26896	
20298	0	25940	
20299	0	25936	
20300	0	25816	
20301	0	25012	
20302	0	23424	
20303	0	22184	
20304	0	23040	
20305	0	25516	
20306	0	28830	
20307	0	32792	
20308	0	36032	
20309	0	37652	
20310	0	38372	
20311	0	38992	
20312	0	40408	
20313	0	42312	
20314	0	43644	
20315	0	44888	
20316	0	45948	
20317	0	46524	
20318	0	46144	
20319	0	44192	
20320	0	40916	
20321	0	36312	
20322	0	31460	
20323	0	27960	
20324	0	26192	
20325	0	26976	
20326	0	29416	
20327	0	32924	
20328	0	36348	
20329	0	39368	
20330	0	41516	
20331	0	42536	
20332	0	43528	
20333	0	43528	
20334	0	41912	
20335	0	39276	
20336	0	36732	
20337	0	35020	
20338	0	34796	
20339	0	35128	
20340	0	35640	
20341	0	37088	
20342	0	38920	
20343	0	39892	
20344	0	40440	
20345	0	39696	
20346	0	38248	
20347	0	36092	
20348	0	34544	
20349	0	34796	
20350	0	36728	
20351	0	38744	
20352	0	40140	
20353	0	39728	
20354	0	38556	
20355	0	37372	
20356	0	36424	
20357	0	36186	
20358	0	35424	
20359	0	34172	
20360	0	32737	
20361	0	32096	
20362	0	30996	
20363	0	30632	
20364	0	32344	
20365	0	35032	
20366	0	37588	
20367	0	39316	
20368	0	39900	
20369	0	40160	
20370	0	40784	
20371	0	41712	
20372	0	43268	
20373	0	44240	
20374	0	44288	
20375	0	43892	
20376	0	43248	
20377	0	43260	
20378	0	42902	
20379	0	41552	
20380	0	39584	
20381	0	37232	
20382	0	35128	
20383	0	33764	
20384	0	32696	
20385	0	32424	
20386	0	32740	
20387	0	32864	
20388	0	32008	
20389	0	30700	
20390	0	29684	
20391	0	29376	
20392	0	29516	
20393	0	29804	
20394	0	30724	
20395	0	31638	
20396	0	32552	
20397	0	32184	
20398	0	30192	
20399	0	28812	
20400	0	28390	
20401	0	28416	
20402	0	28892	
20403	0	29328	
20404	0	28700	
20405	0	27116	
20406	0	25588	
20407	0	24520	
20408	0	24244	
20409	0	24348	
20410	0	24104	
20411	0	24420	
20412	0	25520	
20413	0	26996	
20414	0	28960	
20415	0	31176	
20416	0	34052	
20417	0	36688	
20418	0	39104	
20419	0	40792	
20420	0	41868	
20421	0	42296	
20422	0	42316	
20423	0	41888	
20424	0	40864	
20425	0	39856	
20426	0	38588	
20427	0	37132	
20428	0	36272	
20429	0	35560	
20430	0	34652	
20431	0	33008	
20432	0	31160	
20433	0	30076	
20434	0	29340	
20435	0	28052	
20436	0	27492	
20437	0	27520	
20438	0	28452	
20439	0	30172	
20440	0	32180	
20441	0	33572	
20442	0	33916	
20443	0	33736	
20444	0	33096	
20445	0	31976	
20446	0	31564	
20447	0	31224	
20448	0	30088	
20449	0	28760	
20450	0	27396	
20451	0	25564	
20452	0	24396	
20453	0	24332	
20454	0	25164	
20455	0	26696	
20456	0	27552	
20457	0	28120	
20458	0	27988	
20459	0	27452	
20460	0	26680	
20461	0	26212	
20462	0	26424	
20463	0	26560	
20464	0	26796	
20465	0	26588	
20466	0	26442	
20467	0	26368	
20468	0	26204	
20469	0	26456	
20470	0	26768	
20471	0	26460	
20472	0	25792	
20473	0	25848	
20474	0	25848	
20475	0	25530	
20476	0	26100	
20477	0	26344	
20478	0	26180	
20479	0	26520	
20480	0	26628	
20481	0	27012	
20482	0	26928	
20483	0	26860	
20484	0	26340	
20485	0	26160	
20486	0	25988	
20487	0	25660	
20488	0	25436	
20489	0	24952	
20490	0	24052	
20491	0	23716	
20492	0	23480	
20493	0	23528	
20494	0	24064	
20495	0	24436	
20496	0	23668	
20497	0	22114	
20498	0	20080	
20499	0	18446	
20500	0	18214	
20501	0	18576	
20502	0	19516	
20503	0	20876	
20504	0	22036	
20505	0	22470	
20506	0	22988	
20507	0	23000	
20508	0	21860	
20509	0	21320	
20510	0	21612	
20511	0	21828	
20512	0	21828	
20513	0	21756	
20514	0	22036	
20515	0	22644	
20516	0	24268	
20517	0	26364	
20518	0	26688	
20519	0	25844	
20520	0	24948	
20521	0	24348	
20522	0	24888	
20523	0	25612	
20524	0	25536	
20525	0	24944	
20526	0	24588	
20527	0	24816	
20528	0	25188	
20529	0	24988	
20530	0	23908	
20531	0	22544	
20532	0	21372	
20533	0	20748	
20534	0	20276	
20535	0	19764	
20536	0	19848	
20537	0	19902	
20538	0	19788	
20539	0	20124	
20540	0	22068	
20541	0	25332	
20542	0	27566	
20543	0	27724	
20544	0	25700	
20545	0	22788	
20546	0	20528	
20547	0	19420	
20548	0	18636	
20549	0	17098	
20550	0	15366	
20551	0	13801	
20552	0	13504	
20553	0	14956	
20554	0	16472	
20555	0	17096	
20556	0	16366	
20557	0	15272	
20558	0	14912	
20559	0	15186	
20560	0	17288	
20561	0	20412	
20562	0	22800	
20563	0	24922	
20564	0	27072	
20565	0	28712	
20566	0	29172	
20567	0	28860	
20568	0	28984	
20569	0	29920	
20570	0	31296	
20571	0	31220	
20572	0	30620	
20573	0	30704	
20574	0	31144	
20575	0	30016	
20576	0	27568	
20577	0	24944	
20578	0	23074	
20579	0	21404	
20580	0	20368	
20581	0	21044	
20582	0	23212	
20583	0	25788	
20584	0	29000	
20585	0	32056	
20586	0	33836	
20587	0	34980	
20588	0	35960	
20589	0	36480	
20590	0	36056	
20591	0	35524	
20592	0	34448	
20593	0	34884	
20594	0	35672	
20595	0	35028	
20596	0	33088	
20597	0	31432	
20598	0	30440	
20599	0	30396	
20600	0	31212	
20601	0	31968	
20602	0	32296	
20603	0	32544	
20604	0	32820	
20605	0	33060	
20606	0	32814	
20607	0	32024	
20608	0	31612	
20609	0	32136	
20610	0	32492	
20611	0	32696	
20612	0	32456	
20613	0	31924	
20614	0	32048	
20615	0	33496	
20616	0	34784	
20617	0	35416	
20618	0	35096	
20619	0	34224	
20620	0	33316	
20621	0	32992	
20622	0	32928	
20623	0	33064	
20624	0	33164	
20625	0	33236	
20626	0	33484	
20627	0	33176	
20628	0	32860	
20629	0	31992	
20630	0	31068	
20631	0	30016	
20632	0	28844	
20633	0	28540	
20634	0	29236	
20635	0	30120	
20636	0	31044	
20637	0	32256	
20638	0	32520	
20639	0	32708	
20640	0	33200	
20641	0	34128	
20642	0	35380	
20643	0	35780	
20644	0	35496	
20645	0	35376	
20646	0	35604	
20647	0	36144	
20648	0	36544	
20649	0	36988	
20650	0	37984	
20651	0	39276	
20652	0	40152	
20653	0	40124	
20654	0	38928	
20655	0	37420	
20656	0	36368	
20657	0	35526	
20658	0	35016	
20659	0	34220	
20660	0	33756	
20661	0	33824	
20662	0	33672	
20663	0	33772	
20664	0	34752	
20665	0	35888	
20666	0	35392	
20667	0	33792	
20668	0	31864	
20669	0	29296	
20670	0	26480	
20671	0	23838	
20672	0	21600	
20673	0	21292	
20674	0	23368	
20675	0	26332	
20676	0	29152	
20677	0	31448	
20678	0	33688	
20679	0	36124	
20680	0	38096	
20681	0	39836	
20682	0	40788	
20683	0	41472	
20684	0	41876	
20685	0	41316	
20686	0	40368	
20687	0	39048	
20688	0	37680	
20689	0	36664	
20690	0	36420	
20691	0	36888	
20692	0	37272	
20693	0	37356	
20694	0	37752	
20695	0	38212	
20696	0	38880	
20697	0	40012	
20698	0	41720	
20699	0	42552	
20700	0	42828	
20701	0	43356	
20702	0	42256	
20703	0	39888	
20704	0	37156	
20705	0	35140	
20706	0	33832	
20707	0	33768	
20708	0	34700	
20709	0	35336	
20710	0	35744	
20711	0	36352	
20712	0	37396	
20713	0	38264	
20714	0	38340	
20715	0	37924	
20716	0	37768	
20717	0	37644	
20718	0	37468	
20719	0	37068	
20720	0	37212	
20721	0	36804	
20722	0	36160	
20723	0	36156	
20724	0	36234	
20725	0	35948	
20726	0	35400	
20727	0	34400	
20728	0	33512	
20729	0	33472	
20730	0	33272	
20731	0	32776	
20732	0	32864	
20733	0	33052	
20734	0	33644	
20735	0	34384	
20736	0	35221	
20737	0	36244	
20738	0	37000	
20739	0	37244	
20740	0	36872	
20741	0	36572	
20742	0	36560	
20743	0	36788	
20744	0	37116	
20745	0	37096	
20746	0	35884	
20747	0	34008	
20748	0	32248	
20749	0	30940	
20750	0	29952	
20751	0	29616	
20752	0	29504	
20753	0	29488	
20754	0	30336	
20755	0	32220	
20756	0	34144	
20757	0	35472	
20758	0	36820	
20759	0	38476	
20760	0	39816	
20761	0	40728	
20762	0	41376	
20763	0	40728	
20764	0	39516	
20765	0	38436	
20766	0	37624	
20767	0	36632	
20768	0	34900	
20769	0	33376	
20770	0	32592	
20771	0	32052	
20772	0	32416	
20773	0	33504	
20774	0	35028	
20775	0	36696	
20776	0	38584	
20777	0	39396	
20778	0	40104	
20779	0	40956	
20780	0	41724	
20781	0	42072	
20782	0	42164	
20783	0	42272	
20784	0	42276	
20785	0	41916	
20786	0	41264	
20787	0	40816	
20788	0	40264	
20789	0	39882	
20790	0	39194	
20791	0	38800	
20792	0	37712	
20793	0	36744	
20794	0	36664	
20795	0	36788	
20796	0	36152	
20797	0	35500	
20798	0	35224	
20799	0	35748	
20800	0	37180	
20801	0	38324	
20802	0	38124	
20803	0	37624	
20804	0	37496	
20805	0	37928	
20806	0	38512	
20807	0	38716	
20808	0	38868	
20809	0	39636	
20810	0	40472	
20811	0	41168	
20812	0	42176	
20813	0	42008	
20814	0	40200	
20815	0	38136	
20816	0	35892	
20817	0	33984	
20818	0	32452	
20819	0	30780	
20820	0	30400	
20821	0	31242	
20822	0	32624	
20823	0	34380	
20824	0	36496	
20825	0	38080	
20826	0	37944	
20827	0	36344	
20828	0	34576	
20829	0	32776	
20830	0	31860	
20831	0	31444	
20832	0	32368	
20833	0	34172	
20834	0	36548	
20835	0	38616	
20836	0	39612	
20837	0	40516	
20838	0	40520	
20839	0	39840	
20840	0	39040	
20841	0	38816	
20842	0	38748	
20843	0	37976	
20844	0	36852	
20845	0	35528	
20846	0	33632	
20847	0	31658	
20848	0	30344	
20849	0	29304	
20850	0	28644	
20851	0	28768	
20852	0	29740	
20853	0	32840	
20854	0	36084	
20855	0	38544	
20856	0	40000	
20857	0	40268	
20858	0	39976	
20859	0	40248	
20860	0	40872	
20861	0	41108	
20862	0	40736	
20863	0	39972	
20864	0	39008	
20865	0	37840	
20866	0	36616	
20867	0	35072	
20868	0	33560	
20869	0	32928	
20870	0	33720	
20871	0	35304	
20872	0	35844	
20873	0	35708	
20874	0	34960	
20875	0	34268	
20876	0	32880	
20877	0	30872	
20878	0	29066	
20879	0	27866	
20880	0	28216	
20881	0	29772	
20882	0	31592	
20883	0	32488	
20884	0	32160	
20885	0	31744	
20886	0	31932	
20887	0	31864	
20888	0	31660	
20889	0	31440	
20890	0	31232	
20891	0	31272	
20892	0	31672	
20893	0	32340	
20894	0	33868	
20895	0	35820	
20896	0	37536	
20897	0	38620	
20898	0	39324	
20899	0	39832	
20900	0	39576	
20901	0	38388	
20902	0	37144	
20903	0	35656	
20904	0	34248	
20905	0	32556	
20906	0	30976	
20907	0	29808	
20908	0	29792	
20909	0	29968	
20910	0	29940	
20911	0	29828	
20912	0	29932	
20913	0	30872	
20914	0	32192	
20915	0	33020	
20916	0	32800	
20917	0	29744	
20918	0	24860	
20919	0	20144	
20920	0	16892	
20921	0	17460	
20922	0	21292	
20923	0	25904	
20924	0	30180	
20925	0	33788	
20926	0	36824	
20927	0	39468	
20928	0	41432	
20929	0	41836	
20930	0	40896	
20931	0	40440	
20932	0	40740	
20933	0	41192	
20934	0	41056	
20935	0	39888	
20936	0	38824	
20937	0	38468	
20938	0	37680	
20939	0	36928	
20940	0	36460	
20941	0	36012	
20942	0	35836	
20943	0	36440	
20944	0	38508	
20945	0	40848	
20946	0	42912	
20947	0	43536	
20948	0	44316	
20949	0	46568	
20950	0	48604	
20951	0	48672	
20952	0	46980	
20953	0	43972	
20954	0	40564	
20955	0	38280	
20956	0	37224	
20957	0	37288	
20958	0	38464	
20959	0	40172	
20960	0	40332	
20961	0	39676	
20962	0	38996	
20963	0	40072	
20964	0	42078	
20965	0	42672	
20966	0	41264	
20967	0	39008	
20968	0	36072	
20969	0	34892	
20970	0	34524	
20971	0	33956	
20972	0	35016	
20973	0	36320	
20974	0	36864	
20975	0	35020	
20976	0	34128	
20977	0	34776	
20978	0	35056	
20979	0	34916	
20980	0	34684	
20981	0	35200	
20982	0	36680	
20983	0	39444	
20984	0	44060	
20985	0	49376	
20986	0	51440	
20987	0	52160	
20988	0	52916	
20989	0	53008	
20990	0	52672	
20991	0	52996	
20992	0	53616	
20993	0	54836	
20994	0	57008	
20995	0	59608	
20996	0	61828	
20997	0	63356	
20998	0	64124	
20999	0	63800	
21000	0	62720	
21001	0	61452	
21002	0	61088	
21003	0	61652	
21004	0	63240	
21005	0	65456	
21006	0	65480	
21007	0	65472	
21008	0	65472	
21009	0	65472	
21010	0	65484	
21011	0	65480	
21012	0	65472	
21013	0	65472	
21014	0	65456	
21015	0	65472	
21016	0	65480	
21017	0	65476	
21018	0	65492	
21019	0	65472	
21020	0	65472	
21021	0	65476	
21022	0	65472	
21023	0	65472	
21024	0	65464	
21025	0	59656	
21026	0	55856	
21027	0	52576	
21028	0	50064	
21029	0	49064	
21030	0	50204	
21031	0	53408	
21032	0	57152	
21033	0	59120	
21034	0	59264	
21035	0	58736	
21036	0	58492	
21037	0	58040	
21038	0	56844	
21039	0	54936	
21040	0	52952	
21041	0	51636	
21042	0	51000	
21043	0	51184	
21044	0	50976	
21045	0	49788	
21046	0	48288	
21047	0	46576	
21048	0	45996	
21049	0	46536	
21050	0	48116	
21051	0	49332	
21052	0	49848	
21053	0	49764	
21054	0	49108	
21055	0	48936	
21056	0	49408	
21057	0	50028	
21058	0	50292	
21059	0	49388	
21060	0	48768	
21061	0	48940	
21062	0	49248	
21063	0	49176	
21064	0	47876	
21065	0	45524	
21066	0	43200	
21067	0	41652	
21068	0	40600	
21069	0	40060	
21070	0	39944	
21071	0	40032	
21072	0	39640	
21073	0	39168	
21074	0	38720	
21075	0	38128	
21076	0	37368	
21077	0	36600	
21078	0	35816	
21079	0	34464	
21080	0	33248	
21081	0	32964	
21082	0	33404	
21083	0	33340	
21084	0	32732	
21085	0	31836	
21086	0	31024	
21087	0	30552	
21088	0	30520	
21089	0	30930	
21090	0	31208	
21091	0	30252	
21092	0	29304	
21093	0	29740	
21094	0	30240	
21095	0	30612	
21096	0	30732	
21097	0	31200	
21098	0	31364	
21099	0	30936	
21100	0	29936	
21101	0	27500	
21102	0	25220	
21103	0	23400	
21104	0	22184	
21105	0	21816	
21106	0	21668	
21107	0	21108	
21108	0	20256	
21109	0	19626	
21110	0	19328	
21111	0	19892	
21112	0	21200	
21113	0	22108	
21114	0	22088	
21115	0	21972	
21116	0	22548	
21117	0	23160	
21118	0	23968	
21119	0	25272	
21120	0	25292	
21121	0	24236	
21122	0	22732	
21123	0	21208	
21124	0	19760	
21125	0	18512	
21126	0	17540	
21127	0	17294	
21128	0	17224	
21129	0	16712	
21130	0	16584	
21131	0	16316	
21132	0	15430	
21133	0	14510	
21134	0	14036	
21135	0	13808	
21136	0	13800	
21137	0	14216	
21138	0	14896	
21139	0	14853	
21140	0	14344	
21141	0	14381	
21142	0	14904	
21143	0	15332	
21144	0	15724	
21145	0	16236	
21146	0	17352	
21147	0	18320	
21148	0	18756	
21149	0	18644	
21150	0	18529	
21151	0	18512	
21152	0	18636	
21153	0	18172	
21154	0	16853	
21155	0	15788	
21156	0	15196	
21157	0	14800	
21158	0	14404	
21159	0	13696	
21160	0	13316	
21161	0	14044	
21162	0	15226	
21163	0	15920	
21164	0	16434	
21165	0	16444	
21166	0	16420	
21167	0	16717	
21168	0	17068	
21169	0	17728	
21170	0	18748	
21171	0	19005	
21172	0	19040	
21173	0	19032	
21174	0	18728	
21175	0	18002	
21176	0	16236	
21177	0	14296	
21178	0	12153	
21179	0	10329	
21180	0	9472	
21181	0	10066	
21182	0	11241	
21183	0	12122	
21184	0	12664	
21185	0	12798	
21186	0	12681	
21187	0	11788	
21188	0	11160	
21189	0	11184	
21190	0	11208	
21191	0	11004	
21192	0	10930	
21193	0	10987	
21194	0	10845	
21195	0	10814	
21196	0	11172	
21197	0	11178	
21198	0	11085	
21199	0	10898	
21200	0	11156	
21201	0	11018	
21202	0	10746	
21203	0	10423	
21204	0	10220	
21205	0	10580	
21206	0	11247	
21207	0	11949	
21208	0	11909	
21209	0	12086	
21210	0	12672	
21211	0	12862	
21212	0	13130	
21213	0	13412	
21214	0	13482	
21215	0	13992	
21216	0	14242	
21217	0	14148	
21218	0	14056	
21219	0	14110	
21220	0	15066	
21221	0	16696	
21222	0	17962	
21223	0	18832	
21224	0	19561	
21225	0	19882	
21226	0	20152	
21227	0	20036	
21228	0	20376	
21229	0	20460	
21230	0	20026	
21231	0	19626	
21232	0	19056	
21233	0	18177	
21234	0	16864	
21235	0	16348	
21236	0	17306	
21237	0	17982	
21238	0	18548	
21239	0	19490	
21240	0	20756	
21241	0	21816	
21242	0	21825	
21243	0	20740	
21244	0	19674	
21245	0	18764	
21246	0	18528	
21247	0	19158	
21248	0	20224	
21249	0	21477	
21250	0	22396	
21251	0	22728	
21252	0	21808	
21253	0	20096	
21254	0	18153	
21255	0	16612	
21256	0	15356	
21257	0	14452	
21258	0	14172	
21259	0	14682	
21260	0	15141	
21261	0	15714	
21262	0	16488	
21263	0	17460	
21264	0	18064	
21265	0	18532	
21266	0	19072	
21267	0	19168	
21268	0	18901	
21269	0	18710	
21270	0	19036	
21271	0	20048	
21272	0	20928	
21273	0	21730	
21274	0	22624	
21275	0	22608	
21276	0	22256	
21277	0	21716	
21278	0	21096	
21279	0	20688	
21280	0	21008	
21281	0	21734	
21282	0	22596	
21283	0	23260	
21284	0	24276	
21285	0	25642	
21286	0	26112	
21287	0	25708	
21288	0	24994	
21289	0	23792	
21290	0	22608	
21291	0	21892	
21292	0	21552	
21293	0	21436	
21294	0	21466	
21295	0	21766	
21296	0	21724	
21297	0	21828	
21298	0	21796	
21299	0	21812	
21300	0	22562	
21301	0	22880	
21302	0	23112	
21303	0	23488	
21304	0	24152	
21305	0	24916	
21306	0	25556	
21307	0	26128	
21308	0	26876	
21309	0	27648	
21310	0	28216	
21311	0	28568	
21312	0	28776	
21313	0	29432	
21314	0	30968	
21315	0	31296	
21316	0	30824	
21317	0	29360	
21318	0	27388	
21319	0	25628	
21320	0	24456	
21321	0	23880	
21322	0	24392	
21323	0	25588	
21324	0	27248	
21325	0	29372	
21326	0	31096	
21327	0	32348	
21328	0	32884	
21329	0	32796	
21330	0	32500	
21331	0	32328	
21332	0	32008	
21333	0	32440	
21334	0	33772	
21335	0	34344	
21336	0	34208	
21337	0	34192	
21338	0	34300	
21339	0	33288	
21340	0	31628	
21341	0	30272	
21342	0	29164	
21343	0	28788	
21344	0	29272	
21345	0	29760	
21346	0	30192	
21347	0	30408	
21348	0	30040	
21349	0	29552	
21350	0	29804	
21351	0	30676	
21352	0	31932	
21353	0	33240	
21354	0	34028	
21355	0	34472	
21356	0	34188	
21357	0	32888	
21358	0	31408	
21359	0	30068	
21360	0	28440	
21361	0	26724	
21362	0	25596	
21363	0	25458	
21364	0	26276	
21365	0	28320	
21366	0	29844	
21367	0	30336	
21368	0	30104	
21369	0	29904	
21370	0	30466	
21371	0	31692	
21372	0	32984	
21373	0	34104	
21374	0	34936	
21375	0	35712	
21376	0	36440	
21377	0	37564	
21378	0	38176	
21379	0	38392	
21380	0	39120	
21381	0	39404	
21382	0	39012	
21383	0	38632	
21384	0	38360	
21385	0	37676	
21386	0	36724	
21387	0	35604	
21388	0	34316	
21389	0	33552	
21390	0	33616	
21391	0	34520	
21392	0	35972	
21393	0	36292	
21394	0	35748	
21395	0	34832	
21396	0	34216	
21397	0	34388	
21398	0	34500	
21399	0	34136	
21400	0	34288	
21401	0	35256	
21402	0	36456	
21403	0	37396	
21404	0	37744	
21405	0	37840	
21406	0	37192	
21407	0	36220	
21408	0	36052	
21409	0	36216	
21410	0	36504	
21411	0	36888	
21412	0	37708	
21413	0	38796	
21414	0	39412	
21415	0	39928	
21416	0	40164	
21417	0	39752	
21418	0	38988	
21419	0	37852	
21420	0	36424	
21421	0	35148	
21422	0	34240	
21423	0	34024	
21424	0	34496	
21425	0	34808	
21426	0	34776	
21427	0	35612	
21428	0	36408	
21429	0	35844	
21430	0	34812	
21431	0	34464	
21432	0	34896	
21433	0	35180	
21434	0	35600	
21435	0	35968	
21436	0	36244	
21437	0	36576	
21438	0	36424	
21439	0	36100	
21440	0	35916	
21441	0	35508	
21442	0	35092	
21443	0	35408	
21444	0	36528	
21445	0	37528	
21446	0	37832	
21447	0	37832	
21448	0	38444	
21449	0	39592	
21450	0	40352	
21451	0	40396	
21452	0	40344	
21453	0	40016	
21454	0	39432	
21455	0	38412	
21456	0	37680	
21457	0	37864	
21458	0	38648	
21459	0	40212	
21460	0	41892	
21461	0	42420	
21462	0	41496	
21463	0	40636	
21464	0	40672	
21465	0	41392	
21466	0	42352	
21467	0	42380	
21468	0	42052	
21469	0	40988	
21470	0	39768	
21471	0	38600	
21472	0	38492	
21473	0	38904	
21474	0	40180	
21475	0	41600	
21476	0	42668	
21477	0	42528	
21478	0	42096	
21479	0	41712	
21480	0	40976	
21481	0	39328	
21482	0	37356	
21483	0	35856	
21484	0	35252	
21485	0	34400	
21486	0	34132	
21487	0	34348	
21488	0	34296	
21489	0	34112	
21490	0	34112	
21491	0	34548	
21492	0	35392	
21493	0	37012	
21494	0	38840	
21495	0	39780	
21496	0	40072	
21497	0	39192	
21498	0	38060	
21499	0	37632	
21500	0	37332	
21501	0	37736	
21502	0	39048	
21503	0	40160	
21504	0	40592	
21505	0	40364	
21506	0	39932	
21507	0	37680	
21508	0	35340	
21509	0	33816	
21510	0	34712	
21511	0	35868	
21512	0	36496	
21513	0	37568	
21514	0	38896	
21515	0	39864	
21516	0	40280	
21517	0	40344	
21518	0	40352	
21519	0	40140	
21520	0	39444	
21521	0	38496	
21522	0	38040	
21523	0	37564	
21524	0	36988	
21525	0	37364	
21526	0	38784	
21527	0	40544	
21528	0	42088	
21529	0	42836	
21530	0	43364	
21531	0	42892	
21532	0	42348	
21533	0	41900	
21534	0	41480	
21535	0	40744	
21536	0	40084	
21537	0	40056	
21538	0	40696	
21539	0	40968	
21540	0	41320	
21541	0	41572	
21542	0	41604	
21543	0	41612	
21544	0	41556	
21545	0	41576	
21546	0	41896	
21547	0	41888	
21548	0	41696	
21549	0	40904	
21550	0	39984	
21551	0	38820	
21552	0	37756	
21553	0	37052	
21554	0	37012	
21555	0	37776	
21556	0	38804	
21557	0	40520	
21558	0	41976	
21559	0	41856	
21560	0	40984	
21561	0	40468	
21562	0	39696	
21563	0	38632	
21564	0	37296	
21565	0	36060	
21566	0	35652	
21567	0	36052	
21568	0	36832	
21569	0	37112	
21570	0	36772	
21571	0	35840	
21572	0	35744	
21573	0	35832	
21574	0	36192	
21575	0	36660	
21576	0	36696	
21577	0	36692	
21578	0	36644	
21579	0	36408	
21580	0	36260	
21581	0	35392	
21582	0	34684	
21583	0	34112	
21584	0	33964	
21585	0	34064	
21586	0	33628	
21587	0	32716	
21588	0	32062	
21589	0	32000	
21590	0	32716	
21591	0	34112	
21592	0	35704	
21593	0	37196	
21594	0	38024	
21595	0	38276	
21596	0	38048	
21597	0	37260	
21598	0	36228	
21599	0	34920	
21600	0	33696	
21601	0	33044	
21602	0	32636	
21603	0	32512	
21604	0	32840	
21605	0	34052	
21606	0	35620	
21607	0	36516	
21608	0	36576	
21609	0	37104	
21610	0	37844	
21611	0	38648	
21612	0	39892	
21613	0	40736	
21614	0	40048	
21615	0	38928	
21616	0	37696	
21617	0	35984	
21618	0	34320	
21619	0	33088	
21620	0	32872	
21621	0	32560	
21622	0	32500	
21623	0	32412	
21624	0	32884	
21625	0	33608	
21626	0	33896	
21627	0	34240	
21628	0	34820	
21629	0	35128	
21630	0	35280	
21631	0	34992	
21632	0	34544	
21633	0	33912	
21634	0	33268	
21635	0	32912	
21636	0	32344	
21637	0	31196	
21638	0	30136	
21639	0	29060	
21640	0	28564	
21641	0	28140	
21642	0	27712	
21643	0	27648	
21644	0	27536	
21645	0	27608	
21646	0	28032	
21647	0	28392	
21648	0	29032	
21649	0	29636	
21650	0	29624	
21651	0	29144	
21652	0	28832	
21653	0	29432	
21654	0	30176	
21655	0	30724	
21656	0	30876	
21657	0	30848	
21658	0	30536	
21659	0	30174	
21660	0	30960	
21661	0	32652	
21662	0	33692	
21663	0	34184	
21664	0	33628	
21665	0	32512	
21666	0	31716	
21667	0	31796	
21668	0	32596	
21669	0	33680	
21670	0	34368	
21671	0	34308	
21672	0	33992	
21673	0	33732	
21674	0	33284	
21675	0	33160	
21676	0	33036	
21677	0	32404	
21678	0	31604	
21679	0	31136	
21680	0	30992	
21681	0	30780	
21682	0	30804	
21683	0	31000	
21684	0	31256	
21685	0	31664	
21686	0	32452	
21687	0	33616	
21688	0	35008	
21689	0	36088	
21690	0	36864	
21691	0	36780	
21692	0	36308	
21693	0	35448	
21694	0	34544	
21695	0	33908	
21696	0	33752	
21697	0	33540	
21698	0	33872	
21699	0	34272	
21700	0	34352	
21701	0	34164	
21702	0	33904	
21703	0	33920	
21704	0	34112	
21705	0	34200	
21706	0	34168	
21707	0	34020	
21708	0	33924	
21709	0	34188	
21710	0	34228	
21711	0	33852	
21712	0	33416	
21713	0	33496	
21714	0	33944	
21715	0	34268	
21716	0	34264	
21717	0	33540	
21718	0	33024	
21719	0	32864	
21720	0	32964	
21721	0	33232	
21722	0	33760	
21723	0	34624	
21724	0	35088	
21725	0	35400	
21726	0	35592	
21727	0	35608	
21728	0	35328	
21729	0	34976	
21730	0	34808	
21731	0	34700	
21732	0	33896	
21733	0	33156	
21734	0	32632	
21735	0	32548	
21736	0	32704	
21737	0	32916	
21738	0	33368	
21739	0	33676	
21740	0	33724	
21741	0	33596	
21742	0	33336	
21743	0	33256	
21744	0	33260	
21745	0	33248	
21746	0	32720	
21747	0	32132	
21748	0	31668	
21749	0	31276	
21750	0	30968	
21751	0	31000	
21752	0	31272	
21753	0	31408	
21754	0	31560	
21755	0	32104	
21756	0	32884	
21757	0	34164	
21758	0	35560	
21759	0	36480	
21760	0	36408	
21761	0	35632	
21762	0	34740	
21763	0	33940	
21764	0	33152	
21765	0	32536	
21766	0	32460	
21767	0	32732	
21768	0	32936	
21769	0	32548	
21770	0	32036	
21771	0	31876	
21772	0	32128	
21773	0	32484	
21774	0	32784	
21775	0	33104	
21776	0	33400	
21777	0	34244	
21778	0	35680	
21779	0	36796	
21780	0	37280	
21781	0	37056	
21782	0	36988	
21783	0	37184	
21784	0	36888	
21785	0	36280	
21786	0	35788	
21787	0	35996	
21788	0	36044	
21789	0	35736	
21790	0	35824	
21791	0	36084	
21792	0	35604	
21793	0	34968	
21794	0	34712	
21795	0	35032	
21796	0	35540	
21797	0	35296	
21798	0	35388	
21799	0	36236	
21800	0	37128	
21801	0	37044	
21802	0	36024	
21803	0	34612	
21804	0	33448	
21805	0	32576	
21806	0	32208	
21807	0	32660	
21808	0	33440	
21809	0	33692	
21810	0	33460	
21811	0	32480	
21812	0	31576	
21813	0	31076	
21814	0	30304	
21815	0	30160	
21816	0	30180	
21817	0	30344	
21818	0	30458	
21819	0	30696	
21820	0	31064	
21821	0	31564	
21822	0	31968	
21823	0	32076	
21824	0	32372	
21825	0	32564	
21826	0	32840	
21827	0	33212	
21828	0	33352	
21829	0	33818	
21830	0	34024	
21831	0	34592	
21832	0	34944	
21833	0	34792	
21834	0	34904	
21835	0	35176	
21836	0	35744	
21837	0	36556	
21838	0	37248	
21839	0	37136	
21840	0	35928	
21841	0	34744	
21842	0	34516	
21843	0	34172	
21844	0	33224	
21845	0	32748	
21846	0	32016	
21847	0	31316	
21848	0	31020	
21849	0	30853	
21850	0	31040	
21851	0	30972	
21852	0	30720	
21853	0	30600	
21854	0	30480	
21855	0	29972	
21856	0	29728	
21857	0	29354	
21858	0	28588	
21859	0	27792	
21860	0	27168	
21861	0	27560	
21862	0	28360	
21863	0	29128	
21864	0	30612	
21865	0	31972	
21866	0	32616	
21867	0	32472	
21868	0	32184	
21869	0	32336	
21870	0	32688	
21871	0	33020	
21872	0	33704	
21873	0	34686	
21874	0	35292	
21875	0	36204	
21876	0	36440	
21877	0	35500	
21878	0	34700	
21879	0	34852	
21880	0	36800	
21881	0	38448	
21882	0	39596	
21883	0	41176	
21884	0	42136	
21885	0	42608	
21886	0	42128	
21887	0	41084	
21888	0	39728	
21889	0	38852	
21890	0	38340	
21891	0	37808	
21892	0	37556	
21893	0	37252	
21894	0	36632	
21895	0	36784	
21896	0	37748	
21897	0	38132	
21898	0	37388	
21899	0	36392	
21900	0	36152	
21901	0	36168	
21902	0	35964	
21903	0	36268	
21904	0	35728	
21905	0	34784	
21906	0	33512	
21907	0	32264	
21908	0	31504	
21909	0	31392	
21910	0	31200	
21911	0	31340	
21912	0	31708	
21913	0	31980	
21914	0	32328	
21915	0	32080	
21916	0	31076	
21917	0	29696	
21918	0	28468	
21919	0	27656	
21920	0	27468	
21921	0	27912	
21922	0	28524	
21923	0	28540	
21924	0	28312	
21925	0	28220	
21926	0	27844	
21927	0	27388	
21928	0	27624	
21929	0	28316	
21930	0	28804	
21931	0	29524	
21932	0	30104	
21933	0	30592	
21934	0	30308	
21935	0	29816	
21936	0	30144	
21937	0	30436	
21938	0	30220	
21939	0	29336	
21940	0	28460	
21941	0	27412	
21942	0	26704	
21943	0	25844	
21944	0	25060	
21945	0	25444	
21946	0	26488	
21947	0	27988	
21948	0	29104	
21949	0	29612	
21950	0	30210	
21951	0	30272	
21952	0	29884	
21953	0	29364	
21954	0	29284	
21955	0	29984	
21956	0	31012	
21957	0	32418	
21958	0	33852	
21959	0	34608	
21960	0	34684	
21961	0	34300	
21962	0	34304	
21963	0	34776	
21964	0	34744	
21965	0	34068	
21966	0	33128	
21967	0	33056	
21968	0	33368	
21969	0	33352	
21970	0	33016	
21971	0	31896	
21972	0	30408	
21973	0	29172	
21974	0	28376	
21975	0	28196	
21976	0	28312	
21977	0	28708	
21978	0	29480	
21979	0	30752	
21980	0	31716	
21981	0	32500	
21982	0	33240	
21983	0	33508	
21984	0	33576	
21985	0	32900	
21986	0	31968	
21987	0	31304	
21988	0	31000	
21989	0	31032	
21990	0	31208	
21991	0	31352	
21992	0	31880	
21993	0	32346	
21994	0	33160	
21995	0	33872	
21996	0	34024	
21997	0	32972	
21998	0	31136	
21999	0	29324	
22000	0	28516	
22001	0	28296	
22002	0	29256	
22003	0	31140	
22004	0	32496	
22005	0	33384	
22006	0	33812	
22007	0	34048	
22008	0	34456	
22009	0	34634	
22010	0	34756	
22011	0	34644	
22012	0	34744	
22013	0	35364	
22014	0	36204	
22015	0	37044	
22016	0	37368	
22017	0	37508	
22018	0	38268	
22019	0	39224	
22020	0	40052	
22021	0	40784	
22022	0	40968	
22023	0	40808	
22024	0	40900	
22025	0	41884	
22026	0	43312	
22027	0	45040	
22028	0	46572	
22029	0	47216	
22030	0	46916	
22031	0	45956	
22032	0	44680	
22033	0	42536	
22034	0	39808	
22035	0	38116	
22036	0	37624	
22037	0	38240	
22038	0	39008	
22039	0	40424	
22040	0	41952	
22041	0	43052	
22042	0	43856	
22043	0	43888	
22044	0	43736	
22045	0	44352	
22046	0	45752	
22047	0	46592	
22048	0	47072	
22049	0	47736	
22050	0	47616	
22051	0	46736	
22052	0	45748	
22053	0	44304	
22054	0	42464	
22055	0	41248	
22056	0	40624	
22057	0	40760	
22058	0	41420	
22059	0	41704	
22060	0	41800	
22061	0	41816	
22062	0	41856	
22063	0	41728	
22064	0	41372	
22065	0	41200	
22066	0	41592	
22067	0	41888	
22068	0	41804	
22069	0	41684	
22070	0	41792	
22071	0	41844	
22072	0	41964	
22073	0	41976	
22074	0	42244	
22075	0	42112	
22076	0	41968	
22077	0	42028	
22078	0	42116	
22079	0	42072	
22080	0	41716	
22081	0	41540	
22082	0	41640	
22083	0	41576	
22084	0	41004	
22085	0	40244	
22086	0	38240	
22087	0	34864	
22088	0	31316	
22089	0	28154	
22090	0	26028	
22091	0	25216	
22092	0	25173	
22093	0	26512	
22094	0	28744	
22095	0	31040	
22096	0	33128	
22097	0	35229	
22098	0	36644	
22099	0	37836	
22100	0	39028	
22101	0	40008	
22102	0	40880	
22103	0	41480	
22104	0	42312	
22105	0	43016	
22106	0	42764	
22107	0	42280	
22108	0	41484	
22109	0	39696	
22110	0	37636	
22111	0	36140	
22112	0	35444	
22113	0	35304	
22114	0	36180	
22115	0	37420	
22116	0	38008	
22117	0	38160	
22118	0	38024	
22119	0	37776	
22120	0	37784	
22121	0	38164	
22122	0	37916	
22123	0	37484	
22124	0	37068	
22125	0	35976	
22126	0	35172	
22127	0	34404	
22128	0	33928	
22129	0	33708	
22130	0	33440	
22131	0	32380	
22132	0	31044	
22133	0	29880	
22134	0	28932	
22135	0	28604	
22136	0	29236	
22137	0	30104	
22138	0	31032	
22139	0	31668	
22140	0	32824	
22141	0	33604	
22142	0	34464	
22143	0	35336	
22144	0	35802	
22145	0	35584	
22146	0	34808	
22147	0	33184	
22148	0	31824	
22149	0	31776	
22150	0	32076	
22151	0	32016	
22152	0	31844	
22153	0	32272	
22154	0	32808	
22155	0	33196	
22156	0	33604	
22157	0	33936	
22158	0	34764	
22159	0	36020	
22160	0	36560	
22161	0	35876	
22162	0	34964	
22163	0	34048	
22164	0	32696	
22165	0	30264	
22166	0	28316	
22167	0	26772	
22168	0	25116	
22169	0	23658	
22170	0	23480	
22171	0	24768	
22172	0	26016	
22173	0	26732	
22174	0	27516	
22175	0	28992	
22176	0	30364	
22177	0	31784	
22178	0	32492	
22179	0	32748	
22180	0	32472	
22181	0	32340	
22182	0	32708	
22183	0	33704	
22184	0	34884	
22185	0	35892	
22186	0	36852	
22187	0	36656	
22188	0	35552	
22189	0	34836	
22190	0	34072	
22191	0	33036	
22192	0	32280	
22193	0	31956	
22194	0	31688	
22195	0	32004	
22196	0	32332	
22197	0	32636	
22198	0	32500	
22199	0	31700	
22200	0	30956	
22201	0	30504	
22202	0	30408	
22203	0	30736	
22204	0	31097	
22205	0	31876	
22206	0	32912	
22207	0	33392	
22208	0	33812	
22209	0	34412	
22210	0	34724	
22211	0	34828	
22212	0	34448	
22213	0	33848	
22214	0	33032	
22215	0	32140	
22216	0	31996	
22217	0	31914	
22218	0	31524	
22219	0	31552	
22220	0	32132	
22221	0	32281	
22222	0	32736	
22223	0	33228	
22224	0	33632	
22225	0	34312	
22226	0	34224	
22227	0	34020	
22228	0	33076	
22229	0	31452	
22230	0	29716	
22231	0	29060	
22232	0	29530	
22233	0	30700	
22234	0	32308	
22235	0	33128	
22236	0	33204	
22237	0	32592	
22238	0	31960	
22239	0	31336	
22240	0	30412	
22241	0	29620	
22242	0	28520	
22243	0	27536	
22244	0	26700	
22245	0	26192	
22246	0	25816	
22247	0	25680	
22248	0	24948	
22249	0	24104	
22250	0	23876	
22251	0	24804	
22252	0	26432	
22253	0	27976	
22254	0	29156	
22255	0	29944	
22256	0	30128	
22257	0	29716	
22258	0	29532	
22259	0	29392	
22260	0	28712	
22261	0	27912	
22262	0	27788	
22263	0	28480	
22264	0	28804	
22265	0	29288	
22266	0	28972	
22267	0	27700	
22268	0	25992	
22269	0	24408	
22270	0	23456	
22271	0	23078	
22272	0	23380	
22273	0	24230	
22274	0	25460	
22275	0	26688	
22276	0	27872	
22277	0	29580	
22278	0	30556	
22279	0	31092	
22280	0	31676	
22281	0	32500	
22282	0	33384	
22283	0	34088	
22284	0	34544	
22285	0	34900	
22286	0	35128	
22287	0	35714	
22288	0	36348	
22289	0	36244	
22290	0	35688	
22291	0	35328	
22292	0	34980	
22293	0	34492	
22294	0	34052	
22295	0	33973	
22296	0	33824	
22297	0	33572	
22298	0	33304	
22299	0	32796	
22300	0	32448	
22301	0	31232	
22302	0	30120	
22303	0	30280	
22304	0	30616	
22305	0	30452	
22306	0	30080	
22307	0	30424	
22308	0	30634	
22309	0	31072	
22310	0	30098	
22311	0	27128	
22312	0	24624	
22313	0	23320	
22314	0	23346	
22315	0	23660	
22316	0	24836	
22317	0	26464	
22318	0	28080	
22319	0	29160	
22320	0	29832	
22321	0	31192	
22322	0	33196	
22323	0	35248	
22324	0	36568	
22325	0	37152	
22326	0	37368	
22327	0	37804	
22328	0	38160	
22329	0	38628	
22330	0	39672	
22331	0	40088	
22332	0	39660	
22333	0	39104	
22334	0	38116	
22335	0	36248	
22336	0	34296	
22337	0	32954	
22338	0	31896	
22339	0	31505	
22340	0	31440	
22341	0	31432	
22342	0	31904	
22343	0	32560	
22344	0	33400	
22345	0	33652	
22346	0	33820	
22347	0	33620	
22348	0	32332	
22349	0	30604	
22350	0	29048	
22351	0	27948	
22352	0	27348	
22353	0	27152	
22354	0	27032	
22355	0	27304	
22356	0	28322	
22357	0	30272	
22358	0	32376	
22359	0	33932	
22360	0	34956	
22361	0	35148	
22362	0	34892	
22363	0	34636	
22364	0	34192	
22365	0	33736	
22366	0	33436	
22367	0	33176	
22368	0	32756	
22369	0	32432	
22370	0	32016	
22371	0	31584	
22372	0	31844	
22373	0	32552	
22374	0	32672	
22375	0	32116	
22376	0	32316	
22377	0	32832	
22378	0	32528	
22379	0	31952	
22380	0	31252	
22381	0	30336	
22382	0	30226	
22383	0	30532	
22384	0	30272	
22385	0	30540	
22386	0	31248	
22387	0	32580	
22388	0	33864	
22389	0	33636	
22390	0	32596	
22391	0	31372	
22392	0	29996	
22393	0	28986	
22394	0	28920	
22395	0	29764	
22396	0	30760	
22397	0	31920	
22398	0	33532	
22399	0	34692	
22400	0	35312	
22401	0	35554	
22402	0	35392	
22403	0	35044	
22404	0	34540	
22405	0	33584	
22406	0	32264	
22407	0	31596	
22408	0	31464	
22409	0	31572	
22410	0	31856	
22411	0	32696	
22412	0	34412	
22413	0	36552	
22414	0	37860	
22415	0	39020	
22416	0	40156	
22417	0	39832	
22418	0	38176	
22419	0	36968	
22420	0	36392	
22421	0	35888	
22422	0	35076	
22423	0	34428	
22424	0	34356	
22425	0	34652	
22426	0	34824	
22427	0	35124	
22428	0	35580	
22429	0	35668	
22430	0	35028	
22431	0	34080	
22432	0	33164	
22433	0	32776	
22434	0	32704	
22435	0	32784	
22436	0	32360	
22437	0	32472	
22438	0	32716	
22439	0	32280	
22440	0	31584	
22441	0	31096	
22442	0	31120	
22443	0	30472	
22444	0	29484	
22445	0	28948	
22446	0	28952	
22447	0	29552	
22448	0	30500	
22449	0	31456	
22450	0	31976	
22451	0	32240	
22452	0	32772	
22453	0	33576	
22454	0	34656	
22455	0	35608	
22456	0	35792	
22457	0	34952	
22458	0	33348	
22459	0	32100	
22460	0	30816	
22461	0	30016	
22462	0	30152	
22463	0	30796	
22464	0	31068	
22465	0	30876	
22466	0	30752	
22467	0	30144	
22468	0	29784	
22469	0	29172	
22470	0	28832	
22471	0	28020	
22472	0	27744	
22473	0	27344	
22474	0	27224	
22475	0	27808	
22476	0	29152	
22477	0	30456	
22478	0	31532	
22479	0	32148	
22480	0	32112	
22481	0	31224	
22482	0	29504	
22483	0	27464	
22484	0	25716	
22485	0	24292	
22486	0	24064	
22487	0	24872	
22488	0	26264	
22489	0	28402	
22490	0	29868	
22491	0	30088	
22492	0	30396	
22493	0	31220	
22494	0	32828	
22495	0	34584	
22496	0	36224	
22497	0	37872	
22498	0	38712	
22499	0	38132	
22500	0	37688	
22501	0	37308	
22502	0	37400	
22503	0	38088	
22504	0	38792	
22505	0	38780	
22506	0	37968	
22507	0	36440	
22508	0	34868	
22509	0	33160	
22510	0	31724	
22511	0	30656	
22512	0	30420	
22513	0	30154	
22514	0	30453	
22515	0	31480	
22516	0	32112	
22517	0	32828	
22518	0	33524	
22519	0	33860	
22520	0	34288	
22521	0	34624	
22522	0	33704	
22523	0	32472	
22524	0	31592	
22525	0	30480	
22526	0	29464	
22527	0	29016	
22528	0	28760	
22529	0	28184	
22530	0	28116	
22531	0	28116	
22532	0	28472	
22533	0	29498	
22534	0	31404	
22535	0	33420	
22536	0	35016	
22537	0	36464	
22538	0	37600	
22539	0	37904	
22540	0	37588	
22541	0	37208	
22542	0	37164	
22543	0	37514	
22544	0	37516	
22545	0	37224	
22546	0	37160	
22547	0	36844	
22548	0	35972	
22549	0	35312	
22550	0	34180	
22551	0	32988	
22552	0	32484	
22553	0	32240	
22554	0	31096	
22555	0	29592	
22556	0	28320	
22557	0	27192	
22558	0	26596	
22559	0	26688	
22560	0	27136	
22561	0	28260	
22562	0	29720	
22563	0	30788	
22564	0	31920	
22565	0	32828	
22566	0	33204	
22567	0	33232	
22568	0	32940	
22569	0	32096	
22570	0	31212	
22571	0	30488	
22572	0	30216	
22573	0	31540	
22574	0	33304	
22575	0	34400	
22576	0	34936	
22577	0	34556	
22578	0	33908	
22579	0	33140	
22580	0	32684	
22581	0	32388	
22582	0	31968	
22583	0	31172	
22584	0	30392	
22585	0	29888	
22586	0	29356	
22587	0	28592	
22588	0	27233	
22589	0	26412	
22590	0	26256	
22591	0	26460	
22592	0	26472	
22593	0	26224	
22594	0	26176	
22595	0	26040	
22596	0	26020	
22597	0	26120	
22598	0	26516	
22599	0	26432	
22600	0	25776	
22601	0	25092	
22602	0	24420	
22603	0	24036	
22604	0	24106	
22605	0	24232	
22606	0	24412	
22607	0	24760	
22608	0	25944	
22609	0	27374	
22610	0	28468	
22611	0	29552	
22612	0	30060	
22613	0	29728	
22614	0	28936	
22615	0	28584	
22616	0	28632	
22617	0	28416	
22618	0	28200	
22619	0	27612	
22620	0	27516	
22621	0	27708	
22622	0	27752	
22623	0	27552	
22624	0	27448	
22625	0	27364	
22626	0	27424	
22627	0	26352	
22628	0	25196	
22629	0	24468	
22630	0	24396	
22631	0	24184	
22632	0	23544	
22633	0	23192	
22634	0	23440	
22635	0	24536	
22636	0	25508	
22637	0	25768	
22638	0	26244	
22639	0	26200	
22640	0	25780	
22641	0	25864	
22642	0	26744	
22643	0	26840	
22644	0	26596	
22645	0	26604	
22646	0	26940	
22647	0	27612	
22648	0	28604	
22649	0	29440	
22650	0	29914	
22651	0	30356	
22652	0	30488	
22653	0	30880	
22654	0	30512	
22655	0	29300	
22656	0	27364	
22657	0	25744	
22658	0	25764	
22659	0	26896	
22660	0	28020	
22661	0	28172	
22662	0	27724	
22663	0	27412	
22664	0	28064	
22665	0	29160	
22666	0	29840	
22667	0	30208	
22668	0	29692	
22669	0	28552	
22670	0	27328	
22671	0	26312	
22672	0	26066	
22673	0	26044	
22674	0	26584	
22675	0	27936	
22676	0	29316	
22677	0	29300	
22678	0	28796	
22679	0	27988	
22680	0	27320	
22681	0	27388	
22682	0	28456	
22683	0	28712	
22684	0	28356	
22685	0	28560	
22686	0	29256	
22687	0	30604	
22688	0	32698	
22689	0	34844	
22690	0	36220	
22691	0	36784	
22692	0	36444	
22693	0	35008	
22694	0	32768	
22695	0	30344	
22696	0	28120	
22697	0	26728	
22698	0	25860	
22699	0	25696	
22700	0	25704	
22701	0	25984	
22702	0	27344	
22703	0	29796	
22704	0	33228	
22705	0	35636	
22706	0	36764	
22707	0	37408	
22708	0	37292	
22709	0	35948	
22710	0	34448	
22711	0	33064	
22712	0	31812	
22713	0	31196	
22714	0	30964	
22715	0	31024	
22716	0	31550	
22717	0	31752	
22718	0	31724	
22719	0	32032	
22720	0	32224	
22721	0	31864	
22722	0	30824	
22723	0	29392	
22724	0	28344	
22725	0	27540	
22726	0	27280	
22727	0	27764	
22728	0	28292	
22729	0	28412	
22730	0	28316	
22731	0	28164	
22732	0	28024	
22733	0	27840	
22734	0	27376	
22735	0	27192	
22736	0	26872	
22737	0	26196	
22738	0	25668	
22739	0	24764	
22740	0	24236	
22741	0	24572	
22742	0	25300	
22743	0	26208	
22744	0	27164	
22745	0	27992	
22746	0	28332	
22747	0	28648	
22748	0	29000	
22749	0	29012	
22750	0	28980	
22751	0	28972	
22752	0	28992	
22753	0	29216	
22754	0	28436	
22755	0	27484	
22756	0	27236	
22757	0	27512	
22758	0	27896	
22759	0	28400	
22760	0	28640	
22761	0	28332	
22762	0	27916	
22763	0	28028	
22764	0	28556	
22765	0	29560	
22766	0	31072	
22767	0	32592	
22768	0	32656	
22769	0	31960	
22770	0	31304	
22771	0	31372	
22772	0	31552	
22773	0	31958	
22774	0	32408	
22775	0	32456	
22776	0	32072	
22777	0	32120	
22778	0	32872	
22779	0	33504	
22780	0	33684	
22781	0	32844	
22782	0	31240	
22783	0	30604	
22784	0	30720	
22785	0	30588	
22786	0	30700	
22787	0	30788	
22788	0	30180	
22789	0	29652	
22790	0	29660	
22791	0	29484	
22792	0	29016	
22793	0	28356	
22794	0	27024	
22795	0	26200	
22796	0	25792	
22797	0	26016	
22798	0	26720	
22799	0	27024	
22800	0	27392	
22801	0	27548	
22802	0	27604	
22803	0	28396	
22804	0	29264	
22805	0	30112	
22806	0	30712	
22807	0	31056	
22808	0	30360	
22809	0	30300	
22810	0	31072	
22811	0	32652	
22812	0	34588	
22813	0	35956	
22814	0	36720	
22815	0	37184	
22816	0	36992	
22817	0	36696	
22818	0	36280	
22819	0	36096	
22820	0	36128	
22821	0	35976	
22822	0	35656	
22823	0	35220	
22824	0	34522	
22825	0	33280	
22826	0	32068	
22827	0	32008	
22828	0	32436	
22829	0	32508	
22830	0	32136	
22831	0	31912	
22832	0	31172	
22833	0	30300	
22834	0	29264	
22835	0	28544	
22836	0	28080	
22837	0	27592	
22838	0	27348	
22839	0	27976	
22840	0	29208	
22841	0	30836	
22842	0	31976	
22843	0	32988	
22844	0	33716	
22845	0	34208	
22846	0	34648	
22847	0	34462	
22848	0	33564	
22849	0	32876	
22850	0	33416	
22851	0	34260	
22852	0	35468	
22853	0	36256	
22854	0	36564	
22855	0	36648	
22856	0	35716	
22857	0	34144	
22858	0	32240	
22859	0	30720	
22860	0	29864	
22861	0	29200	
22862	0	28708	
22863	0	28776	
22864	0	30068	
22865	0	32248	
22866	0	35020	
22867	0	37360	
22868	0	39008	
22869	0	39880	
22870	0	40248	
22871	0	40136	
22872	0	39656	
22873	0	38840	
22874	0	38132	
22875	0	36668	
22876	0	35320	
22877	0	34604	
22878	0	34416	
22879	0	34560	
22880	0	35508	
22881	0	36320	
22882	0	36340	
22883	0	36248	
22884	0	36000	
22885	0	35860	
22886	0	36492	
22887	0	37584	
22888	0	39004	
22889	0	39680	
22890	0	40292	
22891	0	40988	
22892	0	41204	
22893	0	41208	
22894	0	41472	
22895	0	40796	
22896	0	40084	
22897	0	40020	
22898	0	39912	
22899	0	39028	
22900	0	38096	
22901	0	36836	
22902	0	36028	
22903	0	35620	
22904	0	35824	
22905	0	36152	
22906	0	36008	
22907	0	35120	
22908	0	33232	
22909	0	31616	
22910	0	31024	
22911	0	31144	
22912	0	32220	
22913	0	33826	
22914	0	35304	
22915	0	36392	
22916	0	37072	
22917	0	37112	
22918	0	37284	
22919	0	37032	
22920	0	37908	
22921	0	39504	
22922	0	41440	
22923	0	42736	
22924	0	43380	
22925	0	43416	
22926	0	43012	
22927	0	42580	
22928	0	41816	
22929	0	41208	
22930	0	40752	
22931	0	40108	
22932	0	39504	
22933	0	39468	
22934	0	39576	
22935	0	39412	
22936	0	39648	
22937	0	39740	
22938	0	39940	
22939	0	40156	
22940	0	40752	
22941	0	41876	
22942	0	42728	
22943	0	42068	
22944	0	40052	
22945	0	37904	
22946	0	36172	
22947	0	35460	
22948	0	35360	
22949	0	36032	
22950	0	36852	
22951	0	37888	
22952	0	38992	
22953	0	38904	
22954	0	38288	
22955	0	38072	
22956	0	39044	
22957	0	39800	
22958	0	39672	
22959	0	39332	
22960	0	38824	
22961	0	37932	
22962	0	36304	
22963	0	34704	
22964	0	34008	
22965	0	33784	
22966	0	33928	
22967	0	34928	
22968	0	35840	
22969	0	36336	
22970	0	36512	
22971	0	36024	
22972	0	35124	
22973	0	34776	
22974	0	35376	
22975	0	36352	
22976	0	37232	
22977	0	37476	
22978	0	37124	
22979	0	36792	
22980	0	37288	
22981	0	38480	
22982	0	39476	
22983	0	40058	
22984	0	40464	
22985	0	40240	
22986	0	39828	
22987	0	39972	
22988	0	40608	
22989	0	40084	
22990	0	38424	
22991	0	36008	
22992	0	34504	
22993	0	33892	
22994	0	34106	
22995	0	35024	
22996	0	35896	
22997	0	35672	
22998	0	34728	
22999	0	33672	
23000	0	33284	
23001	0	33760	
23002	0	34616	
23003	0	35184	
23004	0	35344	
23005	0	35584	
23006	0	35684	
23007	0	35668	
23008	0	35584	
23009	0	35272	
23010	0	35512	
23011	0	36124	
23012	0	35936	
23013	0	35300	
23014	0	34716	
23015	0	34268	
23016	0	34036	
23017	0	33656	
23018	0	32744	
23019	0	31832	
23020	0	31636	
23021	0	32312	
23022	0	32720	
23023	0	32460	
23024	0	32464	
23025	0	32860	
23026	0	33304	
23027	0	33996	
23028	0	35288	
23029	0	36736	
23030	0	37648	
23031	0	38336	
23032	0	38368	
23033	0	38192	
23034	0	37708	
23035	0	37256	
23036	0	36552	
23037	0	35720	
23038	0	35680	
23039	0	36124	
23040	0	37120	
23041	0	38328	
23042	0	39048	
23043	0	38148	
23044	0	35872	
23045	0	33580	
23046	0	32648	
23047	0	32196	
23048	0	31460	
23049	0	30968	
23050	0	30960	
23051	0	31600	
23052	0	32256	
23053	0	32444	
23054	0	32864	
23055	0	32460	
23056	0	31726	
23057	0	31856	
23058	0	32352	
23059	0	31717	
23060	0	30888	
23061	0	30528	
23062	0	30432	
23063	0	31040	
23064	0	32032	
23065	0	32608	
23066	0	32592	
23067	0	32908	
23068	0	33060	
23069	0	33020	
23070	0	33456	
23071	0	34056	
23072	0	34272	
23073	0	33904	
23074	0	33028	
23075	0	32020	
23076	0	32048	
23077	0	32584	
23078	0	33516	
23079	0	34072	
23080	0	34632	
23081	0	35180	
23082	0	35128	
23083	0	34776	
23084	0	34272	
23085	0	33720	
23086	0	33528	
23087	0	33780	
23088	0	34024	
23089	0	33660	
23090	0	32780	
23091	0	31616	
23092	0	31192	
23093	0	31116	
23094	0	30708	
23095	0	30228	
23096	0	30184	
23097	0	30336	
23098	0	30348	
23099	0	30032	
23100	0	30016	
23101	0	30508	
23102	0	30872	
23103	0	31042	
23104	0	30980	
23105	0	30552	
23106	0	30480	
23107	0	31308	
23108	0	32448	
23109	0	33328	
23110	0	33560	
23111	0	33804	
23112	0	34048	
23113	0	33268	
23114	0	32160	
23115	0	31352	
23116	0	30716	
23117	0	31088	
23118	0	31836	
23119	0	32756	
23120	0	33000	
23121	0	32912	
23122	0	32768	
23123	0	32836	
23124	0	32792	
23125	0	32904	
23126	0	32992	
23127	0	32768	
23128	0	32000	
23129	0	30736	
23130	0	30132	
23131	0	29448	
23132	0	28844	
23133	0	28428	
23134	0	28676	
23135	0	29352	
23136	0	29584	
23137	0	29840	
23138	0	30272	
23139	0	30580	
23140	0	30568	
23141	0	30596	
23142	0	30276	
23143	0	29696	
23144	0	29292	
23145	0	29264	
23146	0	29724	
23147	0	30688	
23148	0	32020	
23149	0	33020	
23150	0	32940	
23151	0	32416	
23152	0	32080	
23153	0	32000	
23154	0	31944	
23155	0	32532	
23156	0	33352	
23157	0	34232	
23158	0	34392	
23159	0	33636	
23160	0	32960	
23161	0	32668	
23162	0	32440	
23163	0	31772	
23164	0	31252	
23165	0	31216	
23166	0	30948	
23167	0	30680	
23168	0	30184	
23169	0	29816	
23170	0	30760	
23171	0	32456	
23172	0	33624	
23173	0	33868	
23174	0	33284	
23175	0	31808	
23176	0	30204	
23177	0	29136	
23178	0	28368	
23179	0	28730	
23180	0	29336	
23181	0	30024	
23182	0	30528	
23183	0	30424	
23184	0	30060	
23185	0	29728	
23186	0	29548	
23187	0	30100	
23188	0	31352	
23189	0	32778	
23190	0	34060	
23191	0	35384	
23192	0	36560	
23193	0	36612	
23194	0	35948	
23195	0	34844	
23196	0	33464	
23197	0	32344	
23198	0	31252	
23199	0	30660	
23200	0	30424	
23201	0	30312	
23202	0	30664	
23203	0	30624	
23204	0	30128	
23205	0	29532	
23206	0	29256	
23207	0	29176	
23208	0	29420	
23209	0	29680	
23210	0	29668	
23211	0	29492	
23212	0	29528	
23213	0	29604	
23214	0	29218	
23215	0	28704	
23216	0	28372	
23217	0	28208	
23218	0	27952	
23219	0	27340	
23220	0	26436	
23221	0	26156	
23222	0	27376	
23223	0	29040	
23224	0	30112	
23225	0	31120	
23226	0	31892	
23227	0	32544	
23228	0	33192	
23229	0	32956	
23230	0	33016	
23231	0	33312	
23232	0	33204	
23233	0	32740	
23234	0	32700	
23235	0	32820	
23236	0	33156	
23237	0	33628	
23238	0	33996	
23239	0	34148	
23240	0	34216	
23241	0	34832	
23242	0	35220	
23243	0	35404	
23244	0	34772	
23245	0	34036	
23246	0	33144	
23247	0	32580	
23248	0	31772	
23249	0	30208	
23250	0	28488	
23251	0	27554	
23252	0	27392	
23253	0	27800	
23254	0	28796	
23255	0	29852	
23256	0	30668	
23257	0	31468	
23258	0	32068	
23259	0	32356	
23260	0	32660	
23261	0	32952	
23262	0	33152	
23263	0	33128	
23264	0	33068	
23265	0	33024	
23266	0	33228	
23267	0	33456	
23268	0	33144	
23269	0	32884	
23270	0	32776	
23271	0	32536	
23272	0	31972	
23273	0	31680	
23274	0	31764	
23275	0	31796	
23276	0	32112	
23277	0	32664	
23278	0	33344	
23279	0	34520	
23280	0	35816	
23281	0	36652	
23282	0	37316	
23283	0	38012	
23284	0	38168	
23285	0	37564	
23286	0	36044	
23287	0	34732	
23288	0	34632	
23289	0	34828	
23290	0	34844	
23291	0	34592	
23292	0	33964	
23293	0	33440	
23294	0	33112	
23295	0	33084	
23296	0	33676	
23297	0	34984	
23298	0	36144	
23299	0	35748	
23300	0	34760	
23301	0	33680	
23302	0	32590	
23303	0	31788	
23304	0	31184	
23305	0	31308	
23306	0	31340	
23307	0	31572	
23308	0	31776	
23309	0	31692	
23310	0	31684	
23311	0	31240	
23312	0	31312	
23313	0	32432	
23314	0	33404	
23315	0	33644	
23316	0	33528	
23317	0	33204	
23318	0	33120	
23319	0	32876	
23320	0	32828	
23321	0	33086	
23322	0	33420	
23323	0	34244	
23324	0	35444	
23325	0	35892	
23326	0	35564	
23327	0	35320	
23328	0	35336	
23329	0	34748	
23330	0	34144	
23331	0	33396	
23332	0	33308	
23333	0	33676	
23334	0	33800	
23335	0	34068	
23336	0	34044	
23337	0	34540	
23338	0	35600	
23339	0	36792	
23340	0	37172	
23341	0	37120	
23342	0	36232	
23343	0	35360	
23344	0	34896	
23345	0	34712	
23346	0	34124	
23347	0	32944	
23348	0	31544	
23349	0	30900	
23350	0	30344	
23351	0	30278	
23352	0	30508	
23353	0	30696	
23354	0	31084	
23355	0	31552	
23356	0	32460	
23357	0	33856	
23358	0	35072	
23359	0	36116	
23360	0	36088	
23361	0	35328	
23362	0	34168	
23363	0	33420	
23364	0	33424	
23365	0	33636	
23366	0	33516	
23367	0	33164	
23368	0	32980	
23369	0	33160	
23370	0	33464	
23371	0	33230	
23372	0	33260	
23373	0	33048	
23374	0	32676	
23375	0	32596	
23376	0	32676	
23377	0	32644	
23378	0	32568	
23379	0	33204	
23380	0	34104	
23381	0	35002	
23382	0	36268	
23383	0	38028	
23384	0	39536	
23385	0	40088	
23386	0	39780	
23387	0	38512	
23388	0	36388	
23389	0	34184	
23390	0	32268	
23391	0	31040	
23392	0	30324	
23393	0	30204	
23394	0	30540	
23395	0	31020	
23396	0	31376	
23397	0	31472	
23398	0	31320	
23399	0	31892	
23400	0	33348	
23401	0	34424	
23402	0	34432	
23403	0	33952	
23404	0	33672	
23405	0	34248	
23406	0	34776	
23407	0	35004	
23408	0	34980	
23409	0	34444	
23410	0	33188	
23411	0	32796	
23412	0	33492	
23413	0	34088	
23414	0	34016	
23415	0	34056	
23416	0	33736	
23417	0	33232	
23418	0	32940	
23419	0	32508	
23420	0	31944	
23421	0	32264	
23422	0	33616	
23423	0	34788	
23424	0	35932	
23425	0	36224	
23426	0	35872	
23427	0	34752	
23428	0	33376	
23429	0	32048	
23430	0	31336	
23431	0	31432	
23432	0	31248	
23433	0	30968	
23434	0	30656	
23435	0	30380	
23436	0	30216	
23437	0	30792	
23438	0	32040	
23439	0	33528	
23440	0	34468	
23441	0	34656	
23442	0	34920	
23443	0	35696	
23444	0	36176	
23445	0	36060	
23446	0	35484	
23447	0	35376	
23448	0	35568	
23449	0	35248	
23450	0	34684	
23451	0	33984	
23452	0	33400	
23453	0	33100	
23454	0	32952	
23455	0	33000	
23456	0	33048	
23457	0	32724	
23458	0	32080	
23459	0	31472	
23460	0	31352	
23461	0	31944	
23462	0	32784	
23463	0	33516	
23464	0	34200	
23465	0	34872	
23466	0	35164	
23467	0	34560	
23468	0	33728	
23469	0	32888	
23470	0	32452	
23471	0	33128	
23472	0	34088	
23473	0	34460	
23474	0	34576	
23475	0	34864	
23476	0	35044	
23477	0	34904	
23478	0	34620	
23479	0	33860	
23480	0	33328	
23481	0	33340	
23482	0	33460	
23483	0	33152	
23484	0	32408	
23485	0	32376	
23486	0	32264	
23487	0	32292	
23488	0	33064	
23489	0	33970	
23490	0	34660	
23491	0	35756	
23492	0	36816	
23493	0	37196	
23494	0	37160	
23495	0	36800	
23496	0	36092	
23497	0	35512	
23498	0	34948	
23499	0	34192	
23500	0	33016	
23501	0	31504	
23502	0	30128	
23503	0	29024	
23504	0	27965	
23505	0	27876	
23506	0	28316	
23507	0	28880	
23508	0	29616	
23509	0	30688	
23510	0	32068	
23511	0	32808	
23512	0	32428	
23513	0	31900	
23514	0	31424	
23515	0	30600	
23516	0	30468	
23517	0	30332	
23518	0	29880	
23519	0	29380	
23520	0	29044	
23521	0	28692	
23522	0	28164	
23523	0	27532	
23524	0	26836	
23525	0	27332	
23526	0	28700	
23527	0	30268	
23528	0	30944	
23529	0	31640	
23530	0	32524	
23531	0	33040	
23532	0	33520	
23533	0	33320	
23534	0	32240	
23535	0	30844	
23536	0	29792	
23537	0	29580	
23538	0	30216	
23539	0	31004	
23540	0	31776	
23541	0	32412	
23542	0	32748	
23543	0	33044	
23544	0	33020	
23545	0	33020	
23546	0	32876	
23547	0	32704	
23548	0	32484	
23549	0	32168	
23550	0	31514	
23551	0	30568	
23552	0	29880	
23553	0	28736	
23554	0	27992	
23555	0	27960	
23556	0	28116	
23557	0	28312	
23558	0	29100	
23559	0	29560	
23560	0	29620	
23561	0	30204	
23562	0	30536	
23563	0	30604	
23564	0	30496	
23565	0	30336	
23566	0	30968	
23567	0	31488	
23568	0	32324	
23569	0	33748	
23570	0	35364	
23571	0	36476	
23572	0	36904	
23573	0	36288	
23574	0	35284	
23575	0	34108	
23576	0	33460	
23577	0	33016	
23578	0	32564	
23579	0	31852	
23580	0	31220	
23581	0	31600	
23582	0	32044	
23583	0	32324	
23584	0	32624	
23585	0	33132	
23586	0	33280	
23587	0	33516	
23588	0	33136	
23589	0	32520	
23590	0	31836	
23591	0	30872	
23592	0	30332	
23593	0	30056	
23594	0	29652	
23595	0	29216	
23596	0	28628	
23597	0	27860	
23598	0	27428	
23599	0	27648	
23600	0	28816	
23601	0	29504	
23602	0	30032	
23603	0	30220	
23604	0	30640	
23605	0	30904	
23606	0	31021	
23607	0	30964	
23608	0	31504	
23609	0	32256	
23610	0	32668	
23611	0	32842	
23612	0	32800	
23613	0	33112	
23614	0	33356	
23615	0	33216	
23616	0	33084	
23617	0	32968	
23618	0	32148	
23619	0	30600	
23620	0	28924	
23621	0	27984	
23622	0	27944	
23623	0	28148	
23624	0	28072	
23625	0	27720	
23626	0	27188	
23627	0	26860	
23628	0	26800	
23629	0	27096	
23630	0	27224	
23631	0	27460	
23632	0	28016	
23633	0	28984	
23634	0	30144	
23635	0	31252	
23636	0	32164	
23637	0	32536	
23638	0	32496	
23639	0	32460	
23640	0	32008	
23641	0	31080	
23642	0	30524	
23643	0	30028	
23644	0	29408	
23645	0	28546	
23646	0	28114	
23647	0	27916	
23648	0	28208	
23649	0	28468	
23650	0	28984	
23651	0	29168	
23652	0	28856	
23653	0	27748	
23654	0	27704	
23655	0	28674	
23656	0	30148	
23657	0	32240	
23658	0	34108	
23659	0	35444	
23660	0	35364	
23661	0	34012	
23662	0	32304	
23663	0	31648	
23664	0	30944	
23665	0	30388	
23666	0	30544	
23667	0	30404	
23668	0	29952	
23669	0	29409	
23670	0	28812	
23671	0	27896	
23672	0	27300	
23673	0	26952	
23674	0	26752	
23675	0	26792	
23676	0	26628	
23677	0	26000	
23678	0	24868	
23679	0	23900	
23680	0	23516	
23681	0	24392	
23682	0	26152	
23683	0	27264	
23684	0	27896	
23685	0	28460	
23686	0	28852	
23687	0	29512	
23688	0	30232	
23689	0	30840	
23690	0	31124	
23691	0	31408	
23692	0	31364	
23693	0	31424	
23694	0	31648	
23695	0	32116	
23696	0	32360	
23697	0	32200	
23698	0	32616	
23699	0	33548	
23700	0	33624	
23701	0	32992	
23702	0	32600	
23703	0	32652	
23704	0	33116	
23705	0	32976	
23706	0	33032	
23707	0	33268	
23708	0	32800	
23709	0	32696	
23710	0	32708	
23711	0	32578	
23712	0	32564	
23713	0	32392	
23714	0	31664	
23715	0	31208	
23716	0	30164	
23717	0	29092	
23718	0	28712	
23719	0	28490	
23720	0	28340	
23721	0	28372	
23722	0	28504	
23723	0	29384	
23724	0	30752	
23725	0	31768	
23726	0	32464	
23727	0	32424	
23728	0	31640	
23729	0	30340	
23730	0	29496	
23731	0	29608	
23732	0	30360	
23733	0	30504	
23734	0	30784	
23735	0	31328	
23736	0	31344	
23737	0	31044	
23738	0	30706	
23739	0	30544	
23740	0	31264	
23741	0	32044	
23742	0	32760	
23743	0	33000	
23744	0	33060	
23745	0	32856	
23746	0	32328	
23747	0	31680	
23748	0	31328	
23749	0	30520	
23750	0	29524	
23751	0	29332	
23752	0	29556	
23753	0	29940	
23754	0	30169	
23755	0	30508	
23756	0	30300	
23757	0	29864	
23758	0	28692	
23759	0	27216	
23760	0	26260	
23761	0	25724	
23762	0	26152	
23763	0	27472	
23764	0	29112	
23765	0	31128	
23766	0	32312	
23767	0	33344	
23768	0	33712	
23769	0	33576	
23770	0	33456	
23771	0	33252	
23772	0	32824	
23773	0	32788	
23774	0	33312	
23775	0	33736	
23776	0	33708	
23777	0	33100	
23778	0	33100	
23779	0	33556	
23780	0	34616	
23781	0	36252	
23782	0	37708	
23783	0	38352	
23784	0	38938	
23785	0	39096	
23786	0	38372	
23787	0	38072	
23788	0	37636	
23789	0	36900	
23790	0	36028	
23791	0	35400	
23792	0	34648	
23793	0	33896	
23794	0	33236	
23795	0	32444	
23796	0	32698	
23797	0	33812	
23798	0	34992	
23799	0	35844	
23800	0	36065	
23801	0	35472	
23802	0	34396	
23803	0	33908	
23804	0	33728	
23805	0	33836	
23806	0	34184	
23807	0	34508	
23808	0	34472	
23809	0	33920	
23810	0	33056	
23811	0	33052	
23812	0	33980	
23813	0	34972	
23814	0	35092	
23815	0	34732	
23816	0	34488	
23817	0	34284	
23818	0	34080	
23819	0	33372	
23820	0	32688	
23821	0	32864	
23822	0	33520	
23823	0	33664	
23824	0	33428	
23825	0	33280	
23826	0	32860	
23827	0	32128	
23828	0	32132	
23829	0	32692	
23830	0	33200	
23831	0	33128	
23832	0	32804	
23833	0	32600	
23834	0	33196	
23835	0	34044	
23836	0	35140	
23837	0	36026	
23838	0	36572	
23839	0	37088	
23840	0	37176	
23841	0	36704	
23842	0	36048	
23843	0	35796	
23844	0	36036	
23845	0	36496	
23846	0	36760	
23847	0	36912	
23848	0	37168	
23849	0	36672	
23850	0	36136	
23851	0	35476	
23852	0	33992	
23853	0	33144	
23854	0	32772	
23855	0	32532	
23856	0	32320	
23857	0	32392	
23858	0	32028	
23859	0	32220	
23860	0	32336	
23861	0	31968	
23862	0	31568	
23863	0	30984	
23864	0	30412	
23865	0	29836	
23866	0	29320	
23867	0	29360	
23868	0	30480	
23869	0	31752	
23870	0	32568	
23871	0	32984	
23872	0	32984	
23873	0	33104	
23874	0	32648	
23875	0	32140	
23876	0	31988	
23877	0	32308	
23878	0	32928	
23879	0	33508	
23880	0	34412	
23881	0	35336	
23882	0	35576	
23883	0	35300	
23884	0	35288	
23885	0	35696	
23886	0	35880	
23887	0	36000	
23888	0	35592	
23889	0	34824	
23890	0	33884	
23891	0	32976	
23892	0	33052	
23893	0	33800	
23894	0	33589	
23895	0	32968	
23896	0	32512	
23897	0	32016	
23898	0	31908	
23899	0	31776	
23900	0	31804	
23901	0	32008	
23902	0	32632	
23903	0	33268	
23904	0	33148	
23905	0	32508	
23906	0	32172	
23907	0	32124	
23908	0	32032	
23909	0	31700	
23910	0	31396	
23911	0	30796	
23912	0	30272	
23913	0	29952	
23914	0	29728	
23915	0	29260	
23916	0	28868	
23917	0	28688	
23918	0	29136	
23919	0	29396	
23920	0	29540	
23921	0	29356	
23922	0	29348	
23923	0	30248	
23924	0	31552	
23925	0	32012	
23926	0	32520	
23927	0	32828	
23928	0	32872	
23929	0	32724	
23930	0	32460	
23931	0	31976	
23932	0	31440	
23933	0	30976	
23934	0	30740	
23935	0	31128	
23936	0	31796	
23937	0	32328	
23938	0	32036	
23939	0	31660	
23940	0	31304	
23941	0	30224	
23942	0	28996	
23943	0	28072	
23944	0	27944	
23945	0	27592	
23946	0	27180	
23947	0	27392	
23948	0	27904	
23949	0	28648	
23950	0	29256	
23951	0	29400	
23952	0	28580	
23953	0	28076	
23954	0	27856	
23955	0	28044	
23956	0	28840	
23957	0	29896	
23958	0	30200	
23959	0	30176	
23960	0	30064	
23961	0	29830	
23962	0	29728	
23963	0	29672	
23964	0	29752	
23965	0	30064	
23966	0	30096	
23967	0	29452	
23968	0	29516	
23969	0	29352	
23970	0	28714	
23971	0	28152	
23972	0	28380	
23973	0	28613	
23974	0	28352	
23975	0	28272	
23976	0	28120	
23977	0	27896	
23978	0	27957	
23979	0	28652	
23980	0	29404	
23981	0	29840	
23982	0	30228	
23983	0	30180	
23984	0	29336	
23985	0	29088	
23986	0	29796	
23987	0	30664	
23988	0	31464	
23989	0	31968	
23990	0	32112	
23991	0	32108	
23992	0	31720	
23993	0	31584	
23994	0	31672	
23995	0	31400	
23996	0	30744	
23997	0	30218	
23998	0	29672	
23999	0	29300	
24000	0	28656	
24001	0	28856	
24002	0	29852	
24003	0	30560	
24004	0	30684	
24005	0	31236	
24006	0	32484	
24007	0	33416	
24008	0	33432	
24009	0	32142	
24010	0	30216	
24011	0	29100	
24012	0	29264	
24013	0	29144	
24014	0	29912	
24015	0	31068	
24016	0	32552	
24017	0	33024	
24018	0	33168	
24019	0	33184	
24020	0	32888	
24021	0	32316	
24022	0	32112	
24023	0	32272	
24024	0	32320	
24025	0	32500	
24026	0	32412	
24027	0	31976	
24028	0	31664	
24029	0	31584	
24030	0	31488	
24031	0	31180	
24032	0	30480	
24033	0	30140	
24034	0	30600	
24035	0	31716	
24036	0	32780	
24037	0	34008	
24038	0	35720	
24039	0	37456	
24040	0	38446	
24041	0	38260	
24042	0	36284	
24043	0	33900	
24044	0	31964	
24045	0	30560	
24046	0	29344	
24047	0	28692	
24048	0	28762	
24049	0	29380	
24050	0	30212	
24051	0	30904	
24052	0	31368	
24053	0	31800	
24054	0	32320	
24055	0	33344	
24056	0	34856	
24057	0	35708	
24058	0	36244	
24059	0	37268	
24060	0	37548	
24061	0	37336	
24062	0	37056	
24063	0	36952	
24064	0	37264	
24065	0	37648	
24066	0	37740	
24067	0	37376	
24068	0	37376	
24069	0	37632	
24070	0	38132	
24071	0	39120	
24072	0	39540	
24073	0	39080	
24074	0	38192	
24075	0	37244	
24076	0	36820	
24077	0	37412	
24078	0	38304	
24079	0	39592	
24080	0	40928	
24081	0	41864	
24082	0	42556	
24083	0	42408	
24084	0	41396	
24085	0	40420	
24086	0	39412	
24087	0	38600	
24088	0	37912	
24089	0	36856	
24090	0	35740	
24091	0	35104	
24092	0	35296	
24093	0	36308	
24094	0	37396	
24095	0	37584	
24096	0	36708	
24097	0	35748	
24098	0	35384	
24099	0	35600	
24100	0	35952	
24101	0	36144	
24102	0	36672	
24103	0	37132	
24104	0	37424	
24105	0	37568	
24106	0	37488	
24107	0	36768	
24108	0	35048	
24109	0	33532	
24110	0	32756	
24111	0	31968	
24112	0	31516	
24113	0	31612	
24114	0	32100	
24115	0	32440	
24116	0	32156	
24117	0	31876	
24118	0	32208	
24119	0	32956	
24120	0	33816	
24121	0	34208	
24122	0	34308	
24123	0	34588	
24124	0	34492	
24125	0	34136	
24126	0	33840	
24127	0	33552	
24128	0	33536	
24129	0	33960	
24130	0	34040	
24131	0	34444	
24132	0	34768	
24133	0	35372	
24134	0	35288	
24135	0	33944	
24136	0	32464	
24137	0	31636	
24138	0	31824	
24139	0	32764	
24140	0	33456	
24141	0	33544	
24142	0	32824	
24143	0	31728	
24144	0	31172	
24145	0	31476	
24146	0	32516	
24147	0	33888	
24148	0	34932	
24149	0	34896	
24150	0	34096	
24151	0	32712	
24152	0	31432	
24153	0	30732	
24154	0	30612	
24155	0	31156	
24156	0	31992	
24157	0	32568	
24158	0	32320	
24159	0	32048	
24160	0	32248	
24161	0	32520	
24162	0	32724	
24163	0	33260	
24164	0	34496	
24165	0	35276	
24166	0	34964	
24167	0	34868	
24168	0	34760	
24169	0	35040	
24170	0	35706	
24171	0	36392	
24172	0	36856	
24173	0	37396	
24174	0	37132	
24175	0	36128	
24176	0	35280	
24177	0	35084	
24178	0	35348	
24179	0	36248	
24180	0	37256	
24181	0	37616	
24182	0	37484	
24183	0	37632	
24184	0	37732	
24185	0	37440	
24186	0	36736	
24187	0	36092	
24188	0	35664	
24189	0	35332	
24190	0	35792	
24191	0	37072	
24192	0	37780	
24193	0	37752	
24194	0	37852	
24195	0	38540	
24196	0	39572	
24197	0	40864	
24198	0	41072	
24199	0	40412	
24200	0	39256	
24201	0	38000	
24202	0	36244	
24203	0	34100	
24204	0	32916	
24205	0	32940	
24206	0	33260	
24207	0	33056	
24208	0	32300	
24209	0	31668	
24210	0	30824	
24211	0	29876	
24212	0	29884	
24213	0	30384	
24214	0	31344	
24215	0	31756	
24216	0	31088	
24217	0	29772	
24218	0	28648	
24219	0	28460	
24220	0	28736	
24221	0	29128	
24222	0	29568	
24223	0	29956	
24224	0	30496	
24225	0	31500	
24226	0	33040	
24227	0	35000	
24228	0	36000	
24229	0	36008	
24230	0	35520	
24231	0	34596	
24232	0	33500	
24233	0	32456	
24234	0	32088	
24235	0	32556	
24236	0	33232	
24237	0	34072	
24238	0	34796	
24239	0	35784	
24240	0	36196	
24241	0	36560	
24242	0	36952	
24243	0	37508	
24244	0	37400	
24245	0	36540	
24246	0	35508	
24247	0	34672	
24248	0	34288	
24249	0	34028	
24250	0	33180	
24251	0	32692	
24252	0	32590	
24253	0	32404	
24254	0	32250	
24255	0	31468	
24256	0	30408	
24257	0	30000	
24258	0	30360	
24259	0	30896	
24260	0	31492	
24261	0	31904	
24262	0	32080	
24263	0	32440	
24264	0	32628	
24265	0	32552	
24266	0	32016	
24267	0	31464	
24268	0	31580	
24269	0	30936	
24270	0	30168	
24271	0	30008	
24272	0	30760	
24273	0	31280	
24274	0	31816	
24275	0	32146	
24276	0	32104	
24277	0	31896	
24278	0	31352	
24279	0	30840	
24280	0	30778	
24281	0	31248	
24282	0	32148	
24283	0	33200	
24284	0	34160	
24285	0	35456	
24286	0	36184	
24287	0	36400	
24288	0	36056	
24289	0	35544	
24290	0	35428	
24291	0	35880	
24292	0	35760	
24293	0	35472	
24294	0	34992	
24295	0	34260	
24296	0	33281	
24297	0	31944	
24298	0	30860	
24299	0	30524	
24300	0	30312	
24301	0	30276	
24302	0	30496	
24303	0	30888	
24304	0	31492	
24305	0	32208	
24306	0	32712	
24307	0	33064	
24308	0	32936	
24309	0	32636	
24310	0	32092	
24311	0	32088	
24312	0	32104	
24313	0	31724	
24314	0	31288	
24315	0	30708	
24316	0	30444	
24317	0	30456	
24318	0	30488	
24319	0	30260	
24320	0	30204	
24321	0	30384	
24322	0	30600	
24323	0	30632	
24324	0	30748	
24325	0	30572	
24326	0	30648	
24327	0	31640	
24328	0	33102	
24329	0	34720	
24330	0	36300	
24331	0	37032	
24332	0	36692	
24333	0	35552	
24334	0	34314	
24335	0	33092	
24336	0	31660	
24337	0	30876	
24338	0	30956	
24339	0	31624	
24340	0	32196	
24341	0	33176	
24342	0	33840	
24343	0	33756	
24344	0	34024	
24345	0	34874	
24346	0	35096	
24347	0	34904	
24348	0	34680	
24349	0	34332	
24350	0	33876	
24351	0	33432	
24352	0	32712	
24353	0	31484	
24354	0	29780	
24355	0	28644	
24356	0	28052	
24357	0	28120	
24358	0	28704	
24359	0	30100	
24360	0	31900	
24361	0	33612	
24362	0	34836	
24363	0	35164	
24364	0	34420	
24365	0	33720	
24366	0	33048	
24367	0	32968	
24368	0	32698	
24369	0	33068	
24370	0	33984	
24371	0	35040	
24372	0	35888	
24373	0	36284	
24374	0	36112	
24375	0	35986	
24376	0	34952	
24377	0	32968	
24378	0	30888	
24379	0	29968	
24380	0	30036	
24381	0	31028	
24382	0	32648	
24383	0	33968	
24384	0	34648	
24385	0	34636	
24386	0	34868	
24387	0	35168	
24388	0	34920	
24389	0	34192	
24390	0	33304	
24391	0	32268	
24392	0	30480	
24393	0	28848	
24394	0	27396	
24395	0	26344	
24396	0	26152	
24397	0	26580	
24398	0	27364	
24399	0	27780	
24400	0	28564	
24401	0	29504	
24402	0	30256	
24403	0	31068	
24404	0	31744	
24405	0	31776	
24406	0	31808	
24407	0	31344	
24408	0	30980	
24409	0	31384	
24410	0	32080	
24411	0	33352	
24412	0	34576	
24413	0	35102	
24414	0	35516	
24415	0	35860	
24416	0	35928	
24417	0	36312	
24418	0	37048	
24419	0	37656	
24420	0	37388	
24421	0	35996	
24422	0	34332	
24423	0	32784	
24424	0	31466	
24425	0	31016	
24426	0	31336	
24427	0	31656	
24428	0	31664	
24429	0	31576	
24430	0	31344	
24431	0	31476	
24432	0	31440	
24433	0	30922	
24434	0	30916	
24435	0	30860	
24436	0	30588	
24437	0	30860	
24438	0	31328	
24439	0	31888	
24440	0	32041	
24441	0	31580	
24442	0	30272	
24443	0	29380	
24444	0	29076	
24445	0	29492	
24446	0	29324	
24447	0	28616	
24448	0	28120	
24449	0	27984	
24450	0	28728	
24451	0	29472	
24452	0	30328	
24453	0	30896	
24454	0	30908	
24455	0	30704	
24456	0	30052	
24457	0	29592	
24458	0	29044	
24459	0	29012	
24460	0	29866	
24461	0	30848	
24462	0	31416	
24463	0	31704	
24464	0	32392	
24465	0	33292	
24466	0	33472	
24467	0	32712	
24468	0	32004	
24469	0	31056	
24470	0	30016	
24471	0	28652	
24472	0	27992	
24473	0	27820	
24474	0	27696	
24475	0	27476	
24476	0	27570	
24477	0	27712	
24478	0	28048	
24479	0	28512	
24480	0	29080	
24481	0	29436	
24482	0	29720	
24483	0	30268	
24484	0	30376	
24485	0	30268	
24486	0	30196	
24487	0	30208	
24488	0	30428	
24489	0	30952	
24490	0	31672	
24491	0	32036	
24492	0	32080	
24493	0	32592	
24494	0	33376	
24495	0	34360	
24496	0	34540	
24497	0	34528	
24498	0	33936	
24499	0	33496	
24500	0	32932	
24501	0	32216	
24502	0	31168	
24503	0	30060	
24504	0	28952	
24505	0	28148	
24506	0	28408	
24507	0	29268	
24508	0	29760	
24509	0	29000	
24510	0	28260	
24511	0	27948	
24512	0	27524	
24513	0	26716	
24514	0	26128	
24515	0	25609	
24516	0	25480	
24517	0	25720	
24518	0	26100	
24519	0	25916	
24520	0	26080	
24521	0	26252	
24522	0	26552	
24523	0	26384	
24524	0	25762	
24525	0	24816	
24526	0	23344	
24527	0	22100	
24528	0	21504	
24529	0	21992	
24530	0	23153	
24531	0	24324	
24532	0	24876	
24533	0	24632	
24534	0	23744	
24535	0	23310	
24536	0	23324	
24537	0	23396	
24538	0	23460	
24539	0	23984	
24540	0	24416	
24541	0	24700	
24542	0	24856	
24543	0	25248	
24544	0	25700	
24545	0	26300	
24546	0	26946	
24547	0	27652	
24548	0	27696	
24549	0	26632	
24550	0	25252	
24551	0	24212	
24552	0	23732	
24553	0	23648	
24554	0	24080	
24555	0	25028	
24556	0	26436	
24557	0	27332	
24558	0	27504	
24559	0	27868	
24560	0	28156	
24561	0	28141	
24562	0	27644	
24563	0	27352	
24564	0	27504	
24565	0	27784	
24566	0	28280	
24567	0	28516	
24568	0	28088	
24569	0	27580	
24570	0	27328	
24571	0	26760	
24572	0	26572	
24573	0	26344	
24574	0	25956	
24575	0	25836	
24576	0	26480	
24577	0	27184	
24578	0	28020	
24579	0	28796	
24580	0	28884	
24581	0	28602	
24582	0	27828	
24583	0	27160	
24584	0	27396	
24585	0	28580	
24586	0	29772	
24587	0	30432	
24588	0	30676	
24589	0	30624	
24590	0	30452	
24591	0	30004	
24592	0	28868	
24593	0	27728	
24594	0	26720	
24595	0	26280	
24596	0	26732	
24597	0	27720	
24598	0	28836	
24599	0	29372	
24600	0	29144	
24601	0	29112	
24602	0	29348	
24603	0	29372	
24604	0	29968	
24605	0	32000	
24606	0	33900	
24607	0	34700	
24608	0	34788	
24609	0	34332	
24610	0	33396	
24611	0	32532	
24612	0	31704	
24613	0	30840	
24614	0	30088	
24615	0	29280	
24616	0	28528	
24617	0	28456	
24618	0	28948	
24619	0	29516	
24620	0	30256	
24621	0	30916	
24622	0	31304	
24623	0	32176	
24624	0	32812	
24625	0	33348	
24626	0	33876	
24627	0	34428	
24628	0	34040	
24629	0	32600	
24630	0	31080	
24631	0	29672	
24632	0	28760	
24633	0	28476	
24634	0	28472	
24635	0	28649	
24636	0	28890	
24637	0	29544	
24638	0	30164	
24639	0	31152	
24640	0	30940	
24641	0	29780	
24642	0	28972	
24643	0	28448	
24644	0	27772	
24645	0	27248	
24646	0	26824	
24647	0	26710	
24648	0	27336	
24649	0	28412	
24650	0	29532	
24651	0	30124	
24652	0	30360	
24653	0	30652	
24654	0	31048	
24655	0	31444	
24656	0	32104	
24657	0	33436	
24658	0	34600	
24659	0	35444	
24660	0	35512	
24661	0	35096	
24662	0	34004	
24663	0	33252	
24664	0	33488	
24665	0	34660	
24666	0	36352	
24667	0	37480	
24668	0	38344	
24669	0	38520	
24670	0	37940	
24671	0	37216	
24672	0	36608	
24673	0	36068	
24674	0	35924	
24675	0	36764	
24676	0	37608	
24677	0	37804	
24678	0	37640	
24679	0	36372	
24680	0	34823	
24681	0	33168	
24682	0	31772	
24683	0	31132	
24684	0	31192	
24685	0	31504	
24686	0	31432	
24687	0	30876	
24688	0	30720	
24689	0	30896	
24690	0	31168	
24691	0	30944	
24692	0	30756	
24693	0	30524	
24694	0	30876	
24695	0	31024	
24696	0	30984	
24697	0	31124	
24698	0	31546	
24699	0	32064	
24700	0	32520	
24701	0	32848	
24702	0	33144	
24703	0	33232	
24704	0	33616	
24705	0	34240	
24706	0	35136	
24707	0	36016	
24708	0	36916	
24709	0	36920	
24710	0	36392	
24711	0	35260	
24712	0	34300	
24713	0	33760	
24714	0	33452	
24715	0	32908	
24716	0	32408	
24717	0	31420	
24718	0	30772	
24719	0	30572	
24720	0	30412	
24721	0	30988	
24722	0	31880	
24723	0	32788	
24724	0	33356	
24725	0	33200	
24726	0	32564	
24727	0	32160	
24728	0	32240	
24729	0	33176	
24730	0	34036	
24731	0	34596	
24732	0	35092	
24733	0	35248	
24734	0	35064	
24735	0	35224	
24736	0	35472	
24737	0	35508	
24738	0	34700	
24739	0	34000	
24740	0	32828	
24741	0	31256	
24742	0	30496	
24743	0	29920	
24744	0	29192	
24745	0	28570	
24746	0	28456	
24747	0	28412	
24748	0	29112	
24749	0	29440	
24750	0	29124	
24751	0	29486	
24752	0	30888	
24753	0	32628	
24754	0	33640	
24755	0	34212	
24756	0	34028	
24757	0	33000	
24758	0	31532	
24759	0	31036	
24760	0	31612	
24761	0	32408	
24762	0	33316	
24763	0	33804	
24764	0	34252	
24765	0	34976	
24766	0	35656	
24767	0	36196	
24768	0	36560	
24769	0	36500	
24770	0	35972	
24771	0	34932	
24772	0	34180	
24773	0	33976	
24774	0	34048	
24775	0	34432	
24776	0	34964	
24777	0	35640	
24778	0	35480	
24779	0	34628	
24780	0	33884	
24781	0	33108	
24782	0	32400	
24783	0	32144	
24784	0	33116	
24785	0	34832	
24786	0	36348	
24787	0	36864	
24788	0	36148	
24789	0	35000	
24790	0	34016	
24791	0	33176	
24792	0	32640	
24793	0	32272	
24794	0	31812	
24795	0	31808	
24796	0	32324	
24797	0	32988	
24798	0	33608	
24799	0	33788	
24800	0	33536	
24801	0	32892	
24802	0	32280	
24803	0	32036	
24804	0	32540	
24805	0	32680	
24806	0	31912	
24807	0	30968	
24808	0	30608	
24809	0	30556	
24810	0	30236	
24811	0	29844	
24812	0	29420	
24813	0	29036	
24814	0	29484	
24815	0	30364	
24816	0	31468	
24817	0	31748	
24818	0	31120	
24819	0	30700	
24820	0	30504	
24821	0	29988	
24822	0	29744	
24823	0	30024	
24824	0	30588	
24825	0	31116	
24826	0	31980	
24827	0	33584	
24828	0	35032	
24829	0	35316	
24830	0	34952	
24831	0	34264	
24832	0	33000	
24833	0	31704	
24834	0	31368	
24835	0	31644	
24836	0	31408	
24837	0	30676	
24838	0	29928	
24839	0	29684	
24840	0	30076	
24841	0	30380	
24842	0	30444	
24843	0	30372	
24844	0	29724	
24845	0	29340	
24846	0	29374	
24847	0	29944	
24848	0	30296	
24849	0	30744	
24850	0	30588	
24851	0	30044	
24852	0	29312	
24853	0	29288	
24854	0	30356	
24855	0	31238	
24856	0	31512	
24857	0	31472	
24858	0	30984	
24859	0	30824	
24860	0	31020	
24861	0	31008	
24862	0	31144	
24863	0	31690	
24864	0	32400	
24865	0	32792	
24866	0	32832	
24867	0	32648	
24868	0	32248	
24869	0	32128	
24870	0	32240	
24871	0	32122	
24872	0	31716	
24873	0	31492	
24874	0	31092	
24875	0	30544	
24876	0	30828	
24877	0	31328	
24878	0	32004	
24879	0	32908	
24880	0	33684	
24881	0	34476	
24882	0	35360	
24883	0	36572	
24884	0	37720	
24885	0	38128	
24886	0	38880	
24887	0	38992	
24888	0	38580	
24889	0	37612	
24890	0	36392	
24891	0	35228	
24892	0	34312	
24893	0	33988	
24894	0	34064	
24895	0	33918	
24896	0	33328	
24897	0	32580	
24898	0	32028	
24899	0	31600	
24900	0	31088	
24901	0	31009	
24902	0	31012	
24903	0	30916	
24904	0	30896	
24905	0	31128	
24906	0	31768	
24907	0	32356	
24908	0	32980	
24909	0	33096	
24910	0	32612	
24911	0	31792	
24912	0	31164	
24913	0	30904	
24914	0	30168	
24915	0	29672	
24916	0	30108	
24917	0	30608	
24918	0	31260	
24919	0	31808	
24920	0	32816	
24921	0	33340	
24922	0	34004	
24923	0	34224	
24924	0	34992	
24925	0	35376	
24926	0	35772	
24927	0	36308	
24928	0	36308	
24929	0	35708	
24930	0	34680	
24931	0	34180	
24932	0	33836	
24933	0	33304	
24934	0	32468	
24935	0	31628	
24936	0	31052	
24937	0	31084	
24938	0	31608	
24939	0	32352	
24940	0	33140	
24941	0	33564	
24942	0	33724	
24943	0	33920	
24944	0	34216	
24945	0	34368	
24946	0	34104	
24947	0	33888	
24948	0	34244	
24949	0	34112	
24950	0	33632	
24951	0	33504	
24952	0	33260	
24953	0	33468	
24954	0	33924	
24955	0	34584	
24956	0	34784	
24957	0	34296	
24958	0	34156	
24959	0	34136	
24960	0	33660	
24961	0	32984	
24962	0	32592	
24963	0	32144	
24964	0	32340	
24965	0	32984	
24966	0	33904	
24967	0	34928	
24968	0	35184	
24969	0	35400	
24970	0	35804	
24971	0	35940	
24972	0	35584	
24973	0	35052	
24974	0	34728	
24975	0	33924	
24976	0	33044	
24977	0	32612	
24978	0	32912	
24979	0	33004	
24980	0	32520	
24981	0	31488	
24982	0	30844	
24983	0	30832	
24984	0	31808	
24985	0	33292	
24986	0	34572	
24987	0	35196	
24988	0	34704	
24989	0	34444	
24990	0	34428	
24991	0	34256	
24992	0	34128	
24993	0	34064	
24994	0	34136	
24995	0	33992	
24996	0	33624	
24997	0	33572	
24998	0	33684	
24999	0	33636	
25000	0	33652	
25001	0	33408	
25002	0	33420	
25003	0	33604	
25004	0	33576	
25005	0	33796	
25006	0	33984	
25007	0	34018	
25008	0	33940	
25009	0	33700	
25010	0	33200	
25011	0	32232	
25012	0	31928	
25013	0	31520	
25014	0	31348	
25015	0	31732	
25016	0	31752	
25017	0	31756	
25018	0	31873	
25019	0	31976	
25020	0	32220	
25021	0	32944	
25022	0	33064	
25023	0	32828	
25024	0	33068	
25025	0	33528	
25026	0	33884	
25027	0	34736	
25028	0	34929	
25029	0	34292	
25030	0	33916	
25031	0	33672	
25032	0	33648	
25033	0	34016	
25034	0	34536	
25035	0	35052	
25036	0	35112	
25037	0	35016	
25038	0	34276	
25039	0	33720	
25040	0	33652	
25041	0	34168	
25042	0	34720	
25043	0	35304	
25044	0	35816	
25045	0	35412	
25046	0	34628	
25047	0	34112	
25048	0	33620	
25049	0	33336	
25050	0	33552	
25051	0	34272	
25052	0	35136	
25053	0	35828	
25054	0	35720	
25055	0	34884	
25056	0	34280	
25057	0	33940	
25058	0	33888	
25059	0	34012	
25060	0	34212	
25061	0	34764	
25062	0	35316	
25063	0	35508	
25064	0	34900	
25065	0	33992	
25066	0	33208	
25067	0	32416	
25068	0	32284	
25069	0	32144	
25070	0	32232	
25071	0	31932	
25072	0	32148	
25073	0	32774	
25074	0	33450	
25075	0	33872	
25076	0	33512	
25077	0	32768	
25078	0	32216	
25079	0	31432	
25080	0	30944	
25081	0	30944	
25082	0	30800	
25083	0	30960	
25084	0	31512	
25085	0	32024	
25086	0	32264	
25087	0	32748	
25088	0	33812	
25089	0	35544	
25090	0	36620	
25091	0	37180	
25092	0	37188	
25093	0	36644	
25094	0	35888	
25095	0	34892	
25096	0	34048	
25097	0	33312	
25098	0	32236	
25099	0	31392	
25100	0	31220	
25101	0	31058	
25102	0	30544	
25103	0	30516	
25104	0	30488	
25105	0	30692	
25106	0	31412	
25107	0	32488	
25108	0	32884	
25109	0	32128	
25110	0	31164	
25111	0	30556	
25112	0	30384	
25113	0	30864	
25114	0	30728	
25115	0	29560	
25116	0	28856	
25117	0	28202	
25118	0	27632	
25119	0	28012	
25120	0	28984	
25121	0	30028	
25122	0	31112	
25123	0	32160	
25124	0	32384	
25125	0	32528	
25126	0	32576	
25127	0	32392	
25128	0	33008	
25129	0	33980	
25130	0	35164	
25131	0	35624	
25132	0	35488	
25133	0	35116	
25134	0	34488	
25135	0	33860	
25136	0	33580	
25137	0	33296	
25138	0	33412	
25139	0	33904	
25140	0	34736	
25141	0	35820	
25142	0	36572	
25143	0	36432	
25144	0	35952	
25145	0	35616	
25146	0	35344	
25147	0	35324	
25148	0	35612	
25149	0	35668	
25150	0	35484	
25151	0	35244	
25152	0	34698	
25153	0	33944	
25154	0	34136	
25155	0	34732	
25156	0	36000	
25157	0	37184	
25158	0	37952	
25159	0	38276	
25160	0	37748	
25161	0	37448	
25162	0	36848	
25163	0	36596	
25164	0	36248	
25165	0	35792	
25166	0	35852	
25167	0	35612	
25168	0	35308	
25169	0	34520	
25170	0	34556	
25171	0	34810	
25172	0	34216	
25173	0	32984	
25174	0	31408	
25175	0	30352	
25176	0	30476	
25177	0	30996	
25178	0	31712	
25179	0	32304	
25180	0	32928	
25181	0	34240	
25182	0	36152	
25183	0	37584	
25184	0	38436	
25185	0	39028	
25186	0	39320	
25187	0	39904	
25188	0	40352	
25189	0	40460	
25190	0	40400	
25191	0	39928	
25192	0	38964	
25193	0	38328	
25194	0	37568	
25195	0	37328	
25196	0	36904	
25197	0	36272	
25198	0	36024	
25199	0	35744	
25200	0	35576	
25201	0	35644	
25202	0	35864	
25203	0	35872	
25204	0	35412	
25205	0	35032	
25206	0	35528	
25207	0	36656	
25208	0	37432	
25209	0	38064	
25210	0	38746	
25211	0	38568	
25212	0	37200	
25213	0	36064	
25214	0	35112	
25215	0	33980	
25216	0	32964	
25217	0	32472	
25218	0	32652	
25219	0	32856	
25220	0	33572	
25221	0	34622	
25222	0	35376	
25223	0	36116	
25224	0	36968	
25225	0	37904	
25226	0	38336	
25227	0	38892	
25228	0	39012	
25229	0	38154	
25230	0	37116	
25231	0	36220	
25232	0	35996	
25233	0	36240	
25234	0	36128	
25235	0	36304	
25236	0	37068	
25237	0	37788	
25238	0	37936	
25239	0	37344	
25240	0	36452	
25241	0	35460	
25242	0	34572	
25243	0	33940	
25244	0	33336	
25245	0	33164	
25246	0	33156	
25247	0	33468	
25248	0	34344	
25249	0	35000	
25250	0	35536	
25251	0	35592	
25252	0	35464	
25253	0	34764	
25254	0	34568	
25255	0	34876	
25256	0	35652	
25257	0	36244	
25258	0	36948	
25259	0	38440	
25260	0	40232	
25261	0	42076	
25262	0	43416	
25263	0	43672	
25264	0	42500	
25265	0	39848	
25266	0	36436	
25267	0	33592	
25268	0	31224	
25269	0	30008	
25270	0	29204	
25271	0	28576	
25272	0	28388	
25273	0	28736	
25274	0	29746	
25275	0	31328	
25276	0	33572	
25277	0	35784	
25278	0	37152	
25279	0	38752	
25280	0	40464	
25281	0	41520	
25282	0	42524	
25283	0	43696	
25284	0	44108	
25285	0	44176	
25286	0	43876	
25287	0	43176	
25288	0	42512	
25289	0	41496	
25290	0	40820	
25291	0	39956	
25292	0	39868	
25293	0	41008	
25294	0	42016	
25295	0	42480	
25296	0	42128	
25297	0	41012	
25298	0	39688	
25299	0	38652	
25300	0	38356	
25301	0	38848	
25302	0	39760	
25303	0	40920	
25304	0	42400	
25305	0	43876	
25306	0	44756	
25307	0	45368	
25308	0	45560	
25309	0	45320	
25310	0	44600	
25311	0	43620	
25312	0	42520	
25313	0	41664	
25314	0	41156	
25315	0	41116	
25316	0	41240	
25317	0	41004	
25318	0	40356	
25319	0	39976	
25320	0	39412	
25321	0	39068	
25322	0	38904	
25323	0	39088	
25324	0	39584	
25325	0	40828	
25326	0	41716	
25327	0	42192	
25328	0	42324	
25329	0	41944	
25330	0	40264	
25331	0	37992	
25332	0	36008	
25333	0	35332	
25334	0	35476	
25335	0	35540	
25336	0	35652	
25337	0	35660	
25338	0	35256	
25339	0	34896	
25340	0	34520	
25341	0	34320	
25342	0	34300	
25343	0	34192	
25344	0	34554	
25345	0	34908	
25346	0	35572	
25347	0	36200	
25348	0	37116	
25349	0	38180	
25350	0	38796	
25351	0	38944	
25352	0	38916	
25353	0	38360	
25354	0	38120	
25355	0	38124	
25356	0	38352	
25357	0	38960	
25358	0	39416	
25359	0	38708	
25360	0	37176	
25361	0	35920	
25362	0	35992	
25363	0	36664	
25364	0	36920	
25365	0	36964	
25366	0	37308	
25367	0	37250	
25368	0	37460	
25369	0	37868	
25370	0	37916	
25371	0	37808	
25372	0	37572	
25373	0	37616	
25374	0	37576	
25375	0	37828	
25376	0	37204	
25377	0	36120	
25378	0	35620	
25379	0	35468	
25380	0	35348	
25381	0	35524	
25382	0	35856	
25383	0	36444	
25384	0	36488	
25385	0	36304	
25386	0	35784	
25387	0	35404	
25388	0	35336	
25389	0	35284	
25390	0	35604	
25391	0	35880	
25392	0	36504	
25393	0	37120	
25394	0	37424	
25395	0	36872	
25396	0	36420	
25397	0	36364	
25398	0	36368	
25399	0	36264	
25400	0	36068	
25401	0	35260	
25402	0	34028	
25403	0	33044	
25404	0	32424	
25405	0	32164	
25406	0	32636	
25407	0	33592	
25408	0	34436	
25409	0	34804	
25410	0	34760	
25411	0	34452	
25412	0	34176	
25413	0	34392	
25414	0	34388	
25415	0	34364	
25416	0	33720	
25417	0	33056	
25418	0	32460	
25419	0	32040	
25420	0	31980	
25421	0	32568	
25422	0	32766	
25423	0	32828	
25424	0	32908	
25425	0	32884	
25426	0	33236	
25427	0	33660	
25428	0	33884	
25429	0	33568	
25430	0	33172	
25431	0	32708	
25432	0	32308	
25433	0	31980	
25434	0	32064	
25435	0	31920	
25436	0	31924	
25437	0	31892	
25438	0	32008	
25439	0	32192	
25440	0	32196	
25441	0	31708	
25442	0	30740	
25443	0	29612	
25444	0	28992	
25445	0	29064	
25446	0	28780	
25447	0	28436	
25448	0	28216	
25449	0	28048	
25450	0	27656	
25451	0	27376	
25452	0	27249	
25453	0	27672	
25454	0	28448	
25455	0	28668	
25456	0	28916	
25457	0	28744	
25458	0	28584	
25459	0	28656	
25460	0	28832	
25461	0	28696	
25462	0	28476	
25463	0	28424	
25464	0	28084	
25465	0	27624	
25466	0	27456	
25467	0	27888	
25468	0	28472	
25469	0	28688	
25470	0	29088	
25471	0	28574	
25472	0	27404	
25473	0	26586	
25474	0	26176	
25475	0	26112	
25476	0	26612	
25477	0	27416	
25478	0	28484	
25479	0	29560	
25480	0	30084	
25481	0	30552	
25482	0	30376	
25483	0	29920	
25484	0	29640	
25485	0	29728	
25486	0	29960	
25487	0	30116	
25488	0	29904	
25489	0	29414	
25490	0	28284	
25491	0	26492	
25492	0	25104	
25493	0	24324	
25494	0	24304	
25495	0	25460	
25496	0	26900	
25497	0	28360	
25498	0	29912	
25499	0	31280	
25500	0	32112	
25501	0	32172	
25502	0	32104	
25503	0	31980	
25504	0	32544	
25505	0	33056	
25506	0	33084	
25507	0	33624	
25508	0	34014	
25509	0	34136	
25510	0	33968	
25511	0	33296	
25512	0	32680	
25513	0	33016	
25514	0	33292	
25515	0	33076	
25516	0	33088	
25517	0	33084	
25518	0	33196	
25519	0	33416	
25520	0	33560	
25521	0	33760	
25522	0	34224	
25523	0	34432	
25524	0	34264	
25525	0	33416	
25526	0	32176	
25527	0	31256	
25528	0	30652	
25529	0	30716	
25530	0	30500	
25531	0	30472	
25532	0	30964	
25533	0	31340	
25534	0	31352	
25535	0	30568	
25536	0	29624	
25537	0	28912	
25538	0	28288	
25539	0	28386	
25540	0	29020	
25541	0	29516	
25542	0	29712	
25543	0	29908	
25544	0	29928	
25545	0	29488	
25546	0	29056	
25547	0	28736	
25548	0	28548	
25549	0	29472	
25550	0	31344	
25551	0	32524	
25552	0	32808	
25553	0	32416	
25554	0	32408	
25555	0	32420	
25556	0	32360	
25557	0	31540	
25558	0	30480	
25559	0	29256	
25560	0	28348	
25561	0	28088	
25562	0	28220	
25563	0	28520	
25564	0	28936	
25565	0	29684	
25566	0	30356	
25567	0	30960	
25568	0	31260	
25569	0	31786	
25570	0	32352	
25571	0	32264	
25572	0	31300	
25573	0	30636	
25574	0	30120	
25575	0	29824	
25576	0	29648	
25577	0	29516	
25578	0	29356	
25579	0	29208	
25580	0	28848	
25581	0	28624	
25582	0	28912	
25583	0	29100	
25584	0	28844	
25585	0	28728	
25586	0	29180	
25587	0	29512	
25588	0	29736	
25589	0	30392	
25590	0	30512	
25591	0	29572	
25592	0	28392	
25593	0	28040	
25594	0	28240	
25595	0	28788	
25596	0	29296	
25597	0	28628	
25598	0	27396	
25599	0	26320	
25600	0	25456	
25601	0	24848	
25602	0	25820	
25603	0	28328	
25604	0	30760	
25605	0	32432	
25606	0	33128	
25607	0	34180	
25608	0	34912	
25609	0	34840	
25610	0	33842	
25611	0	32752	
25612	0	31924	
25613	0	31120	
25614	0	30352	
25615	0	30040	
25616	0	30484	
25617	0	31796	
25618	0	32932	
25619	0	32544	
25620	0	30828	
25621	0	29372	
25622	0	29356	
25623	0	29528	
25624	0	30356	
25625	0	33304	
25626	0	34984	
25627	0	34468	
25628	0	33412	
25629	0	31892	
25630	0	32248	
25631	0	35590	
25632	0	40312	
25633	0	42768	
25634	0	43456	
25635	0	44964	
25636	0	47056	
25637	0	48472	
25638	0	49092	
25639	0	47968	
25640	0	45716	
25641	0	42860	
25642	0	38648	
25643	0	36044	
25644	0	36860	
25645	0	40484	
25646	0	44368	
25647	0	44752	
25648	0	43956	
25649	0	46368	
25650	0	48720	
25651	0	46376	
25652	0	42612	
25653	0	40800	
25654	0	41484	
25655	0	43728	
25656	0	49336	
25657	0	55460	
25658	0	54520	
25659	0	50020	
25660	0	48952	
25661	0	50180	
25662	0	54068	
25663	0	58104	
25664	0	61364	
25665	0	63576	
25666	0	64448	
25667	0	64784	
25668	0	65464	
25669	0	65488	
25670	0	65480	
25671	0	65480	
25672	0	65480	
25673	0	65484	
25674	0	65472	
25675	0	65480	
25676	0	65484	
25677	0	65488	
25678	0	65480	
25679	0	65472	
25680	0	65476	
25681	0	65480	
25682	0	65476	
25683	0	65484	
25684	0	65488	
25685	0	65472	
25686	0	65488	
25687	0	65484	
25688	0	65480	
25689	0	65480	
25690	0	65472	
25691	0	65472	
25692	0	65464	
25693	0	65476	
25694	0	65468	
25695	0	65488	
25696	0	65480	
25697	0	65472	
25698	0	65476	
25699	0	65472	
25700	0	65476	
25701	0	65484	
25702	0	65480	
25703	0	65472	
25704	0	65480	
25705	0	65488	
25706	0	65484	
25707	0	65476	
25708	0	65480	
25709	0	65472	
25710	0	65488	
25711	0	65476	
25712	0	65476	
25713	0	65476	
25714	0	65472	
25715	0	65468	
25716	0	65480	
25717	0	65480	
25718	0	65480	
25719	0	65480	
25720	0	65496	
25721	0	65472	
25722	0	65480	
25723	0	65472	
25724	0	65492	
25725	0	65480	
25726	0	65472	
25727	0	65476	
25728	0	65464	
25729	0	65480	
25730	0	65468	
25731	0	65480	
25732	0	65480	
25733	0	65476	
25734	0	65464	
25735	0	65480	
25736	0	61608	
25737	0	59304	
25738	0	58156	
25739	0	59032	
25740	0	60628	
25741	0	60136	
25742	0	57896	
25743	0	55004	
25744	0	52080	
25745	0	50056	
25746	0	49440	
25747	0	48960	
25748	0	47772	
25749	0	46516	
25750	0	46132	
25751	0	45832	
25752	0	44056	
25753	0	41908	
25754	0	40632	
25755	0	40132	
25756	0	39180	
25757	0	37204	
25758	0	33528	
25759	0	27424	
25760	0	20256	
25761	0	12242	
25762	0	4646	
25763	0	61	
25764	0	60	
25765	0	59	
25766	0	60	
25767	0	60	
25768	0	60	
25769	0	59	
25770	0	7704	
25771	0	13108	
25772	0	17344	
25773	0	19436	
25774	0	19022	
25775	0	17454	
25776	0	16304	
25777	0	15012	
25778	0	14364	
25779	0	14232	
25780	0	13273	
25781	0	12532	
25782	0	12586	
25783	0	12716	
25784	0	12184	
25785	0	11242	
25786	0	9832	
25787	0	8016	
25788	0	6688	
25789	0	5136	
25790	0	4832	
25791	0	4944	
25792	0	7100	
25793	0	9487	
25794	0	10228	
25795	0	6250	
25796	0	588	
25797	0	60	
25798	0	5177	
25799	0	13432	
25800	0	16728	
25801	0	16801	
25802	0	17264	
25803	0	18332	
25804	0	17432	
25805	0	14612	
25806	0	14076	
25807	0	17124	
25808	0	19668	
25809	0	22130	
25810	0	24058	
25811	0	23744	
25812	0	21004	
25813	0	17764	
25814	0	16236	
25815	0	16814	
25816	0	17716	
25817	0	18744	
25818	0	21272	
25819	0	25632	
25820	0	29620	
25821	0	33676	
25822	0	39460	
25823	0	43284	
25824	0	44084	
25825	0	44044	
25826	0	44068	
25827	0	44152	
25828	0	43992	
25829	0	45228	
25830	0	46040	
25831	0	45376	
25832	0	44072	
25833	0	43200	
25834	0	42344	
25835	0	42672	
25836	0	43552	
25837	0	44890	
25838	0	47176	
25839	0	48176	
25840	0	47144	
25841	0	45376	
25842	0	43472	
25843	0	41580	
25844	0	38764	
25845	0	35328	
25846	0	31580	
25847	0	27916	
25848	0	24300	
25849	0	19756	
25850	0	16285	
25851	0	14933	
25852	0	14800	
25853	0	15504	
25854	0	17708	
25855	0	20644	
25856	0	24080	
25857	0	27148	
25858	0	29780	
25859	0	31068	
25860	0	30864	
25861	0	28760	
25862	0	25756	
25863	0	23162	
25864	0	21224	
25865	0	19816	
25866	0	19432	
25867	0	19368	
25868	0	18774	
25869	0	17852	
25870	0	16805	
25871	0	15328	
25872	0	14024	
25873	0	13420	
25874	0	12748	
25875	0	9324	
25876	0	2324	
25877	0	60	
25878	0	60	
25879	0	61	
25880	0	62	
25881	0	60	
25882	0	60	
25883	0	60	
25884	0	60	
25885	0	61	
25886	0	60	
25887	0	59	
25888	0	60	
25889	0	59	
25890	0	60	
25891	0	58	
25892	0	62	
25893	0	60	
25894	0	60	
25895	0	3227	
25896	0	184	
25897	0	61	
25898	0	61	
25899	0	60	
25900	0	60	
25901	0	60	
25902	0	60	
25903	0	61	
25904	0	60	
25905	0	59	
25906	0	59	
25907	0	61	
25908	0	59	
25909	0	60	
25910	0	59	
25911	0	61	
25912	0	60	
25913	0	60	
25914	0	60	
25915	0	61	
25916	0	59	
25917	0	60	
25918	0	59	
25919	0	60	
25920	0	60	
25921	0	60	
25922	0	60	
25923	0	60	
25924	0	60	
25925	0	61	
25926	0	6430	
25927	0	5597	
25928	0	5853	
25929	0	6960	
25930	0	10584	
25931	0	16076	
25932	0	21834	
25933	0	24584	
25934	0	24464	
25935	0	22772	
25936	0	21068	
25937	0	20864	
25938	0	22648	
25939	0	25572	
25940	0	29196	
25941	0	33392	
25942	0	37136	
25943	0	39976	
25944	0	43468	
25945	0	47832	
25946	0	51356	
25947	0	54720	
25948	0	59176	
25949	0	59040	
25950	0	52928	
25951	0	50560	
25952	0	52672	
25953	0	54512	
25954	0	57268	
25955	0	60336	
25956	0	61652	
25957	0	60648	
25958	0	58772	
25959	0	56512	
25960	0	54476	
25961	0	54624	
25962	0	56856	
25963	0	59136	
25964	0	59820	
25965	0	58304	
25966	0	56444	
25967	0	56728	
25968	0	58328	
25969	0	59920	
25970	0	60380	
25971	0	60520	
25972	0	60648	
25973	0	60720	
25974	0	60944	
25975	0	61452	
25976	0	61300	
25977	0	60456	
25978	0	60052	
25979	0	59460	
25980	0	58456	
25981	0	56520	
25982	0	54692	
25983	0	52672	
25984	0	50548	
25985	0	48480	
25986	0	46972	
25987	0	46016	
25988	0	44940	
25989	0	43980	
25990	0	42332	
25991	0	41356	
25992	0	41188	
25993	0	41464	
25994	0	40680	
25995	0	38204	
25996	0	35284	
25997	0	32944	
25998	0	31716	
25999	0	31052	
26000	0	29104	
26001	0	26648	
26002	0	25076	
26003	0	24836	
26004	0	24568	
26005	0	24092	
26006	0	22904	
26007	0	21166	
26008	0	19802	
26009	0	19210	
26010	0	18580	
26011	0	17240	
26012	0	15740	
26013	0	14968	
26014	0	14872	
26015	0	14520	
26016	0	14050	
26017	0	13265	
26018	0	12312	
26019	0	11042	
26020	0	10560	
26021	0	10744	
26022	0	10936	
26023	0	10564	
26024	0	9296	
26025	0	7493	
26026	0	6028	
26027	0	4561	
26028	0	2924	
26029	0	2305	
26030	0	2642	
26031	0	2232	
26032	0	1368	
26033	0	575	
26034	0	61	
26035	0	60	
26036	0	60	
26037	0	61	
26038	0	60	
26039	0	60	
26040	0	60	
26041	0	59	
26042	0	60	
26043	0	60	
26044	0	60	
26045	0	3014	
26046	0	2571	
26047	0	1753	
26048	0	61	
26049	0	60	
26050	0	60	
26051	0	60	
26052	0	12924	
26053	0	18608	
26054	0	17376	
26055	0	8541	
26056	0	60	
26057	0	60	
26058	0	60	
26059	0	61	
26060	0	61	
26061	0	59	
26062	0	59	
26063	0	59	
26064	0	61	
26065	0	60	
26066	0	61	
26067	0	60	
26068	0	60	
26069	0	60	
26070	0	59	
26071	0	61	
26072	0	59	
26073	0	60	
26074	0	7572	
26075	0	12868	
26076	0	16128	
26077	0	17232	
26078	0	20516	
26079	0	24876	
26080	0	26172	
26081	0	25488	
26082	0	24988	
26083	0	22440	
26084	0	20656	
26085	0	22520	
26086	0	26356	
26087	0	31760	
26088	0	36744	
26089	0	41144	
26090	0	45232	
26091	0	47836	
26092	0	48640	
26093	0	48740	
26094	0	48768	
26095	0	49600	
26096	0	51392	
26097	0	51328	
26098	0	51192	
26099	0	53312	
26100	0	56992	
26101	0	60416	
26102	0	63000	
26103	0	64296	
26104	0	64944	
26105	0	64880	
26106	0	63096	
26107	0	59952	
26108	0	58028	
26109	0	57700	
26110	0	58056	
26111	0	57472	
26112	0	55772	
26113	0	52644	
26114	0	49468	
26115	0	47280	
26116	0	45332	
26117	0	44236	
26118	0	44192	
26119	0	43448	
26120	0	39904	
26121	0	33684	
26122	0	26312	
26123	0	20368	
26124	0	16680	
26125	0	16532	
26126	0	18828	
26127	0	22570	
26128	0	25708	
26129	0	27508	
26130	0	28568	
26131	0	29020	
26132	0	28616	
26133	0	28760	
26134	0	29316	
26135	0	29652	
26136	0	28612	
26137	0	26452	
26138	0	24020	
26139	0	21912	
26140	0	20462	
26141	0	19776	
26142	0	18884	
26143	0	17612	
26144	0	16880	
26145	0	16556	
26146	0	15928	
26147	0	14854	
26148	0	13928	
26149	0	14396	
26150	0	14132	
26151	0	13120	
26152	0	11396	
26153	0	9616	
26154	0	8320	
26155	0	7552	
26156	0	7116	
26157	0	6132	
26158	0	5033	
26159	0	3769	
26160	0	2505	
26161	0	2213	
26162	0	2792	
26163	0	4094	
26164	0	4912	
26165	0	5557	
26166	0	5613	
26167	0	5400	
26168	0	4870	
26169	0	4140	
26170	0	4044	
26171	0	4081	
26172	0	3967	
26173	0	3599	
26174	0	3487	
26175	0	4303	
26176	0	4992	
26177	0	5065	
26178	0	4584	
26179	0	4200	
26180	0	3936	
26181	0	3580	
26182	0	2429	
26183	0	1711	
26184	0	1229	
26185	0	1220	
26186	0	1327	
26187	0	1704	
26188	0	3018	
26189	0	5272	
26190	0	6668	
26191	0	6868	
26192	0	6148	
26193	0	5006	
26194	0	3894	
26195	0	3098	
26196	0	2498	
26197	0	1980	
26198	0	1932	
26199	0	2708	
26200	0	3724	
26201	0	4584	
26202	0	5130	
26203	0	5515	
26204	0	5296	
26205	0	4782	
26206	0	4617	
26207	0	5170	
26208	0	5728	
26209	0	6121	
26210	0	5984	
26211	0	6146	
26212	0	6054	
26213	0	6165	
26214	0	6707	
26215	0	7500	
26216	0	8461	
26217	0	9508	
26218	0	11294	
26219	0	12468	
26220	0	13068	
26221	0	13129	
26222	0	13430	
26223	0	13640	
26224	0	14254	
26225	0	14880	
26226	0	15562	
26227	0	16320	
26228	0	17334	
26229	0	18352	
26230	0	18988	
26231	0	19694	
26232	0	20324	
26233	0	20684	
26234	0	21128	
26235	0	21076	
26236	0	20376	
26237	0	20096	
26238	0	20472	
26239	0	20800	
26240	0	20144	
26241	0	19760	
26242	0	19590	
26243	0	19120	
26244	0	18724	
26245	0	18810	
26246	0	18792	
26247	0	18836	
26248	0	18596	
26249	0	18176	
26250	0	17732	
26251	0	17760	
26252	0	18449	
26253	0	19162	
26254	0	19812	
26255	0	19332	
26256	0	18540	
26257	0	18036	
26258	0	17980	
26259	0	18412	
26260	0	19464	
26261	0	20284	
26262	0	20960	
26263	0	21520	
26264	0	21636	
26265	0	21808	
26266	0	22488	
26267	0	23364	
26268	0	24476	
26269	0	24876	
26270	0	25232	
26271	0	25700	
26272	0	26112	
26273	0	26016	
26274	0	26160	
26275	0	26132	
26276	0	26356	
26277	0	26320	
26278	0	25792	
26279	0	25336	
26280	0	25000	
26281	0	24716	
26282	0	25088	
26283	0	25600	
26284	0	26384	
26285	0	27284	
26286	0	27864	
26287	0	28400	
26288	0	28408	
26289	0	28304	
26290	0	28112	
26291	0	28096	
26292	0	28488	
26293	0	29256	
26294	0	30028	
26295	0	30288	
26296	0	30620	
26297	0	30928	
26298	0	31764	
26299	0	32524	
26300	0	33444	
26301	0	34172	
26302	0	35000	
26303	0	35604	
26304	0	36408	
26305	0	37544	
26306	0	38712	
26307	0	39388	
26308	0	39392	
26309	0	38720	
26310	0	37928	
26311	0	37340	
26312	0	36448	
26313	0	35584	
26314	0	34968	
26315	0	34624	
26316	0	34048	
26317	0	33492	
26318	0	33208	
26319	0	33168	
26320	0	33336	
26321	0	33628	
26322	0	33432	
26323	0	32960	
26324	0	33104	
26325	0	33960	
26326	0	34528	
26327	0	34492	
26328	0	34740	
26329	0	35080	
26330	0	35248	
26331	0	35448	
26332	0	36136	
26333	0	36808	
26334	0	37784	
26335	0	38160	
26336	0	38108	
26337	0	37524	
26338	0	36348	
26339	0	34748	
26340	0	33760	
26341	0	33564	
26342	0	33872	
26343	0	35076	
26344	0	36104	
26345	0	37144	
26346	0	37408	
26347	0	36868	
26348	0	36156	
26349	0	35352	
26350	0	34760	
26351	0	34176	
26352	0	33476	
26353	0	33344	
26354	0	33496	
26355	0	33956	
26356	0	34336	
26357	0	35064	
26358	0	35664	
26359	0	35920	
26360	0	36474	
26361	0	36896	
26362	0	36608	
26363	0	36016	
26364	0	34796	
26365	0	33292	
26366	0	32100	
26367	0	31788	
26368	0	32380	
26369	0	32740	
26370	0	33540	
26371	0	34448	
26372	0	35276	
26373	0	35552	
26374	0	35668	
26375	0	35860	
26376	0	35928	
26377	0	35760	
26378	0	35964	
26379	0	36380	
26380	0	37196	
26381	0	37960	
26382	0	38400	
26383	0	38360	
26384	0	38492	
26385	0	38496	
26386	0	38352	
26387	0	38504	
26388	0	39180	
26389	0	40424	
26390	0	41904	
26391	0	42800	
26392	0	42908	
26393	0	42332	
26394	0	41164	
26395	0	39984	
26396	0	39048	
26397	0	38664	
26398	0	38448	
26399	0	38100	
26400	0	37792	
26401	0	37544	
26402	0	38508	
26403	0	39296	
26404	0	39784	
26405	0	39996	
26406	0	40440	
26407	0	41052	
26408	0	41488	
26409	0	41764	
26410	0	42176	
26411	0	42560	
26412	0	42684	
26413	0	42984	
26414	0	42956	
26415	0	41840	
26416	0	40532	
26417	0	39296	
26418	0	37768	
26419	0	36548	
26420	0	36260	
26421	0	36556	
26422	0	37140	
26423	0	38012	
26424	0	39396	
26425	0	41664	
26426	0	43520	
26427	0	43888	
26428	0	44160	
26429	0	44184	
26430	0	43360	
26431	0	42708	
26432	0	42512	
26433	0	42256	
26434	0	41716	
26435	0	40952	
26436	0	40364	
26437	0	39752	
26438	0	39668	
26439	0	39760	
26440	0	40088	
26441	0	40652	
26442	0	41036	
26443	0	41392	
26444	0	41864	
26445	0	42472	
26446	0	42576	
26447	0	41964	
26448	0	41100	
26449	0	40760	
26450	0	40996	
26451	0	41348	
26452	0	40828	
26453	0	39584	
26454	0	38416	
26455	0	37160	
26456	0	35976	
26457	0	35548	
26458	0	35832	
26459	0	36404	
26460	0	37116	
26461	0	37384	
26462	0	37072	
26463	0	37184	
26464	0	37304	
26465	0	37440	
26466	0	37468	
26467	0	37544	
26468	0	37724	
26469	0	38660	
26470	0	39344	
26471	0	39960	
26472	0	40872	
26473	0	41576	
26474	0	41488	
26475	0	40924	
26476	0	40896	
26477	0	41296	
26478	0	41256	
26479	0	41032	
26480	0	40608	
26481	0	40660	
26482	0	40816	
26483	0	40676	
26484	0	39972	
26485	0	39420	
26486	0	39148	
26487	0	39316	
26488	0	39600	
26489	0	39680	
26490	0	40080	
26491	0	40964	
26492	0	40936	
26493	0	40144	
26494	0	39164	
26495	0	38684	
26496	0	38804	
26497	0	39308	
26498	0	39464	
26499	0	39564	
26500	0	39752	
26501	0	39660	
26502	0	39400	
26503	0	39300	
26504	0	39540	
26505	0	39356	
26506	0	39232	
26507	0	39208	
26508	0	39284	
26509	0	39400	
26510	0	39912	
26511	0	40172	
26512	0	39980	
26513	0	39572	
26514	0	39264	
26515	0	39384	
26516	0	40016	
26517	0	39760	
26518	0	39320	
26519	0	38744	
26520	0	38272	
26521	0	38176	
26522	0	38124	
26523	0	37804	
26524	0	37752	
26525	0	38244	
26526	0	39256	
26527	0	40160	
26528	0	40972	
26529	0	41544	
26530	0	41232	
26531	0	40368	
26532	0	39352	
26533	0	38716	
26534	0	38452	
26535	0	38256	
26536	0	38252	
26537	0	37904	
26538	0	37876	
26539	0	37980	
26540	0	37944	
26541	0	37704	
26542	0	37492	
26543	0	37520	
26544	0	37744	
26545	0	37904	
26546	0	38312	
26547	0	38608	
26548	0	38772	
26549	0	38140	
26550	0	37952	
26551	0	37956	
26552	0	37692	
26553	0	36748	
26554	0	36108	
26555	0	36092	
26556	0	36008	
26557	0	36236	
26558	0	36940	
26559	0	37368	
26560	0	37448	
26561	0	37996	
26562	0	38476	
26563	0	38592	
26564	0	38512	
26565	0	38784	
26566	0	38696	
26567	0	38584	
26568	0	38308	
26569	0	37852	
26570	0	37600	
26571	0	37680	
26572	0	37464	
26573	0	36856	
26574	0	36408	
26575	0	36264	
26576	0	36036	
26577	0	35764	
26578	0	36248	
26579	0	36052	
26580	0	35824	
26581	0	36140	
26582	0	36672	
26583	0	37000	
26584	0	37320	
26585	0	37584	
26586	0	37676	
26587	0	37712	
26588	0	37988	
26589	0	38216	
26590	0	38136	
26591	0	37784	
26592	0	37012	
26593	0	35972	
26594	0	35088	
26595	0	34712	
26596	0	35040	
26597	0	35832	
26598	0	36592	
26599	0	36832	
26600	0	36656	
26601	0	36568	
26602	0	35928	
26603	0	35336	
26604	0	34764	
26605	0	34344	
26606	0	34280	
26607	0	34344	
26608	0	35144	
26609	0	35888	
26610	0	36220	
26611	0	36576	
26612	0	37100	
26613	0	36512	
26614	0	35260	
26615	0	33996	
26616	0	33204	
26617	0	33376	
26618	0	33620	
26619	0	34136	
26620	0	34540	
26621	0	34424	
26622	0	34056	
26623	0	33860	
26624	0	34192	
26625	0	34352	
26626	0	34656	
26627	0	34760	
26628	0	34660	
26629	0	34488	
26630	0	34440	
26631	0	34320	
26632	0	34636	
26633	0	35016	
26634	0	35608	
26635	0	36208	
26636	0	36720	
26637	0	36716	
26638	0	37020	
26639	0	37096	
26640	0	37056	
26641	0	37268	
26642	0	37488	
26643	0	37800	
26644	0	38276	
26645	0	38684	
26646	0	38448	
26647	0	37968	
26648	0	37752	
26649	0	37216	
26650	0	36588	
26651	0	36580	
26652	0	37112	
26653	0	37324	
26654	0	37240	
26655	0	36532	
26656	0	35792	
26657	0	35044	
26658	0	34728	
26659	0	34820	
26660	0	34912	
26661	0	34884	
26662	0	34488	
26663	0	33604	
26664	0	32960	
26665	0	32856	
26666	0	33144	
26667	0	33496	
26668	0	33944	
26669	0	34096	
26670	0	34992	
26671	0	36954	
26672	0	38924	
26673	0	40448	
26674	0	40484	
26675	0	39560	
26676	0	38640	
26677	0	37852	
26678	0	37056	
26679	0	35828	
26680	0	34528	
26681	0	33528	
26682	0	33020	
26683	0	33056	
26684	0	33572	
26685	0	34352	
26686	0	34376	
26687	0	34164	
26688	0	34052	
26689	0	34084	
26690	0	33676	
26691	0	33128	
26692	0	32660	
26693	0	32056	
26694	0	31488	
26695	0	30856	
26696	0	29588	
26697	0	28236	
26698	0	27436	
26699	0	26536	
26700	0	26148	
26701	0	26810	
26702	0	27800	
26703	0	29120	
26704	0	30360	
26705	0	30494	
26706	0	29792	
26707	0	28856	
26708	0	27616	
26709	0	25996	
26710	0	24856	
26711	0	24482	
26712	0	24920	
26713	0	25428	
26714	0	25448	
26715	0	25684	
26716	0	26256	
26717	0	26272	
26718	0	26406	
26719	0	26708	
26720	0	27500	
26721	0	28636	
26722	0	29596	
26723	0	30032	
26724	0	30412	
26725	0	30288	
26726	0	29856	
26727	0	30320	
26728	0	31506	
26729	0	32417	
26730	0	32968	
26731	0	33008	
26732	0	32360	
26733	0	31844	
26734	0	31412	
26735	0	30708	
26736	0	29760	
26737	0	28980	
26738	0	28424	
26739	0	28200	
26740	0	27750	
26741	0	27880	
26742	0	28384	
26743	0	28792	
26744	0	30784	
26745	0	33396	
26746	0	34300	
26747	0	33892	
26748	0	32608	
26749	0	31200	
26750	0	29172	
26751	0	26628	
26752	0	24812	
26753	0	23704	
26754	0	22572	
26755	0	22164	
26756	0	22480	
26757	0	23365	
26758	0	24572	
26759	0	25720	
26760	0	26196	
26761	0	26640	
26762	0	26896	
26763	0	27048	
26764	0	27544	
26765	0	28084	
26766	0	29108	
26767	0	29796	
26768	0	29908	
26769	0	29828	
26770	0	29952	
26771	0	30396	
26772	0	30992	
26773	0	31228	
26774	0	31016	
26775	0	30772	
26776	0	30770	
26777	0	30848	
26778	0	31152	
26779	0	31388	
26780	0	30756	
26781	0	30400	
26782	0	30764	
26783	0	31312	
26784	0	31360	
26785	0	30824	
26786	0	30144	
26787	0	29760	
26788	0	29536	
26789	0	29556	
26790	0	30160	
26791	0	31512	
26792	0	33088	
26793	0	33372	
26794	0	32964	
26795	0	32376	
26796	0	31800	
26797	0	31324	
26798	0	31234	
26799	0	31612	
26800	0	31984	
26801	0	32160	
26802	0	32756	
26803	0	32832	
26804	0	32536	
26805	0	31888	
26806	0	30832	
26807	0	29932	
26808	0	29328	
26809	0	28620	
26810	0	28220	
26811	0	28688	
26812	0	28496	
26813	0	28500	
26814	0	28652	
26815	0	28692	
26816	0	28932	
26817	0	29216	
26818	0	29340	
26819	0	29172	
26820	0	28980	
26821	0	29208	
26822	0	29464	
26823	0	29648	
26824	0	29456	
26825	0	29596	
26826	0	30060	
26827	0	30860	
26828	0	31320	
26829	0	31668	
26830	0	32036	
26831	0	31868	
26832	0	30988	
26833	0	30276	
26834	0	29848	
26835	0	29968	
26836	0	29932	
26837	0	29864	
26838	0	29732	
26839	0	29936	
26840	0	30220	
26841	0	30396	
26842	0	31025	
26843	0	31356	
26844	0	31340	
26845	0	31004	
26846	0	31448	
26847	0	32454	
26848	0	32908	
26849	0	32816	
26850	0	32552	
26851	0	32396	
26852	0	32116	
26853	0	31848	
26854	0	32364	
26855	0	32348	
26856	0	31464	
26857	0	30268	
26858	0	29688	
26859	0	30148	
26860	0	31096	
26861	0	31580	
26862	0	30932	
26863	0	30308	
26864	0	30252	
26865	0	30656	
26866	0	31664	
26867	0	33240	
26868	0	34888	
26869	0	36120	
26870	0	36384	
26871	0	35864	
26872	0	34768	
26873	0	33700	
26874	0	32580	
26875	0	31540	
26876	0	30732	
26877	0	30364	
26878	0	30384	
26879	0	30712	
26880	0	31052	
26881	0	32008	
26882	0	32684	
26883	0	32760	
26884	0	33304	
26885	0	34128	
26886	0	35528	
26887	0	36752	
26888	0	37388	
26889	0	37064	
26890	0	36468	
26891	0	35728	
26892	0	34584	
26893	0	33356	
26894	0	32772	
26895	0	32900	
26896	0	33184	
26897	0	33436	
26898	0	33704	
26899	0	33608	
26900	0	33120	
26901	0	33488	
26902	0	34292	
26903	0	34720	
26904	0	34864	
26905	0	35248	
26906	0	35928	
26907	0	36240	
26908	0	36796	
26909	0	37248	
26910	0	38060	
26911	0	38896	
26912	0	39856	
26913	0	41108	
26914	0	42232	
26915	0	42644	
26916	0	42292	
26917	0	41652	
26918	0	41256	
26919	0	41184	
26920	0	40796	
26921	0	40624	
26922	0	40248	
26923	0	40180	
26924	0	39856	
26925	0	39192	
26926	0	37800	
26927	0	36156	
26928	0	34704	
26929	0	33468	
26930	0	32632	
26931	0	32116	
26932	0	31776	
26933	0	32348	
26934	0	33744	
26935	0	34824	
26936	0	35776	
26937	0	35688	
26938	0	35237	
26939	0	35528	
26940	0	36298	
26941	0	37200	
26942	0	37900	
26943	0	37960	
26944	0	37068	
26945	0	36020	
26946	0	35232	
26947	0	34248	
26948	0	33490	
26949	0	33320	
26950	0	33408	
26951	0	33812	
26952	0	33708	
26953	0	33048	
26954	0	32912	
26955	0	32864	
26956	0	33192	
26957	0	33404	
26958	0	33208	
26959	0	32848	
26960	0	32536	
26961	0	32432	
26962	0	32516	
26963	0	32196	
26964	0	31332	
26965	0	30716	
26966	0	30372	
26967	0	30258	
26968	0	30194	
26969	0	30220	
26970	0	30016	
26971	0	29694	
26972	0	29420	
26973	0	29308	
26974	0	29260	
26975	0	28908	
26976	0	28554	
26977	0	28396	
26978	0	27948	
26979	0	27344	
26980	0	27284	
26981	0	27980	
26982	0	29308	
26983	0	30680	
26984	0	31848	
26985	0	32320	
26986	0	32400	
26987	0	32492	
26988	0	32784	
26989	0	32792	
26990	0	32668	
26991	0	32434	
26992	0	32112	
26993	0	31240	
26994	0	30696	
26995	0	30728	
26996	0	30872	
26997	0	31152	
26998	0	31248	
26999	0	32096	
27000	0	32926	
27001	0	32992	
27002	0	32724	
27003	0	32708	
27004	0	33064	
27005	0	33548	
27006	0	33460	
27007	0	33100	
27008	0	33160	
27009	0	33228	
27010	0	33068	
27011	0	32732	
27012	0	32348	
27013	0	32628	
27014	0	33276	
27015	0	34100	
27016	0	34528	
27017	0	33464	
27018	0	31920	
27019	0	30614	
27020	0	29676	
27021	0	29396	
27022	0	29672	
27023	0	30164	
27024	0	30880	
27025	0	31508	
27026	0	32096	
27027	0	32264	
27028	0	32364	
27029	0	32616	
27030	0	33252	
27031	0	33692	
27032	0	33092	
27033	0	31656	
27034	0	30704	
27035	0	30256	
27036	0	30192	
27037	0	30184	
27038	0	30384	
27039	0	30224	
27040	0	29956	
27041	0	29980	
27042	0	30640	
27043	0	31808	
27044	0	32500	
27045	0	32368	
27046	0	32208	
27047	0	32016	
27048	0	32012	
27049	0	32404	
27050	0	32844	
27051	0	33280	
27052	0	33600	
27053	0	33184	
27054	0	32344	
27055	0	31516	
27056	0	31252	
27057	0	31476	
27058	0	31284	
27059	0	31496	
27060	0	31762	
27061	0	32896	
27062	0	34232	
27063	0	34920	
27064	0	34824	
27065	0	34608	
27066	0	34172	
27067	0	33820	
27068	0	32980	
27069	0	31810	
27070	0	30608	
27071	0	29868	
27072	0	29872	
27073	0	30472	
27074	0	30948	
27075	0	31664	
27076	0	31784	
27077	0	31744	
27078	0	32068	
27079	0	32504	
27080	0	33560	
27081	0	34928	
27082	0	36280	
27083	0	36844	
27084	0	35876	
27085	0	34024	
27086	0	32872	
27087	0	32464	
27088	0	32000	
27089	0	30852	
27090	0	29844	
27091	0	29384	
27092	0	29256	
27093	0	29188	
27094	0	29288	
27095	0	28204	
27096	0	26286	
27097	0	24580	
27098	0	23624	
27099	0	23848	
27100	0	24560	
27101	0	25068	
27102	0	26292	
27103	0	27384	
27104	0	27728	
27105	0	27560	
27106	0	27116	
27107	0	26720	
27108	0	26264	
27109	0	25696	
27110	0	25812	
27111	0	26152	
27112	0	26728	
27113	0	27012	
27114	0	27488	
27115	0	27624	
27116	0	27148	
27117	0	26352	
27118	0	25808	
27119	0	25972	
27120	0	26736	
27121	0	27236	
27122	0	27644	
27123	0	28028	
27124	0	28748	
27125	0	29572	
27126	0	30252	
27127	0	30716	
27128	0	31448	
27129	0	32540	
27130	0	33100	
27131	0	32720	
27132	0	32068	
27133	0	31536	
27134	0	31072	
27135	0	30372	
27136	0	29920	
27137	0	29328	
27138	0	28768	
27139	0	29152	
27140	0	29928	
27141	0	30604	
27142	0	30600	
27143	0	30356	
27144	0	30776	
27145	0	31120	
27146	0	31360	
27147	0	31104	
27148	0	30980	
27149	0	31344	
27150	0	32052	
27151	0	33264	
27152	0	34232	
27153	0	34412	
27154	0	33564	
27155	0	32556	
27156	0	32522	
27157	0	33156	
27158	0	34180	
27159	0	34436	
27160	0	33848	
27161	0	33452	
27162	0	33136	
27163	0	32968	
27164	0	33216	
27165	0	33688	
27166	0	33816	
27167	0	33840	
27168	0	34604	
27169	0	35592	
27170	0	35668	
27171	0	35124	
27172	0	34604	
27173	0	34024	
27174	0	33620	
27175	0	33136	
27176	0	32448	
27177	0	31332	
27178	0	30220	
27179	0	29964	
27180	0	30048	
27181	0	29976	
27182	0	29812	
27183	0	29424	
27184	0	29412	
27185	0	29924	
27186	0	30032	
27187	0	29604	
27188	0	28936	
27189	0	28512	
27190	0	28548	
27191	0	28532	
27192	0	28480	
27193	0	28400	
27194	0	28164	
27195	0	27680	
27196	0	27392	
27197	0	27164	
27198	0	27284	
27199	0	27340	
27200	0	26832	
27201	0	26104	
27202	0	26080	
27203	0	25972	
27204	0	26676	
27205	0	28036	
27206	0	29889	
27207	0	31520	
27208	0	32612	
27209	0	32944	
27210	0	32996	
27211	0	32556	
27212	0	32112	
27213	0	31560	
27214	0	31204	
27215	0	30760	
27216	0	30778	
27217	0	30852	
27218	0	30616	
27219	0	30353	
27220	0	30448	
27221	0	30636	
27222	0	31128	
27223	0	31648	
27224	0	31960	
27225	0	31628	
27226	0	31352	
27227	0	31132	
27228	0	30608	
27229	0	30056	
27230	0	30552	
27231	0	31476	
27232	0	32036	
27233	0	32384	
27234	0	32560	
27235	0	32288	
27236	0	31716	
27237	0	31868	
27238	0	32076	
27239	0	32232	
27240	0	32136	
27241	0	31888	
27242	0	31716	
27243	0	31408	
27244	0	31088	
27245	0	31032	
27246	0	30800	
27247	0	30264	
27248	0	30000	
27249	0	29692	
27250	0	29080	
27251	0	28708	
27252	0	28500	
27253	0	28680	
27254	0	29152	
27255	0	29784	
27256	0	29912	
27257	0	30064	
27258	0	30296	
27259	0	30848	
27260	0	31568	
27261	0	32260	
27262	0	32696	
27263	0	32576	
27264	0	31536	
27265	0	30714	
27266	0	30552	
27267	0	31076	
27268	0	31556	
27269	0	31296	
27270	0	30730	
27271	0	30416	
27272	0	29920	
27273	0	29684	
27274	0	29596	
27275	0	29896	
27276	0	30064	
27277	0	30444	
27278	0	31020	
27279	0	30780	
27280	0	30000	
27281	0	29536	
27282	0	29832	
27283	0	30880	
27284	0	31640	
27285	0	32220	
27286	0	32408	
27287	0	32544	
27288	0	32424	
27289	0	31760	
27290	0	30840	
27291	0	30176	
27292	0	29468	
27293	0	29244	
27294	0	29796	
27295	0	30728	
27296	0	31152	
27297	0	31144	
27298	0	30960	
27299	0	31176	
27300	0	31658	
27301	0	32468	
27302	0	32760	
27303	0	33136	
27304	0	33524	
27305	0	33200	
27306	0	31856	
27307	0	30828	
27308	0	30164	
27309	0	29592	
27310	0	29624	
27311	0	30044	
27312	0	30348	
27313	0	30328	
27314	0	30340	
27315	0	29794	
27316	0	28712	
27317	0	27924	
27318	0	27928	
27319	0	28010	
27320	0	27760	
27321	0	28064	
27322	0	28696	
27323	0	29208	
27324	0	29172	
27325	0	29208	
27326	0	30012	
27327	0	30652	
27328	0	30316	
27329	0	29332	
27330	0	27816	
27331	0	26712	
27332	0	26796	
27333	0	26984	
27334	0	26868	
27335	0	26696	
27336	0	26312	
27337	0	26080	
27338	0	25976	
27339	0	25864	
27340	0	25728	
27341	0	25664	
27342	0	25812	
27343	0	25850	
27344	0	25936	
27345	0	26450	
27346	0	27020	
27347	0	27484	
27348	0	27896	
27349	0	28056	
27350	0	28428	
27351	0	29120	
27352	0	29240	
27353	0	28712	
27354	0	28384	
27355	0	28588	
27356	0	28881	
27357	0	29144	
27358	0	28912	
27359	0	28152	
27360	0	26892	
27361	0	26748	
27362	0	26220	
27363	0	25728	
27364	0	25436	
27365	0	25696	
27366	0	26268	
27367	0	26889	
27368	0	27138	
27369	0	27048	
27370	0	26404	
27371	0	25296	
27372	0	24278	
27373	0	23320	
27374	0	23204	
27375	0	23356	
27376	0	23716	
27377	0	23992	
27378	0	24280	
27379	0	24640	
27380	0	25176	
27381	0	25424	
27382	0	25210	
27383	0	25036	
27384	0	24924	
27385	0	25048	
27386	0	26032	
27387	0	27272	
27388	0	27924	
27389	0	28216	
27390	0	28060	
27391	0	28116	
27392	0	28448	
27393	0	28924	
27394	0	28292	
27395	0	27388	
27396	0	26752	
27397	0	26592	
27398	0	26868	
27399	0	27152	
27400	0	27224	
27401	0	27192	
27402	0	27272	
27403	0	27856	
27404	0	28746	
27405	0	29112	
27406	0	28500	
27407	0	27680	
27408	0	26976	
27409	0	26376	
27410	0	25560	
27411	0	24700	
27412	0	24360	
27413	0	24366	
27414	0	24648	
27415	0	25216	
27416	0	25344	
27417	0	25436	
27418	0	26200	
27419	0	26992	
27420	0	27352	
27421	0	27756	
27422	0	28616	
27423	0	29204	
27424	0	29836	
27425	0	30408	
27426	0	30832	
27427	0	30824	
27428	0	30576	
27429	0	30612	
27430	0	30728	
27431	0	31244	
27432	0	31492	
27433	0	31576	
27434	0	30932	
27435	0	29904	
27436	0	28840	
27437	0	28052	
27438	0	28016	
27439	0	28424	
27440	0	28632	
27441	0	29092	
27442	0	29120	
27443	0	28760	
27444	0	28204	
27445	0	27752	
27446	0	27888	
27447	0	28256	
27448	0	28700	
27449	0	28780	
27450	0	28812	
27451	0	29016	
27452	0	29092	
27453	0	29024	
27454	0	29208	
27455	0	29712	
27456	0	30572	
27457	0	31330	
27458	0	31768	
27459	0	32100	
27460	0	32256	
27461	0	31988	
27462	0	31684	
27463	0	32284	
27464	0	32260	
27465	0	31744	
27466	0	31464	
27467	0	31260	
27468	0	30768	
27469	0	31048	
27470	0	31704	
27471	0	32088	
27472	0	32884	
27473	0	33320	
27474	0	33226	
27475	0	32328	
27476	0	30756	
27477	0	29520	
27478	0	28864	
27479	0	28480	
27480	0	27824	
27481	0	27836	
27482	0	28372	
27483	0	29060	
27484	0	29956	
27485	0	30888	
27486	0	31512	
27487	0	31512	
27488	0	31168	
27489	0	31096	
27490	0	30912	
27491	0	30672	
27492	0	30416	
27493	0	30580	
27494	0	30704	
27495	0	30700	
27496	0	30676	
27497	0	30648	
27498	0	30384	
27499	0	30664	
27500	0	31360	
27501	0	31624	
27502	0	31512	
27503	0	31628	
27504	0	31640	
27505	0	31388	
27506	0	30560	
27507	0	29824	
27508	0	29756	
27509	0	30492	
27510	0	31252	
27511	0	32176	
27512	0	32348	
27513	0	31960	
27514	0	31328	
27515	0	30656	
27516	0	30220	
27517	0	29532	
27518	0	29072	
27519	0	28730	
27520	0	28880	
27521	0	29504	
27522	0	29860	
27523	0	30132	
27524	0	30368	
27525	0	30388	
27526	0	30676	
27527	0	30664	
27528	0	30728	
27529	0	31400	
27530	0	33096	
27531	0	34234	
27532	0	34708	
27533	0	34744	
27534	0	34368	
27535	0	33404	
27536	0	32492	
27537	0	31796	
27538	0	31696	
27539	0	31560	
27540	0	31670	
27541	0	31860	
27542	0	32260	
27543	0	32984	
27544	0	33444	
27545	0	33488	
27546	0	33092	
27547	0	32560	
27548	0	31992	
27549	0	31596	
27550	0	31768	
27551	0	31904	
27552	0	32320	
27553	0	33216	
27554	0	34344	
27555	0	34912	
27556	0	34745	
27557	0	34028	
27558	0	33040	
27559	0	32864	
27560	0	32980	
27561	0	33184	
27562	0	33100	
27563	0	32924	
27564	0	32948	
27565	0	33136	
27566	0	33336	
27567	0	33484	
27568	0	34288	
27569	0	35592	
27570	0	36712	
27571	0	37284	
27572	0	37376	
27573	0	37368	
27574	0	36928	
27575	0	36244	
27576	0	35316	
27577	0	34728	
27578	0	34324	
27579	0	34620	
27580	0	34490	
27581	0	34544	
27582	0	35002	
27583	0	35620	
27584	0	36008	
27585	0	36624	
27586	0	36896	
27587	0	36528	
27588	0	36220	
27589	0	36112	
27590	0	36428	
27591	0	37136	
27592	0	37892	
27593	0	39172	
27594	0	40056	
27595	0	39700	
27596	0	38536	
27597	0	37036	
27598	0	35324	
27599	0	33664	
27600	0	31944	
27601	0	30700	
27602	0	29864	
27603	0	29084	
27604	0	28292	
27605	0	27856	
27606	0	27424	
27607	0	27288	
27608	0	28212	
27609	0	29480	
27610	0	30024	
27611	0	30200	
27612	0	30284	
27613	0	30144	
27614	0	29748	
27615	0	29388	
27616	0	29028	
27617	0	28634	
27618	0	28276	
27619	0	28348	
27620	0	28528	
27621	0	28520	
27622	0	29080	
27623	0	29696	
27624	0	29844	
27625	0	30088	
27626	0	30684	
27627	0	31460	
27628	0	32200	
27629	0	32792	
27630	0	33276	
27631	0	33340	
27632	0	33192	
27633	0	33372	
27634	0	33152	
27635	0	33008	
27636	0	32644	
27637	0	32400	
27638	0	32356	
27639	0	31968	
27640	0	31720	
27641	0	31984	
27642	0	33032	
27643	0	33848	
27644	0	33948	
27645	0	33948	
27646	0	34396	
27647	0	35124	
27648	0	35680	
27649	0	36592	
27650	0	37320	
27651	0	37544	
27652	0	38096	
27653	0	38488	
27654	0	38224	
27655	0	37984	
27656	0	37532	
27657	0	36864	
27658	0	36224	
27659	0	35320	
27660	0	35400	
27661	0	35840	
27662	0	36704	
27663	0	37876	
27664	0	38484	
27665	0	38476	
27666	0	38208	
27667	0	37448	
27668	0	37008	
27669	0	37024	
27670	0	37208	
27671	0	37012	
27672	0	36616	
27673	0	36424	
27674	0	36236	
27675	0	36024	
27676	0	35568	
27677	0	35212	
27678	0	34692	
27679	0	33816	
27680	0	33376	
27681	0	33424	
27682	0	33760	
27683	0	33400	
27684	0	32648	
27685	0	32176	
27686	0	31936	
27687	0	32324	
27688	0	33472	
27689	0	34376	
27690	0	35164	
27691	0	35560	
27692	0	35780	
27693	0	35712	
27694	0	35168	
27695	0	34128	
27696	0	33032	
27697	0	31892	
27698	0	31240	
27699	0	31324	
27700	0	32088	
27701	0	32960	
27702	0	33824	
27703	0	34396	
27704	0	33680	
27705	0	32768	
27706	0	32252	
27707	0	32184	
27708	0	31920	
27709	0	31892	
27710	0	32432	
27711	0	33336	
27712	0	34452	
27713	0	35344	
27714	0	35736	
27715	0	35660	
27716	0	35704	
27717	0	35476	
27718	0	35424	
27719	0	35852	
27720	0	35552	
27721	0	35064	
27722	0	34816	
27723	0	34864	
27724	0	34708	
27725	0	34216	
27726	0	33820	
27727	0	33904	
27728	0	34504	
27729	0	34872	
27730	0	34776	
27731	0	34652	
27732	0	34752	
27733	0	34564	
27734	0	34692	
27735	0	34860	
27736	0	34460	
27737	0	34356	
27738	0	34996	
27739	0	35608	
27740	0	35928	
27741	0	36136	
27742	0	35884	
27743	0	35276	
27744	0	34424	
27745	0	33408	
27746	0	32204	
27747	0	31892	
27748	0	32304	
27749	0	33220	
27750	0	34176	
27751	0	34628	
27752	0	34588	
27753	0	34264	
27754	0	34040	
27755	0	34024	
27756	0	33760	
27757	0	33720	
27758	0	34000	
27759	0	34528	
27760	0	34704	
27761	0	34404	
27762	0	34604	
27763	0	34788	
27764	0	35404	
27765	0	36288	
27766	0	37584	
27767	0	39052	
27768	0	40588	
27769	0	42072	
27770	0	42824	
27771	0	42720	
27772	0	42064	
27773	0	40184	
27774	0	38072	
27775	0	36604	
27776	0	35448	
27777	0	34370	
27778	0	33224	
27779	0	32280	
27780	0	31592	
27781	0	31472	
27782	0	32412	
27783	0	33844	
27784	0	35256	
27785	0	36560	
27786	0	37752	
27787	0	38800	
27788	0	39664	
27789	0	41056	
27790	0	42320	
27791	0	43988	
27792	0	44608	
27793	0	44952	
27794	0	45928	
27795	0	47384	
27796	0	49040	
27797	0	49864	
27798	0	50416	
27799	0	49484	
27800	0	47204	
27801	0	44384	
27802	0	41648	
27803	0	38972	
27804	0	40248	
27805	0	44928	
27806	0	49140	
27807	0	50068	
27808	0	48300	
27809	0	45816	
27810	0	44180	
27811	0	41984	
27812	0	38660	
27813	0	36104	
27814	0	35984	
27815	0	39904	
27816	0	44780	
27817	0	46824	
27818	0	49032	
27819	0	50808	
27820	0	50728	
27821	0	49140	
27822	0	47688	
27823	0	47608	
27824	0	48096	
27825	0	48092	
27826	0	47144	
27827	0	46316	
27828	0	47236	
27829	0	48588	
27830	0	49624	
27831	0	50452	
27832	0	51268	
27833	0	51684	
27834	0	51720	
27835	0	51684	
27836	0	51696	
27837	0	51452	
27838	0	50896	
27839	0	51156	
27840	0	52116	
27841	0	53576	
27842	0	56016	
27843	0	59000	
27844	0	61312	
27845	0	62420	
27846	0	61976	
27847	0	60264	
27848	0	57520	
27849	0	54080	
27850	0	50524	
27851	0	47952	
27852	0	46196	
27853	0	44896	
27854	0	44256	
27855	0	43696	
27856	0	43952	
27857	0	44496	
27858	0	44184	
27859	0	43948	
27860	0	44038	
27861	0	43416	
27862	0	42244	
27863	0	40596	
27864	0	38936	
27865	0	38264	
27866	0	38108	
27867	0	37312	
27868	0	37284	
27869	0	38540	
27870	0	39290	
27871	0	39808	
27872	0	39288	
27873	0	38764	
27874	0	38828	
27875	0	37544	
27876	0	36536	
27877	0	37848	
27878	0	40256	
27879	0	42228	
27880	0	44200	
27881	0	45620	
27882	0	46856	
27883	0	46632	
27884	0	45844	
27885	0	45764	
27886	0	46120	
27887	0	46212	
27888	0	46944	
27889	0	48708	
27890	0	50688	
27891	0	50372	
27892	0	48300	
27893	0	46288	
27894	0	45492	
27895	0	45044	
27896	0	44004	
27897	0	43544	
27898	0	44476	
27899	0	45944	
27900	0	47848	
27901	0	49704	
27902	0	51496	
27903	0	52752	
27904	0	53688	
27905	0	54204	
27906	0	54040	
27907	0	53928	
27908	0	53456	
27909	0	53424	
27910	0	53944	
27911	0	54364	
27912	0	54284	
27913	0	54248	
27914	0	53908	
27915	0	53624	
27916	0	53432	
27917	0	52772	
27918	0	52376	
27919	0	52296	
27920	0	52284	
27921	0	51480	
27922	0	50264	
27923	0	49552	
27924	0	49036	
27925	0	48992	
27926	0	49312	
27927	0	49024	
27928	0	48328	
27929	0	47724	
27930	0	47104	
27931	0	45872	
27932	0	44772	
27933	0	44148	
27934	0	42892	
27935	0	41188	
27936	0	40028	
27937	0	38864	
27938	0	37524	
27939	0	36000	
27940	0	34820	
27941	0	34336	
27942	0	33844	
27943	0	32922	
27944	0	31588	
27945	0	30812	
27946	0	30060	
27947	0	29448	
27948	0	29692	
27949	0	30600	
27950	0	31572	
27951	0	32592	
27952	0	33624	
27953	0	34396	
27954	0	34636	
27955	0	33728	
27956	0	32288	
27957	0	31100	
27958	0	30064	
27959	0	29776	
27960	0	29832	
27961	0	29680	
27962	0	29516	
27963	0	29188	
27964	0	28724	
27965	0	28954	
27966	0	29642	
27967	0	29808	
27968	0	29498	
27969	0	28640	
27970	0	27828	
27971	0	27376	
27972	0	26880	
27973	0	26104	
27974	0	25288	
27975	0	24196	
27976	0	23620	
27977	0	23072	
27978	0	22820	
27979	0	23636	
27980	0	24596	
27981	0	25644	
27982	0	26106	
27983	0	26018	
27984	0	25421	
27985	0	24536	
27986	0	23872	
27987	0	23820	
27988	0	23800	
27989	0	23404	
27990	0	23140	
27991	0	23344	
27992	0	23372	
27993	0	23448	
27994	0	23288	
27995	0	23424	
27996	0	23432	
27997	0	23192	
27998	0	23044	
27999	0	22388	
28000	0	21576	
28001	0	21588	
28002	0	22380	
28003	0	23288	
28004	0	24040	
28005	0	24976	
28006	0	25784	
28007	0	25228	
28008	0	24292	
28009	0	23824	
28010	0	24420	
28011	0	24760	
28012	0	25204	
28013	0	25756	
28014	0	25822	
28015	0	25560	
28016	0	25110	
28017	0	24216	
28018	0	23604	
28019	0	23244	
28020	0	23232	
28021	0	23260	
28022	0	23040	
28023	0	23312	
28024	0	23696	
28025	0	24024	
28026	0	23356	
28027	0	22750	
28028	0	22360	
28029	0	22426	
28030	0	22784	
28031	0	23360	
28032	0	23544	
28033	0	23848	
28034	0	24050	
28035	0	23868	
28036	0	22796	
28037	0	21584	
28038	0	21332	
28039	0	21948	
28040	0	22004	
28041	0	21580	
28042	0	21332	
28043	0	21956	
28044	0	23064	
28045	0	23880	
28046	0	24704	
28047	0	25512	
28048	0	25908	
28049	0	25720	
28050	0	25440	
28051	0	24328	
28052	0	22904	
28053	0	21608	
28054	0	20384	
28055	0	19948	
28056	0	20228	
28057	0	20516	
28058	0	20804	
28059	0	21560	
28060	0	22836	
28061	0	24632	
28062	0	25818	
28063	0	26176	
28064	0	25428	
28065	0	24252	
28066	0	23784	
28067	0	24032	
28068	0	24656	
28069	0	25264	
28070	0	25612	
28071	0	25516	
28072	0	25448	
28073	0	25324	
28074	0	24772	
28075	0	23948	
28076	0	22856	
28077	0	22576	
28078	0	22540	
28079	0	22804	
28080	0	23496	
28081	0	24220	
28082	0	25394	
28083	0	26616	
28084	0	27384	
28085	0	27424	
28086	0	27132	
28087	0	26816	
28088	0	26576	
28089	0	26552	
28090	0	26880	
28091	0	27532	
28092	0	28500	
28093	0	29072	
28094	0	29232	
28095	0	28964	
28096	0	29220	
28097	0	29496	
28098	0	29952	
28099	0	30724	
28100	0	31168	
28101	0	31456	
28102	0	30748	
28103	0	29768	
28104	0	29032	
28105	0	28620	
28106	0	28748	
28107	0	29092	
28108	0	29436	
28109	0	29828	
28110	0	29660	
28111	0	29536	
28112	0	29452	
28113	0	29368	
28114	0	29428	
28115	0	29968	
28116	0	30260	
28117	0	30484	
28118	0	30113	
28119	0	29178	
28120	0	28272	
28121	0	27348	
28122	0	26984	
28123	0	27288	
28124	0	28056	
28125	0	28532	
28126	0	29080	
28127	0	29648	
28128	0	30228	
28129	0	30800	
28130	0	31216	
28131	0	31692	
28132	0	32696	
28133	0	33824	
28134	0	34000	
28135	0	33780	
28136	0	32940	
28137	0	31732	
28138	0	30208	
28139	0	29212	
28140	0	28700	
28141	0	28156	
28142	0	27884	
28143	0	27808	
28144	0	27548	
28145	0	27272	
28146	0	26768	
28147	0	26408	
28148	0	26188	
28149	0	25640	
28150	0	24994	
28151	0	24744	
28152	0	24812	
28153	0	25362	
28154	0	25920	
28155	0	25756	
28156	0	25152	
28157	0	25336	
28158	0	25728	
28159	0	26280	
28160	0	26764	
28161	0	27408	
28162	0	27784	
28163	0	28444	
28164	0	28780	
28165	0	28608	
28166	0	29004	
28167	0	29128	
28168	0	28852	
28169	0	28544	
28170	0	28568	
28171	0	28780	
28172	0	29088	
28173	0	29412	
28174	0	29924	
28175	0	30796	
28176	0	31192	
28177	0	31188	
28178	0	30836	
28179	0	30260	
28180	0	29552	
28181	0	29524	
28182	0	30036	
28183	0	30584	
28184	0	31596	
28185	0	32004	
28186	0	31268	
28187	0	29848	
28188	0	28848	
28189	0	28668	
28190	0	29044	
28191	0	29920	
28192	0	31076	
28193	0	31448	
28194	0	31792	
28195	0	31884	
28196	0	31716	
28197	0	31280	
28198	0	30760	
28199	0	29812	
28200	0	28920	
28201	0	28404	
28202	0	28304	
28203	0	28532	
28204	0	28730	
28205	0	28340	
28206	0	27996	
28207	0	28348	
28208	0	29080	
28209	0	29752	
28210	0	29782	
28211	0	29452	
28212	0	29028	
28213	0	28692	
28214	0	28864	
28215	0	28942	
28216	0	28852	
28217	0	28508	
28218	0	28352	
28219	0	28736	
28220	0	28856	
28221	0	28788	
28222	0	28496	
28223	0	28068	
28224	0	28044	
28225	0	27932	
28226	0	27836	
28227	0	28620	
28228	0	30344	
28229	0	32032	
28230	0	32716	
28231	0	33148	
28232	0	33312	
28233	0	32968	
28234	0	32520	
28235	0	31520	
28236	0	30216	
28237	0	29296	
28238	0	29192	
28239	0	29336	
28240	0	28832	
28241	0	28016	
28242	0	27592	
28243	0	26980	
28244	0	26336	
28245	0	25548	
28246	0	24316	
28247	0	23068	
28248	0	22592	
28249	0	22544	
28250	0	23052	
28251	0	23776	
28252	0	24264	
28253	0	24534	
28254	0	24982	
28255	0	24370	
28256	0	23520	
28257	0	23036	
28258	0	22838	
28259	0	23216	
28260	0	22956	
28261	0	22732	
28262	0	23316	
28263	0	24464	
28264	0	25856	
28265	0	27172	
28266	0	27904	
28267	0	28320	
28268	0	28524	
28269	0	28500	
28270	0	28356	
28271	0	28388	
28272	0	27980	
28273	0	27704	
28274	0	27836	
28275	0	27636	
28276	0	26888	
28277	0	25928	
28278	0	25568	
28279	0	25524	
28280	0	25820	
28281	0	26200	
28282	0	26784	
28283	0	27088	
28284	0	27824	
28285	0	29012	
28286	0	29828	
28287	0	30380	
28288	0	31224	
28289	0	32124	
28290	0	32752	
28291	0	33208	
28292	0	32944	
28293	0	31384	
28294	0	29080	
28295	0	26516	
28296	0	24136	
28297	0	22320	
28298	0	21416	
28299	0	21422	
28300	0	22400	
28301	0	23080	
28302	0	23068	
28303	0	23256	
28304	0	23184	
28305	0	23436	
28306	0	24128	
28307	0	24628	
28308	0	25416	
28309	0	26456	
28310	0	27488	
28311	0	28356	
28312	0	28796	
28313	0	28912	
28314	0	28052	
28315	0	27416	
28316	0	27264	
28317	0	27764	
28318	0	28760	
28319	0	29368	
28320	0	30048	
28321	0	30760	
28322	0	31672	
28323	0	32224	
28324	0	31008	
28325	0	28792	
28326	0	26984	
28327	0	26264	
28328	0	26744	
28329	0	27352	
28330	0	28256	
28331	0	29288	
28332	0	29976	
28333	0	30280	
28334	0	30040	
28335	0	29724	
28336	0	30088	
28337	0	30840	
28338	0	31644	
28339	0	32440	
28340	0	32392	
28341	0	32136	
28342	0	32184	
28343	0	32044	
28344	0	32020	
28345	0	32260	
28346	0	32828	
28347	0	33340	
28348	0	34244	
28349	0	35900	
28350	0	37392	
28351	0	38240	
28352	0	38472	
28353	0	37880	
28354	0	36992	
28355	0	36712	
28356	0	36112	
28357	0	36040	
28358	0	36334	
28359	0	36880	
28360	0	37692	
28361	0	38732	
28362	0	39720	
28363	0	40264	
28364	0	40400	
28365	0	40070	
28366	0	39652	
28367	0	38904	
28368	0	38240	
28369	0	37988	
28370	0	38044	
28371	0	38224	
28372	0	38776	
28373	0	39400	
28374	0	39776	
28375	0	40336	
28376	0	40632	
28377	0	40276	
28378	0	39752	
28379	0	39896	
28380	0	40336	
28381	0	40692	
28382	0	40688	
28383	0	40770	
28384	0	40524	
28385	0	39936	
28386	0	39096	
28387	0	38008	
28388	0	36808	
28389	0	36140	
28390	0	35584	
28391	0	34900	
28392	0	34196	
28393	0	34044	
28394	0	33944	
28395	0	33588	
28396	0	33000	
28397	0	33452	
28398	0	34420	
28399	0	34932	
28400	0	35096	
28401	0	35256	
28402	0	35876	
28403	0	36624	
28404	0	37440	
28405	0	37992	
28406	0	37672	
28407	0	37308	
28408	0	37104	
28409	0	37120	
28410	0	37332	
28411	0	37408	
28412	0	37468	
28413	0	37632	
28414	0	37404	
28415	0	36956	
28416	0	36260	
28417	0	35524	
28418	0	34632	
28419	0	34152	
28420	0	34044	
28421	0	34140	
28422	0	34600	
28423	0	34748	
28424	0	34636	
28425	0	34682	
28426	0	34744	
28427	0	34956	
28428	0	35180	
28429	0	35628	
28430	0	36192	
28431	0	36180	
28432	0	35904	
28433	0	35608	
28434	0	35144	
28435	0	34704	
28436	0	34788	
28437	0	34768	
28438	0	34900	
28439	0	35556	
28440	0	36400	
28441	0	37132	
28442	0	37348	
28443	0	37372	
28444	0	37512	
28445	0	37680	
28446	0	38768	
28447	0	40400	
28448	0	41324	
28449	0	40392	
28450	0	38724	
28451	0	36572	
28452	0	34080	
28453	0	32012	
28454	0	31240	
28455	0	31904	
28456	0	33920	
28457	0	36312	
28458	0	38524	
28459	0	40396	
28460	0	42112	
28461	0	43520	
28462	0	44764	
28463	0	45832	
28464	0	46272	
28465	0	46456	
28466	0	46928	
28467	0	47024	
28468	0	47096	
28469	0	47200	
28470	0	46640	
28471	0	45960	
28472	0	45028	
28473	0	44276	
28474	0	43236	
28475	0	42172	
28476	0	41640	
28477	0	41776	
28478	0	42136	
28479	0	42092	
28480	0	42244	
28481	0	42476	
28482	0	42136	
28483	0	41588	
28484	0	41632	
28485	0	42032	
28486	0	42064	
28487	0	41672	
28488	0	41264	
28489	0	41060	
28490	0	40748	
28491	0	40816	
28492	0	41856	
28493	0	42848	
28494	0	42964	
28495	0	41640	
28496	0	40232	
28497	0	39176	
28498	0	38896	
28499	0	39732	
28500	0	40832	
28501	0	41936	
28502	0	42540	
28503	0	42780	
28504	0	42648	
28505	0	42516	
28506	0	43008	
28507	0	43616	
28508	0	44052	
28509	0	44416	
28510	0	44460	
28511	0	44572	
28512	0	44680	
28513	0	44756	
28514	0	44440	
28515	0	43608	
28516	0	42964	
28517	0	42996	
28518	0	43524	
28519	0	44116	
28520	0	43912	
28521	0	43368	
28522	0	42748	
28523	0	41408	
28524	0	39892	
28525	0	38700	
28526	0	37848	
28527	0	36840	
28528	0	35744	
28529	0	35096	
28530	0	34716	
28531	0	34184	
28532	0	33360	
28533	0	32872	
28534	0	33248	
28535	0	34612	
28536	0	36304	
28537	0	37336	
28538	0	37644	
28539	0	37312	
28540	0	37732	
28541	0	39056	
28542	0	40584	
28543	0	41648	
28544	0	43272	
28545	0	44144	
28546	0	44412	
28547	0	44160	
28548	0	43040	
28549	0	41656	
28550	0	40520	
28551	0	39752	
28552	0	38884	
28553	0	38356	
28554	0	37912	
28555	0	37276	
28556	0	36920	
28557	0	36760	
28558	0	36768	
28559	0	36676	
28560	0	36240	
28561	0	35640	
28562	0	35208	
28563	0	35120	
28564	0	34876	
28565	0	34944	
28566	0	35616	
28567	0	36056	
28568	0	36824	
28569	0	37780	
28570	0	39112	
28571	0	40136	
28572	0	40200	
28573	0	39456	
28574	0	38536	
28575	0	37764	
28576	0	37420	
28577	0	37000	
28578	0	36664	
28579	0	36372	
28580	0	36436	
28581	0	36880	
28582	0	37432	
28583	0	38284	
28584	0	39508	
28585	0	40652	
28586	0	41084	
28587	0	40072	
28588	0	38096	
28589	0	36066	
28590	0	34956	
28591	0	34840	
28592	0	35524	
28593	0	36912	
28594	0	37832	
28595	0	38240	
28596	0	37080	
28597	0	34488	
28598	0	31404	
28599	0	27792	
28600	0	24076	
28601	0	21628	
28602	0	21056	
28603	0	22704	
28604	0	25844	
28605	0	28504	
28606	0	29952	
28607	0	30464	
28608	0	31440	
28609	0	33080	
28610	0	35192	
28611	0	37036	
28612	0	39016	
28613	0	40888	
28614	0	41784	
28615	0	42228	
28616	0	43064	
28617	0	45184	
28618	0	47080	
28619	0	48040	
28620	0	48128	
28621	0	47424	
28622	0	47072	
28623	0	46872	
28624	0	46556	
28625	0	46760	
28626	0	47588	
28627	0	48112	
28628	0	46808	
28629	0	45460	
28630	0	43960	
28631	0	42480	
28632	0	41752	
28633	0	40636	
28634	0	38664	
28635	0	35852	
28636	0	33704	
28637	0	32548	
28638	0	32064	
28639	0	32540	
28640	0	33048	
28641	0	33556	
28642	0	34128	
28643	0	35240	
28644	0	35976	
28645	0	36216	
28646	0	36756	
28647	0	37304	
28648	0	37544	
28649	0	37224	
28650	0	36556	
28651	0	35468	
28652	0	34704	
28653	0	34516	
28654	0	34440	
28655	0	34500	
28656	0	33508	
28657	0	29672	
28658	0	24160	
28659	0	18224	
28660	0	12853	
28661	0	8128	
28662	0	4593	
28663	0	2584	
28664	0	1780	
28665	0	1378	
28666	0	1124	
28667	0	1442	
28668	0	1897	
28669	0	1205	
28670	0	62	
28671	0	59	
28672	0	59	
28673	0	60	
28674	0	59	
28675	0	60	
28676	0	59	
28677	0	61	
28678	0	59	
28679	0	59	
28680	0	60	
28681	0	60	
28682	0	61	
28683	0	60	
28684	0	60	
28685	0	61	
28686	0	59	
28687	0	60	
28688	0	60	
28689	0	61	
28690	0	61	
28691	0	60	
28692	0	59	
28693	0	60	
28694	0	60	
28695	0	60	
28696	0	61	
28697	0	60	
28698	0	60	
28699	0	60	
28700	0	60	
28701	0	60	
28702	0	60	
28703	0	61	
28704	0	61	
28705	0	61	
28706	0	60	
28707	0	59	
28708	0	60	
28709	0	60	
28710	0	60	
28711	0	60	
28712	0	61	
28713	0	59	
28714	0	60	
28715	0	61	
28716	0	60	
28717	0	60	
28718	0	59	
28719	0	3520	
28720	0	5356	
28721	0	7036	
28722	0	9273	
28723	0	11484	
28724	0	13082	
28725	0	14348	
28726	0	15216	
28727	0	15157	
28728	0	14724	
28729	0	14618	
28730	0	14728	
28731	0	14648	
28732	0	14089	
28733	0	12698	
28734	0	11974	
28735	0	12516	
28736	0	13856	
28737	0	14828	
28738	0	14256	
28739	0	13740	
28740	0	13422	
28741	0	13552	
28742	0	13573	
28743	0	13010	
28744	0	12984	
28745	0	13224	
28746	0	13709	
28747	0	13832	
28748	0	15192	
28749	0	17784	
28750	0	20180	
28751	0	22820	
28752	0	25372	
28753	0	28256	
28754	0	31340	
28755	0	34012	
28756	0	36220	
28757	0	38488	
28758	0	40304	
28759	0	40552	
28760	0	39412	
28761	0	37848	
28762	0	36392	
28763	0	34652	
28764	0	32544	
28765	0	30120	
28766	0	27760	
28767	0	25980	
28768	0	25324	
28769	0	25356	
28770	0	26604	
28771	0	28636	
28772	0	31424	
28773	0	34768	
28774	0	37152	
28775	0	38392	
28776	0	38792	
28777	0	38900	
28778	0	39060	
28779	0	39412	
28780	0	40108	
28781	0	41100	
28782	0	41536	
28783	0	40520	
28784	0	39360	
28785	0	38414	
28786	0	37972	
28787	0	37528	
28788	0	37116	
28789	0	36056	
28790	0	34228	
28791	0	32144	
28792	0	30768	
28793	0	31512	
28794	0	33348	
28795	0	36400	
28796	0	40168	
28797	0	44040	
28798	0	47752	
28799	0	50012	
28800	0	51324	
28801	0	51540	
28802	0	50440	
28803	0	48236	
28804	0	45748	
28805	0	43656	
28806	0	43336	
28807	0	44856	
28808	0	47168	
28809	0	48756	
28810	0	50424	
28811	0	51260	
28812	0	51648	
28813	0	51488	
28814	0	51260	
28815	0	51168	
28816	0	51144	
28817	0	51132	
28818	0	50028	
28819	0	47964	
28820	0	45664	
28821	0	44308	
28822	0	44080	
28823	0	44744	
28824	0	46392	
28825	0	48384	
28826	0	49704	
28827	0	49680	
28828	0	49328	
28829	0	48972	
28830	0	48748	
28831	0	48524	
28832	0	48076	
28833	0	48304	
28834	0	48776	
28835	0	48784	
28836	0	48344	
28837	0	47706	
28838	0	46656	
28839	0	45704	
28840	0	44756	
28841	0	43892	
28842	0	44036	
28843	0	44536	
28844	0	45212	
28845	0	46320	
28846	0	46932	
28847	0	46220	
28848	0	44520	
28849	0	42868	
28850	0	41572	
28851	0	41064	
28852	0	41424	
28853	0	42172	
28854	0	43288	
28855	0	43632	
28856	0	43032	
28857	0	42124	
28858	0	41392	
28859	0	40684	
28860	0	39916	
28861	0	39064	
28862	0	38624	
28863	0	38368	
28864	0	38924	
28865	0	40208	
28866	0	41904	
28867	0	43012	
28868	0	43980	
28869	0	45448	
28870	0	46860	
28871	0	46960	
28872	0	46184	
28873	0	43784	
28874	0	41408	
28875	0	39812	
28876	0	39520	
28877	0	39880	
28878	0	40608	
28879	0	41596	
28880	0	42704	
28881	0	43252	
28882	0	43352	
28883	0	43560	
28884	0	44452	
28885	0	45852	
28886	0	47744	
28887	0	50072	
28888	0	50820	
28889	0	49424	
28890	0	46956	
28891	0	44208	
28892	0	41720	
28893	0	40076	
28894	0	38304	
28895	0	36748	
28896	0	35000	
28897	0	33628	
28898	0	32748	
28899	0	33184	
28900	0	33196	
28901	0	31732	
28902	0	30184	
28903	0	29764	
28904	0	30660	
28905	0	31080	
28906	0	31132	
28907	0	31304	
28908	0	31608	
28909	0	31932	
28910	0	32112	
28911	0	32536	
28912	0	33092	
28913	0	33749	
28914	0	34426	
28915	0	34880	
28916	0	35348	
28917	0	35908	
28918	0	36656	
28919	0	37312	
28920	0	38024	
28921	0	38792	
28922	0	39084	
28923	0	38280	
28924	0	36616	
28925	0	34460	
28926	0	32752	
28927	0	31140	
28928	0	30196	
28929	0	30384	
28930	0	32096	
28931	0	34392	
28932	0	36792	
28933	0	38560	
28934	0	39824	
28935	0	40692	
28936	0	40648	
28937	0	39944	
28938	0	38912	
28939	0	38112	
28940	0	37864	
28941	0	38016	
28942	0	38260	
28943	0	37792	
28944	0	36468	
28945	0	35032	
28946	0	33272	
28947	0	30596	
28948	0	27620	
28949	0	25460	
28950	0	25504	
28951	0	27112	
28952	0	29516	
28953	0	32668	
28954	0	35748	
28955	0	38212	
28956	0	40024	
28957	0	41144	
28958	0	41716	
28959	0	41740	
28960	0	41512	
28961	0	41364	
28962	0	41296	
28963	0	42056	
28964	0	42480	
28965	0	42520	
28966	0	41984	
28967	0	41152	
28968	0	40220	
28969	0	39392	
28970	0	38724	
28971	0	38068	
28972	0	37524	
28973	0	37540	
28974	0	38288	
28975	0	38840	
28976	0	38368	
28977	0	37532	
28978	0	35128	
28979	0	31652	
28980	0	28656	
28981	0	26152	
28982	0	23512	
28983	0	21412	
28984	0	20308	
28985	0	20264	
28986	0	22106	
28987	0	25528	
28988	0	29680	
28989	0	33908	
28990	0	38080	
28991	0	41068	
28992	0	42508	
28993	0	42860	
28994	0	42580	
28995	0	41672	
28996	0	41068	
28997	0	41124	
28998	0	41500	
28999	0	41868	
29000	0	41952	
29001	0	42136	
29002	0	42120	
29003	0	42308	
29004	0	43100	
29005	0	43816	
29006	0	43952	
29007	0	43804	
29008	0	42744	
29009	0	41224	
29010	0	39520	
29011	0	38380	
29012	0	37820	
29013	0	38022	
29014	0	38648	
29015	0	39576	
29016	0	40848	
29017	0	42104	
29018	0	42528	
29019	0	42648	
29020	0	42412	
29021	0	41752	
29022	0	40344	
29023	0	38636	
29024	0	36604	
29025	0	35120	
29026	0	34380	
29027	0	34892	
29028	0	36432	
29029	0	38472	
29030	0	40268	
29031	0	41848	
29032	0	42940	
29033	0	43380	
29034	0	43048	
29035	0	40980	
29036	0	37268	
29037	0	34036	
29038	0	32084	
29039	0	31780	
29040	0	33048	
29041	0	35060	
29042	0	37096	
29043	0	39032	
29044	0	40820	
29045	0	42400	
29046	0	43348	
29047	0	44280	
29048	0	45288	
29049	0	45664	
29050	0	45528	
29051	0	45424	
29052	0	45120	
29053	0	44484	
29054	0	43656	
29055	0	42184	
29056	0	40860	
29057	0	39912	
29058	0	38616	
29059	0	36792	
29060	0	35220	
29061	0	34284	
29062	0	34932	
29063	0	36840	
29064	0	38836	
29065	0	39748	
29066	0	40512	
29067	0	41788	
29068	0	43316	
29069	0	45636	
29070	0	47504	
29071	0	48240	
29072	0	48000	
29073	0	46528	
29074	0	44344	
29075	0	41676	
29076	0	39208	
29077	0	36860	
29078	0	35196	
29079	0	34250	
29080	0	34444	
29081	0	35292	
29082	0	37180	
29083	0	39054	
29084	0	41016	
29085	0	42012	
29086	0	42452	
29087	0	42360	
29088	0	42298	
29089	0	41656	
29090	0	40704	
29091	0	39760	
29092	0	39460	
29093	0	39776	
29094	0	40176	
29095	0	41116	
29096	0	42592	
29097	0	43340	
29098	0	43448	
29099	0	43024	
29100	0	42292	
29101	0	41608	
29102	0	40944	
29103	0	40088	
29104	0	38948	
29105	0	38384	
29106	0	38596	
29107	0	38800	
29108	0	39060	
29109	0	39448	
29110	0	39864	
29111	0	39940	
29112	0	39536	
29113	0	39324	
29114	0	39640	
29115	0	39604	
29116	0	39304	
29117	0	39376	
29118	0	39268	
29119	0	38752	
29120	0	37852	
29121	0	36904	
29122	0	36788	
29123	0	37400	
29124	0	38112	
29125	0	39360	
29126	0	40384	
29127	0	40696	
29128	0	40296	
29129	0	39596	
29130	0	39340	
29131	0	39344	
29132	0	39176	
29133	0	39028	
29134	0	39152	
29135	0	38872	
29136	0	38912	
29137	0	39240	
29138	0	39448	
29139	0	39308	
29140	0	39252	
29141	0	39004	
29142	0	39408	
29143	0	39660	
29144	0	39348	
29145	0	39008	
29146	0	38144	
29147	0	37116	
29148	0	36244	
29149	0	35416	
29150	0	35104	
29151	0	35808	
29152	0	36544	
29153	0	37256	
29154	0	37976	
29155	0	38440	
29156	0	38608	
29157	0	38364	
29158	0	37940	
29159	0	37936	
29160	0	38220	
29161	0	38424	
29162	0	38584	
29163	0	38504	
29164	0	38396	
29165	0	38028	
29166	0	37168	
29167	0	36032	
29168	0	35300	
29169	0	35208	
29170	0	35672	
29171	0	35952	
29172	0	36180	
29173	0	36408	
29174	0	37008	
29175	0	37588	
29176	0	38532	
29177	0	39428	
29178	0	39948	
29179	0	39344	
29180	0	38040	
29181	0	36544	
29182	0	35104	
29183	0	33960	
29184	0	32588	
29185	0	31600	
29186	0	31312	
29187	0	30872	
29188	0	30072	
29189	0	29184	
29190	0	28792	
29191	0	29040	
29192	0	30186	
29193	0	31416	
29194	0	32376	
29195	0	33208	
29196	0	33928	
29197	0	34564	
29198	0	35128	
29199	0	35520	
29200	0	35892	
29201	0	36188	
29202	0	36140	
29203	0	35568	
29204	0	35308	
29205	0	35684	
29206	0	36624	
29207	0	36996	
29208	0	37084	
29209	0	37140	
29210	0	37488	
29211	0	38128	
29212	0	38548	
29213	0	39248	
29214	0	39984	
29215	0	40544	
29216	0	39576	
29217	0	36812	
29218	0	32076	
29219	0	25780	
29220	0	19976	
29221	0	16216	
29222	0	15732	
29223	0	18260	
29224	0	22904	
29225	0	28104	
29226	0	32728	
29227	0	36856	
29228	0	40164	
29229	0	42496	
29230	0	44180	
29231	0	44916	
29232	0	45008	
29233	0	44316	
29234	0	43624	
29235	0	42660	
29236	0	41604	
29237	0	41188	
29238	0	40584	
29239	0	40244	
29240	0	40336	
29241	0	40116	
29242	0	39348	
29243	0	38644	
29244	0	38048	
29245	0	37244	
29246	0	35920	
29247	0	35112	
29248	0	34760	
29249	0	34660	
29250	0	35348	
29251	0	36180	
29252	0	36596	
29253	0	36544	
29254	0	36444	
29255	0	36368	
29256	0	36012	
29257	0	35840	
29258	0	36184	
29259	0	36008	
29260	0	35448	
29261	0	35360	
29262	0	35536	
29263	0	35576	
29264	0	35192	
29265	0	34616	
29266	0	34408	
29267	0	34524	
29268	0	35060	
29269	0	35605	
29270	0	35984	
29271	0	35520	
29272	0	34536	
29273	0	33520	
29274	0	32812	
29275	0	32828	
29276	0	33624	
29277	0	33220	
29278	0	31860	
29279	0	30930	
29280	0	30780	
29281	0	31200	
29282	0	31656	
29283	0	32144	
29284	0	32589	
29285	0	32944	
29286	0	33612	
29287	0	34688	
29288	0	35232	
29289	0	34780	
29290	0	33652	
29291	0	32456	
29292	0	31192	
29293	0	30192	
29294	0	29496	
29295	0	28316	
29296	0	27738	
29297	0	26912	
29298	0	25540	
29299	0	24080	
29300	0	22909	
29301	0	21940	
29302	0	19760	
29303	0	17098	
29304	0	16060	
29305	0	17690	
29306	0	21864	
29307	0	27512	
29308	0	32440	
29309	0	35832	
29310	0	37896	
29311	0	39192	
29312	0	40880	
29313	0	43208	
29314	0	46112	
29315	0	48472	
29316	0	49992	
29317	0	50528	
29318	0	49996	
29319	0	49084	
29320	0	48208	
29321	0	47272	
29322	0	46160	
29323	0	45348	
29324	0	44232	
29325	0	42952	
29326	0	42028	
29327	0	41448	
29328	0	40032	
29329	0	38808	
29330	0	37212	
29331	0	35464	
29332	0	34512	
29333	0	34296	
29334	0	35208	
29335	0	36796	
29336	0	38476	
29337	0	40024	
29338	0	40884	
29339	0	40620	
29340	0	39848	
29341	0	39344	
29342	0	39792	
29343	0	40460	
29344	0	41052	
29345	0	41356	
29346	0	41352	
29347	0	41244	
29348	0	40472	
29349	0	39232	
29350	0	37720	
29351	0	36672	
29352	0	36544	
29353	0	37088	
29354	0	37836	
29355	0	37396	
29356	0	36392	
29357	0	35652	
29358	0	35476	
29359	0	35240	
29360	0	34680	
29361	0	34168	
29362	0	33840	
29363	0	34228	
29364	0	34864	
29365	0	34980	
29366	0	34660	
29367	0	34152	
29368	0	33740	
29369	0	34260	
29370	0	34928	
29371	0	33760	
29372	0	30292	
29373	0	26848	
29374	0	23904	
29375	0	21688	
29376	0	20548	
29377	0	19872	
29378	0	19770	
29379	0	20180	
29380	0	21826	
29381	0	24440	
29382	0	27456	
29383	0	30084	
29384	0	32752	
29385	0	34424	
29386	0	35776	
29387	0	37068	
29388	0	38640	
29389	0	40036	
29390	0	40768	
29391	0	40912	
29392	0	40300	
29393	0	40032	
29394	0	39820	
29395	0	39268	
29396	0	38896	
29397	0	38328	
29398	0	37528	
29399	0	36784	
29400	0	35588	
29401	0	34164	
29402	0	33628	
29403	0	34596	
29404	0	36518	
29405	0	38432	
29406	0	40160	
29407	0	41852	
29408	0	43448	
29409	0	44284	
29410	0	44792	
29411	0	44880	
29412	0	43660	
29413	0	42352	
29414	0	41964	
29415	0	41988	
29416	0	42228	
29417	0	42452	
29418	0	42436	
29419	0	41692	
29420	0	40672	
29421	0	39252	
29422	0	37108	
29423	0	35152	
29424	0	32624	
29425	0	28616	
29426	0	24832	
29427	0	23300	
29428	0	24796	
29429	0	28636	
29430	0	33636	
29431	0	39252	
29432	0	44736	
29433	0	48488	
29434	0	51040	
29435	0	51276	
29436	0	50144	
29437	0	48512	
29438	0	46236	
29439	0	43860	
29440	0	43348	
29441	0	43292	
29442	0	42128	
29443	0	39688	
29444	0	37128	
29445	0	35480	
29446	0	33956	
29447	0	32240	
29448	0	30792	
29449	0	29780	
29450	0	29204	
29451	0	29724	
29452	0	31560	
29453	0	34128	
29454	0	36680	
29455	0	39384	
29456	0	41652	
29457	0	42948	
29458	0	43648	
29459	0	43812	
29460	0	43320	
29461	0	42674	
29462	0	42260	
29463	0	41968	
29464	0	41108	
29465	0	39636	
29466	0	37764	
29467	0	35676	
29468	0	34172	
29469	0	33604	
29470	0	33448	
29471	0	32992	
29472	0	32808	
29473	0	32484	
29474	0	31772	
29475	0	30836	
29476	0	29880	
29477	0	28276	
29478	0	27420	
29479	0	28012	
29480	0	30420	
29481	0	33900	
29482	0	37352	
29483	0	39784	
29484	0	40592	
29485	0	40596	
29486	0	40580	
29487	0	39440	
29488	0	38224	
29489	0	38076	
29490	0	38640	
29491	0	39500	
29492	0	39848	
29493	0	39896	
29494	0	39880	
29495	0	40684	
29496	0	41360	
29497	0	41656	
29498	0	41444	
29499	0	40972	
29500	0	40216	
29501	0	40148	
29502	0	39676	
29503	0	38028	
29504	0	35772	
29505	0	34112	
29506	0	33872	
29507	0	34588	
29508	0	36780	
29509	0	37980	
29510	0	38368	
29511	0	37736	
29512	0	36324	
29513	0	35068	
29514	0	33580	
29515	0	32008	
29516	0	30904	
29517	0	30516	
29518	0	30884	
29519	0	31548	
29520	0	32656	
29521	0	33424	
29522	0	33156	
29523	0	32232	
29524	0	32360	
29525	0	33988	
29526	0	36416	
29527	0	38736	
29528	0	40634	
29529	0	41456	
29530	0	41352	
29531	0	41292	
29532	0	42040	
29533	0	42448	
29534	0	41664	
29535	0	40716	
29536	0	39496	
29537	0	37864	
29538	0	35468	
29539	0	33368	
29540	0	32288	
29541	0	31824	
29542	0	31776	
29543	0	32496	
29544	0	32996	
29545	0	33056	
29546	0	33176	
29547	0	33648	
29548	0	35168	
29549	0	36872	
29550	0	38344	
29551	0	39288	
29552	0	39128	
29553	0	37832	
29554	0	36248	
29555	0	35144	
29556	0	34384	
29557	0	33684	
29558	0	33380	
29559	0	33364	
29560	0	33276	
29561	0	33220	
29562	0	33728	
29563	0	33636	
29564	0	33152	
29565	0	32676	
29566	0	32644	
29567	0	33572	
29568	0	34136	
29569	0	33996	
29570	0	33600	
29571	0	32960	
29572	0	31980	
29573	0	30360	
29574	0	29068	
29575	0	28136	
29576	0	28192	
29577	0	28364	
29578	0	28160	
29579	0	28616	
29580	0	29716	
29581	0	30956	
29582	0	32720	
29583	0	35032	
29584	0	36506	
29585	0	37068	
29586	0	36996	
29587	0	36964	
29588	0	37184	
29589	0	36848	
29590	0	36188	
29591	0	35784	
29592	0	35572	
29593	0	34992	
29594	0	34632	
29595	0	34060	
29596	0	31968	
29597	0	29176	
29598	0	26092	
29599	0	23566	
29600	0	22448	
29601	0	23532	
29602	0	26386	
29603	0	29988	
29604	0	32780	
29605	0	34948	
29606	0	37176	
29607	0	38944	
29608	0	39816	
29609	0	40072	
29610	0	39868	
29611	0	39440	
29612	0	39116	
29613	0	39288	
29614	0	39480	
29615	0	39496	
29616	0	39508	
29617	0	39288	
29618	0	38616	
29619	0	37660	
29620	0	37076	
29621	0	36664	
29622	0	36584	
29623	0	36896	
29624	0	37176	
29625	0	37088	
29626	0	36804	
29627	0	36416	
29628	0	35540	
29629	0	34464	
29630	0	34044	
29631	0	34220	
29632	0	34672	
29633	0	35232	
29634	0	36120	
29635	0	37168	
29636	0	37824	
29637	0	37284	
29638	0	35496	
29639	0	33956	
29640	0	32832	
29641	0	31720	
29642	0	31172	
29643	0	31768	
29644	0	33180	
29645	0	34020	
29646	0	33928	
29647	0	34016	
29648	0	33812	
29649	0	34204	
29650	0	34904	
29651	0	35784	
29652	0	36690	
29653	0	36740	
29654	0	36736	
29655	0	36504	
29656	0	36192	
29657	0	35704	
29658	0	35040	
29659	0	34112	
29660	0	33328	
29661	0	33000	
29662	0	33056	
29663	0	34176	
29664	0	35108	
29665	0	35896	
29666	0	36500	
29667	0	36860	
29668	0	36928	
29669	0	37384	
29670	0	38240	
29671	0	39540	
29672	0	40808	
29673	0	41800	
29674	0	42032	
29675	0	41824	
29676	0	41292	
29677	0	40386	
29678	0	39936	
29679	0	40080	
29680	0	39988	
29681	0	39656	
29682	0	39420	
29683	0	39272	
29684	0	38928	
29685	0	38400	
29686	0	38044	
29687	0	37984	
29688	0	38048	
29689	0	37836	
29690	0	37124	
29691	0	35504	
29692	0	33856	
29693	0	32208	
29694	0	30224	
29695	0	28848	
29696	0	28520	
29697	0	28424	
29698	0	28580	
29699	0	29582	
29700	0	30880	
29701	0	32416	
29702	0	34416	
29703	0	35792	
29704	0	36500	
29705	0	35840	
29706	0	34780	
29707	0	33608	
29708	0	33056	
29709	0	32764	
29710	0	32064	
29711	0	31052	
29712	0	30336	
29713	0	30640	
29714	0	31360	
29715	0	31912	
29716	0	31832	
29717	0	32724	
29718	0	33524	
29719	0	33364	
29720	0	32654	
29721	0	31416	
29722	0	30032	
29723	0	29540	
29724	0	29928	
29725	0	30576	
29726	0	31428	
29727	0	32752	
29728	0	33932	
29729	0	34892	
29730	0	35360	
29731	0	35568	
29732	0	35728	
29733	0	35964	
29734	0	36032	
29735	0	35080	
29736	0	32800	
29737	0	29672	
29738	0	26760	
29739	0	24384	
29740	0	23116	
29741	0	23524	
29742	0	25304	
29743	0	27864	
29744	0	29892	
29745	0	31616	
29746	0	33452	
29747	0	35636	
29748	0	38192	
29749	0	39828	
29750	0	40580	
29751	0	40392	
29752	0	39728	
29753	0	39148	
29754	0	39380	
29755	0	39984	
29756	0	39952	
29757	0	39528	
29758	0	38876	
29759	0	37968	
29760	0	36648	
29761	0	34768	
29762	0	32968	
29763	0	31624	
29764	0	30656	
29765	0	30048	
29766	0	29812	
29767	0	29576	
29768	0	29288	
29769	0	28908	
29770	0	28884	
29771	0	30120	
29772	0	31268	
29773	0	32194	
29774	0	32972	
29775	0	33504	
29776	0	33688	
29777	0	34176	
29778	0	34468	
29779	0	34488	
29780	0	34888	
29781	0	34772	
29782	0	34104	
29783	0	33440	
29784	0	33820	
29785	0	35080	
29786	0	36208	
29787	0	36348	
29788	0	35740	
29789	0	34900	
29790	0	34820	
29791	0	35204	
29792	0	36408	
29793	0	38176	
29794	0	39340	
29795	0	40520	
29796	0	42364	
29797	0	44148	
29798	0	45128	
29799	0	44972	
29800	0	43132	
29801	0	41160	
29802	0	39728	
29803	0	40680	
29804	0	43452	
29805	0	45816	
29806	0	48196	
29807	0	49788	
29808	0	50160	
29809	0	49656	
29810	0	47444	
29811	0	43396	
29812	0	39704	
29813	0	36828	
29814	0	35660	
29815	0	36468	
29816	0	38144	
29817	0	39496	
29818	0	40612	
29819	0	41580	
29820	0	40724	
29821	0	39560	
29822	0	39864	
29823	0	41288	
29824	0	42636	
29825	0	44252	
29826	0	45948	
29827	0	48408	
29828	0	49596	
29829	0	49348	
29830	0	49744	
29831	0	51888	
29832	0	53656	
29833	0	54356	
29834	0	55200	
29835	0	54908	
29836	0	54344	
29837	0	52960	
29838	0	50736	
29839	0	48856	
29840	0	49512	
29841	0	52408	
29842	0	55944	
29843	0	59472	
29844	0	62592	
29845	0	65100	
29846	0	65488	
29847	0	65476	
29848	0	65468	
29849	0	65472	
29850	0	65476	
29851	0	65464	
29852	0	65472	
29853	0	65480	
29854	0	65484	
29855	0	65468	
29856	0	65460	
29857	0	65472	
29858	0	65472	
29859	0	65488	
29860	0	65464	
29861	0	65488	
29862	0	65464	
29863	0	65472	
29864	0	65496	
29865	0	65488	
29866	0	65472	
29867	0	65480	
29868	0	65476	
29869	0	65480	
29870	0	65480	
29871	0	65480	
29872	0	65484	
29873	0	65480	
29874	0	65480	
29875	0	65480	
29876	0	58668	
29877	0	57048	
29878	0	55576	
29879	0	54704	
29880	0	55248	
29881	0	55896	
29882	0	55896	
29883	0	54488	
29884	0	52748	
29885	0	51328	
29886	0	50056	
29887	0	49540	
29888	0	49728	
29889	0	50568	
29890	0	51128	
29891	0	50940	
29892	0	50028	
29893	0	48688	
29894	0	47568	
29895	0	46052	
29896	0	44868	
29897	0	44052	
29898	0	43272	
29899	0	42224	
29900	0	40456	
29901	0	38656	
29902	0	37100	
29903	0	35900	
29904	0	34888	
29905	0	33696	
29906	0	32468	
29907	0	32056	
29908	0	32392	
29909	0	33112	
29910	0	33812	
29911	0	33736	
29912	0	32668	
29913	0	30520	
29914	0	27820	
29915	0	25704	
29916	0	23836	
29917	0	22068	
29918	0	20608	
29919	0	19034	
29920	0	17260	
29921	0	15552	
29922	0	13386	
29923	0	10704	
29924	0	8504	
29925	0	6969	
29926	0	6459	
29927	0	7163	
29928	0	8462	
29929	0	9976	
29930	0	11112	
29931	0	11052	
29932	0	10496	
29933	0	9976	
29934	0	9849	
29935	0	10436	
29936	0	11116	
29937	0	11488	
29938	0	12184	
29939	0	13286	
29940	0	14480	
29941	0	16048	
29942	0	16628	
29943	0	16928	
29944	0	17084	
29945	0	16436	
29946	0	15196	
29947	0	14332	
29948	0	13480	
29949	0	12274	
29950	0	11464	
29951	0	10643	
29952	0	10614	
29953	0	11729	
29954	0	13424	
29955	0	15020	
29956	0	16012	
29957	0	16664	
29958	0	16976	
29959	0	16002	
29960	0	14974	
29961	0	15005	
29962	0	16300	
29963	0	18460	
29964	0	20873	
29965	0	22824	
29966	0	24120	
29967	0	24580	
29968	0	24152	
29969	0	23540	
29970	0	24232	
29971	0	25824	
29972	0	27184	
29973	0	27450	
29974	0	26620	
29975	0	25436	
29976	0	23976	
29977	0	22768	
29978	0	21568	
29979	0	20680	
29980	0	20716	
29981	0	21020	
29982	0	20984	
29983	0	20636	
29984	0	20272	
29985	0	19676	
29986	0	19544	
29987	0	19457	
29988	0	19668	
29989	0	20552	
29990	0	21360	
29991	0	22148	
29992	0	22376	
29993	0	22136	
29994	0	21744	
29995	0	21440	
29996	0	20356	
29997	0	18752	
29998	0	17893	
29999	0	17432	
30000	0	16712	
30001	0	16320	
30002	0	16596	
30003	0	17426	
30004	0	18796	
30005	0	19816	
30006	0	20632	
30007	0	20640	
30008	0	19932	
30009	0	18836	
30010	0	18286	
30011	0	18336	
30012	0	18706	
30013	0	19476	
30014	0	20780	
30015	0	22820	
30016	0	24500	
30017	0	25480	
30018	0	26540	
30019	0	27728	
30020	0	28596	
30021	0	28800	
30022	0	28736	
30023	0	28334	
30024	0	28008	
30025	0	27848	
30026	0	28072	
30027	0	28168	
30028	0	27656	
30029	0	26968	
30030	0	26584	
30031	0	26448	
30032	0	25944	
30033	0	25084	
30034	0	24024	
30035	0	22880	
30036	0	21364	
30037	0	20584	
30038	0	21496	
30039	0	23632	
30040	0	25492	
30041	0	26480	
30042	0	26916	
30043	0	27644	
30044	0	27832	
30045	0	27244	
30046	0	27184	
30047	0	28072	
30048	0	29144	
30049	0	29900	
30050	0	30584	
30051	0	30500	
30052	0	29860	
30053	0	29008	
30054	0	28440	
30055	0	28056	
30056	0	28016	
30057	0	28128	
30058	0	28068	
30059	0	27472	
30060	0	27048	
30061	0	26888	
30062	0	26628	
30063	0	26788	
30064	0	27420	
30065	0	27636	
30066	0	27180	
30067	0	26416	
30068	0	26284	
30069	0	26492	
30070	0	26516	
30071	0	26484	
30072	0	26676	
30073	0	27352	
30074	0	28548	
30075	0	29448	
30076	0	30380	
30077	0	30920	
30078	0	30836	
30079	0	30136	
30080	0	29012	
30081	0	28308	
30082	0	28204	
30083	0	28032	
30084	0	28112	
30085	0	27704	
30086	0	26688	
30087	0	25124	
30088	0	23408	
30089	0	22488	
30090	0	22764	
30091	0	23768	
30092	0	24864	
30093	0	25328	
30094	0	25540	
30095	0	24912	
30096	0	23300	
30097	0	21444	
30098	0	21220	
30099	0	22172	
30100	0	23632	
30101	0	25252	
30102	0	26336	
30103	0	26924	
30104	0	27680	
30105	0	28464	
30106	0	29236	
30107	0	29536	
30108	0	29440	
30109	0	29020	
30110	0	28522	
30111	0	28348	
30112	0	27697	
30113	0	27124	
30114	0	26856	
30115	0	26884	
30116	0	27256	
30117	0	27904	
30118	0	28116	
30119	0	27144	
30120	0	25060	
30121	0	23244	
30122	0	21877	
30123	0	21560	
30124	0	21978	
30125	0	22284	
30126	0	22904	
30127	0	23660	
30128	0	23836	
30129	0	23436	
30130	0	22924	
30131	0	22632	
30132	0	22498	
30133	0	23192	
30134	0	24540	
30135	0	25688	
30136	0	26304	
30137	0	26892	
30138	0	27784	
30139	0	28680	
30140	0	29516	
30141	0	30112	
30142	0	30216	
30143	0	29824	
30144	0	28800	
30145	0	27664	
30146	0	26764	
30147	0	26612	
30148	0	26504	
30149	0	26604	
30150	0	26696	
30151	0	27336	
30152	0	28280	
30153	0	28928	
30154	0	29268	
30155	0	28564	
30156	0	27664	
30157	0	27076	
30158	0	26300	
30159	0	26180	
30160	0	26312	
30161	0	26500	
30162	0	26716	
30163	0	26252	
30164	0	25912	
30165	0	26336	
30166	0	27448	
30167	0	28356	
30168	0	28816	
30169	0	28588	
30170	0	27604	
30171	0	26880	
30172	0	26892	
30173	0	27404	
30174	0	28112	
30175	0	29576	
30176	0	31464	
30177	0	32840	
30178	0	33044	
30179	0	31736	
30180	0	29976	
30181	0	28428	
30182	0	26752	
30183	0	25200	
30184	0	24118	
30185	0	23612	
30186	0	23732	
30187	0	24776	
30188	0	26232	
30189	0	27654	
30190	0	28868	
30191	0	29528	
30192	0	30296	
30193	0	31194	
30194	0	32464	
30195	0	32804	
30196	0	32660	
30197	0	32572	
30198	0	32764	
30199	0	32972	
30200	0	33080	
30201	0	33192	
30202	0	33088	
30203	0	32660	
30204	0	31730	
30205	0	31296	
30206	0	31340	
30207	0	31344	
30208	0	30936	
30209	0	31096	
30210	0	31256	
30211	0	30746	
30212	0	29996	
30213	0	28984	
30214	0	28180	
30215	0	27496	
30216	0	26512	
30217	0	25304	
30218	0	24472	
30219	0	23944	
30220	0	23988	
30221	0	24876	
30222	0	25948	
30223	0	27948	
30224	0	30140	
30225	0	32440	
30226	0	34568	
30227	0	35800	
30228	0	35940	
30229	0	35128	
30230	0	34008	
30231	0	33352	
30232	0	33836	
30233	0	34932	
30234	0	35552	
30235	0	35024	
30236	0	33400	
30237	0	31432	
30238	0	30224	
30239	0	29560	
30240	0	28980	
30241	0	28364	
30242	0	27700	
30243	0	27212	
30244	0	26976	
30245	0	27080	
30246	0	26828	
30247	0	26552	
30248	0	26608	
30249	0	27632	
30250	0	28812	
30251	0	28980	
30252	0	28444	
30253	0	27952	
30254	0	27820	
30255	0	28140	
30256	0	29000	
30257	0	29992	
30258	0	30188	
30259	0	30096	
30260	0	30266	
30261	0	30592	
30262	0	30892	
30263	0	30604	
30264	0	30128	
30265	0	30164	
30266	0	31160	
30267	0	32700	
30268	0	34284	
30269	0	35580	
30270	0	36308	
30271	0	36744	
30272	0	36868	
30273	0	36712	
30274	0	36028	
30275	0	35092	
30276	0	34620	
30277	0	34104	
30278	0	33064	
30279	0	31768	
30280	0	30760	
30281	0	30156	
30282	0	29900	
30283	0	30840	
30284	0	32516	
30285	0	33428	
30286	0	34052	
30287	0	34528	
30288	0	34572	
30289	0	34656	
30290	0	35180	
30291	0	35968	
30292	0	37096	
30293	0	37412	
30294	0	37356	
30295	0	37092	
30296	0	37040	
30297	0	36608	
30298	0	35156	
30299	0	33360	
30300	0	32224	
30301	0	30768	
30302	0	29620	
30303	0	29116	
30304	0	28564	
30305	0	28400	
30306	0	27720	
30307	0	26924	
30308	0	26316	
30309	0	25888	
30310	0	25736	
30311	0	26476	
30312	0	27912	
30313	0	29628	
30314	0	31128	
30315	0	31828	
30316	0	31904	
30317	0	32072	
30318	0	32312	
30319	0	32460	
30320	0	31912	
30321	0	31264	
30322	0	30540	
30323	0	29628	
30324	0	28248	
30325	0	27088	
30326	0	26556	
30327	0	26528	
30328	0	27400	
30329	0	28800	
30330	0	30560	
30331	0	32576	
30332	0	34720	
30333	0	35944	
30334	0	36616	
30335	0	36156	
30336	0	34980	
30337	0	33672	
30338	0	33136	
30339	0	33368	
30340	0	34220	
30341	0	34892	
30342	0	34808	
30343	0	33788	
30344	0	32936	
30345	0	32852	
30346	0	33396	
30347	0	34072	
30348	0	35168	
30349	0	36544	
30350	0	36924	
30351	0	36996	
30352	0	37000	
30353	0	36676	
30354	0	36604	
30355	0	36096	
30356	0	35108	
30357	0	34072	
30358	0	33680	
30359	0	34148	
30360	0	35044	
30361	0	35616	
30362	0	35384	
30363	0	34964	
30364	0	34524	
30365	0	33776	
30366	0	32736	
30367	0	31848	
30368	0	30892	
30369	0	30136	
30370	0	30176	
30371	0	30096	
30372	0	29560	
30373	0	29268	
30374	0	29720	
30375	0	30588	
30376	0	31816	
30377	0	32972	
30378	0	33764	
30379	0	34360	
30380	0	34108	
30381	0	33136	
30382	0	32396	
30383	0	32656	
30384	0	33468	
30385	0	34244	
30386	0	34712	
30387	0	34200	
30388	0	33356	
30389	0	32524	
30390	0	31880	
30391	0	32000	
30392	0	32288	
30393	0	33224	
30394	0	34576	
30395	0	34944	
30396	0	35128	
30397	0	35616	
30398	0	35580	
30399	0	35456	
30400	0	34940	
30401	0	34132	
30402	0	32996	
30403	0	32260	
30404	0	32632	
30405	0	32788	
30406	0	32544	
30407	0	32424	
30408	0	32396	
30409	0	32396	
30410	0	32232	
30411	0	32372	
30412	0	32800	
30413	0	33136	
30414	0	33468	
30415	0	34224	
30416	0	35188	
30417	0	34576	
30418	0	32704	
30419	0	30264	
30420	0	27244	
30421	0	24968	
30422	0	23974	
30423	0	23320	
30424	0	23532	
30425	0	23994	
30426	0	25032	
30427	0	27184	
30428	0	29754	
30429	0	32528	
30430	0	34824	
30431	0	35636	
30432	0	35792	
30433	0	36024	
30434	0	36344	
30435	0	36248	
30436	0	36008	
30437	0	35800	
30438	0	35696	
30439	0	35496	
30440	0	35412	
30441	0	35128	
30442	0	34600	
30443	0	34324	
30444	0	34008	
30445	0	33776	
30446	0	33616	
30447	0	32992	
30448	0	32144	
30449	0	31716	
30450	0	31472	
30451	0	31376	
30452	0	31252	
30453	0	31076	
30454	0	30760	
30455	0	30768	
30456	0	30704	
30457	0	30024	
30458	0	28716	
30459	0	27600	
30460	0	26976	
30461	0	26944	
30462	0	27896	
30463	0	28980	
30464	0	29716	
30465	0	30640	
30466	0	31388	
30467	0	30972	
30468	0	29468	
30469	0	28462	
30470	0	28652	
30471	0	29140	
30472	0	29528	
30473	0	29880	
30474	0	30232	
30475	0	30292	
30476	0	30980	
30477	0	31848	
30478	0	32752	
30479	0	33400	
30480	0	33884	
30481	0	34376	
30482	0	34848	
30483	0	34912	
30484	0	34412	
30485	0	33572	
30486	0	33000	
30487	0	32428	
30488	0	31920	
30489	0	31856	
30490	0	31716	
30491	0	32032	
30492	0	32676	
30493	0	33116	
30494	0	32728	
30495	0	31728	
30496	0	30968	
30497	0	30954	
30498	0	31512	
30499	0	32254	
30500	0	32980	
30501	0	33260	
30502	0	32756	
30503	0	32024	
30504	0	31656	
30505	0	31928	
30506	0	32792	
30507	0	33440	
30508	0	33972	
30509	0	34708	
30510	0	35244	
30511	0	35512	
30512	0	35604	
30513	0	36204	
30514	0	37576	
30515	0	38904	
30516	0	39504	
30517	0	39268	
30518	0	38876	
30519	0	38392	
30520	0	38124	
30521	0	37812	
30522	0	37220	
30523	0	36864	
30524	0	36648	
30525	0	35960	
30526	0	33824	
30527	0	31364	
30528	0	30076	
30529	0	28848	
30530	0	28332	
30531	0	28232	
30532	0	28328	
30533	0	28396	
30534	0	29088	
30535	0	30204	
30536	0	31064	
30537	0	31856	
30538	0	32698	
30539	0	33568	
30540	0	34888	
30541	0	36156	
30542	0	37800	
30543	0	39396	
30544	0	40248	
30545	0	40264	
30546	0	40088	
30547	0	39616	
30548	0	39100	
30549	0	38656	
30550	0	38956	
30551	0	39824	
30552	0	41184	
30553	0	42104	
30554	0	42652	
30555	0	43152	
30556	0	43548	
30557	0	44152	
30558	0	43976	
30559	0	42704	
30560	0	41240	
30561	0	39956	
30562	0	39068	
30563	0	38396	
30564	0	38272	
30565	0	38586	
30566	0	38680	
30567	0	38248	
30568	0	37316	
30569	0	35344	
30570	0	33768	
30571	0	32604	
30572	0	32584	
30573	0	32264	
30574	0	31904	
30575	0	31244	
30576	0	30948	
30577	0	31672	
30578	0	32876	
30579	0	34256	
30580	0	35840	
30581	0	37964	
30582	0	40314	
30583	0	42160	
30584	0	43560	
30585	0	44796	
30586	0	46132	
30587	0	46296	
30588	0	45664	
30589	0	45328	
30590	0	45144	
30591	0	45232	
30592	0	45360	
30593	0	44728	
30594	0	43084	
30595	0	41352	
30596	0	40160	
30597	0	39604	
30598	0	38816	
30599	0	37700	
30600	0	36248	
30601	0	35332	
30602	0	34812	
30603	0	34112	
30604	0	33672	
30605	0	33752	
30606	0	34396	
30607	0	35132	
30608	0	35452	
30609	0	35356	
30610	0	34816	
30611	0	33964	
30612	0	33624	
30613	0	33708	
30614	0	34008	
30615	0	33828	
30616	0	32784	
30617	0	30816	
30618	0	28472	
30619	0	26696	
30620	0	25992	
30621	0	25972	
30622	0	26968	
30623	0	28712	
30624	0	30504	
30625	0	32024	
30626	0	33160	
30627	0	33812	
30628	0	34464	
30629	0	34708	
30630	0	34800	
30631	0	34804	
30632	0	34684	
30633	0	34284	
30634	0	33680	
30635	0	32920	
30636	0	32080	
30637	0	31708	
30638	0	32032	
30639	0	32584	
30640	0	33048	
30641	0	34020	
30642	0	34936	
30643	0	35672	
30644	0	36120	
30645	0	36768	
30646	0	37476	
30647	0	38580	
30648	0	39450	
30649	0	39600	
30650	0	39596	
30651	0	39848	
30652	0	40024	
30653	0	39580	
30654	0	39152	
30655	0	39696	
30656	0	40588	
30657	0	41088	
30658	0	40268	
30659	0	38824	
30660	0	36960	
30661	0	35188	
30662	0	34548	
30663	0	34680	
30664	0	35312	
30665	0	35044	
30666	0	34720	
30667	0	34118	
30668	0	33516	
30669	0	33832	
30670	0	34056	
30671	0	34472	
30672	0	35392	
30673	0	35988	
30674	0	36400	
30675	0	37156	
30676	0	37844	
30677	0	38160	
30678	0	38192	
30679	0	38528	
30680	0	38612	
30681	0	38776	
30682	0	39204	
30683	0	39340	
30684	0	38880	
30685	0	38128	
30686	0	37584	
30687	0	37356	
30688	0	37656	
30689	0	37596	
30690	0	37456	
30691	0	37664	
30692	0	38028	
30693	0	38376	
30694	0	38672	
30695	0	38492	
30696	0	37772	
30697	0	36764	
30698	0	36228	
30699	0	35804	
30700	0	35316	
30701	0	34872	
30702	0	34072	
30703	0	33744	
30704	0	33492	
30705	0	33224	
30706	0	32908	
30707	0	32416	
30708	0	31880	
30709	0	31716	
30710	0	31484	
30711	0	31252	
30712	0	31536	
30713	0	31984	
30714	0	32068	
30715	0	32632	
30716	0	34312	
30717	0	35772	
30718	0	36348	
30719	0	35688	
30720	0	34640	
30721	0	33436	
30722	0	32840	
30723	0	32308	
30724	0	31764	
30725	0	31092	
30726	0	29976	
30727	0	28880	
30728	0	27892	
30729	0	27256	
30730	0	27252	
30731	0	27672	
30732	0	29308	
30733	0	31008	
30734	0	32216	
30735	0	32636	
30736	0	32596	
30737	0	32312	
30738	0	32248	
30739	0	32668	
30740	0	33200	
30741	0	33488	
30742	0	33648	
30743	0	33692	
30744	0	33156	
30745	0	32616	
30746	0	31648	
30747	0	31152	
30748	0	30660	
30749	0	30684	
30750	0	32240	
30751	0	34696	
30752	0	36372	
30753	0	36956	
30754	0	35836	
30755	0	33768	
30756	0	31800	
30757	0	30356	
30758	0	28868	
30759	0	27664	
30760	0	27230	
30761	0	27728	
30762	0	29274	
30763	0	30308	
30764	0	30364	
30765	0	30176	
30766	0	29420	
30767	0	29522	
30768	0	30184	
30769	0	30904	
30770	0	31656	
30771	0	32112	
30772	0	32024	
30773	0	31768	
30774	0	32024	
30775	0	32680	
30776	0	33568	
30777	0	34636	
30778	0	35124	
30779	0	35612	
30780	0	35512	
30781	0	35112	
30782	0	34300	
30783	0	33536	
30784	0	33352	
30785	0	33596	
30786	0	34560	
30787	0	35668	
30788	0	36344	
30789	0	36296	
30790	0	36116	
30791	0	36476	
30792	0	36800	
30793	0	36448	
30794	0	35572	
30795	0	34544	
30796	0	33408	
30797	0	32632	
30798	0	32112	
30799	0	31600	
30800	0	31384	
30801	0	31124	
30802	0	30552	
30803	0	30440	
30804	0	31168	
30805	0	31750	
30806	0	32280	
30807	0	32516	
30808	0	32362	
30809	0	33016	
30810	0	33464	
30811	0	33120	
30812	0	33052	
30813	0	32796	
30814	0	32474	
30815	0	31632	
30816	0	30784	
30817	0	30060	
30818	0	29620	
30819	0	29584	
30820	0	30296	
30821	0	31800	
30822	0	32774	
30823	0	33428	
30824	0	33788	
30825	0	34288	
30826	0	34104	
30827	0	32664	
30828	0	30456	
30829	0	28884	
30830	0	28220	
30831	0	28712	
30832	0	29028	
30833	0	29864	
30834	0	31084	
30835	0	32076	
30836	0	33156	
30837	0	34072	
30838	0	34608	
30839	0	34940	
30840	0	35212	
30841	0	35988	
30842	0	36556	
30843	0	37080	
30844	0	36572	
30845	0	36124	
30846	0	35668	
30847	0	35372	
30848	0	34520	
30849	0	33356	
30850	0	32884	
30851	0	33344	
30852	0	34352	
30853	0	35508	
30854	0	36142	
30855	0	36540	
30856	0	37576	
30857	0	39644	
30858	0	41748	
30859	0	43124	
30860	0	43252	
30861	0	42688	
30862	0	41632	
30863	0	40352	
30864	0	39128	
30865	0	39080	
30866	0	40036	
30867	0	41548	
30868	0	42292	
30869	0	42296	
30870	0	42444	
30871	0	42536	
30872	0	42808	
30873	0	43592	
30874	0	43916	
30875	0	43164	
30876	0	42060	
30877	0	41004	
30878	0	39700	
30879	0	38536	
30880	0	38224	
30881	0	38328	
30882	0	38656	
30883	0	39356	
30884	0	40128	
30885	0	40796	
30886	0	41296	
30887	0	41408	
30888	0	40784	
30889	0	39440	
30890	0	37386	
30891	0	35972	
30892	0	35452	
30893	0	35276	
30894	0	35336	
30895	0	35888	
30896	0	36888	
30897	0	38412	
30898	0	39400	
30899	0	40120	
30900	0	40752	
30901	0	41104	
30902	0	40800	
30903	0	39968	
30904	0	38788	
30905	0	37352	
30906	0	36088	
30907	0	35052	
30908	0	34696	
30909	0	34424	
30910	0	34188	
30911	0	34532	
30912	0	35392	
30913	0	36356	
30914	0	37312	
30915	0	38264	
30916	0	38716	
30917	0	39008	
30918	0	38716	
30919	0	37832	
30920	0	37092	
30921	0	36880	
30922	0	36728	
30923	0	36444	
30924	0	36128	
30925	0	35736	
30926	0	35584	
30927	0	35724	
30928	0	35972	
30929	0	36464	
30930	0	36346	
30931	0	35688	
30932	0	35784	
30933	0	35324	
30934	0	34084	
30935	0	32796	
30936	0	31848	
30937	0	31480	
30938	0	31888	
30939	0	33712	
30940	0	36016	
30941	0	37716	
30942	0	38776	
30943	0	38704	
30944	0	37648	
30945	0	35964	
30946	0	34244	
30947	0	32572	
30948	0	31320	
30949	0	29928	
30950	0	28320	
30951	0	27792	
30952	0	27660	
30953	0	27892	
30954	0	28740	
30955	0	29372	
30956	0	29196	
30957	0	28504	
30958	0	26888	
30959	0	25944	
30960	0	25904	
30961	0	26384	
30962	0	27064	
30963	0	27740	
30964	0	28272	
30965	0	28908	
30966	0	29480	
30967	0	29896	
30968	0	30100	
30969	0	30340	
30970	0	30184	
30971	0	29840	
30972	0	29488	
30973	0	29720	
30974	0	30020	
30975	0	30262	
30976	0	30552	
30977	0	31248	
30978	0	31872	
30979	0	32284	
30980	0	32744	
30981	0	32868	
30982	0	33668	
30983	0	34316	
30984	0	34464	
30985	0	33876	
30986	0	32184	
30987	0	30564	
30988	0	29416	
30989	0	29624	
30990	0	29832	
30991	0	30444	
30992	0	30768	
30993	0	30648	
30994	0	29968	
30995	0	29348	
30996	0	28552	
30997	0	28317	
30998	0	28440	
30999	0	29052	
31000	0	29544	
31001	0	29824	
31002	0	30060	
31003	0	30588	
31004	0	31608	
31005	0	32244	
31006	0	32320	
31007	0	32264	
31008	0	32044	
31009	0	31688	
31010	0	31612	
31011	0	32368	
31012	0	33488	
31013	0	34384	
31014	0	34960	
31015	0	35444	
31016	0	34952	
31017	0	34552	
31018	0	34452	
31019	0	34840	
31020	0	35188	
31021	0	35404	
31022	0	35340	
31023	0	34836	
31024	0	34844	
31025	0	34708	
31026	0	34232	
31027	0	34252	
31028	0	34196	
31029	0	33560	
31030	0	33300	
31031	0	33280	
31032	0	33108	
31033	0	32508	
31034	0	32332	
31035	0	33044	
31036	0	33664	
31037	0	34068	
31038	0	33792	
31039	0	33356	
31040	0	33212	
31041	0	33656	
31042	0	34176	
31043	0	34356	
31044	0	34264	
31045	0	33732	
31046	0	33248	
31047	0	33120	
31048	0	32730	
31049	0	32596	
31050	0	33240	
31051	0	34488	
31052	0	35616	
31053	0	35840	
31054	0	36152	
31055	0	35988	
31056	0	35836	
31057	0	35756	
31058	0	35936	
31059	0	35864	
31060	0	35384	
31061	0	34420	
31062	0	33840	
31063	0	33424	
31064	0	32432	
31065	0	31296	
31066	0	30616	
31067	0	31092	
31068	0	31560	
31069	0	31392	
31070	0	30776	
31071	0	29580	
31072	0	28850	
31073	0	28760	
31074	0	29036	
31075	0	29556	
31076	0	29664	
31077	0	29396	
31078	0	29312	
31079	0	29684	
31080	0	30144	
31081	0	30020	
31082	0	29660	
31083	0	28988	
31084	0	28656	
31085	0	28752	
31086	0	28792	
31087	0	29328	
31088	0	30400	
31089	0	31328	
31090	0	32020	
31091	0	32732	
31092	0	33216	
31093	0	33632	
31094	0	34016	
31095	0	34132	
31096	0	33348	
31097	0	32768	
31098	0	33472	
31099	0	35012	
31100	0	36072	
31101	0	36508	
31102	0	36980	
31103	0	37032	
31104	0	36866	
31105	0	35432	
31106	0	34144	
31107	0	33360	
31108	0	32444	
31109	0	31736	
31110	0	31432	
31111	0	31440	
31112	0	32008	
31113	0	32088	
31114	0	31440	
31115	0	31128	
31116	0	31388	
31117	0	31788	
31118	0	32460	
31119	0	33084	
31120	0	33524	
31121	0	33808	
31122	0	33296	
31123	0	32308	
31124	0	31000	
31125	0	29636	
31126	0	28586	
31127	0	28436	
31128	0	29008	
31129	0	30024	
31130	0	30868	
31131	0	30972	
31132	0	30866	
31133	0	31116	
31134	0	32028	
31135	0	32680	
31136	0	33228	
31137	0	33568	
31138	0	33644	
31139	0	33728	
31140	0	33920	
31141	0	34212	
31142	0	34008	
31143	0	33388	
31144	0	33188	
31145	0	33104	
31146	0	32684	
31147	0	31812	
31148	0	30944	
31149	0	31266	
31150	0	32280	
31151	0	33904	
31152	0	35732	
31153	0	36592	
31154	0	36832	
31155	0	37296	
31156	0	37704	
31157	0	38188	
31158	0	38012	
31159	0	37416	
31160	0	36646	
31161	0	35728	
31162	0	34472	
31163	0	33344	
31164	0	32416	
31165	0	31660	
31166	0	31468	
31167	0	31600	
31168	0	31880	
31169	0	32036	
31170	0	32096	
31171	0	31648	
31172	0	31360	
31173	0	31848	
31174	0	32728	
31175	0	33560	
31176	0	34428	
31177	0	35092	
31178	0	35320	
31179	0	35384	
31180	0	35334	
31181	0	35408	
31182	0	35820	
31183	0	36680	
31184	0	37416	
31185	0	37128	
31186	0	36104	
31187	0	35188	
31188	0	35240	
31189	0	35732	
31190	0	36190	
31191	0	36336	
31192	0	35592	
31193	0	34704	
31194	0	33988	
31195	0	33184	
31196	0	32592	
31197	0	31940	
31198	0	31748	
31199	0	31312	
31200	0	29916	
31201	0	28188	
31202	0	26448	
31203	0	25056	
31204	0	24548	
31205	0	24524	
31206	0	24452	
31207	0	25084	
31208	0	26376	
31209	0	27680	
31210	0	28960	
31211	0	30140	
31212	0	30952	
31213	0	31460	
31214	0	31600	
31215	0	31764	
31216	0	31708	
31217	0	31816	
31218	0	31896	
31219	0	31504	
31220	0	31216	
31221	0	31008	
31222	0	30836	
31223	0	31160	
31224	0	31748	
31225	0	32440	
31226	0	33372	
31227	0	33844	
31228	0	33072	
31229	0	31861	
31230	0	30872	
31231	0	30080	
31232	0	29400	
31233	0	29224	
31234	0	29712	
31235	0	30044	
31236	0	30584	
31237	0	31612	
31238	0	32912	
31239	0	33792	
31240	0	33484	
31241	0	32628	
31242	0	32564	
31243	0	32784	
31244	0	33204	
31245	0	33628	
31246	0	33796	
31247	0	33644	
31248	0	32864	
31249	0	32020	
31250	0	31456	
31251	0	31625	
31252	0	32104	
31253	0	32720	
31254	0	33688	
31255	0	33760	
31256	0	33472	
31257	0	32772	
31258	0	32072	
31259	0	31968	
31260	0	31784	
31261	0	31416	
31262	0	31576	
31263	0	32276	
31264	0	32940	
31265	0	33500	
31266	0	34284	
31267	0	34564	
31268	0	34536	
31269	0	33992	
31270	0	33576	
31271	0	33648	
31272	0	34360	
31273	0	35108	
31274	0	36014	
31275	0	37000	
31276	0	37168	
31277	0	36540	
31278	0	35384	
31279	0	34640	
31280	0	34272	
31281	0	34428	
31282	0	34192	
31283	0	34088	
31284	0	34136	
31285	0	34280	
31286	0	33992	
31287	0	33932	
31288	0	34428	
31289	0	35048	
31290	0	35408	
31291	0	35792	
31292	0	36492	
31293	0	37124	
31294	0	37208	
31295	0	36756	
31296	0	35908	
31297	0	34964	
31298	0	34228	
31299	0	33476	
31300	0	33004	
31301	0	32874	
31302	0	32864	
31303	0	32756	
31304	0	32362	
31305	0	31940	
31306	0	31412	
31307	0	31744	
31308	0	32740	
31309	0	32876	
31310	0	32944	
31311	0	33296	
31312	0	34112	
31313	0	34656	
31314	0	34720	
31315	0	34376	
31316	0	34036	
31317	0	33792	
31318	0	34220	
31319	0	34840	
31320	0	35320	
31321	0	36112	
31322	0	36964	
31323	0	36604	
31324	0	35484	
31325	0	33752	
31326	0	32636	
31327	0	32524	
31328	0	32776	
31329	0	33064	
31330	0	33112	
31331	0	33664	
31332	0	34604	
31333	0	35212	
31334	0	35192	
31335	0	34660	
31336	0	34056	
31337	0	33032	
31338	0	32244	
31339	0	31928	
31340	0	31772	
31341	0	31288	
31342	0	30552	
31343	0	30472	
31344	0	31136	
31345	0	31704	
31346	0	31672	
31347	0	31064	
31348	0	30266	
31349	0	29728	
31350	0	29412	
31351	0	29768	
31352	0	30292	
31353	0	30520	
31354	0	29808	
31355	0	28816	
31356	0	28648	
31357	0	29032	
31358	0	29516	
31359	0	30248	
31360	0	30688	
31361	0	30960	
31362	0	31116	
31363	0	31456	
31364	0	32212	
31365	0	33076	
31366	0	33460	
31367	0	33752	
31368	0	33720	
31369	0	34000	
31370	0	33960	
31371	0	33600	
31372	0	33354	
31373	0	33344	
31374	0	33400	
31375	0	33760	
31376	0	33972	
31377	0	34000	
31378	0	34680	
31379	0	35432	
31380	0	36328	
31381	0	36608	
31382	0	36044	
31383	0	35224	
31384	0	33916	
31385	0	32300	
31386	0	30644	
31387	0	29180	
31388	0	28624	
31389	0	29168	
31390	0	29616	
31391	0	29880	
31392	0	30124	
31393	0	30068	
31394	0	29592	
31395	0	29924	
31396	0	31124	
31397	0	32768	
31398	0	34424	
31399	0	34932	
31400	0	34760	
31401	0	33816	
31402	0	32968	
31403	0	32756	
31404	0	33524	
31405	0	35012	
31406	0	36620	
31407	0	37208	
31408	0	37736	
31409	0	38632	
31410	0	39252	
31411	0	40360	
31412	0	41256	
31413	0	41780	
31414	0	42072	
31415	0	42348	
31416	0	41804	
31417	0	40656	
31418	0	39516	
31419	0	38500	
31420	0	37348	
31421	0	36504	
31422	0	35140	
31423	0	33404	
31424	0	31744	
31425	0	31024	
31426	0	30504	
31427	0	30288	
31428	0	30736	
31429	0	31200	
31430	0	31536	
31431	0	31728	
31432	0	31392	
31433	0	31672	
31434	0	31620	
31435	0	30944	
31436	0	30044	
31437	0	29644	
31438	0	30296	
31439	0	31560	
31440	0	32568	
31441	0	32426	
31442	0	31772	
31443	0	30764	
31444	0	30040	
31445	0	29260	
31446	0	28340	
31447	0	27466	
31448	0	27168	
31449	0	27260	
31450	0	27504	
31451	0	28674	
31452	0	29692	
31453	0	30504	
31454	0	30960	
31455	0	30928	
31456	0	30824	
31457	0	31080	
31458	0	31620	
31459	0	31396	
31460	0	31248	
31461	0	31148	
31462	0	30956	
31463	0	30296	
31464	0	29856	
31465	0	29728	
31466	0	29660	
31467	0	29564	
31468	0	29936	
31469	0	30680	
31470	0	31536	
31471	0	31844	
31472	0	31980	
31473	0	32680	
31474	0	33036	
31475	0	33080	
31476	0	32968	
31477	0	32596	
31478	0	32222	
31479	0	31884	
31480	0	31426	
31481	0	30824	
31482	0	29864	
31483	0	28484	
31484	0	27676	
31485	0	27440	
31486	0	28048	
31487	0	29084	
31488	0	30272	
31489	0	31460	
31490	0	32396	
31491	0	32608	
31492	0	32128	
31493	0	31364	
31494	0	30076	
31495	0	29136	
31496	0	28552	
31497	0	28492	
31498	0	28966	
31499	0	29300	
31500	0	28970	
31501	0	28484	
31502	0	28416	
31503	0	28504	
31504	0	29104	
31505	0	29560	
31506	0	29812	
31507	0	30204	
31508	0	30736	
31509	0	30952	
31510	0	30692	
31511	0	30592	
31512	0	30820	
31513	0	31532	
31514	0	32028	
31515	0	32320	
31516	0	32936	
31517	0	33536	
31518	0	34096	
31519	0	34492	
31520	0	34456	
31521	0	33632	
31522	0	32820	
31523	0	32376	
31524	0	32320	
31525	0	31832	
31526	0	31388	
31527	0	31732	
31528	0	33216	
31529	0	34584	
31530	0	35032	
31531	0	35252	
31532	0	35832	
31533	0	36908	
31534	0	38036	
31535	0	37872	
31536	0	36460	
31537	0	34992	
31538	0	33808	
31539	0	32888	
31540	0	32692	
31541	0	32948	
31542	0	33400	
31543	0	34016	
31544	0	34512	
31545	0	34532	
31546	0	34168	
31547	0	33424	
31548	0	32220	
31549	0	31016	
31550	0	29978	
31551	0	29224	
31552	0	28544	
31553	0	27584	
31554	0	27696	
31555	0	28644	
31556	0	29484	
31557	0	30784	
31558	0	31612	
31559	0	31900	
31560	0	31612	
31561	0	30898	
31562	0	29932	
31563	0	29540	
31564	0	29512	
31565	0	29112	
31566	0	28504	
31567	0	28520	
31568	0	28656	
31569	0	28906	
31570	0	29224	
31571	0	29372	
31572	0	29792	
31573	0	30164	
31574	0	30432	
31575	0	30792	
31576	0	30684	
31577	0	30744	
31578	0	30650	
31579	0	30636	
31580	0	30752	
31581	0	31440	
31582	0	32288	
31583	0	32668	
31584	0	32952	
31585	0	33488	
31586	0	33908	
31587	0	33784	
31588	0	32716	
31589	0	31744	
31590	0	30884	
31591	0	30448	
31592	0	30644	
31593	0	31528	
31594	0	31652	
31595	0	31588	
31596	0	31572	
31597	0	31660	
31598	0	31424	
31599	0	31276	
31600	0	31912	
31601	0	33116	
31602	0	34300	
31603	0	34480	
31604	0	34092	
31605	0	33608	
31606	0	33348	
31607	0	33608	
31608	0	34160	
31609	0	34160	
31610	0	33536	
31611	0	33924	
31612	0	34932	
31613	0	35296	
31614	0	35368	
31615	0	35116	
31616	0	34276	
31617	0	33224	
31618	0	32332	
31619	0	31968	
31620	0	31628	
31621	0	31500	
31622	0	31388	
31623	0	31604	
31624	0	31560	
31625	0	31512	
31626	0	31090	
31627	0	30580	
31628	0	30592	
31629	0	31408	
31630	0	32440	
31631	0	33500	
31632	0	33936	
31633	0	34284	
31634	0	34560	
31635	0	34748	
31636	0	34340	
31637	0	33940	
31638	0	33444	
31639	0	32724	
31640	0	32268	
31641	0	32100	
31642	0	32480	
31643	0	31892	
31644	0	30624	
31645	0	29484	
31646	0	29432	
31647	0	30076	
31648	0	31282	
31649	0	33188	
31650	0	34432	
31651	0	34952	
31652	0	34828	
31653	0	34252	
31654	0	33676	
31655	0	33140	
31656	0	32468	
31657	0	32496	
31658	0	33028	
31659	0	33396	
31660	0	33616	
31661	0	33852	
31662	0	33320	
31663	0	32068	
31664	0	31424	
31665	0	31272	
31666	0	31404	
31667	0	31828	
31668	0	32180	
31669	0	31824	
31670	0	31512	
31671	0	31272	
31672	0	31752	
31673	0	32648	
31674	0	34028	
31675	0	35196	
31676	0	36156	
31677	0	36640	
31678	0	36676	
31679	0	36608	
31680	0	36256	
31681	0	35948	
31682	0	35036	
31683	0	34104	
31684	0	33808	
31685	0	33636	
31686	0	34120	
31687	0	34408	
31688	0	33908	
31689	0	33264	
31690	0	32800	
31691	0	32764	
31692	0	33212	
31693	0	33824	
31694	0	33704	
31695	0	33812	
31696	0	34720	
31697	0	35360	
31698	0	36120	
31699	0	36440	
31700	0	36332	
31701	0	35560	
31702	0	34176	
31703	0	32904	
31704	0	31896	
31705	0	31676	
31706	0	32212	
31707	0	32480	
31708	0	32516	
31709	0	32716	
31710	0	33288	
31711	0	33480	
31712	0	33472	
31713	0	33380	
31714	0	33600	
31715	0	33644	
31716	0	33728	
31717	0	33812	
31718	0	33472	
31719	0	33192	
31720	0	32964	
31721	0	32924	
31722	0	33376	
31723	0	33876	
31724	0	33860	
31725	0	33764	
31726	0	34208	
31727	0	34368	
31728	0	34044	
31729	0	32996	
31730	0	32076	
31731	0	32664	
31732	0	34008	
31733	0	34292	
31734	0	33568	
31735	0	33088	
31736	0	33416	
31737	0	33608	
31738	0	34080	
31739	0	34616	
31740	0	34632	
31741	0	34604	
31742	0	34564	
31743	0	34220	
31744	0	33124	
31745	0	31088	
31746	0	29192	
31747	0	27788	
31748	0	27152	
31749	0	27200	
31750	0	27556	
31751	0	28278	
31752	0	29000	
31753	0	29516	
31754	0	30120	
31755	0	31352	
31756	0	32972	
31757	0	34472	
31758	0	35304	
31759	0	36360	
31760	0	37048	
31761	0	36804	
31762	0	35832	
31763	0	34616	
31764	0	34360	
31765	0	34576	
31766	0	34660	
31767	0	34868	
31768	0	35400	
31769	0	35596	
31770	0	35264	
31771	0	34432	
31772	0	33968	
31773	0	34028	
31774	0	34632	
31775	0	35256	
31776	0	35884	
31777	0	36416	
31778	0	36768	
31779	0	36704	
31780	0	35928	
31781	0	35024	
31782	0	34320	
31783	0	34016	
31784	0	33712	
31785	0	34168	
31786	0	34520	
31787	0	35148	
31788	0	35196	
31789	0	35116	
31790	0	35448	
31791	0	36116	
31792	0	36832	
31793	0	37252	
31794	0	37100	
31795	0	36776	
31796	0	35944	
31797	0	34672	
31798	0	33800	
31799	0	33072	
31800	0	32660	
31801	0	32524	
31802	0	31940	
31803	0	31412	
31804	0	31072	
31805	0	30708	
31806	0	30448	
31807	0	30516	
31808	0	30048	
31809	0	29952	
31810	0	30664	
31811	0	31636	
31812	0	32620	
31813	0	33192	
31814	0	33044	
31815	0	32580	
31816	0	32312	
31817	0	32220	
31818	0	32280	
31819	0	32284	
31820	0	32152	
31821	0	31896	
31822	0	31088	
31823	0	30876	
31824	0	30912	
31825	0	31296	
31826	0	31324	
31827	0	30808	
31828	0	29720	
31829	0	28584	
31830	0	27860	
31831	0	27388	
31832	0	26856	
31833	0	26372	
31834	0	26152	
31835	0	25672	
31836	0	25556	
31837	0	25944	
31838	0	26912	
31839	0	28180	
31840	0	29144	
31841	0	29420	
31842	0	29628	
31843	0	30656	
31844	0	30900	
31845	0	31104	
31846	0	31468	
31847	0	31480	
31848	0	31230	
31849	0	31096	
31850	0	31092	
31851	0	31536	
31852	0	32750	
31853	0	34204	
31854	0	35208	
31855	0	35080	
31856	0	34344	
31857	0	32736	
31858	0	31456	
31859	0	30624	
31860	0	29604	
31861	0	29520	
31862	0	30264	
31863	0	31180	
31864	0	31980	
31865	0	32536	
31866	0	32012	
31867	0	31156	
31868	0	30952	
31869	0	31264	
31870	0	31800	
31871	0	32556	
31872	0	33344	
31873	0	33924	
31874	0	33864	
31875	0	33088	
31876	0	32200	
31877	0	32288	
31878	0	33152	
31879	0	33648	
31880	0	34048	
31881	0	33896	
31882	0	33280	
31883	0	32532	
31884	0	31632	
31885	0	31032	
31886	0	30716	
31887	0	30066	
31888	0	29636	
31889	0	29332	
31890	0	29460	
31891	0	29856	
31892	0	29836	
31893	0	29928	
31894	0	30540	
31895	0	31132	
31896	0	31052	
31897	0	30660	
31898	0	30496	
31899	0	30736	
31900	0	31236	
31901	0	31700	
31902	0	32028	
31903	0	32792	
31904	0	33496	
31905	0	33680	
31906	0	33636	
31907	0	33384	
31908	0	32908	
31909	0	31972	
31910	0	30796	
31911	0	29428	
31912	0	28632	
31913	0	28157	
31914	0	28664	
31915	0	30028	
31916	0	31256	
31917	0	32400	
31918	0	33372	
31919	0	34612	
31920	0	35444	
31921	0	35304	
31922	0	34296	
31923	0	32792	
31924	0	31412	
31925	0	30220	
31926	0	29474	
31927	0	28904	
31928	0	28784	
31929	0	29120	
31930	0	29724	
31931	0	30074	
31932	0	30424	
31933	0	30324	
31934	0	30244	
31935	0	30372	
31936	0	30664	
31937	0	30788	
31938	0	31068	
31939	0	30720	
31940	0	30648	
31941	0	30816	
31942	0	30976	
31943	0	30888	
31944	0	31148	
31945	0	30948	
31946	0	30720	
31947	0	30648	
31948	0	30436	
31949	0	29540	
31950	0	29072	
31951	0	28980	
31952	0	29116	
31953	0	29788	
31954	0	30656	
31955	0	31108	
31956	0	30516	
31957	0	29592	
31958	0	29008	
31959	0	28680	
31960	0	28736	
31961	0	28768	
31962	0	29312	
31963	0	29720	
31964	0	29968	
31965	0	29432	
31966	0	28592	
31967	0	28140	
31968	0	27580	
31969	0	26916	
31970	0	26126	
31971	0	25364	
31972	0	25072	
31973	0	24936	
31974	0	24952	
31975	0	24680	
31976	0	25144	
31977	0	26048	
31978	0	26304	
31979	0	25880	
31980	0	25400	
31981	0	24940	
31982	0	24916	
31983	0	24936	
31984	0	24828	
31985	0	24512	
31986	0	24132	
31987	0	24186	
31988	0	24948	
31989	0	25956	
31990	0	27452	
31991	0	29456	
31992	0	30980	
31993	0	31656	
31994	0	32048	
31995	0	32216	
31996	0	31880	
31997	0	30556	
31998	0	29160	
31999	0	28144	
32000	0	27954	
32001	0	28156	
32002	0	28164	
32003	0	27932	
32004	0	27840	
32005	0	27786	
32006	0	27408	
32007	0	26360	
32008	0	25456	
32009	0	25308	
32010	0	26100	
32011	0	27312	
32012	0	28592	
32013	0	29696	
32014	0	30072	
32015	0	29760	
32016	0	29532	
32017	0	29176	
32018	0	28670	
32019	0	28328	
32020	0	28304	
32021	0	28036	
32022	0	26972	
32023	0	25866	
32024	0	25040	
32025	0	24696	
32026	0	24968	
32027	0	25824	
32028	0	26192	
32029	0	26304	
32030	0	26448	
32031	0	27026	
32032	0	27712	
32033	0	28000	
32034	0	28240	
32035	0	28400	
32036	0	28276	
32037	0	28284	
32038	0	28796	
32039	0	29220	
32040	0	29920	
32041	0	30772	
32042	0	31400	
32043	0	31336	
32044	0	30776	
32045	0	29784	
32046	0	29224	
32047	0	29232	
32048	0	29360	
32049	0	29396	
32050	0	29416	
32051	0	29492	
32052	0	29996	
32053	0	30464	
32054	0	30824	
32055	0	31136	
32056	0	31068	
32057	0	31200	
32058	0	30972	
32059	0	30520	
32060	0	30220	
32061	0	29900	
32062	0	29172	
32063	0	28448	
32064	0	27904	
32065	0	27920	
32066	0	28688	
32067	0	29602	
32068	0	30240	
32069	0	30820	
32070	0	31068	
32071	0	30800	
32072	0	30684	
32073	0	30592	
32074	0	30880	
32075	0	31786	
32076	0	32354	
32077	0	32832	
32078	0	33140	
32079	0	33304	
32080	0	33088	
32081	0	32314	
32082	0	31480	
32083	0	30320	
32084	0	30100	
32085	0	30496	
32086	0	30604	
32087	0	30480	
32088	0	30344	
32089	0	30728	
32090	0	31268	
32091	0	31808	
32092	0	32240	
32093	0	32664	
32094	0	33352	
32095	0	34224	
32096	0	35020	
32097	0	34848	
32098	0	34440	
32099	0	33408	
32100	0	32192	
32101	0	31456	
32102	0	31264	
32103	0	30872	
32104	0	30588	
32105	0	30152	
32106	0	29156	
32107	0	28044	
32108	0	26872	
32109	0	25676	
32110	0	24892	
32111	0	24100	
32112	0	23560	
32113	0	23476	
32114	0	23900	
32115	0	24260	
32116	0	24426	
32117	0	24004	
32118	0	23380	
32119	0	23140	
32120	0	23192	
32121	0	23980	
32122	0	24740	
32123	0	25388	
32124	0	25620	
32125	0	25488	
32126	0	24652	
32127	0	23556	
32128	0	23112	
32129	0	22808	
32130	0	22061	
32131	0	21048	
32132	0	20652	
32133	0	20796	
32134	0	21684	
32135	0	22696	
32136	0	23248	
32137	0	23200	
32138	0	22976	
32139	0	23061	
32140	0	23660	
32141	0	24312	
32142	0	24768	
32143	0	24874	
32144	0	24816	
32145	0	25024	
32146	0	25376	
32147	0	25580	
32148	0	25532	
32149	0	25512	
32150	0	25184	
32151	0	25052	
32152	0	25656	
32153	0	26156	
32154	0	25592	
32155	0	24424	
32156	0	22488	
32157	0	20632	
32158	0	19360	
32159	0	18204	
32160	0	17420	
32161	0	16964	
32162	0	16740	
32163	0	16982	
32164	0	17272	
32165	0	17868	
32166	0	19232	
32167	0	21040	
32168	0	22624	
32169	0	23204	
32170	0	23024	
32171	0	22980	
32172	0	23392	
32173	0	24056	
32174	0	24388	
32175	0	24380	
32176	0	23662	
32177	0	22836	
32178	0	22456	
32179	0	21940	
32180	0	22166	
32181	0	22636	
32182	0	22700	
32183	0	22792	
32184	0	23068	
32185	0	24044	
32186	0	25336	
32187	0	25848	
32188	0	25732	
32189	0	25412	
32190	0	25260	
32191	0	25076	
32192	0	25368	
32193	0	25952	
32194	0	26352	
32195	0	26784	
32196	0	27274	
32197	0	27200	
32198	0	26568	
32199	0	24708	
32200	0	22648	
32201	0	21204	
32202	0	20128	
32203	0	19210	
32204	0	18866	
32205	0	18529	
32206	0	17872	
32207	0	17000	
32208	0	16748	
32209	0	17508	
32210	0	18336	
32211	0	19524	
32212	0	20702	
32213	0	21960	
32214	0	23152	
32215	0	23608	
32216	0	23044	
32217	0	22046	
32218	0	21312	
32219	0	21110	
32220	0	21072	
32221	0	21184	
32222	0	21180	
32223	0	21144	
32224	0	21370	
32225	0	21248	
32226	0	20904	
32227	0	20660	
32228	0	20724	
32229	0	20692	
32230	0	20216	
32231	0	20328	
32232	0	20672	
32233	0	21040	
32234	0	22264	
32235	0	22860	
32236	0	22348	
32237	0	21324	
32238	0	20852	
32239	0	21096	
32240	0	21538	
32241	0	21796	
32242	0	22082	
32243	0	22236	
32244	0	22394	
32245	0	21968	
32246	0	21144	
32247	0	20464	
32248	0	20120	
32249	0	20436	
32250	0	20992	
32251	0	21096	
32252	0	21516	
32253	0	21736	
32254	0	21460	
32255	0	21420	
32256	0	21076	
32257	0	20812	
32258	0	21056	
32259	0	21456	
32260	0	21552	
32261	0	21876	
32262	0	21864	
32263	0	22384	
32264	0	22652	
32265	0	22444	
32266	0	22536	
32267	0	22864	
32268	0	22904	
32269	0	22752	
32270	0	22580	
32271	0	22492	
32272	0	22780	
32273	0	23048	
32274	0	22968	
32275	0	23104	
32276	0	23548	
32277	0	23796	
32278	0	23932	
32279	0	24516	
32280	0	25472	
32281	0	26512	
32282	0	26944	
32283	0	26504	
32284	0	25228	
32285	0	24472	
32286	0	24376	
32287	0	25156	
32288	0	26500	
32289	0	28352	
32290	0	30132	
32291	0	31296	
32292	0	31972	
32293	0	31988	
32294	0	31796	
32295	0	31516	
32296	0	31318	
32297	0	30944	
32298	0	30164	
32299	0	29616	
32300	0	29016	
32301	0	28336	
32302	0	28302	
32303	0	28532	
32304	0	29124	
32305	0	29784	
32306	0	29952	
32307	0	29872	
32308	0	29996	
32309	0	29916	
32310	0	29598	
32311	0	28964	
32312	0	27904	
32313	0	27236	
32314	0	27049	
32315	0	27356	
32316	0	28160	
32317	0	29428	
32318	0	30524	
32319	0	30976	
32320	0	31024	
32321	0	30484	
32322	0	30180	
32323	0	30456	
32324	0	30484	
32325	0	30520	
32326	0	30600	
32327	0	31048	
32328	0	30888	
32329	0	30556	
32330	0	30044	
32331	0	29816	
32332	0	29628	
32333	0	29732	
32334	0	29780	
32335	0	29896	
32336	0	30280	
32337	0	31304	
32338	0	32080	
32339	0	32808	
32340	0	33320	
32341	0	33848	
32342	0	34744	
32343	0	35296	
32344	0	35884	
32345	0	36580	
32346	0	36724	
32347	0	35736	
32348	0	34120	
32349	0	32852	
32350	0	32474	
32351	0	32388	
32352	0	32168	
32353	0	32204	
32354	0	32122	
32355	0	32024	
32356	0	32208	
32357	0	32020	
32358	0	31584	
32359	0	30896	
32360	0	30212	
32361	0	29392	
32362	0	28656	
32363	0	29036	
32364	0	30328	
32365	0	31052	
32366	0	31412	
32367	0	32036	
32368	0	32016	
32369	0	31904	
32370	0	32044	
32371	0	32194	
32372	0	32212	
32373	0	32372	
32374	0	32364	
32375	0	32456	
32376	0	32460	
32377	0	32744	
32378	0	33416	
32379	0	33704	
32380	0	33188	
32381	0	32644	
32382	0	32288	
32383	0	32744	
32384	0	33972	
32385	0	34744	
32386	0	35264	
32387	0	35216	
32388	0	35032	
32389	0	34968	
32390	0	34740	
32391	0	34564	
32392	0	33848	
32393	0	32992	
32394	0	32032	
32395	0	31470	
32396	0	31668	
32397	0	32756	
32398	0	33396	
32399	0	33028	
32400	0	32612	
32401	0	31760	
32402	0	31300	
32403	0	31088	
32404	0	31106	
32405	0	31476	
32406	0	32084	
32407	0	32176	
32408	0	32484	
32409	0	32360	
32410	0	32112	
32411	0	32144	
32412	0	31978	
32413	0	31928	
32414	0	32036	
32415	0	32156	
32416	0	32516	
32417	0	33308	
32418	0	34260	
32419	0	34740	
32420	0	34616	
32421	0	34256	
32422	0	33388	
32423	0	33120	
32424	0	33236	
32425	0	32804	
32426	0	32356	
32427	0	32140	
32428	0	32128	
32429	0	32340	
32430	0	32344	
32431	0	31632	
32432	0	30940	
32433	0	31108	
32434	0	31944	
32435	0	31844	
32436	0	32098	
32437	0	32088	
32438	0	32024	
32439	0	32004	
32440	0	31388	
32441	0	29944	
32442	0	28740	
32443	0	27556	
32444	0	27492	
32445	0	28504	
32446	0	29626	
32447	0	30680	
32448	0	31424	
32449	0	31764	
32450	0	32480	
32451	0	33060	
32452	0	33356	
32453	0	33272	
32454	0	32996	
32455	0	32888	
32456	0	32712	
32457	0	32960	
32458	0	33524	
32459	0	34240	
32460	0	35164	
32461	0	35884	
32462	0	36136	
32463	0	35664	
32464	0	35080	
32465	0	34644	
32466	0	33996	
32467	0	33644	
32468	0	33132	
32469	0	32204	
32470	0	31540	
32471	0	30426	
32472	0	29868	
32473	0	29520	
32474	0	29640	
32475	0	30512	
32476	0	31320	
32477	0	31760	
32478	0	32464	
32479	0	33048	
32480	0	33738	
32481	0	34532	
32482	0	34768	
32483	0	34600	
32484	0	34088	
32485	0	33712	
32486	0	32880	
32487	0	31624	
32488	0	31208	
32489	0	32036	
32490	0	33056	
32491	0	34440	
32492	0	35208	
32493	0	35180	
32494	0	35692	
32495	0	36760	
32496	0	37888	
32497	0	38100	
32498	0	37816	
32499	0	37372	
32500	0	36528	
32501	0	35250	
32502	0	33852	
32503	0	32852	
32504	0	32092	
32505	0	31792	
32506	0	32088	
32507	0	32864	
32508	0	33700	
32509	0	34904	
32510	0	36340	
32511	0	37880	
32512	0	38896	
32513	0	39616	
32514	0	40160	
32515	0	40164	
32516	0	40040	
32517	0	40140	
32518	0	40128	
32519	0	40292	
32520	0	40484	
32521	0	40088	
32522	0	39668	
32523	0	39372	
32524	0	39008	
32525	0	39084	
32526	0	39604	
32527	0	39592	
32528	0	39100	
32529	0	38928	
32530	0	38284	
32531	0	37840	
32532	0	37872	
32533	0	38296	
32534	0	38696	
32535	0	39132	
32536	0	40028	
32537	0	41068	
32538	0	41000	
32539	0	39744	
32540	0	38020	
32541	0	36576	
32542	0	35336	
32543	0	34736	
32544	0	34944	
32545	0	35716	
32546	0	36172	
32547	0	36864	
32548	0	37608	
32549	0	37688	
32550	0	37576	
32551	0	37944	
32552	0	38552	
32553	0	38712	
32554	0	38940	
32555	0	39472	
32556	0	39248	
32557	0	38888	
32558	0	38480	
32559	0	38252	
32560	0	38568	
32561	0	38848	
32562	0	38276	
32563	0	37100	
32564	0	36224	
32565	0	35840	
32566	0	35460	
32567	0	35488	
32568	0	35772	
32569	0	35860	
32570	0	35620	
32571	0	35240	
32572	0	34528	
32573	0	33972	
32574	0	33880	
32575	0	33984	
32576	0	34056	
32577	0	34120	
32578	0	34324	
32579	0	34892	
32580	0	35652	
32581	0	36500	
32582	0	37924	
32583	0	39668	
32584	0	41440	
32585	0	41528	
32586	0	40552	
32587	0	39400	
32588	0	38620	
32589	0	37900	
32590	0	38064	
32591	0	38664	
32592	0	39048	
32593	0	39148	
32594	0	38992	
32595	0	38520	
32596	0	38280	
32597	0	38784	
32598	0	39592	
32599	0	39908	
32600	0	39308	
32601	0	38552	
32602	0	38280	
32603	0	37616	
32604	0	36520	
32605	0	35736	
32606	0	35424	
32607	0	35180	
32608	0	35328	
32609	0	36092	
32610	0	36968	
32611	0	37548	
32612	0	38288	
32613	0	38532	
32614	0	38420	
32615	0	38216	
32616	0	38472	
32617	0	38616	
32618	0	38716	
32619	0	38512	
32620	0	38472	
32621	0	38240	
32622	0	38288	
32623	0	38200	
32624	0	38232	
32625	0	39024	
32626	0	39512	
32627	0	39756	
32628	0	40080	
32629	0	39788	
32630	0	39248	
32631	0	39004	
32632	0	38376	
32633	0	38072	
32634	0	38440	
32635	0	38720	
32636	0	38164	
32637	0	37472	
32638	0	37040	
32639	0	36736	
32640	0	36552	
32641	0	36040	
32642	0	35560	
32643	0	36162	
32644	0	37536	
32645	0	38572	
32646	0	39040	
32647	0	39388	
32648	0	40328	
32649	0	41252	
32650	0	41944	
32651	0	42104	
32652	0	41832	
32653	0	41624	
32654	0	41232	
32655	0	40576	
32656	0	40056	
32657	0	40104	
32658	0	40096	
32659	0	39596	
32660	0	39516	
32661	0	39432	
32662	0	39644	
32663	0	39936	
32664	0	40336	
32665	0	40296	
32666	0	40112	
32667	0	39780	
32668	0	39864	
32669	0	40556	
32670	0	41212	
32671	0	41532	
32672	0	41224	
32673	0	41192	
32674	0	41816	
32675	0	42556	
32676	0	43240	
32677	0	43984	
32678	0	44300	
32679	0	44200	
32680	0	43900	
32681	0	42976	
32682	0	42088	
32683	0	41024	
32684	0	40380	
32685	0	40008	
32686	0	39404	
32687	0	38160	
32688	0	36792	
32689	0	36012	
32690	0	35644	
32691	0	35732	
32692	0	35672	
32693	0	35580	
32694	0	35408	
32695	0	35384	
32696	0	35488	
32697	0	35200	
32698	0	34980	
32699	0	35104	
32700	0	35232	
32701	0	35516	
32702	0	35316	
32703	0	35392	
32704	0	35664	
32705	0	36128	
32706	0	36632	
32707	0	37060	
32708	0	36632	
32709	0	35916	
32710	0	35480	
32711	0	35256	
32712	0	34828	
32713	0	34280	
32714	0	34465	
32715	0	35320	
32716	0	36136	
32717	0	36976	
32718	0	37724	
32719	0	37844	
32720	0	37868	
32721	0	38156	
32722	0	38136	
32723	0	37360	
32724	0	36508	
32725	0	35640	
32726	0	34904	
32727	0	34544	
32728	0	34636	
32729	0	35132	
32730	0	36020	
32731	0	36984	
32732	0	37488	
32733	0	37968	
32734	0	37784	
32735	0	36924	
32736	0	35848	
32737	0	35632	
32738	0	36232	
32739	0	36664	
32740	0	36648	
32741	0	36148	
32742	0	36068	
32743	0	36304	
32744	0	37064	
32745	0	37272	
32746	0	36472	
32747	0	35288	
32748	0	34288	
32749	0	33548	
32750	0	33216	
32751	0	33232	
32752	0	33852	
32753	0	34488	
32754	0	35108	
32755	0	36360	
32756	0	38184	
32757	0	39888	
32758	0	41144	
32759	0	41284	
32760	0	40420	
32761	0	39112	
32762	0	38496	
32763	0	38476	
32764	0	38712	
32765	0	38896	
32766	0	38584	
32767	0	38280	
32768	0	38072	
32769	0	37988	
32770	0	37584	
32771	0	37036	
32772	0	37384	
32773	0	37776	
32774	0	38016	
32775	0	38152	
32776	0	37516	
32777	0	36484	
32778	0	35464	
32779	0	34784	
32780	0	34697	
32781	0	34984	
32782	0	35160	
32783	0	34928	
32784	0	34628	
32785	0	34532	
32786	0	34400	
32787	0	34056	
32788	0	33724	
32789	0	33884	
32790	0	34208	
32791	0	35033	
32792	0	35728	
32793	0	35960	
32794	0	35916	
32795	0	35100	
32796	0	34012	
32797	0	33568	
32798	0	33624	
32799	0	34268	
32800	0	35348	
32801	0	36024	
32802	0	36392	
32803	0	36552	
32804	0	36608	
32805	0	36132	
32806	0	35592	
32807	0	35066	
32808	0	34400	
32809	0	33128	
32810	0	31838	
32811	0	30744	
32812	0	30336	
32813	0	30796	
32814	0	31972	
32815	0	33200	
32816	0	34016	
32817	0	33740	
32818	0	33712	
32819	0	33840	
32820	0	33464	
32821	0	32956	
32822	0	32700	
32823	0	32904	
32824	0	33628	
32825	0	34008	
32826	0	34428	
32827	0	34624	
32828	0	34448	
32829	0	34364	
32830	0	33992	
32831	0	34004	
32832	0	34480	
32833	0	35116	
32834	0	35948	
32835	0	36352	
32836	0	36220	
32837	0	36132	
32838	0	36208	
32839	0	35900	
32840	0	35596	
32841	0	35452	
32842	0	35850	
32843	0	36496	
32844	0	36936	
32845	0	37396	
32846	0	37216	
32847	0	36912	
32848	0	36424	
32849	0	35712	
32850	0	35112	
32851	0	34552	
32852	0	33920	
32853	0	32828	
32854	0	32344	
32855	0	33184	
32856	0	34348	
32857	0	35376	
32858	0	36364	
32859	0	36820	
32860	0	37164	
32861	0	37404	
32862	0	37648	
32863	0	37864	
32864	0	38240	
32865	0	38108	
32866	0	37836	
32867	0	37448	
32868	0	36288	
32869	0	35308	
32870	0	34724	
32871	0	34660	
32872	0	35208	
32873	0	35656	
32874	0	35960	
32875	0	36684	
32876	0	37000	
32877	0	36600	
32878	0	36280	
32879	0	36220	
32880	0	35872	
32881	0	35828	
32882	0	35228	
32883	0	34392	
32884	0	34568	
32885	0	35384	
32886	0	36168	
32887	0	36992	
32888	0	36712	
32889	0	36012	
32890	0	35172	
32891	0	34588	
32892	0	34472	
32893	0	34628	
32894	0	34820	
32895	0	35392	
32896	0	35884	
32897	0	35528	
32898	0	35000	
32899	0	34248	
32900	0	33792	
32901	0	33284	
32902	0	32916	
32903	0	32920	
32904	0	33216	
32905	0	32984	
32906	0	32576	
32907	0	32160	
32908	0	31484	
32909	0	30664	
32910	0	30384	
32911	0	30500	
32912	0	30852	
32913	0	31280	
32914	0	32104	
32915	0	32096	
32916	0	31612	
32917	0	31096	
32918	0	31120	
32919	0	31824	
32920	0	32960	
32921	0	34380	
32922	0	35552	
32923	0	36804	
32924	0	37368	
32925	0	36940	
32926	0	36240	
32927	0	36236	
32928	0	36468	
32929	0	36408	
32930	0	36212	
32931	0	36024	
32932	0	35476	
32933	0	34632	
32934	0	33936	
32935	0	33756	
32936	0	33876	
32937	0	34036	
32938	0	34960	
32939	0	35680	
32940	0	35616	
32941	0	34928	
32942	0	34320	
32943	0	33752	
32944	0	33232	
32945	0	32992	
32946	0	33416	
32947	0	34324	
32948	0	34996	
32949	0	35252	
32950	0	35644	
32951	0	36116	
32952	0	36600	
32953	0	37192	
32954	0	37484	
32955	0	37196	
32956	0	36876	
32957	0	37184	
32958	0	37084	
32959	0	36636	
32960	0	36096	
32961	0	35876	
32962	0	35732	
32963	0	35548	
32964	0	35632	
32965	0	35888	
32966	0	36196	
32967	0	36080	
32968	0	35488	
32969	0	34728	
32970	0	34216	
32971	0	33960	
32972	0	33632	
32973	0	33372	
32974	0	34080	
32975	0	34664	
32976	0	34884	
32977	0	34896	
32978	0	35188	
32979	0	35208	
32980	0	34404	
32981	0	33784	
32982	0	33728	
32983	0	34120	
32984	0	34984	
32985	0	34956	
32986	0	34184	
32987	0	32916	
32988	0	31276	
32989	0	30000	
32990	0	29448	
32991	0	28796	
32992	0	28566	
32993	0	28692	
32994	0	28706	
32995	0	28976	
32996	0	29420	
32997	0	30088	
32998	0	31228	
32999	0	32512	
33000	0	33756	
33001	0	34436	
33002	0	34760	
33003	0	34704	
33004	0	34400	
33005	0	33928	
33006	0	33936	
33007	0	33768	
33008	0	32932	
33009	0	32568	
33010	0	32848	
33011	0	33504	
33012	0	34156	
33013	0	33966	
33014	0	33568	
33015	0	33244	
33016	0	33008	
33017	0	32712	
33018	0	32504	
33019	0	32856	
33020	0	33148	
33021	0	33168	
33022	0	32904	
33023	0	32220	
33024	0	31308	
33025	0	30852	
33026	0	30192	
33027	0	29380	
33028	0	29476	
33029	0	30128	
33030	0	30500	
33031	0	30828	
33032	0	30756	
33033	0	30992	
33034	0	31632	
33035	0	32632	
33036	0	33768	
33037	0	34540	
33038	0	34980	
33039	0	33960	
33040	0	32872	
33041	0	32032	
33042	0	31680	
33043	0	31652	
33044	0	31432	
33045	0	31128	
33046	0	31376	
33047	0	31128	
33048	0	30684	
33049	0	30082	
33050	0	30032	
33051	0	30536	
33052	0	31156	
33053	0	31756	
33054	0	32088	
33055	0	32320	
33056	0	32452	
33057	0	32864	
33058	0	33364	
33059	0	33608	
33060	0	33360	
33061	0	32688	
33062	0	31628	
33063	0	31228	
33064	0	30972	
33065	0	30864	
33066	0	31024	
33067	0	31032	
33068	0	31472	
33069	0	32876	
33070	0	34212	
33071	0	34736	
33072	0	34528	
33073	0	34432	
33074	0	34388	
33075	0	34584	
33076	0	35216	
33077	0	35584	
33078	0	35100	
33079	0	34760	
33080	0	34412	
33081	0	34448	
33082	0	33988	
33083	0	33240	
33084	0	32388	
33085	0	31716	
33086	0	31360	
33087	0	31276	
33088	0	31260	
33089	0	32212	
33090	0	33248	
33091	0	34308	
33092	0	34688	
33093	0	34232	
33094	0	33488	
33095	0	32732	
33096	0	32692	
33097	0	33236	
33098	0	33458	
33099	0	32908	
33100	0	32224	
33101	0	31516	
33102	0	30364	
33103	0	29940	
33104	0	30300	
33105	0	30876	
33106	0	30968	
33107	0	30608	
33108	0	30044	
33109	0	29608	
33110	0	29100	
33111	0	29048	
33112	0	29928	
33113	0	31212	
33114	0	32164	
33115	0	32432	
33116	0	32632	
33117	0	33064	
33118	0	33772	
33119	0	34316	
33120	0	34664	
33121	0	35476	
33122	0	36452	
33123	0	37100	
33124	0	37592	
33125	0	37576	
33126	0	37024	
33127	0	35704	
33128	0	34372	
33129	0	33192	
33130	0	32440	
33131	0	32450	
33132	0	32944	
33133	0	33156	
33134	0	32788	
33135	0	32100	
33136	0	31864	
33137	0	32008	
33138	0	32324	
33139	0	32352	
33140	0	32076	
33141	0	32688	
33142	0	33572	
33143	0	34256	
33144	0	34480	
33145	0	34224	
33146	0	33360	
33147	0	31856	
33148	0	30368	
33149	0	29296	
33150	0	28888	
33151	0	29084	
33152	0	30096	
33153	0	31224	
33154	0	32596	
33155	0	33568	
33156	0	34292	
33157	0	34716	
33158	0	35220	
33159	0	35544	
33160	0	35044	
33161	0	34700	
33162	0	35060	
33163	0	35372	
33164	0	35492	
33165	0	35352	
33166	0	34964	
33167	0	34636	
33168	0	34080	
33169	0	33232	
33170	0	32984	
33171	0	32768	
33172	0	32516	
33173	0	32280	
33174	0	32024	
33175	0	31976	
33176	0	31488	
33177	0	30588	
33178	0	30188	
33179	0	29772	
33180	0	29960	
33181	0	30916	
33182	0	32148	
33183	0	32424	
33184	0	32564	
33185	0	32448	
33186	0	32244	
33187	0	32576	
33188	0	32972	
33189	0	33520	
33190	0	33588	
33191	0	33296	
33192	0	33048	
33193	0	32824	
33194	0	32796	
33195	0	33084	
33196	0	33736	
33197	0	34196	
33198	0	34548	
33199	0	34652	
33200	0	34276	
33201	0	33448	
33202	0	32464	
33203	0	31908	
33204	0	31632	
33205	0	31412	
33206	0	31200	
33207	0	31300	
33208	0	30892	
33209	0	30480	
33210	0	30488	
33211	0	30696	
33212	0	31546	
33213	0	32652	
33214	0	33440	
33215	0	34016	
33216	0	33880	
33217	0	33844	
33218	0	34060	
33219	0	33980	
33220	0	34064	
33221	0	33788	
33222	0	33404	
33223	0	32704	
33224	0	32260	
33225	0	32408	
33226	0	32300	
33227	0	31300	
33228	0	30440	
33229	0	30768	
33230	0	31880	
33231	0	32640	
33232	0	32756	
33233	0	32092	
33234	0	31108	
33235	0	30680	
33236	0	30996	
33237	0	30620	
33238	0	29704	
33239	0	29580	
33240	0	29840	
33241	0	30328	
33242	0	30816	
33243	0	30904	
33244	0	31388	
33245	0	31992	
33246	0	31732	
33247	0	31436	
33248	0	31068	
33249	0	30754	
33250	0	30324	
33251	0	30356	
33252	0	30652	
33253	0	31360	
33254	0	31840	
33255	0	32232	
33256	0	32232	
33257	0	31976	
33258	0	31608	
33259	0	31360	
33260	0	31344	
33261	0	31868	
33262	0	32308	
33263	0	32672	
33264	0	33148	
33265	0	33300	
33266	0	33645	
33267	0	33564	
33268	0	33114	
33269	0	32048	
33270	0	31248	
33271	0	30488	
33272	0	29680	
33273	0	29800	
33274	0	30600	
33275	0	31692	
33276	0	32344	
33277	0	32420	
33278	0	32804	
33279	0	32888	
33280	0	32844	
33281	0	33128	
33282	0	33040	
33283	0	32556	
33284	0	31776	
33285	0	31276	
33286	0	30832	
33287	0	29836	
33288	0	28368	
33289	0	26738	
33290	0	25740	
33291	0	25716	
33292	0	26576	
33293	0	28188	
33294	0	30056	
33295	0	31212	
33296	0	31836	
33297	0	32800	
33298	0	33516	
33299	0	33800	
33300	0	34112	
33301	0	34512	
33302	0	34096	
33303	0	33944	
33304	0	34072	
33305	0	33996	
33306	0	33780	
33307	0	33856	
33308	0	34600	
33309	0	35352	
33310	0	35428	
33311	0	35820	
33312	0	36236	
33313	0	36388	
33314	0	35980	
33315	0	35656	
33316	0	35584	
33317	0	35792	
33318	0	36228	
33319	0	36684	
33320	0	36452	
33321	0	35648	
33322	0	34728	
33323	0	33272	
33324	0	31992	
33325	0	31404	
33326	0	31728	
33327	0	32736	
33328	0	33572	
33329	0	34208	
33330	0	35040	
33331	0	35608	
33332	0	36100	
33333	0	36500	
33334	0	36928	
33335	0	37032	
33336	0	37068	
33337	0	36992	
33338	0	37104	
33339	0	37024	
33340	0	36264	
33341	0	35220	
33342	0	34428	
33343	0	33452	
33344	0	32880	
33345	0	33080	
33346	0	33560	
33347	0	33912	
33348	0	34012	
33349	0	33620	
33350	0	32744	
33351	0	32352	
33352	0	32280	
33353	0	32516	
33354	0	32824	
33355	0	32920	
33356	0	32920	
33357	0	32984	
33358	0	33692	
33359	0	34712	
33360	0	35272	
33361	0	35732	
33362	0	36516	
33363	0	36592	
33364	0	35788	
33365	0	34400	
33366	0	32560	
33367	0	30904	
33368	0	29800	
33369	0	29084	
33370	0	28800	
33371	0	29816	
33372	0	31648	
33373	0	33000	
33374	0	33040	
33375	0	32352	
33376	0	31644	
33377	0	31304	
33378	0	31588	
33379	0	32240	
33380	0	32956	
33381	0	33208	
33382	0	33504	
33383	0	33896	
33384	0	34232	
33385	0	34008	
33386	0	32736	
33387	0	31668	
33388	0	31308	
33389	0	31656	
33390	0	31712	
33391	0	31636	
33392	0	31524	
33393	0	31600	
33394	0	32004	
33395	0	32384	
33396	0	32488	
33397	0	32876	
33398	0	33072	
33399	0	33768	
33400	0	34436	
33401	0	34716	
33402	0	34872	
33403	0	34548	
33404	0	34236	
33405	0	33644	
33406	0	33384	
33407	0	34136	
33408	0	35456	
33409	0	36136	
33410	0	36184	
33411	0	35648	
33412	0	35200	
33413	0	35468	
33414	0	36284	
33415	0	37036	
33416	0	37172	
33417	0	36816	
33418	0	36764	
33419	0	36732	
33420	0	36336	
33421	0	35696	
33422	0	35072	
33423	0	34860	
33424	0	34760	
33425	0	34232	
33426	0	33396	
33427	0	32632	
33428	0	32012	
33429	0	31424	
33430	0	31008	
33431	0	31452	
33432	0	32116	
33433	0	32328	
33434	0	32288	
33435	0	32156	
33436	0	31928	
33437	0	31484	
33438	0	30972	
33439	0	31232	
33440	0	31536	
33441	0	32224	
33442	0	32892	
33443	0	33176	
33444	0	33448	
33445	0	33536	
33446	0	33952	
33447	0	34432	
33448	0	34992	
33449	0	35720	
33450	0	36644	
33451	0	37408	
33452	0	37132	
33453	0	36204	
33454	0	35552	
33455	0	35496	
33456	0	35520	
33457	0	35248	
33458	0	34784	
33459	0	34296	
33460	0	34225	
33461	0	34472	
33462	0	35060	
33463	0	35264	
33464	0	34476	
33465	0	32544	
33466	0	30416	
33467	0	29220	
33468	0	29088	
33469	0	29532	
33470	0	30168	
33471	0	30336	
33472	0	29812	
33473	0	29504	
33474	0	29708	
33475	0	30184	
33476	0	30424	
33477	0	30940	
33478	0	31296	
33479	0	31400	
33480	0	31424	
33481	0	31384	
33482	0	31620	
33483	0	32244	
33484	0	32940	
33485	0	32888	
33486	0	32570	
33487	0	31704	
33488	0	31116	
33489	0	31360	
33490	0	31592	
33491	0	31824	
33492	0	31860	
33493	0	31776	
33494	0	31400	
33495	0	31224	
33496	0	30724	
33497	0	29908	
33498	0	29496	
33499	0	29676	
33500	0	30232	
33501	0	31044	
33502	0	31280	
33503	0	31184	
33504	0	30972	
33505	0	30676	
33506	0	30210	
33507	0	30380	
33508	0	31208	
33509	0	31636	
33510	0	31940	
33511	0	31980	
33512	0	32224	
33513	0	31924	
33514	0	31312	
33515	0	31560	
33516	0	32436	
33517	0	32576	
33518	0	31836	
33519	0	31400	
33520	0	31220	
33521	0	31260	
33522	0	31020	
33523	0	30520	
33524	0	30228	
33525	0	29904	
33526	0	29882	
33527	0	29606	
33528	0	29520	
33529	0	29480	
33530	0	29572	
33531	0	29180	
33532	0	28760	
33533	0	28752	
33534	0	29056	
33535	0	29712	
33536	0	30540	
33537	0	30864	
33538	0	30912	
33539	0	30928	
33540	0	30608	
33541	0	30392	
33542	0	30396	
33543	0	30776	
33544	0	31292	
33545	0	32248	
33546	0	33600	
33547	0	34400	
33548	0	34612	
33549	0	34496	
33550	0	34396	
33551	0	34760	
33552	0	35188	
33553	0	35076	
33554	0	35068	
33555	0	35280	
33556	0	35300	
33557	0	35420	
33558	0	34704	
33559	0	33664	
33560	0	33228	
33561	0	33132	
33562	0	33560	
33563	0	33844	
33564	0	34730	
33565	0	35760	
33566	0	35876	
33567	0	35780	
33568	0	35480	
33569	0	35556	
33570	0	35176	
33571	0	34668	
33572	0	34672	
33573	0	35288	
33574	0	35196	
33575	0	34844	
33576	0	34996	
33577	0	35434	
33578	0	35824	
33579	0	36312	
33580	0	36300	
33581	0	35716	
33582	0	35244	
33583	0	35448	
33584	0	36032	
33585	0	36696	
33586	0	37608	
33587	0	38356	
33588	0	38196	
33589	0	37604	
33590	0	36768	
33591	0	35968	
33592	0	35680	
33593	0	35624	
33594	0	35416	
33595	0	35428	
33596	0	35528	
33597	0	35756	
33598	0	35852	
33599	0	35868	
33600	0	35648	
33601	0	35324	
33602	0	34656	
33603	0	34032	
33604	0	33644	
33605	0	33052	
33606	0	32880	
33607	0	32768	
33608	0	33052	
33609	0	33636	
33610	0	34344	
33611	0	34560	
33612	0	34848	
33613	0	35592	
33614	0	35788	
33615	0	35472	
33616	0	34912	
33617	0	34400	
33618	0	34752	
33619	0	35608	
33620	0	36328	
33621	0	36716	
33622	0	37464	
33623	0	38248	
33624	0	38244	
33625	0	37828	
33626	0	37192	
33627	0	35984	
33628	0	35436	
33629	0	35680	
33630	0	35992	
33631	0	36736	
33632	0	37408	
33633	0	38384	
33634	0	39148	
33635	0	39416	
33636	0	39128	
33637	0	38860	
33638	0	38680	
33639	0	39010	
33640	0	39758	
33641	0	40376	
33642	0	40640	
33643	0	40348	
33644	0	38960	
33645	0	37516	
33646	0	36396	
33647	0	35648	
33648	0	35240	
33649	0	35200	
33650	0	35386	
33651	0	35344	
33652	0	35164	
33653	0	35344	
33654	0	35576	
33655	0	35496	
33656	0	35308	
33657	0	35456	
33658	0	36344	
33659	0	36960	
33660	0	37220	
33661	0	37256	
33662	0	36764	
33663	0	36472	
33664	0	36520	
33665	0	35960	
33666	0	35264	
33667	0	35184	
33668	0	35560	
33669	0	36104	
33670	0	36292	
33671	0	36328	
33672	0	36396	
33673	0	36346	
33674	0	36576	
33675	0	37008	
33676	0	37540	
33677	0	37816	
33678	0	37908	
33679	0	38136	
33680	0	37972	
33681	0	37508	
33682	0	36260	
33683	0	34760	
33684	0	32928	
33685	0	31010	
33686	0	29728	
33687	0	29448	
33688	0	29736	
33689	0	30564	
33690	0	31064	
33691	0	31996	
33692	0	32416	
33693	0	32912	
33694	0	33444	
33695	0	33476	
33696	0	33588	
33697	0	33588	
33698	0	33388	
33699	0	33296	
33700	0	33632	
33701	0	33768	
33702	0	33916	
33703	0	33868	
33704	0	33088	
33705	0	32460	
33706	0	31728	
33707	0	30784	
33708	0	30048	
33709	0	29792	
33710	0	30056	
33711	0	30296	
33712	0	30684	
33713	0	30816	
33714	0	31196	
33715	0	32092	
33716	0	33160	
33717	0	33536	
33718	0	33708	
33719	0	32888	
33720	0	31712	
33721	0	30388	
33722	0	29392	
33723	0	28692	
33724	0	28032	
33725	0	27560	
33726	0	26816	
33727	0	25920	
33728	0	25724	
33729	0	25744	
33730	0	25964	
33731	0	26064	
33732	0	26480	
33733	0	27344	
33734	0	28092	
33735	0	28816	
33736	0	29792	
33737	0	30144	
33738	0	30004	
33739	0	30072	
33740	0	30352	
33741	0	30568	
33742	0	30456	
33743	0	30716	
33744	0	30928	
33745	0	31068	
33746	0	31200	
33747	0	30980	
33748	0	30692	
33749	0	30640	
33750	0	30448	
33751	0	30888	
33752	0	31540	
33753	0	32336	
33754	0	32356	
33755	0	31552	
33756	0	30816	
33757	0	31024	
33758	0	31352	
33759	0	31464	
33760	0	31392	
33761	0	31856	
33762	0	32570	
33763	0	32460	
33764	0	32416	
33765	0	31368	
33766	0	30184	
33767	0	29176	
33768	0	28404	
33769	0	28184	
33770	0	28192	
33771	0	28572	
33772	0	29408	
33773	0	29760	
33774	0	30380	
33775	0	30836	
33776	0	31944	
33777	0	33312	
33778	0	33752	
33779	0	34376	
33780	0	35052	
33781	0	35240	
33782	0	34160	
33783	0	32300	
33784	0	30932	
33785	0	30620	
33786	0	30240	
33787	0	29968	
33788	0	29884	
33789	0	30564	
33790	0	30792	
33791	0	31056	
33792	0	31472	
33793	0	32044	
33794	0	32668	
33795	0	33424	
33796	0	33224	
33797	0	32352	
33798	0	31652	
33799	0	31344	
33800	0	30560	
33801	0	29808	
33802	0	29576	
33803	0	29628	
33804	0	29808	
33805	0	30044	
33806	0	30084	
33807	0	30112	
33808	0	29998	
33809	0	29840	
33810	0	29908	
33811	0	29852	
33812	0	29348	
33813	0	28906	
33814	0	28268	
33815	0	27532	
33816	0	27076	
33817	0	27144	
33818	0	27912	
33819	0	29180	
33820	0	30628	
33821	0	31860	
33822	0	32888	
33823	0	32774	
33824	0	31736	
33825	0	30572	
33826	0	29840	
33827	0	29908	
33828	0	30456	
33829	0	31112	
33830	0	31612	
33831	0	31168	
33832	0	30616	
33833	0	30048	
33834	0	29840	
33835	0	29784	
33836	0	29936	
33837	0	29808	
33838	0	29561	
33839	0	30316	
33840	0	31196	
33841	0	32120	
33842	0	32928	
33843	0	33272	
33844	0	33392	
33845	0	33032	
33846	0	32506	
33847	0	31700	
33848	0	31172	
33849	0	31496	
33850	0	32176	
33851	0	32660	
33852	0	32712	
33853	0	33196	
33854	0	33548	
33855	0	33160	
33856	0	31884	
33857	0	30852	
33858	0	30468	
33859	0	29940	
33860	0	29740	
33861	0	29964	
33862	0	30092	
33863	0	30284	
33864	0	30216	
33865	0	30000	
33866	0	30192	
33867	0	30908	
33868	0	31464	
33869	0	32108	
33870	0	32804	
33871	0	33252	
33872	0	33552	
33873	0	34080	
33874	0	34720	
33875	0	34728	
33876	0	34624	
33877	0	34376	
33878	0	33896	
33879	0	33456	
33880	0	33100	
33881	0	33736	
33882	0	34612	
33883	0	35308	
33884	0	35444	
33885	0	35380	
33886	0	35516	
33887	0	35948	
33888	0	36032	
33889	0	35984	
33890	0	35868	
33891	0	35504	
33892	0	35352	
33893	0	35444	
33894	0	35648	
33895	0	35652	
33896	0	35536	
33897	0	35308	
33898	0	34332	
33899	0	33144	
33900	0	32120	
33901	0	31896	
33902	0	32532	
33903	0	33284	
33904	0	33608	
33905	0	33968	
33906	0	33664	
33907	0	33160	
33908	0	33292	
33909	0	33572	
33910	0	33792	
33911	0	33916	
33912	0	33964	
33913	0	34420	
33914	0	34752	
33915	0	34576	
33916	0	33872	
33917	0	33096	
33918	0	32848	
33919	0	33026	
33920	0	33828	
33921	0	34868	
33922	0	35440	
33923	0	35628	
33924	0	35384	
33925	0	34868	
33926	0	33896	
33927	0	33072	
33928	0	32356	
33929	0	32276	
33930	0	32360	
33931	0	31992	
33932	0	31260	
33933	0	30732	
33934	0	30464	
33935	0	30192	
33936	0	29876	
33937	0	30008	
33938	0	30524	
33939	0	31188	
33940	0	32084	
33941	0	32832	
33942	0	33504	
33943	0	34664	
33944	0	36388	
33945	0	36784	
33946	0	36838	
33947	0	36664	
33948	0	36180	
33949	0	35344	
33950	0	34496	
33951	0	33556	
33952	0	32796	
33953	0	32212	
33954	0	32212	
33955	0	32576	
33956	0	33168	
33957	0	33764	
33958	0	33672	
33959	0	32964	
33960	0	32680	
33961	0	32388	
33962	0	31936	
33963	0	32000	
33964	0	31796	
33965	0	31384	
33966	0	31040	
33967	0	31880	
33968	0	33050	
33969	0	34144	
33970	0	35248	
33971	0	36116	
33972	0	36020	
33973	0	35560	
33974	0	34868	
33975	0	33888	
33976	0	33212	
33977	0	33228	
33978	0	33476	
33979	0	34068	
33980	0	34432	
33981	0	34828	
33982	0	35152	
33983	0	34256	
33984	0	33048	
33985	0	31936	
33986	0	31092	
33987	0	30816	
33988	0	30256	
33989	0	29784	
33990	0	30232	
33991	0	31672	
33992	0	32844	
33993	0	32968	
33994	0	32636	
33995	0	32380	
33996	0	32476	
33997	0	32948	
33998	0	33796	
33999	0	34348	
34000	0	34432	
34001	0	33944	
34002	0	33668	
34003	0	33996	
34004	0	34832	
34005	0	35408	
34006	0	35232	
34007	0	34944	
34008	0	34892	
34009	0	34408	
34010	0	33892	
34011	0	33016	
34012	0	32136	
34013	0	31468	
34014	0	31016	
34015	0	30548	
34016	0	30588	
34017	0	31344	
34018	0	31928	
34019	0	32416	
34020	0	32868	
34021	0	33440	
34022	0	33520	
34023	0	32780	
34024	0	32660	
34025	0	33404	
34026	0	33956	
34027	0	34104	
34028	0	34292	
34029	0	34220	
34030	0	34396	
34031	0	34956	
34032	0	35320	
34033	0	35496	
34034	0	35488	
34035	0	36056	
34036	0	36144	
34037	0	35552	
34038	0	35376	
34039	0	35576	
34040	0	35704	
34041	0	35088	
34042	0	34452	
34043	0	33864	
34044	0	33832	
34045	0	34020	
34046	0	34148	
34047	0	34184	
34048	0	34216	
34049	0	34304	
34050	0	34500	
34051	0	34184	
34052	0	33680	
34053	0	32908	
34054	0	32392	
34055	0	32908	
34056	0	33772	
34057	0	33968	
34058	0	33928	
34059	0	34496	
34060	0	34680	
34061	0	34420	
34062	0	33720	
34063	0	33056	
34064	0	32158	
34065	0	31504	
34066	0	31600	
34067	0	31862	
34068	0	31896	
34069	0	31296	
34070	0	30456	
34071	0	29672	
34072	0	29616	
34073	0	30220	
34074	0	30850	
34075	0	31324	
34076	0	32680	
34077	0	33888	
34078	0	33696	
34079	0	33436	
34080	0	33528	
34081	0	33860	
34082	0	33688	
34083	0	32796	
34084	0	32376	
34085	0	32436	
34086	0	32460	
34087	0	32652	
34088	0	32884	
34089	0	32360	
34090	0	32140	
34091	0	32440	
34092	0	32600	
34093	0	32472	
34094	0	31984	
34095	0	31496	
34096	0	31252	
34097	0	31532	
34098	0	31672	
34099	0	32024	
34100	0	32048	
34101	0	31832	
34102	0	31786	
34103	0	31530	
34104	0	31216	
34105	0	30820	
34106	0	29976	
34107	0	28588	
34108	0	27948	
34109	0	28092	
34110	0	29280	
34111	0	30432	
34112	0	30924	
34113	0	31408	
34114	0	31544	
34115	0	31136	
34116	0	30872	
34117	0	30916	
34118	0	31152	
34119	0	31745	
34120	0	32168	
34121	0	32544	
34122	0	32568	
34123	0	32024	
34124	0	31628	
34125	0	31116	
34126	0	30944	
34127	0	31176	
34128	0	32034	
34129	0	32764	
34130	0	32968	
34131	0	32992	
34132	0	33632	
34133	0	34572	
34134	0	35096	
34135	0	34832	
34136	0	34642	
34137	0	34748	
34138	0	35128	
34139	0	35592	
34140	0	35844	
34141	0	36024	
34142	0	36132	
34143	0	35704	
34144	0	35056	
34145	0	34300	
34146	0	33628	
34147	0	32460	
34148	0	30916	
34149	0	30112	
34150	0	29936	
34151	0	30036	
34152	0	30098	
34153	0	30648	
34154	0	31548	
34155	0	32584	
34156	0	33536	
34157	0	33992	
34158	0	34248	
34159	0	34052	
34160	0	33464	
34161	0	33236	
34162	0	33344	
34163	0	33048	
34164	0	32664	
34165	0	32492	
34166	0	32424	
34167	0	32312	
34168	0	32084	
34169	0	31520	
34170	0	30716	
34171	0	30048	
34172	0	30088	
34173	0	30996	
34174	0	31288	
34175	0	31720	
34176	0	31988	
34177	0	32072	
34178	0	31712	
34179	0	31364	
34180	0	30980	
34181	0	31456	
34182	0	32360	
34183	0	32628	
34184	0	31972	
34185	0	31108	
34186	0	30452	
34187	0	30248	
34188	0	30700	
34189	0	31080	
34190	0	31472	
34191	0	31509	
34192	0	31060	
34193	0	30636	
34194	0	30793	
34195	0	30616	
34196	0	30564	
34197	0	30940	
34198	0	31236	
34199	0	31688	
34200	0	32128	
34201	0	32868	
34202	0	32700	
34203	0	32308	
34204	0	31764	
34205	0	31290	
34206	0	31624	
34207	0	32384	
34208	0	32400	
34209	0	31904	
34210	0	31072	
34211	0	30232	
34212	0	30168	
34213	0	30260	
34214	0	30312	
34215	0	30300	
34216	0	30126	
34217	0	29520	
34218	0	29064	
34219	0	29876	
34220	0	31292	
34221	0	32408	
34222	0	33032	
34223	0	33216	
34224	0	32808	
34225	0	31616	
34226	0	30264	
34227	0	29156	
34228	0	28564	
34229	0	27912	
34230	0	27912	
34231	0	28512	
34232	0	29376	
34233	0	29668	
34234	0	29928	
34235	0	30176	
34236	0	30504	
34237	0	31604	
34238	0	32568	
34239	0	32816	
34240	0	32836	
34241	0	32780	
34242	0	32540	
34243	0	32204	
34244	0	32156	
34245	0	32092	
34246	0	32132	
34247	0	32700	
34248	0	33296	
34249	0	33944	
34250	0	34040	
34251	0	33684	
34252	0	33348	
34253	0	32732	
34254	0	31908	
34255	0	30908	
34256	0	30544	
34257	0	30372	
34258	0	30720	
34259	0	31416	
34260	0	31384	
34261	0	30812	
34262	0	30080	
34263	0	30012	
34264	0	30944	
34265	0	32200	
34266	0	32520	
34267	0	32096	
34268	0	31832	
34269	0	32104	
34270	0	32072	
34271	0	32896	
34272	0	34288	
34273	0	35316	
34274	0	36040	
34275	0	36564	
34276	0	36964	
34277	0	37288	
34278	0	37164	
34279	0	36464	
34280	0	35260	
34281	0	34200	
34282	0	33228	
34283	0	32516	
34284	0	32122	
34285	0	31652	
34286	0	31568	
34287	0	31732	
34288	0	32244	
34289	0	32348	
34290	0	31960	
34291	0	32084	
34292	0	32660	
34293	0	32744	
34294	0	32208	
34295	0	31552	
34296	0	31428	
34297	0	31140	
34298	0	31188	
34299	0	31536	
34300	0	31956	
34301	0	32364	
34302	0	32464	
34303	0	32408	
34304	0	32976	
34305	0	33440	
34306	0	33796	
34307	0	34520	
34308	0	35284	
34309	0	35268	
34310	0	34624	
34311	0	34540	
34312	0	35084	
34313	0	35752	
34314	0	36176	
34315	0	36224	
34316	0	35476	
34317	0	34616	
34318	0	33442	
34319	0	32544	
34320	0	32672	
34321	0	32976	
34322	0	32592	
34323	0	32092	
34324	0	31116	
34325	0	30008	
34326	0	29796	
34327	0	30176	
34328	0	31376	
34329	0	31956	
34330	0	32140	
34331	0	32472	
34332	0	32764	
34333	0	33216	
34334	0	33758	
34335	0	34088	
34336	0	33584	
34337	0	32896	
34338	0	32732	
34339	0	33146	
34340	0	33228	
34341	0	32804	
34342	0	32672	
34343	0	32488	
34344	0	32300	
34345	0	32144	
34346	0	32120	
34347	0	31872	
34348	0	32128	
34349	0	32548	
34350	0	32968	
34351	0	32896	
34352	0	32424	
34353	0	31664	
34354	0	30900	
34355	0	31396	
34356	0	32644	
34357	0	34636	
34358	0	35912	
34359	0	36776	
34360	0	37780	
34361	0	38128	
34362	0	37472	
34363	0	36428	
34364	0	35308	
34365	0	34592	
34366	0	34188	
34367	0	34012	
34368	0	34000	
34369	0	34112	
34370	0	34084	
34371	0	34320	
34372	0	34688	
34373	0	34996	
34374	0	35520	
34375	0	36112	
34376	0	36804	
34377	0	37036	
34378	0	36968	
34379	0	36924	
34380	0	36840	
34381	0	37294	
34382	0	37552	
34383	0	37304	
34384	0	36824	
34385	0	36116	
34386	0	35140	
34387	0	34304	
34388	0	33528	
34389	0	32676	
34390	0	31704	
34391	0	31608	
34392	0	32064	
34393	0	32900	
34394	0	33316	
34395	0	33960	
34396	0	34668	
34397	0	34208	
34398	0	33232	
34399	0	32636	
34400	0	32980	
34401	0	33546	
34402	0	33444	
34403	0	33500	
34404	0	33872	
34405	0	34280	
34406	0	34840	
34407	0	35024	
34408	0	34720	
34409	0	34264	
34410	0	33756	
34411	0	33296	
34412	0	33156	
34413	0	33240	
34414	0	33524	
34415	0	33764	
34416	0	33796	
34417	0	32900	
34418	0	31876	
34419	0	31340	
34420	0	31304	
34421	0	31250	
34422	0	31220	
34423	0	31784	
34424	0	32368	
34425	0	32572	
34426	0	32588	
34427	0	32264	
34428	0	31816	
34429	0	31560	
34430	0	31664	
34431	0	31968	
34432	0	32124	
34433	0	32192	
34434	0	31948	
34435	0	32092	
34436	0	32564	
34437	0	33472	
34438	0	34660	
34439	0	35432	
34440	0	35868	
34441	0	35896	
34442	0	35800	
34443	0	35260	
34444	0	34449	
34445	0	33488	
34446	0	32472	
34447	0	31236	
34448	0	30472	
34449	0	30228	
34450	0	30692	
34451	0	30858	
34452	0	30644	
34453	0	30384	
34454	0	30424	
34455	0	30880	
34456	0	31996	
34457	0	32436	
34458	0	32216	
34459	0	31824	
34460	0	31564	
34461	0	31592	
34462	0	31640	
34463	0	31392	
34464	0	30676	
34465	0	29864	
34466	0	29352	
34467	0	28920	
34468	0	29104	
34469	0	29280	
34470	0	29452	
34471	0	29360	
34472	0	29264	
34473	0	29180	
34474	0	29456	
34475	0	29520	
34476	0	29344	
34477	0	29256	
34478	0	29704	
34479	0	30100	
34480	0	30456	
34481	0	30968	
34482	0	32004	
34483	0	32916	
34484	0	33348	
34485	0	33720	
34486	0	33708	
34487	0	34264	
34488	0	34816	
34489	0	34932	
34490	0	34708	
34491	0	34456	
34492	0	34644	
34493	0	34744	
34494	0	35212	
34495	0	36232	
34496	0	36920	
34497	0	36872	
34498	0	36904	
34499	0	36440	
34500	0	36020	
34501	0	35552	
34502	0	34968	
34503	0	33932	
34504	0	33084	
34505	0	31880	
34506	0	30308	
34507	0	29040	
34508	0	28728	
34509	0	28996	
34510	0	29520	
34511	0	30528	
34512	0	31616	
34513	0	32724	
34514	0	33460	
34515	0	33952	
34516	0	34024	
34517	0	33896	
34518	0	34036	
34519	0	34172	
34520	0	34360	
34521	0	34866	
34522	0	35232	
34523	0	35352	
34524	0	35356	
34525	0	35064	
34526	0	34728	
34527	0	34405	
34528	0	34320	
34529	0	33688	
34530	0	32968	
34531	0	32400	
34532	0	32120	
34533	0	31792	
34534	0	31212	
34535	0	30612	
34536	0	30152	
34537	0	29736	
34538	0	30180	
34539	0	30456	
34540	0	30464	
34541	0	30560	
34542	0	30640	
34543	0	30872	
34544	0	31244	
34545	0	30944	
34546	0	30492	
34547	0	30488	
34548	0	30392	
34549	0	30020	
34550	0	29856	
34551	0	30176	
34552	0	30720	
34553	0	32320	
34554	0	34496	
34555	0	36284	
34556	0	37040	
34557	0	37456	
34558	0	37460	
34559	0	36588	
34560	0	35652	
34561	0	35136	
34562	0	34968	
34563	0	35064	
34564	0	35268	
34565	0	35500	
34566	0	35516	
34567	0	35384	
34568	0	34628	
34569	0	33476	
34570	0	32564	
34571	0	32352	
34572	0	32836	
34573	0	33584	
34574	0	33960	
34575	0	34112	
34576	0	33780	
34577	0	33464	
34578	0	33076	
34579	0	32532	
34580	0	32460	
34581	0	32620	
34582	0	33268	
34583	0	33972	
34584	0	34236	
34585	0	34388	
34586	0	34184	
34587	0	33584	
34588	0	33458	
34589	0	33376	
34590	0	32972	
34591	0	32976	
34592	0	32960	
34593	0	32692	
34594	0	32436	
34595	0	32248	
34596	0	32224	
34597	0	32576	
34598	0	33064	
34599	0	33272	
34600	0	33276	
34601	0	32840	
34602	0	32586	
34603	0	32972	
34604	0	33864	
34605	0	34192	
34606	0	33512	
34607	0	32436	
34608	0	31604	
34609	0	31196	
34610	0	31324	
34611	0	31224	
34612	0	31184	
34613	0	31480	
34614	0	32144	
34615	0	33036	
34616	0	33320	
34617	0	33136	
34618	0	33208	
34619	0	33368	
34620	0	33580	
34621	0	34104	
34622	0	34868	
34623	0	34956	
34624	0	33896	
34625	0	32628	
34626	0	32336	
34627	0	32564	
34628	0	32912	
34629	0	33420	
34630	0	33816	
34631	0	33364	
34632	0	32592	
34633	0	32256	
34634	0	32624	
34635	0	33576	
34636	0	34528	
34637	0	35216	
34638	0	35232	
34639	0	34484	
34640	0	33564	
34641	0	32824	
34642	0	32196	
34643	0	31732	
34644	0	31696	
34645	0	31720	
34646	0	32244	
34647	0	33082	
34648	0	33872	
34649	0	33848	
34650	0	33616	
34651	0	33464	
34652	0	33444	
34653	0	33396	
34654	0	33776	
34655	0	33956	
34656	0	34056	
34657	0	34096	
34658	0	34316	
34659	0	34442	
34660	0	34808	
34661	0	35116	
34662	0	35024	
34663	0	34544	
34664	0	34452	
34665	0	34236	
34666	0	33576	
34667	0	33288	
34668	0	33248	
34669	0	32920	
34670	0	32376	
34671	0	32120	
34672	0	32796	
34673	0	33620	
34674	0	34116	
34675	0	33864	
34676	0	33476	
34677	0	32576	
34678	0	31896	
34679	0	31296	
34680	0	31380	
34681	0	31316	
34682	0	31032	
34683	0	31004	
34684	0	30900	
34685	0	30340	
34686	0	29540	
34687	0	29368	
34688	0	29012	
34689	0	28244	
34690	0	27196	
34691	0	26818	
34692	0	26624	
34693	0	26492	
34694	0	26164	
34695	0	26004	
34696	0	25868	
34697	0	26512	
34698	0	27504	
34699	0	28164	
34700	0	29468	
34701	0	30548	
34702	0	31412	
34703	0	31504	
34704	0	31076	
34705	0	30696	
34706	0	30020	
34707	0	29352	
34708	0	29546	
34709	0	29272	
34710	0	29044	
34711	0	28908	
34712	0	28400	
34713	0	27984	
34714	0	28028	
34715	0	28280	
34716	0	28592	
34717	0	29180	
34718	0	30088	
34719	0	30524	
34720	0	30336	
34721	0	30256	
34722	0	30522	
34723	0	30716	
34724	0	30956	
34725	0	31552	
34726	0	31792	
34727	0	31940	
34728	0	32072	
34729	0	32316	
34730	0	32608	
34731	0	32684	
34732	0	32936	
34733	0	33128	
34734	0	33652	
34735	0	34304	
34736	0	34564	
34737	0	34880	
34738	0	35348	
34739	0	35120	
34740	0	34572	
34741	0	33992	
34742	0	34500	
34743	0	35664	
34744	0	36972	
34745	0	37232	
34746	0	36704	
34747	0	35872	
34748	0	35392	
34749	0	35496	
34750	0	35848	
34751	0	36388	
34752	0	36584	
34753	0	35972	
34754	0	34820	
34755	0	33976	
34756	0	33656	
34757	0	33584	
34758	0	33536	
34759	0	33720	
34760	0	34328	
34761	0	35092	
34762	0	35432	
34763	0	35056	
34764	0	34676	
34765	0	34796	
34766	0	34976	
34767	0	34504	
34768	0	34196	
34769	0	34400	
34770	0	34980	
34771	0	35256	
34772	0	36032	
34773	0	36568	
34774	0	36492	
34775	0	35940	
34776	0	35384	
34777	0	34616	
34778	0	33792	
34779	0	33276	
34780	0	33264	
34781	0	33628	
34782	0	33928	
34783	0	33984	
34784	0	33480	
34785	0	33136	
34786	0	33160	
34787	0	33288	
34788	0	33372	
34789	0	33492	
34790	0	32984	
34791	0	32652	
34792	0	32428	
34793	0	32788	
34794	0	33232	
34795	0	33964	
34796	0	34280	
34797	0	34112	
34798	0	33676	
34799	0	32692	
34800	0	32040	
34801	0	31236	
34802	0	30156	
34803	0	29416	
34804	0	29224	
34805	0	29512	
34806	0	29884	
34807	0	30760	
34808	0	31368	
34809	0	31664	
34810	0	32108	
34811	0	32824	
34812	0	33632	
34813	0	34032	
34814	0	34314	
34815	0	34456	
34816	0	34408	
34817	0	34600	
34818	0	35252	
34819	0	35688	
34820	0	35068	
34821	0	34280	
34822	0	33616	
34823	0	33068	
34824	0	32520	
34825	0	31704	
34826	0	31380	
34827	0	31326	
34828	0	31184	
34829	0	31312	
34830	0	31824	
34831	0	32812	
34832	0	33668	
34833	0	33952	
34834	0	33804	
34835	0	33484	
34836	0	33688	
34837	0	33896	
34838	0	33724	
34839	0	33228	
34840	0	32668	
34841	0	32016	
34842	0	30856	
34843	0	30212	
34844	0	29644	
34845	0	28960	
34846	0	28496	
34847	0	27564	
34848	0	26864	
34849	0	26988	
34850	0	28072	
34851	0	29780	
34852	0	31680	
34853	0	33144	
34854	0	33768	
34855	0	33280	
34856	0	31856	
34857	0	30556	
34858	0	30004	
34859	0	29744	
34860	0	29648	
34861	0	29252	
34862	0	28328	
34863	0	27892	
34864	0	27444	
34865	0	27212	
34866	0	27608	
34867	0	28040	
34868	0	28572	
34869	0	29196	
34870	0	30000	
34871	0	30664	
34872	0	30836	
34873	0	30480	
34874	0	30084	
34875	0	29532	
34876	0	29338	
34877	0	29578	
34878	0	30084	
34879	0	30704	
34880	0	31196	
34881	0	31792	
34882	0	32424	
34883	0	32600	
34884	0	32432	
34885	0	32084	
34886	0	31884	
34887	0	31544	
34888	0	30956	
34889	0	30688	
34890	0	30348	
34891	0	30104	
34892	0	30040	
34893	0	30092	
34894	0	30200	
34895	0	30368	
34896	0	30400	
34897	0	30280	
34898	0	29912	
34899	0	30172	
34900	0	30624	
34901	0	30956	
34902	0	31148	
34903	0	31636	
34904	0	32252	
34905	0	32376	
34906	0	32376	
34907	0	32408	
34908	0	32508	
34909	0	32772	
34910	0	32860	
34911	0	33112	
34912	0	33032	
34913	0	32652	
34914	0	32496	
34915	0	32292	
34916	0	32348	
34917	0	32524	
34918	0	32984	
34919	0	33560	
34920	0	33724	
34921	0	33664	
34922	0	33600	
34923	0	32928	
34924	0	31956	
34925	0	31120	
34926	0	30766	
34927	0	30508	
34928	0	30544	
34929	0	30472	
34930	0	30472	
34931	0	30688	
34932	0	31108	
34933	0	31500	
34934	0	32164	
34935	0	32780	
34936	0	32864	
34937	0	32664	
34938	0	32264	
34939	0	31968	
34940	0	32092	
34941	0	32540	
34942	0	32840	
34943	0	32816	
34944	0	32944	
34945	0	33088	
34946	0	32640	
34947	0	31768	
34948	0	31080	
34949	0	30356	
34950	0	29996	
34951	0	29776	
34952	0	29292	
34953	0	28660	
34954	0	28212	
34955	0	28532	
34956	0	29332	
34957	0	30344	
34958	0	30812	
34959	0	31424	
34960	0	32072	
34961	0	32444	
34962	0	32712	
34963	0	32808	
34964	0	32996	
34965	0	33352	
34966	0	33872	
34967	0	33880	
34968	0	33316	
34969	0	32948	
34970	0	32784	
34971	0	32304	
34972	0	32208	
34973	0	32440	
34974	0	32360	
34975	0	32420	
34976	0	32984	
34977	0	33152	
34978	0	32996	
34979	0	32720	
34980	0	32880	
34981	0	33580	
34982	0	33968	
34983	0	34440	
34984	0	34416	
34985	0	34516	
34986	0	34364	
34987	0	33936	
34988	0	33608	
34989	0	33208	
34990	0	32808	
34991	0	32660	
34992	0	33164	
34993	0	33600	
34994	0	33968	
34995	0	34344	
34996	0	34956	
34997	0	35770	
34998	0	36372	
34999	0	36024	
35000	0	34656	
35001	0	33176	
35002	0	31740	
35003	0	30920	
35004	0	30084	
35005	0	29464	
35006	0	29148	
35007	0	29524	
35008	0	30004	
35009	0	30528	
35010	0	30908	
35011	0	31136	
35012	0	31440	
35013	0	32144	
35014	0	32912	
35015	0	33308	
35016	0	33980	
35017	0	34000	
35018	0	33748	
35019	0	33480	
35020	0	33072	
35021	0	33108	
35022	0	33264	
35023	0	33252	
35024	0	33500	
35025	0	33488	
35026	0	33024	
35027	0	32724	
35028	0	32842	
35029	0	33136	
35030	0	33416	
35031	0	33108	
35032	0	32744	
35033	0	32664	
35034	0	33192	
35035	0	33912	
35036	0	34384	
35037	0	34512	
35038	0	34468	
35039	0	34084	
35040	0	33372	
35041	0	32676	
35042	0	32136	
35043	0	31680	
35044	0	31916	
35045	0	32688	
35046	0	33596	
35047	0	34672	
35048	0	35200	
35049	0	35552	
35050	0	34880	
35051	0	33816	
35052	0	32504	
35053	0	31408	
35054	0	30640	
35055	0	30440	
35056	0	30472	
35057	0	30868	
35058	0	31136	
35059	0	30796	
35060	0	29580	
35061	0	28616	
35062	0	28144	
35063	0	28224	
35064	0	28920	
35065	0	30416	
35066	0	31916	
35067	0	33496	
35068	0	34672	
35069	0	35988	
35070	0	36312	
35071	0	35832	
35072	0	35208	
35073	0	34392	
35074	0	33916	
35075	0	33480	
35076	0	33452	
35077	0	33536	
35078	0	33756	
35079	0	33832	
35080	0	33532	
35081	0	33040	
35082	0	32780	
35083	0	32544	
35084	0	32068	
35085	0	31792	
35086	0	32060	
35087	0	32240	
35088	0	32208	
35089	0	32028	
35090	0	31936	
35091	0	31884	
35092	0	31996	
35093	0	32204	
35094	0	32132	
35095	0	32276	
35096	0	32748	
35097	0	33352	
35098	0	33844	
35099	0	33868	
35100	0	33968	
35101	0	34120	
35102	0	34396	
35103	0	34836	
35104	0	35076	
35105	0	34604	
35106	0	33760	
35107	0	33332	
35108	0	32600	
35109	0	31696	
35110	0	30880	
35111	0	30256	
35112	0	30304	
35113	0	30704	
35114	0	30952	
35115	0	30864	
35116	0	31100	
35117	0	31248	
35118	0	30884	
35119	0	29940	
35120	0	28732	
35121	0	28248	
35122	0	28736	
35123	0	29120	
35124	0	29472	
35125	0	30184	
35126	0	30944	
35127	0	31372	
35128	0	31456	
35129	0	32008	
35130	0	33132	
35131	0	33620	
35132	0	33708	
35133	0	33464	
35134	0	33544	
35135	0	33756	
35136	0	33880	
35137	0	34208	
35138	0	34888	
35139	0	35504	
35140	0	36472	
35141	0	37136	
35142	0	37848	
35143	0	38692	
35144	0	39464	
35145	0	38808	
35146	0	37736	
35147	0	36144	
35148	0	34140	
35149	0	32916	
35150	0	32396	
35151	0	32152	
35152	0	32204	
35153	0	32648	
35154	0	33200	
35155	0	34132	
35156	0	34932	
35157	0	35936	
35158	0	36460	
35159	0	36244	
35160	0	35836	
35161	0	35832	
35162	0	35736	
35163	0	35620	
35164	0	35584	
35165	0	35520	
35166	0	35760	
35167	0	36688	
35168	0	37460	
35169	0	36848	
35170	0	36184	
35171	0	35824	
35172	0	35684	
35173	0	35468	
35174	0	35508	
35175	0	35108	
35176	0	35572	
35177	0	35928	
35178	0	36128	
35179	0	36596	
35180	0	37096	
35181	0	37104	
35182	0	36616	
35183	0	36369	
35184	0	36600	
35185	0	35788	
35186	0	34424	
35187	0	33296	
35188	0	32450	
35189	0	31532	
35190	0	30768	
35191	0	30476	
35192	0	30668	
35193	0	30952	
35194	0	31312	
35195	0	31864	
35196	0	32556	
35197	0	32932	
35198	0	33664	
35199	0	34692	
35200	0	35292	
35201	0	35944	
35202	0	36888	
35203	0	37632	
35204	0	37132	
35205	0	35964	
35206	0	34760	
35207	0	33708	
35208	0	33000	
35209	0	32088	
35210	0	31816	
35211	0	32044	
35212	0	32320	
35213	0	32480	
35214	0	32692	
35215	0	32932	
35216	0	32872	
35217	0	32848	
35218	0	33232	
35219	0	34440	
35220	0	35076	
35221	0	34848	
35222	0	34960	
35223	0	35476	
35224	0	36380	
35225	0	36664	
35226	0	36772	
35227	0	36824	
35228	0	36252	
35229	0	35208	
35230	0	34220	
35231	0	33424	
35232	0	33376	
35233	0	33692	
35234	0	33932	
35235	0	34712	
35236	0	35344	
35237	0	35172	
35238	0	34484	
35239	0	33988	
35240	0	33112	
35241	0	32664	
35242	0	32908	
35243	0	33208	
35244	0	33508	
35245	0	33816	
35246	0	33912	
35247	0	33728	
35248	0	33780	
35249	0	34152	
35250	0	34820	
35251	0	35480	
35252	0	36396	
35253	0	36898	
35254	0	37252	
35255	0	37472	
35256	0	38160	
35257	0	38896	
35258	0	39236	
35259	0	38328	
35260	0	36352	
35261	0	34644	
35262	0	33716	
35263	0	33308	
35264	0	33136	
35265	0	33376	
35266	0	33380	
35267	0	33240	
35268	0	33284	
35269	0	33536	
35270	0	33812	
35271	0	34256	
35272	0	34472	
35273	0	35044	
35274	0	36048	
35275	0	36668	
35276	0	36044	
35277	0	34340	
35278	0	32640	
35279	0	31652	
35280	0	31624	
35281	0	32240	
35282	0	32900	
35283	0	33948	
35284	0	34620	
35285	0	35152	
35286	0	35048	
35287	0	34164	
35288	0	33284	
35289	0	32824	
35290	0	32796	
35291	0	32996	
35292	0	33600	
35293	0	33788	
35294	0	33692	
35295	0	33776	
35296	0	33956	
35297	0	34352	
35298	0	34992	
35299	0	36416	
35300	0	37116	
35301	0	37052	
35302	0	36408	
35303	0	35740	
35304	0	34856	
35305	0	33456	
35306	0	32656	
35307	0	32404	
35308	0	32472	
35309	0	32408	
35310	0	32020	
35311	0	31736	
35312	0	31838	
35313	0	32420	
35314	0	32360	
35315	0	32180	
35316	0	31784	
35317	0	31152	
35318	0	30392	
35319	0	30080	
35320	0	30325	
35321	0	30520	
35322	0	30360	
35323	0	30220	
35324	0	29928	
35325	0	29714	
35326	0	30004	
35327	0	30156	
35328	0	29960	
35329	0	29560	
35330	0	29380	
35331	0	29636	
35332	0	30392	
35333	0	31548	
35334	0	33096	
35335	0	34160	
35336	0	34372	
35337	0	33712	
35338	0	32228	
35339	0	30356	
35340	0	28808	
35341	0	27608	
35342	0	26484	
35343	0	26008	
35344	0	26372	
35345	0	27032	
35346	0	27292	
35347	0	27276	
35348	0	27246	
35349	0	26710	
35350	0	26108	
35351	0	25488	
35352	0	25120	
35353	0	25142	
35354	0	25688	
35355	0	26240	
35356	0	26396	
35357	0	26432	
35358	0	26202	
35359	0	26340	
35360	0	26528	
35361	0	26888	
35362	0	27884	
35363	0	29204	
35364	0	30340	
35365	0	31228	
35366	0	31436	
35367	0	30976	
35368	0	30424	
35369	0	30104	
35370	0	30264	
35371	0	30616	
35372	0	31420	
35373	0	32004	
35374	0	32236	
35375	0	32096	
35376	0	31880	
35377	0	32116	
35378	0	32624	
35379	0	32820	
35380	0	32168	
35381	0	31692	
35382	0	31948	
35383	0	32056	
35384	0	31588	
35385	0	30792	
35386	0	30224	
35387	0	30024	
35388	0	29684	
35389	0	30168	
35390	0	31368	
35391	0	32980	
35392	0	33816	
35393	0	34640	
35394	0	35192	
35395	0	35176	
35396	0	34512	
35397	0	33984	
35398	0	32904	
35399	0	31440	
35400	0	29658	
35401	0	28708	
35402	0	28676	
35403	0	29256	
35404	0	29972	
35405	0	29928	
35406	0	29780	
35407	0	29426	
35408	0	29444	
35409	0	29772	
35410	0	30184	
35411	0	30384	
35412	0	30256	
35413	0	30160	
35414	0	30388	
35415	0	30892	
35416	0	31644	
35417	0	32792	
35418	0	32980	
35419	0	32420	
35420	0	32100	
35421	0	32072	
35422	0	31712	
35423	0	31400	
35424	0	31016	
35425	0	30248	
35426	0	29424	
35427	0	28768	
35428	0	28744	
35429	0	28776	
35430	0	28740	
35431	0	28740	
35432	0	28688	
35433	0	29224	
35434	0	29608	
35435	0	29892	
35436	0	29820	
35437	0	29492	
35438	0	29232	
35439	0	29296	
35440	0	30056	
35441	0	30924	
35442	0	31524	
35443	0	31692	
35444	0	31520	
35445	0	31492	
35446	0	31908	
35447	0	32192	
35448	0	32304	
35449	0	32242	
35450	0	31932	
35451	0	31388	
35452	0	30928	
35453	0	30432	
35454	0	29828	
35455	0	29320	
35456	0	29300	
35457	0	30212	
35458	0	30980	
35459	0	31356	
35460	0	31832	
35461	0	31828	
35462	0	31296	
35463	0	30508	
35464	0	29924	
35465	0	29720	
35466	0	30636	
35467	0	32312	
35468	0	33592	
35469	0	34292	
35470	0	34136	
35471	0	33156	
35472	0	32280	
35473	0	31452	
35474	0	31400	
35475	0	31664	
35476	0	32212	
35477	0	32708	
35478	0	32452	
35479	0	32484	
35480	0	32816	
35481	0	32960	
35482	0	33044	
35483	0	32748	
35484	0	32216	
35485	0	31380	
35486	0	30912	
35487	0	30784	
35488	0	30548	
35489	0	30832	
35490	0	31786	
35491	0	32608	
35492	0	32548	
35493	0	32150	
35494	0	32352	
35495	0	33256	
35496	0	34272	
35497	0	35034	
35498	0	35384	
35499	0	35476	
35500	0	35672	
35501	0	35760	
35502	0	35988	
35503	0	36020	
35504	0	36296	
35505	0	36628	
35506	0	37108	
35507	0	36900	
35508	0	36536	
35509	0	36376	
35510	0	36136	
35511	0	36288	
35512	0	36620	
35513	0	36716	
35514	0	36876	
35515	0	37036	
35516	0	37124	
35517	0	37084	
35518	0	36688	
35519	0	36180	
35520	0	36608	
35521	0	37792	
35522	0	38548	
35523	0	38504	
35524	0	38064	
35525	0	37404	
35526	0	36432	
35527	0	35800	
35528	0	35860	
35529	0	36712	
35530	0	37548	
35531	0	38372	
35532	0	38608	
35533	0	38224	
35534	0	38064	
35535	0	38616	
35536	0	38720	
35537	0	38636	
35538	0	38576	
35539	0	38108	
35540	0	36872	
35541	0	35468	
35542	0	34604	
35543	0	33728	
35544	0	32520	
35545	0	31436	
35546	0	30632	
35547	0	30136	
35548	0	30368	
35549	0	31200	
35550	0	31960	
35551	0	33104	
35552	0	34020	
35553	0	34152	
35554	0	33914	
35555	0	33456	
35556	0	33520	
35557	0	33712	
35558	0	33968	
35559	0	34400	
35560	0	34752	
35561	0	35188	
35562	0	35308	
35563	0	35144	
35564	0	34172	
35565	0	33632	
35566	0	33796	
35567	0	34024	
35568	0	33680	
35569	0	33530	
35570	0	33452	
35571	0	33272	
35572	0	33068	
35573	0	33232	
35574	0	33648	
35575	0	33880	
35576	0	33848	
35577	0	34012	
35578	0	34224	
35579	0	34740	
35580	0	35420	
35581	0	36076	
35582	0	35740	
35583	0	34468	
35584	0	33176	
35585	0	32088	
35586	0	31768	
35587	0	31808	
35588	0	31600	
35589	0	31412	
35590	0	31512	
35591	0	31752	
35592	0	31960	
35593	0	32472	
35594	0	32844	
35595	0	32640	
35596	0	32444	
35597	0	31808	
35598	0	31560	
35599	0	31668	
35600	0	32220	
35601	0	32432	
35602	0	32376	
35603	0	31768	
35604	0	31076	
35605	0	30008	
35606	0	29036	
35607	0	28356	
35608	0	28400	
35609	0	29204	
35610	0	30208	
35611	0	31212	
35612	0	32328	
35613	0	33592	
35614	0	33864	
35615	0	33760	
35616	0	33588	
35617	0	32936	
35618	0	31956	
35619	0	31120	
35620	0	30644	
35621	0	30300	
35622	0	30272	
35623	0	30212	
35624	0	29738	
35625	0	29664	
35626	0	29820	
35627	0	30160	
35628	0	30580	
35629	0	30124	
35630	0	28896	
35631	0	27952	
35632	0	27896	
35633	0	28488	
35634	0	29388	
35635	0	30684	
35636	0	32000	
35637	0	33140	
35638	0	33048	
35639	0	32680	
35640	0	32652	
35641	0	32528	
35642	0	32612	
35643	0	33064	
35644	0	32976	
35645	0	32688	
35646	0	32244	
35647	0	31340	
35648	0	30464	
35649	0	29720	
35650	0	29708	
35651	0	29608	
35652	0	29788	
35653	0	30476	
35654	0	30988	
35655	0	31272	
35656	0	31880	
35657	0	32672	
35658	0	33192	
35659	0	33504	
35660	0	33600	
35661	0	33584	
35662	0	33964	
35663	0	34580	
35664	0	34718	
35665	0	34372	
35666	0	34300	
35667	0	34092	
35668	0	33936	
35669	0	33812	
35670	0	33496	
35671	0	33836	
35672	0	34532	
35673	0	34780	
35674	0	34488	
35675	0	34060	
35676	0	33076	
35677	0	32848	
35678	0	32832	
35679	0	32956	
35680	0	33212	
35681	0	33024	
35682	0	32980	
35683	0	33256	
35684	0	33512	
35685	0	33768	
35686	0	34032	
35687	0	33432	
35688	0	32328	
35689	0	31452	
35690	0	30688	
35691	0	30364	
35692	0	30424	
35693	0	30792	
35694	0	31050	
35695	0	31324	
35696	0	31356	
35697	0	31272	
35698	0	31568	
35699	0	32088	
35700	0	32600	
35701	0	32772	
35702	0	32332	
35703	0	31504	
35704	0	30312	
35705	0	29020	
35706	0	27680	
35707	0	27120	
35708	0	27352	
35709	0	27912	
35710	0	28428	
35711	0	28814	
35712	0	29164	
35713	0	28856	
35714	0	28616	
35715	0	28220	
35716	0	28180	
35717	0	28856	
35718	0	29688	
35719	0	30480	
35720	0	30788	
35721	0	30792	
35722	0	30568	
35723	0	30168	
35724	0	30324	
35725	0	30992	
35726	0	30712	
35727	0	29780	
35728	0	28712	
35729	0	28124	
35730	0	28244	
35731	0	28648	
35732	0	29004	
35733	0	28908	
35734	0	29168	
35735	0	29768	
35736	0	30310	
35737	0	31324	
35738	0	32348	
35739	0	32812	
35740	0	33012	
35741	0	33520	
35742	0	33864	
35743	0	34048	
35744	0	34008	
35745	0	33928	
35746	0	33836	
35747	0	33496	
35748	0	32744	
35749	0	32120	
35750	0	32120	
35751	0	32760	
35752	0	33552	
35753	0	34412	
35754	0	35164	
35755	0	35768	
35756	0	36316	
35757	0	36844	
35758	0	36780	
35759	0	36456	
35760	0	35424	
35761	0	34128	
35762	0	32986	
35763	0	31856	
35764	0	30712	
35765	0	29784	
35766	0	29872	
35767	0	30424	
35768	0	30954	
35769	0	31000	
35770	0	31336	
35771	0	31504	
35772	0	31128	
35773	0	30468	
35774	0	29956	
35775	0	29596	
35776	0	29528	
35777	0	30124	
35778	0	30744	
35779	0	31028	
35780	0	31320	
35781	0	31192	
35782	0	31352	
35783	0	31114	
35784	0	30300	
35785	0	29620	
35786	0	28884	
35787	0	28572	
35788	0	28748	
35789	0	28936	
35790	0	29012	
35791	0	29192	
35792	0	29156	
35793	0	28780	
35794	0	28936	
35795	0	29168	
35796	0	29488	
35797	0	29712	
35798	0	30312	
35799	0	31144	
35800	0	32056	
35801	0	32896	
35802	0	33188	
35803	0	32716	
35804	0	31964	
35805	0	31660	
35806	0	31052	
35807	0	30700	
35808	0	31024	
35809	0	31856	
35810	0	33128	
35811	0	33948	
35812	0	34544	
35813	0	35048	
35814	0	35824	
35815	0	36000	
35816	0	35804	
35817	0	35176	
35818	0	34792	
35819	0	34648	
35820	0	34304	
35821	0	34028	
35822	0	33564	
35823	0	33130	
35824	0	32720	
35825	0	32248	
35826	0	32004	
35827	0	31876	
35828	0	32052	
35829	0	31800	
35830	0	31428	
35831	0	31220	
35832	0	31252	
35833	0	31748	
35834	0	32236	
35835	0	32324	
35836	0	32448	
35837	0	33020	
35838	0	33432	
35839	0	33612	
35840	0	33800	
35841	0	34280	
35842	0	34740	
35843	0	34456	
35844	0	34120	
35845	0	33996	
35846	0	34064	
35847	0	34136	
35848	0	34060	
35849	0	33900	
35850	0	33648	
35851	0	33354	
35852	0	33280	
35853	0	34036	
35854	0	34844	
35855	0	34796	
35856	0	34564	
35857	0	34348	
35858	0	34608	
35859	0	35112	
35860	0	35940	
35861	0	36776	
35862	0	37152	
35863	0	37304	
35864	0	37464	
35865	0	37512	
35866	0	36640	
35867	0	35588	
35868	0	34874	
35869	0	34648	
35870	0	34192	
35871	0	33128	
35872	0	31944	
35873	0	30856	
35874	0	30042	
35875	0	29512	
35876	0	29464	
35877	0	29960	
35878	0	30044	
35879	0	30108	
35880	0	30540	
35881	0	30548	
35882	0	30332	
35883	0	29896	
35884	0	29648	
35885	0	30268	
35886	0	31500	
35887	0	32944	
35888	0	34084	
35889	0	35128	
35890	0	34800	
35891	0	33856	
35892	0	33352	
35893	0	33116	
35894	0	33296	
35895	0	33548	
35896	0	33712	
35897	0	33688	
35898	0	33656	
35899	0	32536	
35900	0	30874	
35901	0	29828	
35902	0	29384	
35903	0	29084	
35904	0	29340	
35905	0	29984	
35906	0	30784	
35907	0	32044	
35908	0	32444	
35909	0	32456	
35910	0	32160	
35911	0	31578	
35912	0	31024	
35913	0	30694	
35914	0	30613	
35915	0	30604	
35916	0	30352	
35917	0	30576	
35918	0	31112	
35919	0	31916	
35920	0	32014	
35921	0	31816	
35922	0	31776	
35923	0	31484	
35924	0	31160	
35925	0	30992	
35926	0	30712	
35927	0	29912	
35928	0	29016	
35929	0	28648	
35930	0	28500	
35931	0	28552	
35932	0	28938	
35933	0	29216	
35934	0	29620	
35935	0	29912	
35936	0	30024	
35937	0	30268	
35938	0	30888	
35939	0	31626	
35940	0	32524	
35941	0	33440	
35942	0	34088	
35943	0	34652	
35944	0	35168	
35945	0	34976	
35946	0	33704	
35947	0	32104	
35948	0	30736	
35949	0	30588	
35950	0	30976	
35951	0	30648	
35952	0	29772	
35953	0	29460	
35954	0	29684	
35955	0	29920	
35956	0	30004	
35957	0	30208	
35958	0	30949	
35959	0	31776	
35960	0	32664	
35961	0	33628	
35962	0	34120	
35963	0	33824	
35964	0	33112	
35965	0	32500	
35966	0	32852	
35967	0	33312	
35968	0	33084	
35969	0	32360	
35970	0	31920	
35971	0	32308	
35972	0	31904	
35973	0	31640	
35974	0	31840	
35975	0	31864	
35976	0	31840	
35977	0	31592	
35978	0	31804	
35979	0	32480	
35980	0	33376	
35981	0	34392	
35982	0	35496	
35983	0	36804	
35984	0	37800	
35985	0	37992	
35986	0	37928	
35987	0	37468	
35988	0	36736	
35989	0	35668	
35990	0	34768	
35991	0	34084	
35992	0	33072	
35993	0	31856	
35994	0	31104	
35995	0	30712	
35996	0	30716	
35997	0	30968	
35998	0	30836	
35999	0	30264	
36000	0	29944	
36001	0	30584	
36002	0	31516	
36003	0	31884	
36004	0	32164	
36005	0	32304	
36006	0	32544	
36007	0	32892	
36008	0	32920	
36009	0	32924	
36010	0	33140	
36011	0	32756	
36012	0	32468	
36013	0	33028	
36014	0	34096	
36015	0	34534	
36016	0	34476	
36017	0	34428	
36018	0	34292	
36019	0	33676	
36020	0	33120	
36021	0	32304	
36022	0	31464	
36023	0	31100	
36024	0	30908	
36025	0	30744	
36026	0	30960	
36027	0	31148	
36028	0	31034	
36029	0	30988	
36030	0	31120	
36031	0	31468	
36032	0	31656	
36033	0	31284	
36034	0	30932	
36035	0	31156	
36036	0	31968	
36037	0	32604	
36038	0	32848	
36039	0	32812	
36040	0	32768	
36041	0	32896	
36042	0	33160	
36043	0	33200	
36044	0	33176	
36045	0	33096	
36046	0	32788	
36047	0	32752	
36048	0	32948	
36049	0	33144	
36050	0	33472	
36051	0	33600	
36052	0	33776	
36053	0	34376	
36054	0	34868	
36055	0	35148	
36056	0	34840	
36057	0	33768	
36058	0	32612	
36059	0	32032	
36060	0	32184	
36061	0	33176	
36062	0	34152	
36063	0	34600	
36064	0	34868	
36065	0	35212	
36066	0	34872	
36067	0	34156	
36068	0	33604	
36069	0	33160	
36070	0	32472	
36071	0	31884	
36072	0	31336	
36073	0	30668	
36074	0	30180	
36075	0	30476	
36076	0	31080	
36077	0	31580	
36078	0	31988	
36079	0	32444	
36080	0	33296	
36081	0	34200	
36082	0	34316	
36083	0	34324	
36084	0	34312	
36085	0	34272	
36086	0	33848	
36087	0	33600	
36088	0	33612	
36089	0	33672	
36090	0	33600	
36091	0	33556	
36092	0	33064	
36093	0	32912	
36094	0	32752	
36095	0	32560	
36096	0	32116	
36097	0	32160	
36098	0	32496	
36099	0	32912	
36100	0	33720	
36101	0	34748	
36102	0	35660	
36103	0	36364	
36104	0	36288	
36105	0	35758	
36106	0	35076	
36107	0	34712	
36108	0	34560	
36109	0	34272	
36110	0	33660	
36111	0	32864	
36112	0	32180	
36113	0	31708	
36114	0	31184	
36115	0	31148	
36116	0	31832	
36117	0	33128	
36118	0	34096	
36119	0	34468	
36120	0	34564	
36121	0	34316	
36122	0	33720	
36123	0	33216	
36124	0	32984	
36125	0	33552	
36126	0	33472	
36127	0	33824	
36128	0	34556	
36129	0	34912	
36130	0	34872	
36131	0	35472	
36132	0	36004	
36133	0	36192	
36134	0	36836	
36135	0	37660	
36136	0	38300	
36137	0	38916	
36138	0	39208	
36139	0	38720	
36140	0	37872	
36141	0	37008	
36142	0	36024	
36143	0	35332	
36144	0	35136	
36145	0	35052	
36146	0	34612	
36147	0	33824	
36148	0	33488	
36149	0	33340	
36150	0	33360	
36151	0	33280	
36152	0	33688	
36153	0	34272	
36154	0	34840	
36155	0	35176	
36156	0	35576	
36157	0	36020	
36158	0	36344	
36159	0	36624	
36160	0	36700	
36161	0	36408	
36162	0	35652	
36163	0	35404	
36164	0	35836	
36165	0	36252	
36166	0	36440	
36167	0	35992	
36168	0	34944	
36169	0	33808	
36170	0	33072	
36171	0	33180	
36172	0	33172	
36173	0	32468	
36174	0	32040	
36175	0	32076	
36176	0	32820	
36177	0	33576	
36178	0	34120	
36179	0	33992	
36180	0	33536	
36181	0	32892	
36182	0	32376	
36183	0	32400	
36184	0	32862	
36185	0	33608	
36186	0	33852	
36187	0	33512	
36188	0	33248	
36189	0	32856	
36190	0	32280	
36191	0	31800	
36192	0	31556	
36193	0	31328	
36194	0	31640	
36195	0	32096	
36196	0	32432	
36197	0	32616	
36198	0	32896	
36199	0	33224	
36200	0	33576	
36201	0	34168	
36202	0	34604	
36203	0	34440	
36204	0	34132	
36205	0	34020	
36206	0	33980	
36207	0	33308	
36208	0	32936	
36209	0	33016	
36210	0	33636	
36211	0	34072	
36212	0	34232	
36213	0	34120	
36214	0	33972	
36215	0	33976	
36216	0	33812	
36217	0	33112	
36218	0	32662	
36219	0	32456	
36220	0	32380	
36221	0	32632	
36222	0	32692	
36223	0	32088	
36224	0	31496	
36225	0	31180	
36226	0	31524	
36227	0	31856	
36228	0	32076	
36229	0	32248	
36230	0	32608	
36231	0	32588	
36232	0	31680	
36233	0	31200	
36234	0	31192	
36235	0	32072	
36236	0	32976	
36237	0	33696	
36238	0	34296	
36239	0	34912	
36240	0	34908	
36241	0	34676	
36242	0	34112	
36243	0	33460	
36244	0	33404	
36245	0	33692	
36246	0	34256	
36247	0	34640	
36248	0	35292	
36249	0	36472	
36250	0	37540	
36251	0	38168	
36252	0	38648	
36253	0	38636	
36254	0	37626	
36255	0	36184	
36256	0	35368	
36257	0	35244	
36258	0	35528	
36259	0	36280	
36260	0	36896	
36261	0	37024	
36262	0	37092	
36263	0	36864	
36264	0	36332	
36265	0	35508	
36266	0	34872	
36267	0	34464	
36268	0	34112	
36269	0	33568	
36270	0	33352	
36271	0	33376	
36272	0	33000	
36273	0	32536	
36274	0	32308	
36275	0	32544	
36276	0	33532	
36277	0	34340	
36278	0	34760	
36279	0	35560	
36280	0	36048	
36281	0	36100	
36282	0	35640	
36283	0	35200	
36284	0	34948	
36285	0	34492	
36286	0	33800	
36287	0	33248	
36288	0	32856	
36289	0	32648	
36290	0	32136	
36291	0	32328	
36292	0	32512	
36293	0	32248	
36294	0	31972	
36295	0	31640	
36296	0	31232	
36297	0	31318	
36298	0	31400	
36299	0	31516	
36300	0	31780	
36301	0	32340	
36302	0	32796	
36303	0	33268	
36304	0	33460	
36305	0	33932	
36306	0	34972	
36307	0	36540	
36308	0	37740	
36309	0	38676	
36310	0	38892	
36311	0	38572	
36312	0	38548	
36313	0	38576	
36314	0	38240	
36315	0	37604	
36316	0	37088	
36317	0	36516	
36318	0	36256	
36319	0	36324	
36320	0	36612	
36321	0	36336	
36322	0	36244	
36323	0	36224	
36324	0	36184	
36325	0	36012	
36326	0	35692	
36327	0	35104	
36328	0	34620	
36329	0	34504	
36330	0	34292	
36331	0	33588	
36332	0	33588	
36333	0	33382	
36334	0	32740	
36335	0	32216	
36336	0	31600	
36337	0	30720	
36338	0	30128	
36339	0	30048	
36340	0	30728	
36341	0	31556	
36342	0	32840	
36343	0	34148	
36344	0	35260	
36345	0	36352	
36346	0	36640	
36347	0	35724	
36348	0	34544	
36349	0	33452	
36350	0	32216	
36351	0	31072	
36352	0	30112	
36353	0	29672	
36354	0	29116	
36355	0	28836	
36356	0	29480	
36357	0	30240	
36358	0	30648	
36359	0	31044	
36360	0	31756	
36361	0	32584	
36362	0	32464	
36363	0	32292	
36364	0	32036	
36365	0	32164	
36366	0	32624	
36367	0	33012	
36368	0	33452	
36369	0	34020	
36370	0	34696	
36371	0	34944	
36372	0	35060	
36373	0	35010	
36374	0	35060	
36375	0	35688	
36376	0	36320	
36377	0	37148	
36378	0	37884	
36379	0	38380	
36380	0	38816	
36381	0	38860	
36382	0	38648	
36383	0	38252	
36384	0	37888	
36385	0	37396	
36386	0	37552	
36387	0	37080	
36388	0	36544	
36389	0	36404	
36390	0	36232	
36391	0	35848	
36392	0	35680	
36393	0	36080	
36394	0	35984	
36395	0	35880	
36396	0	36140	
36397	0	36208	
36398	0	36700	
36399	0	37052	
36400	0	37260	
36401	0	37776	
36402	0	38160	
36403	0	38176	
36404	0	37708	
36405	0	37088	
36406	0	36520	
36407	0	36168	
36408	0	36336	
36409	0	36616	
36410	0	36860	
36411	0	36876	
36412	0	37044	
36413	0	37156	
36414	0	37476	
36415	0	36984	
36416	0	35724	
36417	0	35188	
36418	0	34328	
36419	0	33332	
36420	0	33213	
36421	0	33812	
36422	0	34652	
36423	0	35108	
36424	0	34802	
36425	0	34020	
36426	0	33412	
36427	0	33178	
36428	0	33084	
36429	0	33268	
36430	0	34016	
36431	0	35240	
36432	0	36088	
36433	0	36512	
36434	0	36476	
36435	0	36390	
36436	0	36536	
36437	0	36728	
36438	0	37024	
36439	0	37396	
36440	0	36908	
36441	0	36104	
36442	0	35560	
36443	0	35328	
36444	0	35480	
36445	0	35428	
36446	0	35048	
36447	0	35052	
36448	0	35292	
36449	0	35376	
36450	0	35416	
36451	0	35680	
36452	0	36424	
36453	0	36680	
36454	0	36700	
36455	0	36416	
36456	0	36396	
36457	0	36524	
36458	0	36352	
36459	0	35768	
36460	0	35200	
36461	0	34880	
36462	0	34860	
36463	0	35062	
36464	0	34992	
36465	0	34648	
36466	0	33864	
36467	0	33248	
36468	0	32544	
36469	0	32036	
36470	0	31656	
36471	0	31760	
36472	0	31304	
36473	0	31044	
36474	0	31564	
36475	0	32048	
36476	0	32020	
36477	0	31368	
36478	0	30992	
36479	0	31028	
36480	0	31576	
36481	0	32396	
36482	0	33344	
36483	0	33820	
36484	0	33512	
36485	0	33196	
36486	0	33024	
36487	0	33240	
36488	0	32852	
36489	0	32196	
36490	0	31852	
36491	0	31816	
36492	0	31696	
36493	0	31244	
36494	0	30888	
36495	0	30532	
36496	0	29860	
36497	0	29268	
36498	0	28592	
36499	0	28200	
36500	0	28632	
36501	0	29840	
36502	0	30948	
36503	0	31836	
36504	0	32262	
36505	0	32348	
36506	0	31912	
36507	0	31696	
36508	0	31680	
36509	0	31732	
36510	0	31848	
36511	0	31536	
36512	0	30908	
36513	0	30456	
36514	0	30016	
36515	0	29740	
36516	0	29876	
36517	0	29976	
36518	0	29824	
36519	0	29940	
36520	0	30357	
36521	0	30772	
36522	0	30784	
36523	0	30660	
36524	0	30592	
36525	0	30596	
36526	0	30492	
36527	0	30680	
36528	0	30708	
36529	0	30260	
36530	0	29600	
36531	0	29132	
36532	0	29152	
36533	0	29208	
36534	0	29648	
36535	0	30048	
36536	0	30400	
36537	0	30624	
36538	0	30908	
36539	0	30992	
36540	0	31226	
36541	0	31664	
36542	0	31864	
36543	0	32604	
36544	0	33416	
36545	0	34016	
36546	0	34176	
36547	0	34040	
36548	0	33636	
36549	0	33084	
36550	0	32356	
36551	0	31688	
36552	0	31032	
36553	0	29944	
36554	0	29012	
36555	0	27940	
36556	0	27444	
36557	0	28112	
36558	0	28860	
36559	0	29712	
36560	0	30460	
36561	0	30980	
36562	0	31880	
36563	0	32292	
36564	0	32356	
36565	0	31808	
36566	0	31504	
36567	0	31248	
36568	0	30868	
36569	0	29932	
36570	0	29356	
36571	0	29268	
36572	0	29288	
36573	0	29233	
36574	0	29372	
36575	0	29616	
36576	0	29226	
36577	0	28500	
36578	0	27616	
36579	0	26608	
36580	0	25900	
36581	0	25504	
36582	0	25328	
36583	0	25104	
36584	0	24828	
36585	0	24696	
36586	0	24640	
36587	0	24340	
36588	0	24316	
36589	0	24064	
36590	0	23596	
36591	0	22984	
36592	0	22740	
36593	0	22578	
36594	0	22400	
36595	0	22464	
36596	0	22720	
36597	0	22972	
36598	0	23690	
36599	0	24608	
36600	0	25916	
36601	0	26824	
36602	0	26972	
36603	0	26444	
36604	0	25900	
36605	0	25548	
36606	0	25784	
36607	0	26324	
36608	0	26688	
36609	0	27316	
36610	0	27828	
36611	0	27972	
36612	0	27996	
36613	0	27768	
36614	0	28016	
36615	0	28216	
36616	0	28132	
36617	0	27936	
36618	0	27520	
36619	0	27460	
36620	0	28320	
36621	0	29232	
36622	0	30008	
36623	0	31068	
36624	0	32120	
36625	0	32452	
36626	0	32302	
36627	0	32368	
36628	0	32752	
36629	0	33192	
36630	0	33496	
36631	0	33680	
36632	0	33340	
36633	0	32552	
36634	0	30952	
36635	0	28640	
36636	0	26724	
36637	0	25968	
36638	0	26176	
36639	0	27216	
36640	0	28056	
36641	0	28724	
36642	0	29208	
36643	0	29932	
36644	0	31394	
36645	0	32904	
36646	0	34104	
36647	0	34920	
36648	0	35480	
36649	0	35676	
36650	0	35936	
36651	0	36020	
36652	0	35664	
36653	0	35436	
36654	0	35664	
36655	0	36136	
36656	0	37144	
36657	0	37920	
36658	0	38236	
36659	0	37724	
36660	0	36760	
36661	0	35472	
36662	0	33976	
36663	0	32856	
36664	0	31900	
36665	0	31316	
36666	0	31168	
36667	0	31528	
36668	0	32080	
36669	0	32572	
36670	0	33012	
36671	0	33168	
36672	0	33092	
36673	0	33022	
36674	0	32900	
36675	0	32808	
36676	0	32520	
36677	0	31780	
36678	0	30928	
36679	0	30384	
36680	0	30078	
36681	0	30128	
36682	0	30488	
36683	0	30864	
36684	0	31032	
36685	0	31256	
36686	0	31904	
36687	0	32236	
36688	0	31360	
36689	0	30144	
36690	0	29524	
36691	0	29568	
36692	0	30208	
36693	0	31104	
36694	0	31936	
36695	0	32520	
36696	0	32920	
36697	0	33284	
36698	0	33664	
36699	0	34516	
36700	0	35220	
36701	0	35816	
36702	0	36032	
36703	0	35712	
36704	0	35172	
36705	0	34708	
36706	0	34472	
36707	0	34640	
36708	0	34916	
36709	0	35444	
36710	0	35704	
36711	0	35692	
36712	0	35620	
36713	0	35496	
36714	0	35180	
36715	0	35076	
36716	0	35012	
36717	0	34704	
36718	0	34692	
36719	0	34468	
36720	0	34288	
36721	0	33976	
36722	0	33752	
36723	0	33308	
36724	0	32864	
36725	0	32844	
36726	0	33176	
36727	0	33176	
36728	0	32744	
36729	0	31576	
36730	0	30376	
36731	0	29692	
36732	0	29136	
36733	0	28836	
36734	0	29008	
36735	0	29632	
36736	0	30184	
36737	0	30928	
36738	0	31656	
36739	0	32432	
36740	0	32832	
36741	0	33080	
36742	0	33388	
36743	0	33704	
36744	0	34006	
36745	0	33872	
36746	0	33472	
36747	0	33020	
36748	0	32768	
36749	0	32580	
36750	0	32740	
36751	0	33172	
36752	0	33736	
36753	0	34436	
36754	0	34756	
36755	0	34672	
36756	0	34008	
36757	0	33656	
36758	0	33520	
36759	0	32768	
36760	0	32116	
36761	0	31836	
36762	0	31668	
36763	0	31924	
36764	0	32824	
36765	0	33664	
36766	0	33904	
36767	0	34024	
36768	0	33978	
36769	0	33780	
36770	0	33412	
36771	0	33008	
36772	0	33000	
36773	0	33340	
36774	0	33364	
36775	0	33372	
36776	0	33592	
36777	0	33872	
36778	0	34056	
36779	0	34460	
36780	0	34904	
36781	0	35464	
36782	0	35624	
36783	0	35040	
36784	0	34620	
36785	0	34544	
36786	0	34828	
36787	0	35560	
36788	0	35828	
36789	0	35776	
36790	0	35728	
36791	0	35604	
36792	0	35560	
36793	0	35000	
36794	0	34172	
36795	0	33756	
36796	0	33468	
36797	0	32664	
36798	0	32240	
36799	0	32588	
36800	0	33212	
36801	0	33740	
36802	0	34248	
36803	0	34368	
36804	0	34480	
36805	0	34656	
36806	0	35208	
36807	0	35728	
36808	0	36372	
36809	0	36744	
36810	0	36856	
36811	0	36928	
36812	0	36784	
36813	0	36068	
36814	0	35516	
36815	0	35140	
36816	0	35332	
36817	0	36300	
36818	0	37120	
36819	0	37628	
36820	0	37736	
36821	0	37616	
36822	0	37280	
36823	0	36988	
36824	0	36876	
36825	0	36948	
36826	0	36732	
36827	0	36424	
36828	0	36050	
36829	0	35624	
36830	0	35376	
36831	0	35140	
36832	0	35012	
36833	0	34864	
36834	0	34764	
36835	0	35220	
36836	0	35716	
36837	0	36752	
36838	0	37896	
36839	0	38644	
36840	0	38704	
36841	0	38136	
36842	0	37456	
36843	0	36988	
36844	0	36324	
36845	0	35932	
36846	0	35640	
36847	0	35096	
36848	0	34428	
36849	0	34340	
36850	0	34396	
36851	0	33844	
36852	0	33208	
36853	0	33092	
36854	0	33784	
36855	0	35080	
36856	0	36280	
36857	0	37032	
36858	0	37644	
36859	0	37548	
36860	0	36736	
36861	0	35740	
36862	0	34928	
36863	0	34480	
36864	0	33968	
36865	0	33332	
36866	0	32608	
36867	0	32704	
36868	0	32976	
36869	0	33532	
36870	0	34616	
36871	0	35520	
36872	0	36076	
36873	0	36512	
36874	0	36608	
36875	0	36028	
36876	0	35176	
36877	0	34464	
36878	0	34080	
36879	0	34168	
36880	0	34264	
36881	0	33940	
36882	0	33864	
36883	0	34040	
36884	0	33960	
36885	0	34114	
36886	0	34228	
36887	0	33884	
36888	0	33236	
36889	0	32208	
36890	0	31284	
36891	0	30976	
36892	0	31504	
36893	0	32828	
36894	0	34032	
36895	0	35436	
36896	0	36504	
36897	0	37336	
36898	0	37432	
36899	0	36736	
36900	0	35916	
36901	0	35540	
36902	0	35472	
36903	0	35532	
36904	0	35896	
36905	0	36420	
36906	0	36664	
36907	0	36272	
36908	0	35484	
36909	0	34998	
36910	0	34520	
36911	0	33584	
36912	0	32378	
36913	0	31364	
36914	0	30776	
36915	0	30640	
36916	0	30364	
36917	0	30168	
36918	0	30624	
36919	0	31444	
36920	0	32580	
36921	0	33572	
36922	0	34336	
36923	0	34832	
36924	0	35192	
36925	0	35340	
36926	0	35784	
36927	0	36188	
36928	0	36176	
36929	0	35920	
36930	0	35252	
36931	0	33872	
36932	0	32508	
36933	0	31204	
36934	0	30296	
36935	0	29304	
36936	0	28412	
36937	0	28440	
36938	0	28788	
36939	0	29308	
36940	0	29832	
36941	0	30052	
36942	0	30308	
36943	0	31176	
36944	0	32296	
36945	0	33328	
36946	0	33872	
36947	0	34300	
36948	0	34660	
36949	0	34768	
36950	0	34680	
36951	0	34304	
36952	0	33548	
36953	0	32436	
36954	0	31468	
36955	0	30576	
36956	0	29732	
36957	0	29512	
36958	0	30048	
36959	0	31172	
36960	0	32232	
36961	0	33232	
36962	0	33986	
36963	0	34408	
36964	0	35080	
36965	0	35684	
36966	0	36048	
36967	0	36276	
36968	0	36336	
36969	0	35684	
36970	0	34712	
36971	0	33568	
36972	0	32824	
36973	0	32948	
36974	0	33188	
36975	0	33272	
36976	0	33656	
36977	0	33856	
36978	0	34104	
36979	0	34076	
36980	0	33808	
36981	0	33632	
36982	0	33268	
36983	0	32940	
36984	0	32528	
36985	0	32352	
36986	0	32136	
36987	0	32332	
36988	0	32796	
36989	0	33044	
36990	0	32760	
36991	0	32236	
36992	0	31668	
36993	0	31384	
36994	0	31304	
36995	0	31448	
36996	0	31600	
36997	0	32168	
36998	0	32904	
36999	0	33480	
37000	0	33740	
37001	0	34052	
37002	0	34616	
37003	0	35372	
37004	0	35944	
37005	0	36388	
37006	0	36544	
37007	0	36736	
37008	0	36632	
37009	0	36400	
37010	0	35860	
37011	0	35520	
37012	0	35560	
37013	0	34980	
37014	0	34064	
37015	0	34024	
37016	0	34500	
37017	0	35184	
37018	0	35508	
37019	0	35052	
37020	0	34420	
37021	0	33776	
37022	0	33064	
37023	0	32536	
37024	0	32020	
37025	0	31092	
37026	0	30588	
37027	0	30704	
37028	0	30776	
37029	0	30960	
37030	0	30908	
37031	0	30796	
37032	0	30972	
37033	0	31092	
37034	0	31144	
37035	0	30720	
37036	0	29708	
37037	0	28404	
37038	0	27628	
37039	0	27604	
37040	0	27700	
37041	0	28076	
37042	0	28854	
37043	0	29600	
37044	0	30208	
37045	0	31176	
37046	0	32052	
37047	0	32648	
37048	0	33236	
37049	0	33680	
37050	0	34136	
37051	0	34208	
37052	0	33500	
37053	0	32328	
37054	0	31336	
37055	0	30556	
37056	0	29900	
37057	0	29708	
37058	0	29552	
37059	0	29600	
37060	0	29594	
37061	0	29600	
37062	0	29892	
37063	0	30340	
37064	0	30532	
37065	0	30108	
37066	0	29256	
37067	0	28856	
37068	0	28968	
37069	0	29284	
37070	0	29836	
37071	0	30312	
37072	0	30504	
37073	0	30298	
37074	0	29896	
37075	0	29488	
37076	0	29660	
37077	0	30108	
37078	0	30900	
37079	0	31340	
37080	0	31736	
37081	0	31600	
37082	0	31532	
37083	0	31508	
37084	0	31404	
37085	0	30928	
37086	0	30180	
37087	0	29620	
37088	0	29144	
37089	0	28698	
37090	0	28316	
37091	0	28604	
37092	0	29180	
37093	0	29872	
37094	0	30408	
37095	0	30856	
37096	0	30736	
37097	0	30128	
37098	0	29060	
37099	0	28144	
37100	0	27492	
37101	0	27428	
37102	0	27608	
37103	0	27898	
37104	0	28332	
37105	0	28700	
37106	0	28800	
37107	0	28468	
37108	0	27804	
37109	0	26828	
37110	0	26864	
37111	0	26956	
37112	0	27176	
37113	0	27584	
37114	0	28460	
37115	0	29772	
37116	0	30464	
37117	0	31164	
37118	0	31788	
37119	0	33088	
37120	0	34392	
37121	0	35192	
37122	0	34936	
37123	0	34426	
37124	0	34344	
37125	0	34156	
37126	0	33604	
37127	0	33240	
37128	0	32364	
37129	0	31412	
37130	0	31064	
37131	0	30764	
37132	0	30964	
37133	0	31420	
37134	0	31782	
37135	0	31808	
37136	0	31464	
37137	0	30820	
37138	0	30428	
37139	0	30412	
37140	0	31232	
37141	0	32048	
37142	0	32860	
37143	0	33714	
37144	0	34444	
37145	0	34532	
37146	0	34348	
37147	0	34160	
37148	0	33872	
37149	0	33180	
37150	0	32244	
37151	0	31060	
37152	0	30320	
37153	0	30444	
37154	0	30888	
37155	0	31232	
37156	0	31722	
37157	0	32112	
37158	0	32072	
37159	0	31756	
37160	0	31428	
37161	0	31024	
37162	0	31288	
37163	0	32170	
37164	0	32968	
37165	0	33432	
37166	0	33484	
37167	0	33272	
37168	0	33016	
37169	0	32798	
37170	0	32364	
37171	0	31884	
37172	0	31930	
37173	0	32640	
37174	0	33780	
37175	0	34212	
37176	0	34076	
37177	0	34280	
37178	0	34252	
37179	0	33944	
37180	0	34100	
37181	0	34648	
37182	0	35828	
37183	0	37192	
37184	0	38260	
37185	0	39448	
37186	0	40176	
37187	0	39964	
37188	0	39240	
37189	0	38036	
37190	0	37020	
37191	0	36316	
37192	0	35844	
37193	0	35760	
37194	0	35840	
37195	0	35832	
37196	0	35384	
37197	0	34688	
37198	0	34192	
37199	0	33568	
37200	0	32840	
37201	0	32156	
37202	0	31660	
37203	0	31016	
37204	0	30396	
37205	0	30330	
37206	0	30456	
37207	0	30928	
37208	0	31968	
37209	0	32708	
37210	0	33164	
37211	0	33160	
37212	0	33088	
37213	0	32592	
37214	0	32136	
37215	0	32336	
37216	0	32464	
37217	0	32228	
37218	0	32428	
37219	0	33232	
37220	0	34276	
37221	0	34864	
37222	0	35437	
37223	0	35540	
37224	0	35100	
37225	0	34558	
37226	0	34244	
37227	0	34048	
37228	0	33816	
37229	0	33560	
37230	0	33632	
37231	0	33848	
37232	0	33696	
37233	0	33420	
37234	0	33044	
37235	0	32260	
37236	0	32004	
37237	0	32240	
37238	0	32412	
37239	0	32856	
37240	0	33632	
37241	0	34448	
37242	0	34432	
37243	0	34036	
37244	0	33980	
37245	0	34156	
37246	0	34360	
37247	0	34304	
37248	0	34612	
37249	0	34720	
37250	0	35344	
37251	0	35968	
37252	0	36328	
37253	0	35984	
37254	0	35484	
37255	0	34692	
37256	0	33928	
37257	0	33080	
37258	0	32256	
37259	0	31852	
37260	0	31804	
37261	0	32216	
37262	0	32952	
37263	0	33936	
37264	0	34512	
37265	0	34580	
37266	0	34196	
37267	0	34002	
37268	0	33936	
37269	0	34392	
37270	0	35208	
37271	0	35512	
37272	0	35492	
37273	0	35408	
37274	0	35204	
37275	0	35280	
37276	0	34848	
37277	0	34720	
37278	0	34832	
37279	0	34904	
37280	0	34068	
37281	0	32960	
37282	0	32366	
37283	0	31596	
37284	0	31100	
37285	0	30516	
37286	0	30096	
37287	0	30072	
37288	0	30316	
37289	0	30916	
37290	0	31396	
37291	0	31676	
37292	0	32160	
37293	0	32484	
37294	0	32240	
37295	0	32164	
37296	0	32284	
37297	0	32480	
37298	0	32772	
37299	0	32880	
37300	0	33476	
37301	0	34440	
37302	0	34888	
37303	0	34904	
37304	0	34604	
37305	0	34328	
37306	0	34204	
37307	0	34632	
37308	0	35280	
37309	0	35556	
37310	0	35744	
37311	0	35220	
37312	0	34020	
37313	0	32644	
37314	0	31708	
37315	0	31268	
37316	0	31476	
37317	0	32176	
37318	0	32860	
37319	0	33376	
37320	0	33760	
37321	0	34244	
37322	0	35048	
37323	0	35864	
37324	0	36392	
37325	0	36528	
37326	0	36112	
37327	0	35278	
37328	0	34384	
37329	0	33032	
37330	0	32220	
37331	0	32320	
37332	0	33178	
37333	0	34152	
37334	0	34608	
37335	0	34460	
37336	0	34192	
37337	0	33996	
37338	0	33772	
37339	0	33856	
37340	0	34232	
37341	0	34508	
37342	0	34456	
37343	0	34164	
37344	0	33436	
37345	0	32160	
37346	0	30684	
37347	0	29676	
37348	0	29448	
37349	0	29516	
37350	0	29960	
37351	0	30368	
37352	0	30060	
37353	0	30280	
37354	0	30724	
37355	0	31560	
37356	0	32364	
37357	0	32672	
37358	0	32868	
37359	0	33288	
37360	0	33698	
37361	0	33972	
37362	0	34616	
37363	0	35040	
37364	0	35180	
37365	0	35240	
37366	0	34968	
37367	0	34612	
37368	0	34144	
37369	0	34152	
37370	0	33562	
37371	0	32528	
37372	0	31684	
37373	0	30808	
37374	0	30080	
37375	0	29460	
37376	0	28808	
37377	0	28392	
37378	0	28544	
37379	0	29032	
37380	0	29592	
37381	0	30272	
37382	0	30944	
37383	0	31628	
37384	0	31852	
37385	0	32056	
37386	0	32016	
37387	0	32064	
37388	0	32056	
37389	0	32000	
37390	0	31912	
37391	0	31412	
37392	0	31328	
37393	0	31312	
37394	0	31020	
37395	0	30848	
37396	0	30404	
37397	0	29872	
37398	0	29268	
37399	0	28756	
37400	0	28576	
37401	0	28786	
37402	0	29488	
37403	0	30268	
37404	0	30968	
37405	0	31384	
37406	0	31132	
37407	0	30716	
37408	0	30308	
37409	0	30168	
37410	0	30652	
37411	0	30948	
37412	0	31092	
37413	0	31304	
37414	0	31204	
37415	0	31228	
37416	0	31212	
37417	0	31560	
37418	0	32344	
37419	0	33320	
37420	0	34120	
37421	0	34464	
37422	0	34548	
37423	0	34684	
37424	0	34452	
37425	0	34144	
37426	0	33876	
37427	0	33792	
37428	0	32976	
37429	0	32352	
37430	0	32128	
37431	0	32224	
37432	0	32364	
37433	0	32500	
37434	0	32148	
37435	0	31864	
37436	0	31428	
37437	0	31068	
37438	0	30728	
37439	0	30928	
37440	0	31584	
37441	0	32080	
37442	0	32720	
37443	0	33752	
37444	0	34968	
37445	0	35264	
37446	0	35204	
37447	0	35512	
37448	0	36004	
37449	0	36348	
37450	0	36852	
37451	0	37372	
37452	0	37544	
37453	0	37420	
37454	0	37056	
37455	0	36740	
37456	0	36612	
37457	0	36656	
37458	0	36212	
37459	0	35512	
37460	0	34888	
37461	0	34456	
37462	0	34576	
37463	0	34756	
37464	0	34880	
37465	0	35364	
37466	0	35896	
37467	0	36436	
37468	0	36320	
37469	0	36016	
37470	0	35460	
37471	0	34820	
37472	0	34140	
37473	0	33700	
37474	0	33288	
37475	0	32740	
37476	0	32096	
37477	0	31460	
37478	0	31220	
37479	0	31964	
37480	0	32884	
37481	0	33408	
37482	0	33776	
37483	0	33528	
37484	0	32896	
37485	0	32504	
37486	0	32128	
37487	0	31808	
37488	0	31828	
37489	0	32040	
37490	0	32216	
37491	0	32672	
37492	0	32740	
37493	0	32304	
37494	0	31936	
37495	0	31796	
37496	0	31896	
37497	0	32208	
37498	0	32328	
37499	0	32308	
37500	0	32600	
37501	0	32740	
37502	0	33088	
37503	0	33672	
37504	0	34016	
37505	0	34632	
37506	0	35156	
37507	0	35240	
37508	0	34824	
37509	0	34616	
37510	0	34708	
37511	0	34864	
37512	0	34616	
37513	0	34012	
37514	0	33848	
37515	0	34248	
37516	0	34760	
37517	0	35156	
37518	0	35416	
37519	0	35224	
37520	0	34856	
37521	0	34616	
37522	0	34120	
37523	0	33796	
37524	0	34000	
37525	0	34084	
37526	0	34212	
37527	0	33792	
37528	0	33392	
37529	0	33124	
37530	0	32412	
37531	0	31504	
37532	0	31372	
37533	0	31704	
37534	0	32372	
37535	0	32648	
37536	0	32144	
37537	0	31760	
37538	0	32060	
37539	0	31900	
37540	0	31832	
37541	0	31976	
37542	0	31852	
37543	0	30988	
37544	0	29592	
37545	0	28752	
37546	0	28880	
37547	0	29588	
37548	0	30588	
37549	0	31884	
37550	0	33416	
37551	0	34864	
37552	0	35732	
37553	0	36120	
37554	0	36096	
37555	0	35808	
37556	0	35396	
37557	0	34848	
37558	0	34392	
37559	0	33832	
37560	0	33396	
37561	0	33640	
37562	0	33592	
37563	0	33660	
37564	0	33988	
37565	0	33992	
37566	0	33632	
37567	0	33364	
37568	0	32824	
37569	0	32306	
37570	0	31836	
37571	0	31668	
37572	0	32040	
37573	0	32620	
37574	0	33524	
37575	0	34760	
37576	0	35504	
37577	0	35820	
37578	0	35948	
37579	0	35998	
37580	0	36036	
37581	0	36132	
37582	0	36116	
37583	0	36228	
37584	0	36964	
37585	0	37608	
37586	0	37724	
37587	0	37528	
37588	0	36896	
37589	0	36552	
37590	0	36040	
37591	0	35200	
37592	0	34428	
37593	0	33744	
37594	0	33720	
37595	0	33904	
37596	0	34576	
37597	0	35648	
37598	0	36128	
37599	0	35908	
37600	0	35456	
37601	0	34720	
37602	0	34604	
37603	0	35036	
37604	0	35908	
37605	0	36616	
37606	0	36924	
37607	0	36956	
37608	0	36888	
37609	0	36346	
37610	0	35688	
37611	0	35016	
37612	0	34440	
37613	0	34186	
37614	0	35104	
37615	0	35924	
37616	0	36340	
37617	0	36164	
37618	0	35468	
37619	0	35256	
37620	0	35718	
37621	0	36668	
37622	0	37268	
37623	0	36896	
37624	0	35896	
37625	0	34804	
37626	0	34160	
37627	0	33760	
37628	0	33420	
37629	0	33024	
37630	0	32826	
37631	0	32944	
37632	0	33104	
37633	0	33208	
37634	0	33404	
37635	0	33484	
37636	0	33752	
37637	0	34210	
37638	0	34336	
37639	0	33932	
37640	0	33482	
37641	0	33048	
37642	0	32828	
37643	0	32692	
37644	0	32744	
37645	0	33004	
37646	0	33140	
37647	0	33512	
37648	0	33376	
37649	0	33100	
37650	0	32492	
37651	0	31912	
37652	0	32122	
37653	0	32652	
37654	0	33332	
37655	0	33904	
37656	0	34368	
37657	0	34760	
37658	0	35120	
37659	0	34822	
37660	0	34552	
37661	0	33996	
37662	0	33236	
37663	0	32368	
37664	0	31880	
37665	0	31164	
37666	0	30564	
37667	0	29776	
37668	0	29468	
37669	0	29596	
37670	0	30364	
37671	0	31892	
37672	0	33708	
37673	0	35200	
37674	0	36108	
37675	0	36616	
37676	0	36848	
37677	0	36404	
37678	0	35952	
37679	0	35964	
37680	0	36568	
37681	0	36920	
37682	0	37112	
37683	0	37248	
37684	0	37368	
37685	0	37012	
37686	0	36704	
37687	0	36196	
37688	0	35936	
37689	0	35876	
37690	0	35828	
37691	0	35692	
37692	0	35448	
37693	0	35404	
37694	0	34776	
37695	0	34140	
37696	0	34325	
37697	0	34840	
37698	0	34836	
37699	0	35168	
37700	0	36004	
37701	0	36628	
37702	0	36796	
37703	0	36908	
37704	0	36900	
37705	0	37176	
37706	0	37192	
37707	0	36228	
37708	0	34696	
37709	0	32772	
37710	0	31308	
37711	0	30344	
37712	0	30124	
37713	0	30480	
37714	0	30732	
37715	0	31348	
37716	0	31892	
37717	0	32344	
37718	0	32524	
37719	0	33060	
37720	0	34036	
37721	0	34360	
37722	0	33976	
37723	0	33356	
37724	0	32616	
37725	0	31632	
37726	0	31232	
37727	0	31044	
37728	0	30728	
37729	0	30044	
37730	0	29372	
37731	0	28968	
37732	0	28856	
37733	0	29252	
37734	0	29992	
37735	0	30932	
37736	0	31688	
37737	0	32964	
37738	0	34364	
37739	0	35292	
37740	0	35716	
37741	0	35788	
37742	0	35800	
37743	0	35440	
37744	0	34880	
37745	0	34248	
37746	0	33992	
37747	0	33480	
37748	0	33160	
37749	0	32756	
37750	0	32518	
37751	0	32696	
37752	0	32488	
37753	0	31576	
37754	0	30692	
37755	0	29944	
37756	0	29560	
37757	0	29436	
37758	0	29842	
37759	0	30520	
37760	0	30942	
37761	0	31560	
37762	0	32332	
37763	0	33036	
37764	0	33328	
37765	0	33378	
37766	0	32944	
37767	0	32424	
37768	0	32085	
37769	0	31504	
37770	0	30936	
37771	0	30936	
37772	0	31072	
37773	0	31316	
37774	0	31332	
37775	0	31432	
37776	0	31904	
37777	0	32452	
37778	0	32900	
37779	0	33700	
37780	0	34052	
37781	0	34108	
37782	0	35000	
37783	0	35348	
37784	0	34648	
37785	0	33848	
37786	0	33668	
37787	0	33356	
37788	0	32992	
37789	0	32020	
37790	0	30816	
37791	0	29604	
37792	0	28548	
37793	0	28236	
37794	0	28849	
37795	0	29620	
37796	0	30788	
37797	0	32416	
37798	0	34032	
37799	0	35360	
37800	0	35806	
37801	0	35720	
37802	0	35772	
37803	0	35752	
37804	0	35484	
37805	0	35024	
37806	0	34732	
37807	0	34468	
37808	0	34040	
37809	0	33368	
37810	0	32160	
37811	0	31552	
37812	0	31648	
37813	0	32200	
37814	0	32576	
37815	0	32796	
37816	0	32948	
37817	0	33104	
37818	0	33678	
37819	0	34120	
37820	0	34032	
37821	0	33280	
37822	0	32448	
37823	0	32260	
37824	0	31928	
37825	0	31360	
37826	0	30960	
37827	0	30740	
37828	0	30960	
37829	0	31000	
37830	0	30782	
37831	0	30452	
37832	0	30164	
37833	0	29784	
37834	0	29560	
37835	0	29388	
37836	0	29670	
37837	0	30392	
37838	0	31216	
37839	0	31676	
37840	0	31768	
37841	0	31428	
37842	0	30784	
37843	0	30216	
37844	0	29726	
37845	0	29736	
37846	0	29514	
37847	0	29788	
37848	0	30132	
37849	0	30068	
37850	0	29696	
37851	0	29780	
37852	0	30028	
37853	0	30700	
37854	0	31612	
37855	0	31744	
37856	0	31700	
37857	0	31740	
37858	0	31944	
37859	0	31568	
37860	0	30812	
37861	0	30620	
37862	0	31024	
37863	0	31144	
37864	0	31500	
37865	0	31690	
37866	0	31552	
37867	0	31428	
37868	0	31680	
37869	0	31832	
37870	0	31492	
37871	0	30964	
37872	0	30700	
37873	0	30336	
37874	0	30300	
37875	0	30432	
37876	0	30304	
37877	0	30080	
37878	0	30204	
37879	0	30432	
37880	0	30932	
37881	0	31180	
37882	0	31588	
37883	0	32420	
37884	0	33696	
37885	0	34720	
37886	0	34824	
37887	0	34232	
37888	0	33832	
37889	0	33816	
37890	0	33732	
37891	0	33960	
37892	0	34616	
37893	0	35572	
37894	0	36472	
37895	0	36932	
37896	0	37088	
37897	0	36360	
37898	0	35152	
37899	0	34140	
37900	0	34112	
37901	0	34170	
37902	0	34088	
37903	0	33496	
37904	0	32460	
37905	0	31836	
37906	0	31552	
37907	0	31280	
37908	0	31348	
37909	0	31864	
37910	0	32392	
37911	0	32648	
37912	0	33180	
37913	0	33680	
37914	0	34812	
37915	0	35436	
37916	0	35204	
37917	0	34004	
37918	0	32852	
37919	0	32196	
37920	0	32432	
37921	0	33056	
37922	0	33644	
37923	0	33508	
37924	0	32824	
37925	0	32764	
37926	0	33608	
37927	0	34336	
37928	0	35200	
37929	0	36256	
37930	0	36412	
37931	0	35564	
37932	0	34444	
37933	0	33148	
37934	0	32716	
37935	0	32800	
37936	0	33072	
37937	0	33500	
37938	0	33384	
37939	0	33416	
37940	0	34048	
37941	0	34716	
37942	0	35424	
37943	0	35944	
37944	0	35576	
37945	0	34952	
37946	0	33988	
37947	0	33156	
37948	0	32288	
37949	0	31484	
37950	0	31268	
37951	0	31464	
37952	0	31088	
37953	0	30312	
37954	0	29952	
37955	0	30496	
37956	0	31276	
37957	0	31920	
37958	0	32180	
37959	0	32132	
37960	0	32060	
37961	0	31984	
37962	0	31296	
37963	0	30668	
37964	0	30448	
37965	0	30564	
37966	0	30648	
37967	0	30600	
37968	0	30392	
37969	0	29856	
37970	0	29580	
37971	0	29312	
37972	0	28924	
37973	0	29328	
37974	0	29900	
37975	0	30080	
37976	0	30244	
37977	0	30444	
37978	0	30472	
37979	0	30828	
37980	0	31528	
37981	0	32088	
37982	0	32016	
37983	0	31738	
37984	0	32052	
37985	0	32592	
37986	0	32920	
37987	0	33018	
37988	0	32608	
37989	0	32248	
37990	0	32004	
37991	0	31500	
37992	0	31172	
37993	0	31380	
37994	0	31840	
37995	0	32200	
37996	0	32556	
37997	0	32760	
37998	0	32476	
37999	0	32100	
38000	0	32154	
38001	0	32380	
38002	0	31952	
38003	0	31296	
38004	0	30912	
38005	0	31140	
38006	0	31560	
38007	0	32064	
38008	0	32304	
38009	0	32280	
38010	0	31960	
38011	0	31864	
38012	0	32144	
38013	0	32324	
38014	0	31988	
38015	0	31512	
38016	0	31532	
38017	0	31712	
38018	0	31804	
38019	0	31328	
38020	0	30944	
38021	0	31036	
38022	0	31448	
38023	0	32620	
38024	0	32913	
38025	0	33676	
38026	0	34200	
38027	0	34456	
38028	0	34352	
38029	0	34024	
38030	0	33000	
38031	0	32216	
38032	0	31980	
38033	0	31536	
38034	0	31212	
38035	0	30868	
38036	0	31144	
38037	0	31456	
38038	0	31268	
38039	0	30548	
38040	0	29520	
38041	0	29008	
38042	0	28624	
38043	0	28232	
38044	0	27602	
38045	0	27264	
38046	0	27152	
38047	0	26560	
38048	0	25292	
38049	0	23956	
38050	0	22880	
38051	0	22410	
38052	0	22978	
38053	0	24456	
38054	0	26262	
38055	0	27964	
38056	0	29824	
38057	0	31070	
38058	0	30908	
38059	0	29660	
38060	0	28468	
38061	0	27984	
38062	0	28176	
38063	0	28249	
38064	0	27840	
38065	0	27224	
38066	0	26552	
38067	0	26348	
38068	0	26912	
38069	0	27408	
38070	0	27480	
38071	0	27400	
38072	0	27528	
38073	0	27856	
38074	0	28188	
38075	0	28712	
38076	0	29076	
38077	0	29604	
38078	0	29864	
38079	0	30184	
38080	0	30772	
38081	0	31368	
38082	0	31864	
38083	0	31796	
38084	0	31672	
38085	0	31700	
38086	0	31704	
38087	0	31472	
38088	0	31200	
38089	0	30952	
38090	0	30856	
38091	0	31036	
38092	0	31212	
38093	0	30916	
38094	0	30600	
38095	0	30792	
38096	0	31424	
38097	0	32096	
38098	0	32340	
38099	0	32140	
38100	0	32004	
38101	0	32424	
38102	0	33460	
38103	0	34288	
38104	0	34680	
38105	0	34772	
38106	0	35584	
38107	0	37016	
38108	0	37412	
38109	0	36936	
38110	0	36136	
38111	0	35032	
38112	0	34312	
38113	0	33628	
38114	0	33040	
38115	0	32652	
38116	0	32948	
38117	0	33396	
38118	0	33956	
38119	0	34384	
38120	0	34600	
38121	0	35008	
38122	0	35596	
38123	0	36452	
38124	0	36544	
38125	0	35860	
38126	0	35324	
38127	0	35200	
38128	0	35144	
38129	0	35320	
38130	0	36044	
38131	0	36624	
38132	0	36192	
38133	0	35516	
38134	0	34428	
38135	0	33036	
38136	0	32284	
38137	0	32968	
38138	0	34192	
38139	0	35000	
38140	0	35368	
38141	0	35564	
38142	0	35056	
38143	0	34428	
38144	0	34296	
38145	0	34168	
38146	0	33636	
38147	0	33372	
38148	0	33116	
38149	0	33500	
38150	0	33900	
38151	0	33864	
38152	0	33692	
38153	0	33548	
38154	0	33620	
38155	0	33424	
38156	0	33524	
38157	0	34072	
38158	0	34824	
38159	0	35404	
38160	0	35904	
38161	0	36036	
38162	0	36208	
38163	0	36308	
38164	0	36216	
38165	0	36152	
38166	0	36496	
38167	0	37424	
38168	0	37936	
38169	0	37588	
38170	0	37240	
38171	0	36860	
38172	0	36092	
38173	0	35880	
38174	0	35792	
38175	0	36272	
38176	0	37296	
38177	0	38264	
38178	0	37876	
38179	0	37092	
38180	0	35912	
38181	0	35288	
38182	0	34976	
38183	0	34952	
38184	0	35352	
38185	0	35840	
38186	0	36368	
38187	0	36804	
38188	0	37080	
38189	0	36592	
38190	0	35952	
38191	0	35732	
38192	0	35856	
38193	0	35956	
38194	0	35468	
38195	0	34828	
38196	0	34516	
38197	0	34032	
38198	0	33668	
38199	0	33528	
38200	0	34112	
38201	0	34680	
38202	0	35084	
38203	0	34944	
38204	0	35152	
38205	0	34972	
38206	0	34604	
38207	0	34000	
38208	0	33120	
38209	0	32752	
38210	0	31816	
38211	0	30840	
38212	0	30688	
38213	0	30980	
38214	0	31364	
38215	0	31544	
38216	0	31800	
38217	0	32472	
38218	0	33256	
38219	0	33628	
38220	0	33529	
38221	0	33296	
38222	0	32416	
38223	0	31876	
38224	0	30896	
38225	0	29460	
38226	0	28372	
38227	0	27944	
38228	0	28232	
38229	0	28588	
38230	0	28572	
38231	0	28664	
38232	0	28980	
38233	0	29380	
38234	0	29688	
38235	0	29934	
38236	0	30412	
38237	0	31372	
38238	0	32412	
38239	0	32752	
38240	0	32984	
38241	0	32706	
38242	0	32264	
38243	0	31872	
38244	0	30996	
38245	0	30380	
38246	0	30368	
38247	0	30312	
38248	0	29944	
38249	0	29732	
38250	0	29564	
38251	0	29572	
38252	0	30080	
38253	0	30222	
38254	0	29980	
38255	0	30028	
38256	0	30160	
38257	0	30092	
38258	0	30024	
38259	0	29884	
38260	0	29592	
38261	0	29608	
38262	0	30232	
38263	0	31304	
38264	0	32248	
38265	0	32724	
38266	0	33328	
38267	0	34300	
38268	0	34816	
38269	0	34748	
38270	0	34208	
38271	0	32992	
38272	0	31676	
38273	0	30648	
38274	0	30112	
38275	0	30002	
38276	0	30404	
38277	0	31272	
38278	0	32188	
38279	0	32556	
38280	0	32372	
38281	0	31696	
38282	0	31152	
38283	0	30644	
38284	0	30696	
38285	0	30624	
38286	0	31300	
38287	0	32472	
38288	0	33184	
38289	0	33268	
38290	0	33024	
38291	0	32216	
38292	0	31548	
38293	0	31368	
38294	0	31364	
38295	0	30920	
38296	0	30700	
38297	0	30978	
38298	0	31308	
38299	0	31344	
38300	0	31416	
38301	0	31464	
38302	0	31760	
38303	0	32036	
38304	0	32228	
38305	0	32504	
38306	0	32278	
38307	0	31792	
38308	0	30792	
38309	0	30128	
38310	0	29876	
38311	0	29992	
38312	0	30376	
38313	0	30040	
38314	0	29788	
38315	0	29420	
38316	0	28312	
38317	0	27672	
38318	0	27744	
38319	0	28180	
38320	0	28924	
38321	0	29600	
38322	0	30016	
38323	0	30356	
38324	0	30377	
38325	0	30532	
38326	0	29960	
38327	0	29400	
38328	0	28948	
38329	0	28832	
38330	0	29468	
38331	0	30128	
38332	0	30916	
38333	0	31100	
38334	0	31328	
38335	0	31468	
38336	0	31248	
38337	0	31140	
38338	0	31508	
38339	0	32172	
38340	0	32544	
38341	0	32556	
38342	0	32208	
38343	0	31228	
38344	0	30366	
38345	0	29568	
38346	0	29308	
38347	0	29532	
38348	0	30064	
38349	0	30512	
38350	0	30456	
38351	0	29724	
38352	0	29332	
38353	0	29332	
38354	0	29716	
38355	0	30020	
38356	0	30084	
38357	0	29816	
38358	0	29580	
38359	0	29658	
38360	0	30218	
38361	0	30904	
38362	0	31132	
38363	0	31224	
38364	0	31020	
38365	0	31068	
38366	0	31032	
38367	0	31256	
38368	0	31664	
38369	0	31908	
38370	0	32740	
38371	0	33780	
38372	0	33916	
38373	0	33824	
38374	0	33296	
38375	0	32772	
38376	0	32158	
38377	0	31994	
38378	0	32408	
38379	0	31960	
38380	0	31232	
38381	0	30516	
38382	0	30388	
38383	0	31240	
38384	0	32956	
38385	0	34136	
38386	0	34528	
38387	0	34512	
38388	0	33936	
38389	0	33292	
38390	0	32888	
38391	0	32888	
38392	0	33256	
38393	0	33400	
38394	0	33428	
38395	0	33600	
38396	0	33316	
38397	0	32820	
38398	0	32828	
38399	0	32906	
38400	0	33548	
38401	0	34368	
38402	0	34668	
38403	0	34840	
38404	0	34776	
38405	0	34616	
38406	0	34520	
38407	0	34196	
38408	0	33532	
38409	0	32544	
38410	0	32256	
38411	0	32332	
38412	0	32132	
38413	0	31816	
38414	0	31848	
38415	0	32208	
38416	0	32280	
38417	0	31492	
38418	0	31192	
38419	0	32172	
38420	0	33532	
38421	0	34588	
38422	0	35612	
38423	0	36152	
38424	0	36172	
38425	0	35700	
38426	0	35680	
38427	0	35788	
38428	0	35520	
38429	0	35248	
38430	0	34572	
38431	0	33812	
38432	0	32544	
38433	0	31368	
38434	0	30272	
38435	0	29872	
38436	0	29522	
38437	0	29488	
38438	0	29996	
38439	0	30476	
38440	0	30748	
38441	0	30928	
38442	0	31412	
38443	0	31980	
38444	0	32496	
38445	0	33156	
38446	0	33416	
38447	0	33688	
38448	0	34188	
38449	0	34840	
38450	0	35088	
38451	0	35412	
38452	0	35168	
38453	0	34128	
38454	0	32792	
38455	0	31408	
38456	0	30396	
38457	0	30256	
38458	0	30540	
38459	0	31204	
38460	0	31712	
38461	0	32428	
38462	0	33076	
38463	0	33124	
38464	0	32780	
38465	0	32992	
38466	0	33176	
38467	0	32984	
38468	0	32924	
38469	0	32392	
38470	0	32252	
38471	0	32200	
38472	0	31880	
38473	0	31620	
38474	0	31596	
38475	0	31956	
38476	0	32312	
38477	0	32228	
38478	0	32368	
38479	0	31904	
38480	0	31312	
38481	0	31580	
38482	0	32708	
38483	0	33624	
38484	0	34076	
38485	0	34920	
38486	0	35404	
38487	0	35893	
38488	0	36276	
38489	0	36720	
38490	0	37220	
38491	0	37244	
38492	0	36820	
38493	0	36356	
38494	0	35536	
38495	0	33980	
38496	0	32332	
38497	0	30888	
38498	0	30360	
38499	0	30952	
38500	0	31740	
38501	0	32253	
38502	0	32880	
38503	0	33424	
38504	0	33854	
38505	0	33568	
38506	0	33044	
38507	0	32328	
38508	0	32060	
38509	0	32224	
38510	0	32400	
38511	0	31452	
38512	0	29984	
38513	0	28804	
38514	0	28832	
38515	0	29816	
38516	0	31468	
38517	0	32912	
38518	0	33912	
38519	0	34536	
38520	0	34668	
38521	0	34404	
38522	0	34188	
38523	0	34446	
38524	0	34800	
38525	0	34812	
38526	0	34504	
38527	0	33440	
38528	0	31992	
38529	0	31000	
38530	0	30744	
38531	0	30492	
38532	0	30240	
38533	0	29868	
38534	0	29152	
38535	0	28420	
38536	0	27860	
38537	0	27276	
38538	0	27348	
38539	0	27896	
38540	0	28168	
38541	0	28272	
38542	0	28212	
38543	0	28036	
38544	0	28052	
38545	0	28688	
38546	0	30072	
38547	0	31292	
38548	0	32184	
38549	0	32032	
38550	0	31208	
38551	0	29976	
38552	0	28872	
38553	0	29100	
38554	0	29552	
38555	0	29524	
38556	0	29688	
38557	0	30468	
38558	0	31004	
38559	0	31076	
38560	0	30618	
38561	0	30084	
38562	0	29656	
38563	0	29420	
38564	0	29644	
38565	0	30192	
38566	0	30830	
38567	0	31096	
38568	0	31320	
38569	0	31328	
38570	0	30944	
38571	0	30060	
38572	0	29952	
38573	0	30788	
38574	0	31172	
38575	0	32020	
38576	0	32912	
38577	0	33444	
38578	0	33404	
38579	0	32856	
38580	0	32312	
38581	0	32192	
38582	0	32184	
38583	0	32300	
38584	0	32524	
38585	0	32548	
38586	0	32080	
38587	0	32084	
38588	0	31716	
38589	0	31704	
38590	0	32072	
38591	0	32816	
38592	0	33840	
38593	0	34620	
38594	0	35000	
38595	0	35188	
38596	0	35512	
38597	0	35584	
38598	0	35188	
38599	0	34490	
38600	0	33988	
38601	0	33296	
38602	0	32332	
38603	0	31960	
38604	0	31676	
38605	0	31304	
38606	0	31008	
38607	0	31008	
38608	0	31004	
38609	0	31184	
38610	0	31684	
38611	0	32320	
38612	0	32912	
38613	0	33044	
38614	0	33092	
38615	0	32416	
38616	0	30984	
38617	0	30152	
38618	0	29188	
38619	0	27914	
38620	0	26872	
38621	0	26684	
38622	0	26896	
38623	0	27576	
38624	0	27608	
38625	0	27276	
38626	0	27576	
38627	0	28228	
38628	0	29064	
38629	0	29460	
38630	0	29256	
38631	0	28680	
38632	0	28360	
38633	0	28320	
38634	0	28108	
38635	0	28224	
38636	0	28732	
38637	0	29384	
38638	0	29888	
38639	0	30104	
38640	0	29464	
38641	0	28860	
38642	0	28408	
38643	0	28148	
38644	0	27992	
38645	0	27368	
38646	0	26744	
38647	0	26044	
38648	0	25876	
38649	0	26140	
38650	0	27292	
38651	0	28648	
38652	0	30288	
38653	0	31096	
38654	0	30592	
38655	0	29416	
38656	0	29418	
38657	0	29516	
38658	0	29140	
38659	0	28432	
38660	0	28276	
38661	0	27948	
38662	0	28376	
38663	0	28712	
38664	0	29296	
38665	0	30196	
38666	0	31468	
38667	0	32756	
38668	0	33044	
38669	0	33256	
38670	0	33320	
38671	0	33332	
38672	0	33632	
38673	0	34144	
38674	0	34432	
38675	0	34184	
38676	0	33956	
38677	0	34176	
38678	0	34560	
38679	0	34576	
38680	0	33994	
38681	0	33184	
38682	0	32560	
38683	0	32076	
38684	0	31364	
38685	0	30272	
38686	0	29208	
38687	0	27684	
38688	0	26820	
38689	0	26988	
38690	0	27888	
38691	0	29488	
38692	0	30420	
38693	0	30476	
38694	0	29984	
38695	0	30408	
38696	0	30908	
38697	0	31352	
38698	0	31248	
38699	0	31636	
38700	0	32148	
38701	0	32620	
38702	0	32460	
38703	0	32048	
38704	0	31748	
38705	0	31600	
38706	0	31640	
38707	0	32312	
38708	0	32572	
38709	0	32856	
38710	0	33072	
38711	0	33060	
38712	0	32712	
38713	0	31912	
38714	0	30928	
38715	0	30516	
38716	0	30260	
38717	0	30092	
38718	0	30176	
38719	0	30480	
38720	0	30828	
38721	0	31280	
38722	0	31552	
38723	0	31940	
38724	0	32508	
38725	0	32400	
38726	0	32252	
38727	0	32524	
38728	0	32508	
38729	0	32492	
38730	0	32768	
38731	0	32708	
38732	0	31692	
38733	0	30556	
38734	0	29144	
38735	0	27900	
38736	0	27009	
38737	0	26560	
38738	0	26788	
38739	0	27224	
38740	0	27376	
38741	0	27508	
38742	0	27532	
38743	0	27300	
38744	0	26992	
38745	0	26544	
38746	0	26020	
38747	0	26080	
38748	0	26952	
38749	0	27480	
38750	0	28032	
38751	0	28800	
38752	0	29826	
38753	0	30212	
38754	0	29672	
38755	0	28480	
38756	0	27428	
38757	0	27008	
38758	0	27236	
38759	0	27740	
38760	0	28312	
38761	0	28672	
38762	0	28436	
38763	0	28256	
38764	0	28904	
38765	0	29696	
38766	0	30292	
38767	0	30868	
38768	0	31580	
38769	0	32600	
38770	0	33664	
38771	0	34128	
38772	0	33708	
38773	0	33096	
38774	0	32580	
38775	0	32016	
38776	0	32196	
38777	0	32240	
38778	0	32632	
38779	0	33036	
38780	0	32880	
38781	0	32880	
38782	0	33248	
38783	0	33412	
38784	0	33456	
38785	0	33956	
38786	0	34132	
38787	0	34456	
38788	0	35392	
38789	0	35456	
38790	0	35140	
38791	0	34944	
38792	0	35004	
38793	0	34964	
38794	0	34204	
38795	0	33424	
38796	0	32904	
38797	0	32112	
38798	0	31856	
38799	0	32080	
38800	0	32696	
38801	0	33368	
38802	0	33756	
38803	0	33480	
38804	0	33568	
38805	0	33784	
38806	0	33952	
38807	0	34392	
38808	0	34752	
38809	0	34448	
38810	0	33900	
38811	0	33860	
38812	0	33856	
38813	0	33864	
38814	0	33836	
38815	0	33620	
38816	0	32448	
38817	0	30900	
38818	0	30120	
38819	0	30356	
38820	0	31200	
38821	0	31728	
38822	0	32080	
38823	0	31236	
38824	0	30336	
38825	0	30032	
38826	0	30556	
38827	0	31472	
38828	0	32188	
38829	0	32324	
38830	0	32132	
38831	0	31564	
38832	0	30764	
38833	0	30104	
38834	0	29664	
38835	0	29536	
38836	0	28860	
38837	0	28176	
38838	0	28024	
38839	0	28448	
38840	0	28968	
38841	0	29536	
38842	0	30692	
38843	0	31352	
38844	0	31568	
38845	0	32248	
38846	0	32696	
38847	0	32548	
38848	0	32128	
38849	0	31940	
38850	0	31940	
38851	0	31744	
38852	0	31820	
38853	0	31952	
38854	0	31748	
38855	0	30888	
38856	0	30400	
38857	0	30428	
38858	0	31044	
38859	0	31808	
38860	0	32608	
38861	0	33240	
38862	0	34140	
38863	0	34936	
38864	0	35564	
38865	0	36160	
38866	0	36044	
38867	0	35928	
38868	0	36208	
38869	0	36340	
38870	0	36584	
38871	0	36314	
38872	0	35496	
38873	0	35240	
38874	0	35276	
38875	0	34900	
38876	0	34300	
38877	0	33988	
38878	0	34072	
38879	0	33692	
38880	0	33664	
38881	0	34112	
38882	0	35092	
38883	0	35912	
38884	0	36220	
38885	0	36468	
38886	0	36392	
38887	0	36576	
38888	0	36576	
38889	0	36256	
38890	0	35764	
38891	0	35740	
38892	0	35832	
38893	0	35948	
38894	0	36096	
38895	0	36092	
38896	0	36544	
38897	0	36940	
38898	0	37404	
38899	0	37948	
38900	0	38256	
38901	0	38468	
38902	0	37800	
38903	0	37040	
38904	0	36288	
38905	0	35736	
38906	0	35452	
38907	0	35536	
38908	0	35476	
38909	0	34804	
38910	0	34184	
38911	0	34112	
38912	0	34272	
38913	0	34328	
38914	0	34688	
38915	0	35304	
38916	0	35968	
38917	0	36232	
38918	0	36320	
38919	0	36384	
38920	0	36700	
38921	0	37040	
38922	0	37532	
38923	0	37252	
38924	0	37112	
38925	0	36816	
38926	0	35924	
38927	0	35888	
38928	0	36460	
38929	0	37184	
38930	0	37896	
38931	0	38224	
38932	0	38292	
38933	0	38336	
38934	0	38392	
38935	0	38592	
38936	0	38480	
38937	0	38824	
38938	0	38860	
38939	0	38468	
38940	0	37972	
38941	0	38028	
38942	0	38572	
38943	0	39212	
38944	0	39640	
38945	0	40324	
38946	0	41116	
38947	0	41412	
38948	0	41440	
38949	0	41272	
38950	0	40112	
38951	0	38556	
38952	0	37368	
38953	0	37072	
38954	0	37064	
38955	0	36700	
38956	0	36400	
38957	0	36272	
38958	0	36168	
38959	0	36680	
38960	0	37332	
38961	0	37560	
38962	0	37388	
38963	0	36944	
38964	0	36664	
38965	0	36880	
38966	0	37032	
38967	0	37184	
38968	0	37828	
38969	0	38332	
38970	0	38704	
38971	0	38616	
38972	0	38208	
38973	0	37984	
38974	0	38260	
38975	0	38936	
38976	0	39916	
38977	0	41048	
38978	0	41408	
38979	0	41000	
38980	0	40144	
38981	0	39328	
38982	0	38484	
38983	0	37752	
38984	0	37624	
38985	0	38268	
38986	0	39072	
38987	0	39172	
38988	0	38904	
38989	0	38672	
38990	0	38104	
38991	0	37548	
38992	0	36724	
38993	0	36184	
38994	0	35572	
38995	0	35140	
38996	0	35308	
38997	0	35672	
38998	0	36568	
38999	0	36824	
39000	0	35872	
39001	0	34736	
39002	0	34168	
39003	0	34088	
39004	0	34176	
39005	0	33724	
39006	0	32996	
39007	0	32148	
39008	0	31376	
39009	0	31242	
39010	0	31320	
39011	0	32032	
39012	0	32704	
39013	0	32844	
39014	0	32416	
39015	0	32172	
39016	0	31532	
39017	0	30488	
39018	0	29500	
39019	0	29248	
39020	0	29444	
39021	0	29908	
39022	0	30520	
39023	0	30980	
39024	0	31084	
39025	0	31320	
39026	0	31812	
39027	0	32544	
39028	0	32412	
39029	0	31920	
39030	0	31744	
39031	0	31484	
39032	0	31128	
39033	0	30834	
39034	0	30468	
39035	0	31076	
39036	0	32416	
39037	0	33688	
39038	0	33988	
39039	0	34170	
39040	0	34788	
39041	0	34868	
39042	0	34520	
39043	0	33688	
39044	0	33120	
39045	0	33384	
39046	0	33998	
39047	0	34624	
39048	0	35200	
39049	0	35752	
39050	0	35432	
39051	0	34984	
39052	0	34900	
39053	0	34172	
39054	0	33464	
39055	0	33068	
39056	0	32378	
39057	0	31844	
39058	0	31792	
39059	0	32464	
39060	0	33464	
39061	0	33588	
39062	0	33504	
39063	0	34240	
39064	0	34992	
39065	0	34924	
39066	0	34260	
39067	0	33782	
39068	0	33820	
39069	0	34416	
39070	0	34920	
39071	0	35416	
39072	0	35928	
39073	0	36120	
39074	0	36152	
39075	0	36460	
39076	0	36924	
39077	0	36248	
39078	0	35340	
39079	0	34168	
39080	0	33252	
39081	0	32648	
39082	0	32528	
39083	0	32836	
39084	0	33180	
39085	0	33300	
39086	0	33428	
39087	0	33744	
39088	0	34344	
39089	0	34544	
39090	0	34600	
39091	0	34100	
39092	0	33884	
39093	0	33168	
39094	0	32772	
39095	0	33128	
39096	0	33748	
39097	0	33908	
39098	0	34240	
39099	0	34360	
39100	0	34620	
39101	0	34808	
39102	0	33992	
39103	0	32948	
39104	0	32672	
39105	0	32916	
39106	0	33600	
39107	0	34940	
39108	0	36016	
39109	0	36708	
39110	0	36864	
39111	0	37004	
39112	0	36760	
39113	0	35896	
39114	0	34772	
39115	0	33540	
39116	0	33120	
39117	0	33300	
39118	0	33572	
39119	0	33552	
39120	0	33752	
39121	0	34164	
39122	0	33596	
39123	0	32112	
39124	0	30924	
39125	0	30136	
39126	0	29992	
39127	0	30474	
39128	0	30780	
39129	0	30428	
39130	0	29672	
39131	0	29112	
39132	0	29440	
39133	0	30202	
39134	0	30640	
39135	0	30428	
39136	0	29600	
39137	0	28372	
39138	0	27900	
39139	0	28676	
39140	0	30016	
39141	0	31456	
39142	0	32548	
39143	0	33552	
39144	0	34576	
39145	0	34960	
39146	0	34936	
39147	0	34404	
39148	0	33388	
39149	0	32152	
39150	0	31432	
39151	0	31388	
39152	0	31928	
39153	0	32764	
39154	0	32588	
39155	0	31716	
39156	0	31424	
39157	0	32388	
39158	0	33728	
39159	0	35272	
39160	0	36592	
39161	0	37124	
39162	0	36552	
39163	0	35472	
39164	0	34404	
39165	0	32912	
39166	0	31360	
39167	0	30804	
39168	0	31252	
39169	0	31872	
39170	0	32392	
39171	0	32672	
39172	0	32404	
39173	0	30968	
39174	0	29114	
39175	0	27116	
39176	0	25610	
39177	0	25372	
39178	0	26928	
39179	0	30068	
39180	0	33016	
39181	0	34384	
39182	0	34400	
39183	0	33384	
39184	0	32312	
39185	0	31336	
39186	0	31304	
39187	0	31936	
39188	0	32252	
39189	0	33008	
39190	0	33968	
39191	0	34712	
39192	0	35012	
39193	0	33613	
39194	0	31780	
39195	0	29528	
39196	0	28088	
39197	0	27304	
39198	0	27149	
39199	0	27980	
39200	0	29040	
39201	0	30056	
39202	0	31392	
39203	0	33832	
39204	0	36068	
39205	0	36796	
39206	0	35872	
39207	0	34392	
39208	0	33340	
39209	0	33364	
39210	0	34024	
39211	0	34988	
39212	0	35792	
39213	0	35428	
39214	0	34572	
39215	0	34064	
39216	0	33708	
39217	0	33624	
39218	0	33444	
39219	0	33232	
39220	0	33212	
39221	0	33432	
39222	0	33640	
39223	0	34320	
39224	0	35352	
39225	0	36296	
39226	0	37208	
39227	0	37660	
39228	0	37634	
39229	0	37188	
39230	0	36436	
39231	0	35260	
39232	0	34184	
39233	0	33564	
39234	0	33256	
39235	0	32984	
39236	0	32996	
39237	0	33092	
39238	0	32940	
39239	0	32316	
39240	0	31752	
39241	0	31684	
39242	0	31404	
39243	0	30952	
39244	0	30860	
39245	0	31492	
39246	0	32040	
39247	0	32234	
39248	0	32460	
39249	0	32568	
39250	0	32352	
39251	0	32244	
39252	0	32444	
39253	0	32928	
39254	0	32764	
39255	0	31956	
39256	0	31088	
39257	0	30380	
39258	0	29744	
39259	0	30040	
39260	0	30392	
39261	0	30492	
39262	0	30412	
39263	0	29984	
39264	0	29916	
39265	0	29932	
39266	0	30004	
39267	0	30092	
39268	0	30008	
39269	0	30412	
39270	0	30880	
39271	0	30864	
39272	0	30778	
39273	0	31284	
39274	0	31688	
39275	0	32360	
39276	0	32248	
39277	0	31536	
39278	0	31180	
39279	0	31428	
39280	0	32092	
39281	0	32312	
39282	0	31944	
39283	0	31804	
39284	0	31348	
39285	0	30840	
39286	0	31064	
39287	0	31306	
39288	0	31412	
39289	0	31376	
39290	0	30820	
39291	0	30636	
39292	0	30496	
39293	0	30648	
39294	0	31108	
39295	0	31488	
39296	0	31596	
39297	0	32008	
39298	0	32754	
39299	0	34188	
39300	0	35000	
39301	0	35040	
39302	0	34292	
39303	0	33257	
39304	0	32952	
39305	0	32648	
39306	0	32424	
39307	0	31684	
39308	0	30668	
39309	0	29896	
39310	0	29404	
39311	0	29384	
39312	0	29756	
39313	0	30356	
39314	0	31184	
39315	0	31832	
39316	0	31800	
39317	0	32100	
39318	0	32232	
39319	0	31836	
39320	0	31764	
39321	0	31564	
39322	0	31248	
39323	0	30924	
39324	0	30828	
39325	0	30836	
39326	0	30516	
39327	0	30392	
39328	0	30520	
39329	0	30028	
39330	0	28808	
39331	0	28168	
39332	0	28372	
39333	0	29056	
39334	0	30212	
39335	0	31540	
39336	0	32216	
39337	0	32408	
39338	0	32740	
39339	0	33250	
39340	0	34224	
39341	0	35344	
39342	0	36172	
39343	0	36876	
39344	0	37256	
39345	0	36656	
39346	0	36068	
39347	0	35272	
39348	0	34952	
39349	0	35284	
39350	0	35784	
39351	0	36140	
39352	0	35960	
39353	0	35808	
39354	0	35928	
39355	0	36092	
39356	0	36308	
39357	0	36640	
39358	0	36704	
39359	0	36800	
39360	0	36480	
39361	0	35908	
39362	0	35360	
39363	0	34904	
39364	0	34532	
39365	0	34292	
39366	0	34092	
39367	0	34468	
39368	0	35288	
39369	0	36142	
39370	0	36340	
39371	0	36036	
39372	0	35420	
39373	0	34572	
39374	0	33236	
39375	0	32056	
39376	0	31548	
39377	0	31668	
39378	0	32268	
39379	0	33192	
39380	0	33552	
39381	0	34177	
39382	0	34316	
39383	0	33828	
39384	0	33440	
39385	0	33016	
39386	0	32440	
39387	0	31472	
39388	0	30896	
39389	0	31088	
39390	0	31444	
39391	0	31344	
39392	0	31464	
39393	0	32180	
39394	0	32308	
39395	0	31840	
39396	0	31328	
39397	0	31260	
39398	0	31300	
39399	0	31076	
39400	0	31084	
39401	0	31112	
39402	0	31204	
39403	0	31456	
39404	0	31744	
39405	0	32000	
39406	0	32500	
39407	0	32928	
39408	0	33316	
39409	0	33348	
39410	0	32888	
39411	0	32448	
39412	0	32176	
39413	0	31960	
39414	0	32456	
39415	0	33344	
39416	0	33692	
39417	0	33808	
39418	0	33956	
39419	0	34044	
39420	0	33828	
39421	0	34040	
39422	0	34536	
39423	0	34536	
39424	0	34552	
39425	0	34824	
39426	0	35128	
39427	0	35232	
39428	0	35412	
39429	0	36060	
39430	0	35996	
39431	0	35268	
39432	0	34520	
39433	0	33560	
39434	0	33188	
39435	0	33124	
39436	0	33644	
39437	0	33628	
39438	0	33428	
39439	0	33244	
39440	0	32832	
39441	0	32908	
39442	0	32716	
39443	0	32792	
39444	0	33096	
39445	0	32928	
39446	0	32360	
39447	0	32320	
39448	0	32228	
39449	0	32516	
39450	0	33136	
39451	0	33212	
39452	0	33264	
39453	0	33364	
39454	0	33120	
39455	0	33032	
39456	0	33148	
39457	0	33336	
39458	0	32752	
39459	0	32560	
39460	0	32256	
39461	0	32234	
39462	0	33040	
39463	0	33616	
39464	0	33608	
39465	0	33336	
39466	0	32956	
39467	0	32884	
39468	0	33096	
39469	0	33324	
39470	0	33316	
39471	0	33392	
39472	0	33744	
39473	0	34200	
39474	0	34752	
39475	0	34764	
39476	0	34102	
39477	0	33528	
39478	0	33316	
39479	0	33120	
39480	0	32696	
39481	0	32800	
39482	0	32952	
39483	0	33616	
39484	0	34820	
39485	0	36076	
39486	0	36048	
39487	0	35140	
39488	0	33904	
39489	0	32704	
39490	0	31104	
39491	0	30488	
39492	0	30676	
39493	0	31032	
39494	0	31416	
39495	0	32100	
39496	0	32812	
39497	0	33160	
39498	0	33468	
39499	0	34236	
39500	0	35240	
39501	0	35648	
39502	0	35404	
39503	0	34928	
39504	0	34144	
39505	0	33388	
39506	0	33064	
39507	0	33452	
39508	0	33808	
39509	0	34292	
39510	0	34796	
39511	0	35184	
39512	0	35068	
39513	0	34940	
39514	0	34900	
39515	0	35300	
39516	0	36032	
39517	0	36316	
39518	0	36116	
39519	0	36120	
39520	0	36176	
39521	0	36208	
39522	0	36346	
39523	0	36480	
39524	0	36904	
39525	0	36832	
39526	0	36340	
39527	0	36144	
39528	0	36112	
39529	0	35700	
39530	0	34896	
39531	0	33824	
39532	0	32508	
39533	0	31136	
39534	0	30020	
39535	0	29744	
39536	0	29764	
39537	0	29816	
39538	0	30188	
39539	0	30832	
39540	0	31724	
39541	0	32960	
39542	0	33988	
39543	0	34936	
39544	0	35800	
39545	0	36848	
39546	0	37396	
39547	0	37708	
39548	0	37720	
39549	0	36800	
39550	0	35872	
39551	0	34984	
39552	0	34352	
39553	0	33800	
39554	0	33800	
39555	0	34184	
39556	0	34740	
39557	0	35544	
39558	0	35884	
39559	0	36144	
39560	0	36396	
39561	0	35900	
39562	0	35068	
39563	0	34088	
39564	0	33280	
39565	0	32260	
39566	0	31400	
39567	0	31012	
39568	0	31356	
39569	0	31848	
39570	0	31990	
39571	0	31880	
39572	0	31592	
39573	0	31536	
39574	0	31732	
39575	0	32112	
39576	0	32368	
39577	0	32488	
39578	0	32360	
39579	0	31808	
39580	0	31864	
39581	0	32984	
39582	0	34012	
39583	0	34256	
39584	0	34040	
39585	0	33624	
39586	0	32996	
39587	0	32216	
39588	0	30912	
39589	0	29688	
39590	0	29440	
39591	0	30832	
39592	0	32528	
39593	0	33744	
39594	0	34532	
39595	0	34840	
39596	0	35184	
39597	0	35336	
39598	0	35496	
39599	0	35544	
39600	0	35672	
39601	0	35896	
39602	0	35764	
39603	0	35724	
39604	0	35608	
39605	0	35232	
39606	0	34904	
39607	0	34480	
39608	0	34024	
39609	0	33200	
39610	0	32268	
39611	0	31608	
39612	0	31384	
39613	0	31044	
39614	0	30752	
39615	0	30524	
39616	0	30752	
39617	0	30872	
39618	0	31140	
39619	0	31840	
39620	0	32204	
39621	0	32320	
39622	0	32288	
39623	0	32608	
39624	0	33292	
39625	0	34076	
39626	0	34292	
39627	0	34008	
39628	0	33624	
39629	0	33240	
39630	0	33580	
39631	0	33882	
39632	0	34272	
39633	0	34620	
39634	0	34312	
39635	0	33304	
39636	0	32328	
39637	0	31604	
39638	0	31144	
39639	0	30580	
39640	0	30726	
39641	0	31400	
39642	0	31968	
39643	0	32740	
39644	0	33080	
39645	0	32548	
39646	0	31520	
39647	0	30820	
39648	0	30892	
39649	0	31528	
39650	0	31528	
39651	0	30980	
39652	0	30540	
39653	0	30384	
39654	0	29604	
39655	0	28876	
39656	0	28420	
39657	0	28232	
39658	0	28372	
39659	0	29136	
39660	0	30716	
39661	0	31808	
39662	0	32064	
39663	0	31674	
39664	0	31472	
39665	0	30924	
39666	0	30148	
39667	0	29784	
39668	0	30572	
39669	0	31540	
39670	0	32076	
39671	0	32440	
39672	0	32544	
39673	0	32396	
39674	0	31948	
39675	0	31588	
39676	0	31412	
39677	0	31564	
39678	0	32216	
39679	0	32800	
39680	0	33020	
39681	0	33728	
39682	0	34864	
39683	0	35872	
39684	0	36620	
39685	0	36784	
39686	0	36252	
39687	0	35696	
39688	0	34980	
39689	0	34228	
39690	0	33804	
39691	0	33008	
39692	0	31824	
39693	0	30152	
39694	0	29008	
39695	0	28368	
39696	0	28288	
39697	0	29200	
39698	0	30688	
39699	0	31856	
39700	0	32800	
39701	0	33720	
39702	0	34636	
39703	0	34976	
39704	0	35336	
39705	0	35240	
39706	0	34776	
39707	0	33804	
39708	0	32888	
39709	0	32496	
39710	0	32404	
39711	0	31716	
39712	0	30784	
39713	0	30328	
39714	0	30368	
39715	0	30976	
39716	0	31720	
39717	0	31850	
39718	0	31400	
39719	0	30776	
39720	0	30472	
39721	0	30224	
39722	0	30356	
39723	0	30968	
39724	0	32320	
39725	0	33592	
39726	0	35176	
39727	0	36368	
39728	0	37196	
39729	0	37732	
39730	0	37940	
39731	0	37900	
39732	0	37508	
39733	0	37068	
39734	0	36456	
39735	0	35840	
39736	0	35528	
39737	0	35172	
39738	0	34700	
39739	0	34600	
39740	0	34448	
39741	0	34176	
39742	0	33792	
39743	0	33048	
39744	0	32500	
39745	0	31640	
39746	0	31124	
39747	0	31220	
39748	0	31588	
39749	0	31828	
39750	0	32200	
39751	0	32656	
39752	0	32864	
39753	0	32952	
39754	0	33104	
39755	0	33248	
39756	0	33440	
39757	0	33388	
39758	0	33408	
39759	0	33212	
39760	0	33020	
39761	0	33324	
39762	0	33168	
39763	0	32744	
39764	0	32328	
39765	0	31236	
39766	0	30552	
39767	0	30436	
39768	0	30860	
39769	0	30936	
39770	0	31188	
39771	0	31704	
39772	0	32320	
39773	0	32476	
39774	0	32404	
39775	0	31728	
39776	0	30656	
39777	0	29628	
39778	0	28748	
39779	0	28012	
39780	0	27124	
39781	0	26266	
39782	0	25944	
39783	0	26512	
39784	0	27396	
39785	0	28304	
39786	0	29404	
39787	0	30248	
39788	0	31040	
39789	0	31360	
39790	0	31624	
39791	0	31892	
39792	0	32096	
39793	0	32040	
39794	0	31396	
39795	0	30948	
39796	0	31396	
39797	0	32168	
39798	0	32808	
39799	0	33280	
39800	0	33728	
39801	0	34068	
39802	0	34244	
39803	0	34360	
39804	0	34256	
39805	0	33952	
39806	0	33816	
39807	0	33840	
39808	0	34420	
39809	0	34484	
39810	0	34580	
39811	0	34780	
39812	0	34584	
39813	0	34424	
39814	0	34248	
39815	0	33864	
39816	0	33576	
39817	0	33680	
39818	0	33644	
39819	0	33644	
39820	0	34072	
39821	0	34856	
39822	0	35164	
39823	0	35360	
39824	0	35428	
39825	0	35492	
39826	0	35448	
39827	0	35244	
39828	0	34672	
39829	0	33988	
39830	0	33504	
39831	0	33096	
39832	0	33176	
39833	0	33520	
39834	0	34256	
39835	0	34876	
39836	0	35008	
39837	0	34676	
39838	0	34560	
39839	0	35268	
39840	0	35932	
39841	0	36288	
39842	0	36608	
39843	0	36680	
39844	0	36420	
39845	0	36136	
39846	0	35392	
39847	0	34452	
39848	0	33496	
39849	0	32876	
39850	0	32216	
39851	0	31512	
39852	0	31240	
39853	0	31164	
39854	0	31324	
39855	0	32396	
39856	0	32636	
39857	0	32396	
39858	0	31738	
39859	0	31440	
39860	0	31688	
39861	0	32620	
39862	0	33468	
39863	0	34184	
39864	0	35312	
39865	0	35996	
39866	0	36848	
39867	0	37488	
39868	0	37672	
39869	0	38036	
39870	0	38392	
39871	0	38116	
39872	0	37696	
39873	0	37300	
39874	0	36960	
39875	0	36424	
39876	0	36528	
39877	0	37208	
39878	0	37880	
39879	0	38368	
39880	0	38484	
39881	0	38476	
39882	0	38080	
39883	0	37572	
39884	0	36824	
39885	0	36636	
39886	0	37184	
39887	0	37728	
39888	0	37444	
39889	0	37028	
39890	0	36920	
39891	0	36740	
39892	0	36092	
39893	0	34908	
39894	0	33232	
39895	0	32440	
39896	0	32468	
39897	0	33260	
39898	0	33792	
39899	0	33956	
39900	0	33840	
39901	0	33780	
39902	0	33732	
39903	0	33976	
39904	0	34460	
39905	0	34528	
39906	0	34180	
39907	0	34288	
39908	0	34968	
39909	0	35432	
39910	0	35852	
39911	0	36672	
39912	0	37172	
39913	0	36972	
39914	0	36244	
39915	0	35284	
39916	0	34604	
39917	0	33676	
39918	0	32716	
39919	0	32380	
39920	0	32264	
39921	0	31924	
39922	0	31204	
39923	0	30608	
39924	0	30584	
39925	0	30228	
39926	0	29636	
39927	0	28776	
39928	0	28220	
39929	0	28572	
39930	0	29160	
39931	0	29620	
39932	0	29600	
39933	0	29232	
39934	0	28860	
39935	0	28396	
39936	0	28544	
39937	0	29152	
39938	0	29788	
39939	0	30236	
39940	0	30874	
39941	0	31984	
39942	0	33073	
39943	0	34280	
39944	0	35632	
39945	0	36192	
39946	0	36628	
39947	0	36216	
39948	0	35520	
39949	0	34704	
39950	0	33780	
39951	0	32632	
39952	0	31928	
39953	0	32544	
39954	0	33444	
39955	0	33848	
39956	0	34220	
39957	0	34424	
39958	0	33872	
39959	0	32660	
39960	0	31864	
39961	0	31310	
39962	0	31220	
39963	0	31756	
39964	0	31988	
39965	0	31760	
39966	0	31424	
39967	0	31308	
39968	0	31428	
39969	0	31536	
39970	0	31482	
39971	0	31280	
39972	0	31016	
39973	0	30944	
39974	0	30996	
39975	0	31180	
39976	0	31500	
39977	0	32248	
39978	0	32260	
39979	0	31452	
39980	0	30532	
39981	0	30164	
39982	0	29896	
39983	0	29348	
39984	0	28648	
39985	0	29012	
39986	0	29600	
39987	0	29796	
39988	0	30268	
39989	0	30524	
39990	0	31128	
39991	0	31304	
39992	0	30880	
39993	0	30476	
39994	0	30372	
39995	0	29840	
39996	0	29420	
39997	0	29116	
39998	0	29224	
39999	0	30048	
40000	0	31160	
40001	0	32676	
40002	0	33852	
40003	0	34240	
40004	0	34008	
40005	0	33344	
40006	0	32188	
40007	0	31248	
40008	0	31308	
40009	0	31608	
40010	0	31936	
40011	0	32364	
40012	0	32720	
40013	0	32948	
40014	0	33114	
40015	0	32954	
40016	0	32200	
40017	0	31276	
40018	0	30628	
40019	0	30488	
40020	0	30208	
40021	0	30232	
40022	0	30462	
40023	0	30540	
40024	0	30628	
40025	0	31148	
40026	0	31196	
40027	0	31112	
40028	0	30424	
40029	0	30140	
40030	0	30420	
40031	0	30668	
40032	0	30308	
40033	0	30016	
40034	0	29540	
40035	0	29066	
40036	0	28821	
40037	0	29332	
40038	0	30424	
40039	0	31584	
40040	0	33028	
40041	0	34532	
40042	0	35048	
40043	0	34564	
40044	0	33328	
40045	0	32358	
40046	0	32108	
40047	0	32004	
40048	0	32260	
40049	0	32768	
40050	0	33188	
40051	0	34048	
40052	0	34536	
40053	0	34408	
40054	0	33800	
40055	0	33008	
40056	0	32128	
40057	0	31820	
40058	0	31716	
40059	0	31196	
40060	0	30668	
40061	0	30008	
40062	0	29616	
40063	0	29808	
40064	0	30612	
40065	0	30924	
40066	0	31456	
40067	0	31744	
40068	0	31028	
40069	0	30636	
40070	0	30916	
40071	0	31284	
40072	0	31220	
40073	0	31048	
40074	0	30760	
40075	0	30040	
40076	0	29796	
40077	0	30216	
40078	0	30452	
40079	0	30548	
40080	0	30628	
40081	0	30856	
40082	0	30936	
40083	0	30900	
40084	0	30968	
40085	0	30716	
40086	0	30432	
40087	0	30384	
40088	0	30540	
40089	0	30508	
40090	0	30896	
40091	0	31272	
40092	0	31304	
40093	0	31944	
40094	0	32804	
40095	0	33564	
40096	0	33908	
40097	0	34104	
40098	0	33724	
40099	0	33268	
40100	0	33000	
40101	0	33066	
40102	0	34024	
40103	0	34952	
40104	0	35516	
40105	0	36396	
40106	0	37124	
40107	0	36968	
40108	0	35916	
40109	0	34348	
40110	0	32948	
40111	0	32232	
40112	0	31892	
40113	0	31828	
40114	0	31892	
40115	0	31548	
40116	0	30732	
40117	0	30124	
40118	0	30036	
40119	0	30448	
40120	0	30716	
40121	0	31192	
40122	0	32132	
40123	0	32700	
40124	0	33000	
40125	0	33732	
40126	0	33672	
40127	0	33316	
40128	0	33456	
40129	0	33500	
40130	0	34060	
40131	0	35164	
40132	0	36612	
40133	0	37648	
40134	0	38032	
40135	0	37496	
40136	0	36896	
40137	0	36376	
40138	0	35596	
40139	0	34892	
40140	0	34412	
40141	0	34700	
40142	0	34908	
40143	0	35636	
40144	0	36132	
40145	0	36416	
40146	0	36896	
40147	0	37016	
40148	0	36532	
40149	0	36172	
40150	0	36088	
40151	0	35052	
40152	0	33724	
40153	0	32400	
40154	0	31648	
40155	0	31672	
40156	0	32144	
40157	0	32096	
40158	0	31940	
40159	0	31676	
40160	0	32012	
40161	0	32440	
40162	0	32948	
40163	0	32648	
40164	0	32244	
40165	0	32320	
40166	0	32636	
40167	0	33052	
40168	0	33008	
40169	0	32960	
40170	0	32900	
40171	0	33184	
40172	0	33798	
40173	0	34180	
40174	0	34404	
40175	0	34596	
40176	0	34200	
40177	0	33420	
40178	0	32376	
40179	0	30984	
40180	0	30072	
40181	0	29400	
40182	0	29224	
40183	0	29368	
40184	0	29420	
40185	0	29432	
40186	0	29474	
40187	0	29896	
40188	0	29224	
40189	0	28352	
40190	0	28292	
40191	0	28580	
40192	0	29216	
40193	0	30064	
40194	0	31128	
40195	0	32078	
40196	0	32396	
40197	0	32080	
40198	0	31540	
40199	0	31168	
40200	0	31272	
40201	0	31524	
40202	0	31644	
40203	0	31876	
40204	0	32280	
40205	0	33164	
40206	0	34140	
40207	0	34812	
40208	0	35104	
40209	0	34960	
40210	0	34528	
40211	0	34704	
40212	0	34732	
40213	0	34288	
40214	0	33888	
40215	0	33680	
40216	0	33740	
40217	0	34460	
40218	0	35128	
40219	0	35496	
40220	0	35536	
40221	0	35170	
40222	0	34792	
40223	0	34336	
40224	0	33728	
40225	0	32944	
40226	0	32188	
40227	0	31888	
40228	0	32144	
40229	0	33168	
40230	0	33864	
40231	0	33732	
40232	0	33288	
40233	0	33560	
40234	0	34172	
40235	0	33844	
40236	0	32604	
40237	0	31460	
40238	0	30368	
40239	0	29800	
40240	0	29816	
40241	0	30160	
40242	0	30744	
40243	0	31528	
40244	0	31680	
40245	0	31400	
40246	0	31360	
40247	0	31436	
40248	0	31476	
40249	0	31224	
40250	0	31108	
40251	0	31592	
40252	0	32480	
40253	0	33096	
40254	0	33408	
40255	0	33188	
40256	0	32952	
40257	0	32984	
40258	0	33302	
40259	0	34204	
40260	0	35320	
40261	0	35864	
40262	0	35912	
40263	0	35568	
40264	0	35000	
40265	0	34780	
40266	0	34896	
40267	0	34844	
40268	0	33632	
40269	0	32512	
40270	0	32216	
40271	0	32092	
40272	0	32000	
40273	0	32160	
40274	0	32624	
40275	0	33132	
40276	0	33684	
40277	0	34456	
40278	0	35076	
40279	0	35584	
40280	0	35412	
40281	0	35224	
40282	0	34640	
40283	0	34336	
40284	0	34292	
40285	0	34632	
40286	0	35024	
40287	0	35860	
40288	0	37008	
40289	0	38176	
40290	0	39344	
40291	0	39536	
40292	0	38970	
40293	0	37952	
40294	0	36480	
40295	0	35144	
40296	0	33764	
40297	0	32884	
40298	0	33020	
40299	0	33216	
40300	0	33152	
40301	0	32960	
40302	0	32848	
40303	0	33068	
40304	0	33208	
40305	0	33288	
40306	0	32856	
40307	0	32208	
40308	0	31888	
40309	0	31656	
40310	0	30824	
40311	0	30204	
40312	0	30396	
40313	0	31092	
40314	0	31860	
40315	0	32444	
40316	0	32744	
40317	0	32174	
40318	0	31140	
40319	0	30252	
40320	0	30096	
40321	0	30412	
40322	0	31016	
40323	0	31456	
40324	0	32160	
40325	0	33580	
40326	0	35432	
40327	0	37024	
40328	0	38300	
40329	0	39668	
40330	0	40568	
40331	0	41048	
40332	0	41164	
40333	0	41144	
40334	0	40504	
40335	0	39264	
40336	0	37984	
40337	0	37366	
40338	0	36956	
40339	0	36408	
40340	0	35952	
40341	0	35744	
40342	0	35748	
40343	0	35656	
40344	0	35428	
40345	0	35076	
40346	0	34800	
40347	0	34976	
40348	0	35588	
40349	0	36416	
40350	0	36548	
40351	0	36776	
40352	0	36500	
40353	0	35844	
40354	0	35464	
40355	0	35084	
40356	0	34344	
40357	0	33288	
40358	0	32276	
40359	0	31616	
40360	0	31460	
40361	0	31568	
40362	0	31900	
40363	0	32632	
40364	0	33564	
40365	0	34920	
40366	0	36184	
40367	0	36920	
40368	0	37208	
40369	0	37104	
40370	0	36488	
40371	0	35868	
40372	0	35092	
40373	0	34212	
40374	0	34488	
40375	0	35176	
40376	0	35820	
40377	0	36204	
40378	0	36600	
40379	0	36680	
40380	0	36984	
40381	0	37024	
40382	0	37032	
40383	0	37064	
40384	0	36976	
40385	0	36668	
40386	0	36272	
40387	0	35844	
40388	0	35212	
40389	0	34780	
40390	0	34380	
40391	0	34296	
40392	0	34168	
40393	0	34192	
40394	0	34144	
40395	0	33900	
40396	0	33416	
40397	0	33472	
40398	0	33856	
40399	0	34232	
40400	0	34632	
40401	0	34988	
40402	0	35588	
40403	0	35744	
40404	0	35484	
40405	0	35320	
40406	0	35248	
40407	0	35468	
40408	0	34776	
40409	0	33332	
40410	0	31512	
40411	0	30336	
40412	0	29608	
40413	0	29160	
40414	0	29012	
40415	0	29576	
40416	0	30812	
40417	0	31728	
40418	0	31488	
40419	0	30560	
40420	0	29576	
40421	0	28888	
40422	0	28592	
40423	0	29160	
40424	0	30076	
40425	0	31172	
40426	0	32368	
40427	0	33156	
40428	0	32904	
40429	0	32560	
40430	0	31976	
40431	0	32044	
40432	0	32440	
40433	0	32668	
40434	0	32556	
40435	0	32332	
40436	0	32336	
40437	0	32164	
40438	0	32006	
40439	0	31888	
40440	0	31908	
40441	0	32444	
40442	0	33060	
40443	0	33932	
40444	0	34416	
40445	0	34100	
40446	0	33352	
40447	0	32520	
40448	0	31276	
40449	0	29872	
40450	0	29360	
40451	0	29860	
40452	0	30888	
40453	0	31402	
40454	0	31864	
40455	0	32364	
40456	0	32876	
40457	0	32624	
40458	0	31904	
40459	0	31832	
40460	0	32224	
40461	0	32880	
40462	0	33688	
40463	0	33964	
40464	0	34088	
40465	0	34504	
40466	0	35252	
40467	0	35668	
40468	0	35348	
40469	0	34212	
40470	0	33288	
40471	0	32808	
40472	0	32888	
40473	0	33156	
40474	0	32920	
40475	0	32684	
40476	0	33096	
40477	0	33908	
40478	0	34320	
40479	0	34372	
40480	0	34396	
40481	0	34292	
40482	0	34096	
40483	0	33720	
40484	0	33480	
40485	0	33268	
40486	0	32608	
40487	0	31962	
40488	0	31196	
40489	0	30748	
40490	0	30308	
40491	0	29920	
40492	0	29584	
40493	0	28672	
40494	0	27624	
40495	0	27048	
40496	0	26872	
40497	0	26448	
40498	0	26768	
40499	0	27212	
40500	0	27348	
40501	0	27700	
40502	0	28360	
40503	0	29380	
40504	0	30752	
40505	0	32108	
40506	0	33280	
40507	0	34068	
40508	0	34416	
40509	0	34708	
40510	0	35104	
40511	0	35160	
40512	0	34828	
40513	0	34232	
40514	0	33912	
40515	0	33536	
40516	0	32888	
40517	0	31496	
40518	0	30604	
40519	0	30624	
40520	0	31512	
40521	0	32864	
40522	0	33872	
40523	0	33980	
40524	0	33544	
40525	0	32684	
40526	0	32080	
40527	0	32312	
40528	0	32760	
40529	0	33096	
40530	0	33216	
40531	0	33024	
40532	0	32924	
40533	0	33204	
40534	0	33004	
40535	0	32508	
40536	0	31852	
40537	0	31284	
40538	0	31060	
40539	0	31096	
40540	0	31288	
40541	0	31736	
40542	0	31808	
40543	0	31802	
40544	0	32712	
40545	0	33952	
40546	0	35420	
40547	0	36296	
40548	0	36232	
40549	0	36208	
40550	0	36524	
40551	0	36864	
40552	0	36416	
40553	0	35800	
40554	0	35320	
40555	0	35244	
40556	0	35336	
40557	0	36336	
40558	0	37608	
40559	0	38092	
40560	0	37856	
40561	0	37844	
40562	0	37888	
40563	0	37128	
40564	0	36104	
40565	0	34626	
40566	0	33532	
40567	0	32688	
40568	0	32332	
40569	0	32492	
40570	0	32744	
40571	0	32856	
40572	0	33028	
40573	0	33440	
40574	0	33936	
40575	0	34908	
40576	0	35684	
40577	0	35456	
40578	0	35164	
40579	0	35008	
40580	0	34288	
40581	0	33940	
40582	0	34072	
40583	0	34304	
40584	0	34040	
40585	0	33400	
40586	0	32892	
40587	0	32412	
40588	0	32388	
40589	0	32388	
40590	0	32376	
40591	0	32768	
40592	0	32712	
40593	0	32544	
40594	0	32000	
40595	0	30960	
40596	0	30092	
40597	0	29696	
40598	0	29944	
40599	0	30680	
40600	0	31080	
40601	0	30488	
40602	0	29488	
40603	0	28984	
40604	0	29128	
40605	0	29344	
40606	0	29136	
40607	0	29252	
40608	0	30028	
40609	0	30296	
40610	0	29988	
40611	0	30060	
40612	0	30508	
40613	0	30764	
40614	0	31730	
40615	0	33116	
40616	0	34540	
40617	0	35144	
40618	0	34668	
40619	0	33528	
40620	0	32304	
40621	0	31592	
40622	0	31328	
40623	0	31260	
40624	0	31076	
40625	0	31024	
40626	0	31524	
40627	0	32124	
40628	0	32796	
40629	0	32912	
40630	0	32936	
40631	0	33264	
40632	0	33608	
40633	0	33424	
40634	0	32932	
40635	0	32032	
40636	0	31212	
40637	0	31004	
40638	0	30984	
40639	0	30912	
40640	0	31008	
40641	0	30844	
40642	0	31180	
40643	0	32160	
40644	0	32800	
40645	0	32744	
40646	0	32256	
40647	0	32232	
40648	0	32816	
40649	0	32832	
40650	0	32512	
40651	0	32428	
40652	0	32816	
40653	0	32944	
40654	0	32872	
40655	0	32300	
40656	0	31856	
40657	0	31396	
40658	0	31564	
40659	0	31848	
40660	0	31732	
40661	0	31912	
40662	0	32884	
40663	0	33920	
40664	0	35080	
40665	0	35844	
40666	0	36576	
40667	0	37948	
40668	0	39172	
40669	0	39108	
40670	0	37556	
40671	0	35912	
40672	0	34096	
40673	0	32520	
40674	0	31456	
40675	0	31372	
40676	0	31336	
40677	0	30416	
40678	0	29268	
40679	0	29084	
40680	0	29080	
40681	0	29628	
40682	0	30544	
40683	0	31208	
40684	0	31504	
40685	0	31780	
40686	0	32428	
40687	0	33044	
40688	0	33668	
40689	0	34048	
40690	0	33736	
40691	0	32776	
40692	0	31616	
40693	0	30720	
40694	0	30252	
40695	0	29936	
40696	0	29904	
40697	0	30588	
40698	0	31232	
40699	0	31456	
40700	0	31676	
40701	0	32056	
40702	0	32492	
40703	0	32632	
40704	0	32676	
40705	0	32280	
40706	0	31756	
40707	0	31344	
40708	0	30944	
40709	0	30864	
40710	0	30492	
40711	0	30292	
40712	0	30012	
40713	0	30196	
40714	0	30568	
40715	0	31020	
40716	0	31648	
40717	0	32064	
40718	0	32028	
40719	0	31544	
40720	0	30700	
40721	0	29880	
40722	0	29604	
40723	0	29548	
40724	0	29908	
40725	0	30792	
40726	0	31192	
40727	0	31596	
40728	0	32424	
40729	0	33060	
40730	0	33960	
40731	0	34500	
40732	0	34672	
40733	0	33996	
40734	0	33084	
40735	0	31952	
40736	0	31016	
40737	0	30344	
40738	0	30028	
40739	0	29832	
40740	0	29556	
40741	0	28796	
40742	0	28416	
40743	0	28480	
40744	0	29120	
40745	0	30220	
40746	0	30988	
40747	0	31552	
40748	0	32344	
40749	0	33140	
40750	0	33004	
40751	0	31876	
40752	0	29828	
40753	0	27980	
40754	0	26832	
40755	0	26728	
40756	0	27392	
40757	0	28320	
40758	0	29324	
40759	0	30184	
40760	0	30692	
40761	0	30928	
40762	0	31056	
40763	0	31432	
40764	0	32356	
40765	0	32936	
40766	0	33204	
40767	0	33020	
40768	0	32532	
40769	0	32424	
40770	0	32768	
40771	0	32580	
40772	0	32160	
40773	0	32388	
40774	0	32592	
40775	0	32400	
40776	0	32740	
40777	0	33608	
40778	0	34288	
40779	0	34720	
40780	0	35026	
40781	0	35348	
40782	0	35492	
40783	0	35528	
40784	0	35840	
40785	0	36012	
40786	0	36356	
40787	0	36980	
40788	0	37180	
40789	0	36468	
40790	0	35888	
40791	0	35672	
40792	0	36152	
40793	0	36708	
40794	0	37112	
40795	0	37260	
40796	0	37252	
40797	0	36864	
40798	0	36740	
40799	0	36704	
40800	0	37720	
40801	0	38352	
40802	0	38304	
40803	0	38536	
40804	0	37928	
40805	0	37024	
40806	0	36392	
40807	0	35880	
40808	0	35420	
40809	0	34844	
40810	0	34520	
40811	0	33928	
40812	0	33260	
40813	0	33080	
40814	0	33064	
40815	0	33080	
40816	0	32924	
40817	0	32768	
40818	0	33050	
40819	0	33736	
40820	0	34360	
40821	0	34624	
40822	0	34832	
40823	0	34940	
40824	0	35160	
40825	0	35508	
40826	0	35672	
40827	0	35984	
40828	0	36252	
40829	0	36060	
40830	0	35724	
40831	0	35440	
40832	0	35092	
40833	0	34576	
40834	0	34560	
40835	0	34972	
40836	0	35508	
40837	0	35760	
40838	0	35320	
40839	0	34696	
40840	0	34016	
40841	0	33660	
40842	0	34148	
40843	0	34856	
40844	0	35720	
40845	0	36376	
40846	0	36840	
40847	0	37204	
40848	0	36964	
40849	0	35552	
40850	0	33676	
40851	0	32180	
40852	0	30960	
40853	0	29960	
40854	0	29402	
40855	0	29152	
40856	0	29668	
40857	0	30472	
40858	0	31360	
40859	0	32276	
40860	0	33396	
40861	0	34200	
40862	0	34748	
40863	0	35348	
40864	0	35904	
40865	0	36108	
40866	0	35996	
40867	0	36216	
40868	0	36492	
40869	0	37100	
40870	0	37584	
40871	0	38192	
40872	0	38136	
40873	0	37244	
40874	0	36072	
40875	0	34848	
40876	0	33940	
40877	0	33672	
40878	0	33704	
40879	0	33912	
40880	0	34000	
40881	0	34156	
40882	0	34160	
40883	0	34044	
40884	0	33728	
40885	0	33592	
40886	0	34148	
40887	0	34348	
40888	0	34192	
40889	0	33324	
40890	0	32440	
40891	0	32088	
40892	0	31952	
40893	0	31768	
40894	0	31416	
40895	0	31188	
40896	0	31032	
40897	0	30860	
40898	0	30464	
40899	0	29352	
40900	0	28408	
40901	0	28468	
40902	0	29012	
40903	0	29080	
40904	0	29228	
40905	0	29712	
40906	0	30636	
40907	0	31185	
40908	0	31704	
40909	0	32240	
40910	0	32664	
40911	0	33068	
40912	0	33204	
40913	0	32744	
40914	0	32552	
40915	0	32516	
40916	0	32028	
40917	0	31248	
40918	0	30588	
40919	0	30780	
40920	0	31144	
40921	0	31452	
40922	0	32004	
40923	0	32368	
40924	0	32740	
40925	0	32792	
40926	0	32752	
40927	0	32956	
40928	0	32748	
40929	0	32868	
40930	0	33048	
40931	0	33052	
40932	0	33292	
40933	0	33476	
40934	0	33220	
40935	0	32304	
40936	0	31416	
40937	0	30472	
40938	0	29872	
40939	0	29796	
40940	0	30612	
40941	0	31228	
40942	0	31168	
40943	0	31076	
40944	0	31628	
40945	0	32456	
40946	0	33076	
40947	0	33452	
40948	0	33692	
40949	0	33692	
40950	0	33036	
40951	0	31924	
40952	0	31332	
40953	0	31056	
40954	0	31128	
40955	0	31476	
40956	0	32004	
40957	0	32240	
40958	0	32004	
40959	0	31792	
40960	0	32124	
40961	0	32288	
40962	0	32880	
40963	0	33744	
40964	0	34616	
40965	0	34536	
40966	0	33888	
40967	0	33176	
40968	0	32376	
40969	0	32056	
40970	0	32224	
40971	0	32604	
40972	0	32720	
40973	0	32464	
40974	0	32136	
40975	0	31704	
40976	0	30992	
40977	0	30516	
40978	0	30180	
40979	0	29612	
40980	0	28992	
40981	0	28928	
40982	0	29340	
40983	0	30244	
40984	0	31336	
40985	0	31624	
40986	0	31780	
40987	0	31512	
40988	0	31104	
40989	0	30656	
40990	0	30956	
40991	0	31980	
40992	0	32656	
40993	0	32812	
40994	0	32992	
40995	0	33636	
40996	0	34744	
40997	0	35744	
40998	0	35672	
40999	0	34772	
41000	0	33712	
41001	0	32916	
41002	0	32280	
41003	0	31796	
41004	0	31552	
41005	0	31712	
41006	0	31976	
41007	0	32256	
41008	0	32244	
41009	0	32124	
41010	0	31768	
41011	0	31448	
41012	0	31268	
41013	0	30928	
41014	0	30532	
41015	0	29904	
41016	0	29516	
41017	0	29128	
41018	0	29012	
41019	0	29448	
41020	0	29980	
41021	0	30948	
41022	0	32608	
41023	0	34340	
41024	0	34776	
41025	0	34196	
41026	0	33940	
41027	0	34268	
41028	0	34844	
41029	0	34852	
41030	0	34560	
41031	0	34580	
41032	0	34528	
41033	0	34000	
41034	0	33272	
41035	0	33144	
41036	0	33852	
41037	0	34704	
41038	0	35136	
41039	0	35488	
41040	0	36100	
41041	0	36756	
41042	0	36746	
41043	0	36008	
41044	0	35224	
41045	0	34920	
41046	0	34380	
41047	0	33712	
41048	0	33472	
41049	0	34364	
41050	0	35840	
41051	0	36840	
41052	0	37360	
41053	0	37412	
41054	0	37736	
41055	0	38308	
41056	0	38360	
41057	0	37612	
41058	0	37344	
41059	0	36884	
41060	0	36340	
41061	0	36288	
41062	0	36472	
41063	0	36496	
41064	0	36248	
41065	0	36576	
41066	0	37168	
41067	0	37912	
41068	0	37760	
41069	0	37304	
41070	0	36852	
41071	0	36852	
41072	0	36608	
41073	0	36632	
41074	0	36976	
41075	0	37220	
41076	0	37664	
41077	0	37776	
41078	0	37520	
41079	0	36660	
41080	0	36104	
41081	0	35576	
41082	0	35404	
41083	0	36048	
41084	0	36780	
41085	0	37340	
41086	0	37672	
41087	0	37932	
41088	0	38512	
41089	0	38992	
41090	0	39576	
41091	0	39608	
41092	0	39444	
41093	0	39076	
41094	0	38788	
41095	0	38572	
41096	0	38400	
41097	0	38204	
41098	0	37948	
41099	0	37672	
41100	0	37892	
41101	0	37712	
41102	0	36624	
41103	0	35528	
41104	0	34420	
41105	0	34140	
41106	0	34276	
41107	0	35076	
41108	0	35952	
41109	0	36636	
41110	0	37240	
41111	0	37548	
41112	0	37628	
41113	0	37456	
41114	0	37312	
41115	0	37456	
41116	0	37744	
41117	0	37760	
41118	0	37352	
41119	0	37300	
41120	0	37184	
41121	0	37028	
41122	0	36724	
41123	0	36168	
41124	0	35268	
41125	0	34424	
41126	0	34404	
41127	0	34832	
41128	0	34752	
41129	0	34512	
41130	0	34344	
41131	0	34336	
41132	0	34648	
41133	0	35204	
41134	0	35560	
41135	0	35588	
41136	0	34762	
41137	0	33352	
41138	0	32180	
41139	0	31764	
41140	0	31952	
41141	0	32388	
41142	0	33676	
41143	0	34952	
41144	0	36188	
41145	0	36708	
41146	0	36312	
41147	0	36044	
41148	0	35940	
41149	0	35800	
41150	0	36168	
41151	0	36632	
41152	0	36800	
41153	0	36652	
41154	0	36012	
41155	0	36012	
41156	0	36944	
41157	0	38024	
41158	0	38956	
41159	0	38768	
41160	0	37468	
41161	0	36368	
41162	0	35336	
41163	0	34788	
41164	0	34736	
41165	0	34596	
41166	0	34456	
41167	0	34656	
41168	0	35260	
41169	0	35464	
41170	0	34320	
41171	0	32796	
41172	0	31744	
41173	0	31316	
41174	0	31848	
41175	0	32832	
41176	0	33652	
41177	0	34200	
41178	0	34720	
41179	0	34848	
41180	0	34360	
41181	0	33624	
41182	0	32748	
41183	0	31336	
41184	0	29672	
41185	0	28480	
41186	0	28344	
41187	0	29156	
41188	0	30332	
41189	0	31226	
41190	0	31700	
41191	0	31696	
41192	0	31120	
41193	0	31016	
41194	0	31396	
41195	0	31512	
41196	0	31438	
41197	0	31668	
41198	0	32176	
41199	0	32332	
41200	0	32340	
41201	0	33048	
41202	0	33820	
41203	0	34472	
41204	0	35160	
41205	0	35144	
41206	0	34804	
41207	0	34250	
41208	0	33896	
41209	0	34124	
41210	0	34688	
41211	0	34740	
41212	0	34068	
41213	0	32988	
41214	0	32136	
41215	0	31536	
41216	0	31048	
41217	0	30584	
41218	0	30600	
41219	0	30968	
41220	0	31304	
41221	0	31200	
41222	0	30644	
41223	0	29792	
41224	0	29528	
41225	0	29828	
41226	0	30352	
41227	0	31016	
41228	0	31680	
41229	0	32040	
41230	0	31936	
41231	0	31684	
41232	0	31380	
41233	0	31576	
41234	0	32064	
41235	0	33360	
41236	0	33264	
41237	0	32292	
41238	0	31504	
41239	0	31000	
41240	0	30728	
41241	0	30232	
41242	0	29972	
41243	0	30104	
41244	0	30514	
41245	0	31060	
41246	0	31372	
41247	0	31496	
41248	0	31712	
41249	0	31984	
41250	0	32308	
41251	0	32684	
41252	0	32996	
41253	0	33592	
41254	0	34408	
41255	0	34478	
41256	0	33364	
41257	0	31972	
41258	0	31360	
41259	0	31316	
41260	0	31596	
41261	0	32030	
41262	0	32460	
41263	0	32664	
41264	0	32824	
41265	0	33312	
41266	0	34100	
41267	0	34920	
41268	0	35632	
41269	0	36444	
41270	0	37140	
41271	0	37008	
41272	0	36500	
41273	0	36524	
41274	0	36832	
41275	0	37672	
41276	0	38520	
41277	0	38656	
41278	0	38600	
41279	0	38344	
41280	0	37788	
41281	0	37808	
41282	0	38280	
41283	0	38640	
41284	0	38416	
41285	0	37960	
41286	0	37552	
41287	0	37664	
41288	0	38276	
41289	0	38700	
41290	0	38880	
41291	0	38668	
41292	0	37876	
41293	0	37132	
41294	0	36148	
41295	0	34792	
41296	0	33832	
41297	0	32984	
41298	0	32040	
41299	0	32092	
41300	0	32484	
41301	0	33152	
41302	0	33996	
41303	0	34928	
41304	0	35852	
41305	0	36336	
41306	0	37012	
41307	0	37552	
41308	0	37728	
41309	0	37592	
41310	0	36948	
41311	0	36076	
41312	0	35232	
41313	0	35488	
41314	0	36884	
41315	0	38344	
41316	0	39412	
41317	0	40180	
41318	0	40376	
41319	0	40056	
41320	0	38760	
41321	0	37008	
41322	0	35328	
41323	0	34652	
41324	0	34800	
41325	0	34672	
41326	0	34896	
41327	0	35636	
41328	0	35672	
41329	0	34960	
41330	0	34056	
41331	0	33840	
41332	0	33264	
41333	0	32456	
41334	0	31888	
41335	0	31692	
41336	0	31424	
41337	0	30720	
41338	0	30096	
41339	0	29780	
41340	0	28784	
41341	0	28564	
41342	0	29020	
41343	0	29832	
41344	0	30652	
41345	0	30760	
41346	0	30216	
41347	0	29962	
41348	0	29852	
41349	0	29468	
41350	0	29066	
41351	0	28572	
41352	0	29152	
41353	0	30496	
41354	0	31988	
41355	0	32992	
41356	0	33396	
41357	0	33208	
41358	0	32668	
41359	0	32344	
41360	0	32132	
41361	0	31956	
41362	0	31824	
41363	0	31874	
41364	0	32464	
41365	0	33092	
41366	0	34076	
41367	0	35072	
41368	0	35420	
41369	0	35188	
41370	0	34776	
41371	0	34732	
41372	0	34992	
41373	0	35404	
41374	0	35744	
41375	0	34928	
41376	0	33628	
41377	0	32572	
41378	0	31812	
41379	0	31016	
41380	0	30300	
41381	0	30164	
41382	0	30362	
41383	0	30772	
41384	0	30984	
41385	0	31036	
41386	0	31000	
41387	0	30552	
41388	0	29864	
41389	0	29952	
41390	0	30660	
41391	0	31184	
41392	0	31948	
41393	0	32660	
41394	0	32784	
41395	0	32340	
41396	0	31616	
41397	0	31192	
41398	0	30880	
41399	0	31188	
41400	0	31936	
41401	0	33012	
41402	0	33824	
41403	0	33732	
41404	0	33636	
41405	0	34080	
41406	0	34528	
41407	0	34700	
41408	0	35332	
41409	0	36200	
41410	0	36348	
41411	0	36612	
41412	0	35744	
41413	0	34672	
41414	0	34330	
41415	0	34532	
41416	0	34456	
41417	0	33888	
41418	0	32892	
41419	0	31896	
41420	0	31580	
41421	0	31272	
41422	0	31460	
41423	0	31328	
41424	0	30352	
41425	0	29328	
41426	0	28920	
41427	0	28372	
41428	0	28664	
41429	0	29580	
41430	0	30540	
41431	0	30816	
41432	0	31080	
41433	0	31316	
41434	0	31052	
41435	0	30476	
41436	0	29760	
41437	0	29348	
41438	0	29310	
41439	0	29512	
41440	0	29620	
41441	0	29376	
41442	0	28860	
41443	0	29248	
41444	0	29752	
41445	0	29700	
41446	0	28392	
41447	0	27112	
41448	0	26864	
41449	0	27388	
41450	0	27852	
41451	0	27964	
41452	0	27856	
41453	0	27784	
41454	0	27768	
41455	0	28152	
41456	0	28640	
41457	0	29316	
41458	0	29944	
41459	0	30284	
41460	0	30980	
41461	0	31332	
41462	0	31518	
41463	0	31582	
41464	0	31604	
41465	0	31320	
41466	0	30628	
41467	0	30156	
41468	0	30004	
41469	0	29844	
41470	0	29772	
41471	0	29712	
41472	0	29984	
41473	0	29684	
41474	0	29360	
41475	0	29220	
41476	0	29500	
41477	0	29832	
41478	0	29764	
41479	0	29432	
41480	0	29180	
41481	0	28936	
41482	0	28680	
41483	0	28312	
41484	0	28464	
41485	0	29716	
41486	0	31633	
41487	0	33296	
41488	0	33808	
41489	0	33224	
41490	0	32252	
41491	0	31504	
41492	0	30880	
41493	0	30404	
41494	0	30152	
41495	0	30352	
41496	0	30424	
41497	0	30268	
41498	0	30148	
41499	0	30064	
41500	0	30376	
41501	0	30916	
41502	0	31448	
41503	0	32012	
41504	0	32240	
41505	0	32384	
41506	0	32168	
41507	0	32084	
41508	0	32560	
41509	0	33300	
41510	0	33816	
41511	0	34112	
41512	0	34608	
41513	0	34616	
41514	0	34064	
41515	0	33420	
41516	0	33152	
41517	0	32860	
41518	0	33228	
41519	0	33760	
41520	0	34072	
41521	0	34468	
41522	0	34820	
41523	0	35292	
41524	0	35220	
41525	0	34688	
41526	0	34236	
41527	0	33456	
41528	0	32680	
41529	0	31752	
41530	0	31428	
41531	0	31292	
41532	0	31568	
41533	0	31992	
41534	0	32520	
41535	0	32824	
41536	0	32552	
41537	0	31656	
41538	0	30616	
41539	0	30048	
41540	0	29784	
41541	0	29728	
41542	0	30088	
41543	0	30460	
41544	0	30554	
41545	0	30192	
41546	0	29402	
41547	0	28168	
41548	0	27652	
41549	0	27968	
41550	0	28512	
41551	0	29128	
41552	0	29776	
41553	0	30184	
41554	0	30306	
41555	0	29740	
41556	0	29624	
41557	0	30148	
41558	0	29996	
41559	0	29636	
41560	0	29648	
41561	0	30348	
41562	0	31400	
41563	0	31944	
41564	0	31742	
41565	0	31080	
41566	0	30376	
41567	0	30564	
41568	0	30760	
41569	0	30764	
41570	0	30484	
41571	0	30408	
41572	0	31208	
41573	0	32080	
41574	0	33208	
41575	0	33616	
41576	0	33968	
41577	0	34328	
41578	0	34544	
41579	0	34640	
41580	0	34680	
41581	0	34116	
41582	0	33160	
41583	0	32340	
41584	0	31592	
41585	0	31076	
41586	0	30836	
41587	0	30696	
41588	0	30948	
41589	0	31220	
41590	0	31696	
41591	0	31192	
41592	0	30208	
41593	0	29668	
41594	0	29936	
41595	0	30328	
41596	0	30652	
41597	0	30936	
41598	0	31608	
41599	0	31496	
41600	0	31040	
41601	0	31188	
41602	0	31932	
41603	0	32772	
41604	0	33260	
41605	0	33132	
41606	0	32980	
41607	0	32820	
41608	0	32578	
41609	0	31952	
41610	0	31372	
41611	0	31644	
41612	0	32544	
41613	0	33292	
41614	0	33304	
41615	0	33360	
41616	0	33464	
41617	0	33736	
41618	0	33960	
41619	0	33728	
41620	0	33412	
41621	0	32604	
41622	0	32464	
41623	0	32492	
41624	0	32900	
41625	0	33144	
41626	0	33272	
41627	0	33472	
41628	0	33964	
41629	0	34352	
41630	0	34496	
41631	0	35164	
41632	0	35680	
41633	0	35064	
41634	0	33644	
41635	0	32256	
41636	0	31896	
41637	0	32124	
41638	0	31808	
41639	0	31700	
41640	0	32048	
41641	0	33088	
41642	0	33536	
41643	0	33404	
41644	0	33448	
41645	0	33826	
41646	0	34192	
41647	0	34320	
41648	0	34260	
41649	0	33824	
41650	0	33504	
41651	0	33080	
41652	0	33012	
41653	0	33528	
41654	0	34796	
41655	0	36120	
41656	0	36876	
41657	0	36384	
41658	0	35312	
41659	0	34016	
41660	0	32200	
41661	0	30068	
41662	0	28300	
41663	0	26968	
41664	0	26488	
41665	0	27092	
41666	0	28480	
41667	0	30160	
41668	0	31080	
41669	0	31752	
41670	0	32096	
41671	0	32368	
41672	0	32324	
41673	0	31640	
41674	0	31052	
41675	0	31300	
41676	0	32204	
41677	0	33132	
41678	0	33784	
41679	0	33972	
41680	0	33236	
41681	0	32472	
41682	0	32104	
41683	0	31912	
41684	0	32288	
41685	0	32952	
41686	0	33504	
41687	0	33120	
41688	0	32796	
41689	0	32658	
41690	0	32248	
41691	0	31952	
41692	0	32348	
41693	0	33732	
41694	0	35496	
41695	0	36636	
41696	0	36884	
41697	0	36044	
41698	0	34720	
41699	0	33540	
41700	0	32060	
41701	0	31176	
41702	0	31004	
41703	0	30884	
41704	0	30916	
41705	0	31220	
41706	0	31868	
41707	0	32692	
41708	0	33508	
41709	0	33784	
41710	0	33792	
41711	0	34156	
41712	0	34624	
41713	0	34956	
41714	0	35092	
41715	0	34608	
41716	0	34412	
41717	0	34880	
41718	0	35104	
41719	0	34420	
41720	0	34216	
41721	0	33684	
41722	0	33084	
41723	0	32704	
41724	0	32776	
41725	0	33368	
41726	0	34556	
41727	0	35600	
41728	0	36116	
41729	0	36120	
41730	0	35440	
41731	0	34780	
41732	0	34104	
41733	0	33216	
41734	0	32980	
41735	0	33616	
41736	0	34240	
41737	0	34440	
41738	0	33952	
41739	0	33148	
41740	0	32330	
41741	0	31904	
41742	0	31912	
41743	0	32004	
41744	0	31984	
41745	0	31952	
41746	0	31996	
41747	0	31860	
41748	0	31600	
41749	0	31100	
41750	0	30688	
41751	0	30716	
41752	0	30704	
41753	0	30936	
41754	0	31456	
41755	0	32044	
41756	0	32444	
41757	0	33032	
41758	0	33892	
41759	0	34680	
41760	0	35296	
41761	0	35364	
41762	0	35128	
41763	0	34012	
41764	0	33024	
41765	0	32364	
41766	0	32384	
41767	0	32824	
41768	0	32792	
41769	0	32808	
41770	0	33088	
41771	0	33424	
41772	0	32968	
41773	0	32666	
41774	0	32696	
41775	0	32860	
41776	0	33228	
41777	0	33124	
41778	0	32148	
41779	0	31468	
41780	0	30684	
41781	0	30588	
41782	0	30848	
41783	0	31940	
41784	0	33064	
41785	0	33548	
41786	0	33788	
41787	0	33572	
41788	0	33420	
41789	0	33512	
41790	0	33812	
41791	0	34168	
41792	0	34720	
41793	0	34784	
41794	0	34112	
41795	0	32756	
41796	0	31352	
41797	0	30412	
41798	0	30472	
41799	0	30716	
41800	0	31000	
41801	0	31920	
41802	0	32196	
41803	0	32368	
41804	0	32978	
41805	0	33456	
41806	0	33672	
41807	0	33738	
41808	0	33324	
41809	0	32380	
41810	0	31400	
41811	0	30860	
41812	0	30336	
41813	0	29424	
41814	0	28772	
41815	0	28684	
41816	0	28452	
41817	0	27952	
41818	0	28244	
41819	0	28748	
41820	0	28752	
41821	0	28844	
41822	0	29488	
41823	0	30140	
41824	0	30424	
41825	0	30508	
41826	0	30672	
41827	0	30680	
41828	0	30704	
41829	0	30880	
41830	0	31224	
41831	0	31260	
41832	0	30754	
41833	0	30184	
41834	0	29520	
41835	0	29144	
41836	0	29192	
41837	0	28792	
41838	0	28708	
41839	0	28502	
41840	0	28344	
41841	0	28600	
41842	0	29324	
41843	0	30364	
41844	0	31624	
41845	0	32456	
41846	0	32496	
41847	0	31976	
41848	0	31689	
41849	0	31656	
41850	0	31488	
41851	0	31364	
41852	0	31528	
41853	0	31860	
41854	0	31804	
41855	0	31420	
41856	0	31024	
41857	0	30920	
41858	0	30896	
41859	0	30408	
41860	0	30192	
41861	0	30560	
41862	0	30960	
41863	0	31088	
41864	0	31052	
41865	0	30800	
41866	0	30816	
41867	0	31328	
41868	0	31540	
41869	0	31692	
41870	0	31316	
41871	0	30976	
41872	0	30896	
41873	0	30316	
41874	0	29504	
41875	0	29308	
41876	0	29950	
41877	0	30234	
41878	0	30076	
41879	0	30412	
41880	0	30992	
41881	0	31400	
41882	0	32068	
41883	0	32748	
41884	0	33544	
41885	0	34368	
41886	0	34640	
41887	0	34064	
41888	0	33324	
41889	0	32928	
41890	0	32248	
41891	0	31364	
41892	0	30604	
41893	0	29912	
41894	0	29156	
41895	0	28424	
41896	0	28280	
41897	0	28424	
41898	0	28064	
41899	0	27644	
41900	0	27564	
41901	0	28016	
41902	0	28880	
41903	0	29660	
41904	0	29720	
41905	0	29572	
41906	0	29004	
41907	0	28760	
41908	0	28860	
41909	0	28580	
41910	0	28440	
41911	0	28956	
41912	0	28996	
41913	0	28208	
41914	0	27756	
41915	0	28072	
41916	0	28504	
41917	0	28768	
41918	0	29624	
41919	0	30332	
41920	0	30892	
41921	0	30700	
41922	0	30832	
41923	0	30636	
41924	0	30176	
41925	0	29056	
41926	0	27880	
41927	0	27200	
41928	0	27748	
41929	0	28832	
41930	0	29760	
41931	0	30360	
41932	0	31028	
41933	0	31960	
41934	0	32676	
41935	0	33216	
41936	0	33456	
41937	0	34156	
41938	0	34704	
41939	0	35400	
41940	0	35144	
41941	0	34464	
41942	0	33248	
41943	0	31552	
41944	0	30196	
41945	0	29480	
41946	0	29120	
41947	0	29192	
41948	0	29600	
41949	0	29816	
41950	0	29876	
41951	0	29628	
41952	0	29272	
41953	0	29180	
41954	0	29268	
41955	0	29636	
41956	0	29568	
41957	0	29160	
41958	0	28744	
41959	0	28728	
41960	0	28688	
41961	0	28624	
41962	0	28696	
41963	0	29020	
41964	0	29842	
41965	0	30240	
41966	0	30132	
41967	0	29792	
41968	0	29240	
41969	0	29204	
41970	0	29612	
41971	0	30320	
41972	0	31264	
41973	0	32424	
41974	0	33800	
41975	0	34976	
41976	0	34984	
41977	0	34068	
41978	0	33680	
41979	0	33856	
41980	0	33904	
41981	0	33752	
41982	0	33736	
41983	0	33736	
41984	0	33272	
41985	0	32324	
41986	0	31104	
41987	0	29512	
41988	0	28088	
41989	0	27476	
41990	0	27852	
41991	0	28488	
41992	0	28980	
41993	0	29276	
41994	0	29416	
41995	0	29400	
41996	0	29328	
41997	0	29232	
41998	0	29156	
41999	0	29064	
42000	0	28620	
42001	0	28016	
42002	0	27864	
42003	0	28000	
42004	0	28748	
42005	0	29848	
42006	0	30692	
42007	0	31360	
42008	0	32120	
42009	0	32600	
42010	0	32728	
42011	0	33064	
42012	0	32944	
42013	0	32660	
42014	0	32620	
42015	0	32988	
42016	0	33544	
42017	0	34280	
42018	0	34300	
42019	0	33660	
42020	0	33184	
42021	0	32908	
42022	0	32844	
42023	0	33320	
42024	0	33548	
42025	0	33664	
42026	0	33640	
42027	0	32844	
42028	0	31724	
42029	0	30852	
42030	0	30028	
42031	0	29720	
42032	0	30016	
42033	0	30548	
42034	0	31276	
42035	0	31996	
42036	0	32456	
42037	0	32496	
42038	0	32244	
42039	0	31324	
42040	0	29824	
42041	0	28332	
42042	0	27472	
42043	0	26928	
42044	0	27412	
42045	0	28216	
42046	0	28792	
42047	0	28548	
42048	0	28344	
42049	0	27748	
42050	0	26800	
42051	0	25904	
42052	0	25780	
42053	0	26252	
42054	0	26860	
42055	0	27384	
42056	0	27712	
42057	0	27732	
42058	0	27968	
42059	0	28580	
42060	0	29304	
42061	0	29848	
42062	0	30060	
42063	0	30388	
42064	0	30624	
42065	0	30488	
42066	0	30016	
42067	0	30088	
42068	0	30260	
42069	0	30712	
42070	0	31508	
42071	0	31960	
42072	0	31880	
42073	0	31332	
42074	0	30636	
42075	0	29616	
42076	0	29288	
42077	0	30072	
42078	0	31464	
42079	0	32052	
42080	0	32140	
42081	0	31704	
42082	0	31097	
42083	0	30714	
42084	0	30480	
42085	0	30092	
42086	0	30576	
42087	0	31632	
42088	0	32328	
42089	0	32228	
42090	0	31288	
42091	0	30352	
42092	0	29564	
42093	0	28700	
42094	0	28260	
42095	0	28328	
42096	0	28896	
42097	0	28960	
42098	0	28756	
42099	0	28640	
42100	0	28620	
42101	0	29204	
42102	0	30036	
42103	0	30992	
42104	0	31708	
42105	0	32016	
42106	0	32244	
42107	0	32356	
42108	0	32324	
42109	0	32536	
42110	0	32764	
42111	0	32744	
42112	0	32464	
42113	0	32644	
42114	0	33428	
42115	0	34248	
42116	0	34484	
42117	0	34472	
42118	0	33996	
42119	0	32944	
42120	0	32008	
42121	0	30896	
42122	0	30156	
42123	0	29804	
42124	0	28948	
42125	0	28288	
42126	0	28308	
42127	0	28276	
42128	0	28112	
42129	0	28604	
42130	0	29032	
42131	0	29300	
42132	0	29500	
42133	0	29112	
42134	0	28148	
42135	0	27584	
42136	0	27508	
42137	0	28076	
42138	0	29196	
42139	0	29608	
42140	0	29592	
42141	0	29280	
42142	0	29712	
42143	0	30196	
42144	0	30680	
42145	0	31084	
42146	0	31548	
42147	0	32220	
42148	0	32648	
42149	0	33104	
42150	0	33588	
42151	0	34300	
42152	0	34648	
42153	0	34672	
42154	0	34608	
42155	0	34550	
42156	0	34496	
42157	0	35032	
42158	0	35752	
42159	0	35748	
42160	0	34928	
42161	0	34172	
42162	0	33736	
42163	0	33376	
42164	0	33664	
42165	0	33792	
42166	0	33248	
42167	0	32924	
42168	0	33040	
42169	0	33300	
42170	0	33844	
42171	0	33968	
42172	0	33892	
42173	0	33732	
42174	0	33520	
42175	0	33228	
42176	0	32524	
42177	0	31180	
42178	0	30084	
42179	0	29228	
42180	0	28564	
42181	0	27952	
42182	0	27512	
42183	0	27652	
42184	0	27736	
42185	0	27760	
42186	0	28504	
42187	0	29980	
42188	0	31872	
42189	0	33056	
42190	0	33100	
42191	0	33088	
42192	0	32924	
42193	0	32616	
42194	0	32040	
42195	0	31372	
42196	0	31296	
42197	0	31852	
42198	0	32588	
42199	0	33156	
42200	0	33196	
42201	0	32796	
42202	0	32392	
42203	0	32368	
42204	0	31824	
42205	0	31720	
42206	0	32732	
42207	0	33568	
42208	0	34026	
42209	0	34276	
42210	0	34432	
42211	0	34592	
42212	0	34732	
42213	0	34588	
42214	0	34440	
42215	0	34116	
42216	0	33280	
42217	0	32776	
42218	0	32784	
42219	0	33412	
42220	0	34376	
42221	0	34912	
42222	0	35184	
42223	0	35444	
42224	0	35348	
42225	0	35540	
42226	0	35616	
42227	0	35836	
42228	0	36344	
42229	0	36724	
42230	0	36968	
42231	0	36492	
42232	0	35964	
42233	0	36240	
42234	0	36092	
42235	0	36040	
42236	0	35776	
42237	0	35608	
42238	0	35856	
42239	0	36788	
42240	0	36920	
42241	0	37424	
42242	0	38072	
42243	0	38908	
42244	0	39040	
42245	0	38276	
42246	0	36740	
42247	0	35208	
42248	0	34016	
42249	0	32284	
42250	0	30924	
42251	0	30480	
42252	0	30720	
42253	0	30940	
42254	0	30820	
42255	0	30736	
42256	0	31196	
42257	0	31660	
42258	0	31556	
42259	0	31204	
42260	0	30568	
42261	0	29992	
42262	0	30136	
42263	0	30696	
42264	0	31556	
42265	0	32504	
42266	0	33128	
42267	0	33532	
42268	0	33904	
42269	0	34640	
42270	0	34852	
42271	0	34084	
42272	0	32768	
42273	0	32192	
42274	0	32940	
42275	0	34426	
42276	0	35484	
42277	0	35736	
42278	0	35604	
42279	0	35712	
42280	0	35344	
42281	0	34380	
42282	0	33472	
42283	0	33460	
42284	0	33896	
42285	0	34636	
42286	0	34660	
42287	0	34032	
42288	0	33336	
42289	0	32836	
42290	0	32608	
42291	0	32372	
42292	0	32772	
42293	0	33500	
42294	0	33852	
42295	0	33788	
42296	0	33456	
42297	0	32912	
42298	0	31888	
42299	0	31156	
42300	0	30896	
42301	0	30960	
42302	0	31164	
42303	0	31552	
42304	0	31380	
42305	0	31168	
42306	0	31506	
42307	0	32036	
42308	0	32348	
42309	0	32708	
42310	0	33604	
42311	0	34764	
42312	0	35092	
42313	0	34672	
42314	0	33880	
42315	0	33236	
42316	0	33152	
42317	0	32936	
42318	0	32778	
42319	0	32616	
42320	0	32976	
42321	0	33800	
42322	0	34528	
42323	0	35096	
42324	0	35832	
42325	0	36540	
42326	0	37288	
42327	0	37912	
42328	0	38444	
42329	0	38752	
42330	0	38428	
42331	0	36864	
42332	0	34604	
42333	0	33584	
42334	0	33542	
42335	0	33960	
42336	0	34636	
42337	0	35000	
42338	0	35340	
42339	0	35196	
42340	0	34360	
42341	0	34460	
42342	0	35172	
42343	0	35784	
42344	0	35658	
42345	0	35088	
42346	0	34088	
42347	0	33368	
42348	0	33032	
42349	0	33068	
42350	0	33004	
42351	0	32952	
42352	0	32812	
42353	0	32892	
42354	0	32768	
42355	0	32000	
42356	0	30824	
42357	0	29780	
42358	0	29116	
42359	0	29552	
42360	0	30704	
42361	0	32004	
42362	0	32648	
42363	0	32957	
42364	0	33052	
42365	0	33008	
42366	0	32908	
42367	0	33060	
42368	0	33492	
42369	0	33752	
42370	0	34340	
42371	0	35016	
42372	0	35672	
42373	0	36052	
42374	0	36132	
42375	0	35912	
42376	0	35432	
42377	0	35400	
42378	0	35816	
42379	0	36196	
42380	0	35852	
42381	0	35108	
42382	0	34560	
42383	0	33904	
42384	0	34080	
42385	0	34224	
42386	0	33956	
42387	0	33580	
42388	0	33488	
42389	0	33648	
42390	0	33560	
42391	0	33884	
42392	0	34404	
42393	0	34748	
42394	0	34456	
42395	0	33896	
42396	0	33532	
42397	0	33304	
42398	0	33128	
42399	0	33168	
42400	0	32812	
42401	0	32780	
42402	0	33344	
42403	0	33496	
42404	0	33008	
42405	0	33016	
42406	0	33004	
42407	0	33432	
42408	0	34248	
42409	0	34612	
42410	0	35216	
42411	0	35604	
42412	0	35640	
42413	0	35484	
42414	0	35636	
42415	0	36652	
42416	0	38616	
42417	0	40372	
42418	0	41604	
42419	0	41888	
42420	0	41052	
42421	0	39792	
42422	0	38072	
42423	0	36260	
42424	0	35104	
42425	0	33964	
42426	0	32820	
42427	0	31724	
42428	0	31308	
42429	0	31652	
42430	0	32752	
42431	0	33512	
42432	0	34168	
42433	0	34796	
42434	0	34856	
42435	0	34276	
42436	0	33856	
42437	0	33492	
42438	0	33908	
42439	0	34408	
42440	0	34568	
42441	0	34820	
42442	0	35632	
42443	0	36592	
42444	0	36524	
42445	0	36652	
42446	0	37124	
42447	0	37608	
42448	0	37868	
42449	0	37932	
42450	0	37900	
42451	0	38080	
42452	0	38376	
42453	0	37912	
42454	0	37080	
42455	0	36580	
42456	0	35752	
42457	0	35112	
42458	0	35204	
42459	0	35892	
42460	0	36300	
42461	0	36600	
42462	0	36864	
42463	0	36876	
42464	0	36396	
42465	0	34920	
42466	0	33676	
42467	0	33504	
42468	0	33972	
42469	0	34536	
42470	0	35464	
42471	0	36012	
42472	0	36256	
42473	0	36356	
42474	0	36336	
42475	0	35744	
42476	0	35392	
42477	0	35152	
42478	0	34500	
42479	0	33780	
42480	0	33600	
42481	0	33392	
42482	0	33104	
42483	0	32776	
42484	0	32994	
42485	0	33016	
42486	0	32872	
42487	0	33068	
42488	0	33864	
42489	0	34604	
42490	0	34836	
42491	0	34856	
42492	0	34904	
42493	0	35700	
42494	0	36360	
42495	0	36696	
42496	0	36552	
42497	0	36416	
42498	0	35956	
42499	0	35528	
42500	0	35060	
42501	0	34628	
42502	0	34256	
42503	0	33872	
42504	0	33152	
42505	0	32336	
42506	0	32494	
42507	0	33220	
42508	0	34012	
42509	0	34436	
42510	0	34304	
42511	0	34240	
42512	0	34280	
42513	0	34344	
42514	0	34184	
42515	0	33616	
42516	0	33284	
42517	0	32944	
42518	0	32634	
42519	0	32588	
42520	0	32304	
42521	0	32328	
42522	0	32024	
42523	0	31928	
42524	0	31224	
42525	0	30132	
42526	0	29536	
42527	0	29840	
42528	0	30464	
42529	0	30608	
42530	0	30424	
42531	0	29832	
42532	0	29872	
42533	0	30748	
42534	0	31476	
42535	0	32208	
42536	0	32634	
42537	0	32928	
42538	0	32960	
42539	0	32964	
42540	0	33192	
42541	0	33108	
42542	0	33164	
42543	0	32824	
42544	0	32240	
42545	0	31260	
42546	0	30096	
42547	0	28884	
42548	0	28672	
42549	0	28972	
42550	0	29232	
42551	0	29116	
42552	0	29508	
42553	0	30208	
42554	0	30476	
42555	0	30508	
42556	0	30724	
42557	0	31388	
42558	0	31877	
42559	0	31952	
42560	0	31752	
42561	0	31668	
42562	0	31420	
42563	0	31432	
42564	0	31524	
42565	0	31628	
42566	0	31448	
42567	0	31512	
42568	0	31036	
42569	0	30400	
42570	0	30444	
42571	0	30488	
42572	0	30332	
42573	0	30192	
42574	0	29328	
42575	0	28548	
42576	0	27780	
42577	0	27320	
42578	0	27144	
42579	0	27404	
42580	0	27700	
42581	0	27968	
42582	0	28624	
42583	0	29784	
42584	0	31252	
42585	0	32646	
42586	0	32940	
42587	0	32776	
42588	0	32236	
42589	0	31806	
42590	0	31860	
42591	0	31992	
42592	0	31888	
42593	0	31940	
42594	0	31994	
42595	0	31832	
42596	0	31844	
42597	0	32344	
42598	0	33296	
42599	0	33752	
42600	0	33584	
42601	0	33316	
42602	0	32800	
42603	0	32532	
42604	0	32648	
42605	0	32352	
42606	0	32008	
42607	0	31632	
42608	0	31324	
42609	0	30956	
42610	0	31116	
42611	0	31720	
42612	0	32688	
42613	0	33548	
42614	0	33740	
42615	0	33232	
42616	0	33368	
42617	0	34048	
42618	0	34492	
42619	0	34364	
42620	0	33980	
42621	0	33532	
42622	0	33800	
42623	0	34436	
42624	0	35512	
42625	0	36304	
42626	0	36772	
42627	0	36952	
42628	0	36576	
42629	0	36412	
42630	0	36260	
42631	0	35720	
42632	0	35560	
42633	0	34620	
42634	0	33756	
42635	0	33024	
42636	0	32876	
42637	0	33000	
42638	0	33168	
42639	0	33500	
42640	0	33988	
42641	0	34068	
42642	0	33832	
42643	0	32904	
42644	0	31816	
42645	0	31368	
42646	0	31121	
42647	0	30968	
42648	0	31248	
42649	0	32092	
42650	0	33724	
42651	0	35580	
42652	0	36984	
42653	0	37508	
42654	0	37500	
42655	0	37420	
42656	0	37680	
42657	0	37484	
42658	0	36736	
42659	0	36504	
42660	0	36556	
42661	0	36512	
42662	0	36424	
42663	0	36344	
42664	0	36048	
42665	0	35944	
42666	0	36536	
42667	0	37448	
42668	0	37880	
42669	0	38004	
42670	0	38060	
42671	0	37456	
42672	0	36452	
42673	0	35472	
42674	0	35228	
42675	0	35384	
42676	0	35244	
42677	0	34424	
42678	0	33704	
42679	0	33456	
42680	0	33136	
42681	0	32892	
42682	0	32232	
42683	0	31404	
42684	0	31080	
42685	0	31224	
42686	0	31628	
42687	0	32028	
42688	0	32460	
42689	0	32896	
42690	0	32904	
42691	0	33556	
42692	0	34144	
42693	0	35100	
42694	0	35564	
42695	0	35852	
42696	0	35920	
42697	0	36188	
42698	0	36180	
42699	0	35952	
42700	0	36000	
42701	0	35560	
42702	0	34920	
42703	0	34808	
42704	0	34720	
42705	0	34784	
42706	0	34580	
42707	0	34228	
42708	0	34276	
42709	0	34616	
42710	0	34684	
42711	0	34276	
42712	0	33756	
42713	0	33428	
42714	0	33772	
42715	0	34472	
42716	0	34632	
42717	0	34660	
42718	0	34756	
42719	0	34876	
42720	0	35292	
42721	0	35564	
42722	0	35476	
42723	0	35732	
42724	0	35768	
42725	0	35564	
42726	0	35152	
42727	0	34860	
42728	0	34604	
42729	0	34988	
42730	0	35988	
42731	0	36772	
42732	0	37168	
42733	0	36648	
42734	0	35004	
42735	0	33624	
42736	0	32756	
42737	0	32000	
42738	0	31576	
42739	0	31764	
42740	0	32426	
42741	0	33192	
42742	0	34156	
42743	0	34592	
42744	0	33936	
42745	0	32936	
42746	0	31712	
42747	0	30904	
42748	0	30264	
42749	0	29472	
42750	0	28874	
42751	0	29236	
42752	0	30208	
42753	0	31192	
42754	0	31756	
42755	0	31776	
42756	0	31578	
42757	0	31540	
42758	0	31216	
42759	0	31176	
42760	0	31712	
42761	0	32540	
42762	0	33424	
42763	0	34268	
42764	0	35608	
42765	0	36788	
42766	0	37208	
42767	0	36832	
42768	0	36388	
42769	0	35612	
42770	0	35280	
42771	0	35264	
42772	0	34764	
42773	0	34960	
42774	0	35420	
42775	0	35488	
42776	0	35092	
42777	0	34128	
42778	0	33268	
42779	0	32736	
42780	0	31908	
42781	0	31096	
42782	0	31120	
42783	0	31904	
42784	0	32872	
42785	0	33408	
42786	0	33620	
42787	0	33508	
42788	0	33060	
42789	0	32412	
42790	0	32116	
42791	0	32392	
42792	0	33064	
42793	0	34308	
42794	0	35260	
42795	0	35592	
42796	0	35172	
42797	0	33676	
42798	0	32060	
42799	0	30492	
42800	0	29208	
42801	0	28796	
42802	0	29004	
42803	0	29296	
42804	0	29832	
42805	0	30144	
42806	0	30100	
42807	0	29844	
42808	0	29708	
42809	0	29840	
42810	0	29908	
42811	0	29928	
42812	0	30192	
42813	0	30212	
42814	0	30376	
42815	0	30400	
42816	0	30400	
42817	0	30640	
42818	0	30772	
42819	0	30888	
42820	0	31512	
42821	0	31896	
42822	0	31888	
42823	0	31936	
42824	0	31796	
42825	0	31536	
42826	0	31108	
42827	0	30680	
42828	0	30296	
42829	0	30080	
42830	0	29432	
42831	0	28732	
42832	0	28028	
42833	0	26356	
42834	0	24072	
42835	0	21844	
42836	0	21244	
42837	0	22364	
42838	0	24526	
42839	0	26544	
42840	0	28152	
42841	0	29244	
42842	0	30464	
42843	0	31980	
42844	0	33856	
42845	0	35136	
42846	0	35716	
42847	0	35528	
42848	0	34680	
42849	0	33896	
42850	0	33252	
42851	0	32628	
42852	0	32108	
42853	0	31952	
42854	0	32576	
42855	0	33264	
42856	0	33040	
42857	0	32416	
42858	0	31564	
42859	0	30760	
42860	0	30378	
42861	0	30948	
42862	0	31276	
42863	0	31400	
42864	0	31192	
42865	0	30852	
42866	0	30112	
42867	0	29216	
42868	0	27872	
42869	0	26824	
42870	0	25544	
42871	0	24412	
42872	0	23981	
42873	0	24376	
42874	0	25200	
42875	0	26184	
42876	0	26120	
42877	0	25052	
42878	0	24592	
42879	0	24744	
42880	0	25360	
42881	0	26068	
42882	0	26856	
42883	0	27578	
42884	0	27528	
42885	0	27000	
42886	0	26556	
42887	0	26872	
42888	0	27676	
42889	0	29400	
42890	0	30488	
42891	0	31384	
42892	0	31788	
42893	0	31252	
42894	0	29904	
42895	0	28536	
42896	0	27812	
42897	0	27568	
42898	0	27308	
42899	0	27316	
42900	0	27284	
42901	0	27296	
42902	0	27516	
42903	0	27364	
42904	0	26960	
42905	0	26860	
42906	0	27092	
42907	0	27600	
42908	0	27928	
42909	0	27992	
42910	0	28412	
42911	0	28608	
42912	0	28580	
42913	0	29428	
42914	0	30316	
42915	0	30748	
42916	0	30316	
42917	0	29720	
42918	0	29700	
42919	0	30162	
42920	0	30564	
42921	0	30888	
42922	0	30136	
42923	0	29232	
42924	0	28744	
42925	0	28420	
42926	0	28192	
42927	0	27920	
42928	0	27948	
42929	0	28688	
42930	0	29592	
42931	0	30464	
42932	0	31380	
42933	0	31784	
42934	0	31792	
42935	0	31360	
42936	0	30968	
42937	0	31072	
42938	0	31216	
42939	0	31140	
42940	0	31372	
42941	0	31968	
42942	0	32204	
42943	0	32188	
42944	0	32804	
42945	0	33368	
42946	0	33264	
42947	0	33500	
42948	0	34120	
42949	0	34784	
42950	0	34584	
42951	0	33984	
42952	0	33888	
42953	0	33768	
42954	0	33728	
42955	0	34336	
42956	0	35344	
42957	0	35628	
42958	0	36128	
42959	0	36532	
42960	0	37020	
42961	0	37072	
42962	0	36740	
42963	0	36096	
42964	0	35552	
42965	0	35212	
42966	0	34900	
42967	0	34284	
42968	0	33508	
42969	0	33082	
42970	0	32844	
42971	0	32620	
42972	0	32540	
42973	0	32776	
42974	0	33032	
42975	0	33080	
42976	0	32852	
42977	0	33340	
42978	0	33876	
42979	0	34340	
42980	0	35212	
42981	0	35968	
42982	0	36064	
42983	0	35664	
42984	0	35536	
42985	0	36296	
42986	0	37704	
42987	0	38644	
42988	0	39612	
42989	0	40096	
42990	0	40224	
42991	0	40300	
42992	0	39892	
42993	0	39044	
42994	0	37612	
42995	0	35968	
42996	0	34988	
42997	0	34748	
42998	0	34784	
42999	0	35108	
43000	0	35568	
43001	0	35724	
43002	0	35276	
43003	0	34512	
43004	0	33940	
43005	0	33836	
43006	0	34032	
43007	0	34284	
43008	0	34316	
43009	0	34332	
43010	0	34728	
43011	0	35520	
43012	0	35480	
43013	0	35600	
43014	0	36260	
43015	0	36968	
43016	0	37276	
43017	0	37280	
43018	0	36804	
43019	0	36260	
43020	0	36724	
43021	0	37728	
43022	0	38076	
43023	0	38158	
43024	0	38576	
43025	0	38832	
43026	0	39020	
43027	0	38480	
43028	0	37348	
43029	0	36428	
43030	0	35984	
43031	0	36508	
43032	0	37528	
43033	0	37952	
43034	0	37756	
43035	0	37568	
43036	0	37460	
43037	0	37484	
43038	0	37004	
43039	0	36000	
43040	0	35128	
43041	0	34216	
43042	0	33324	
43043	0	32712	
43044	0	32952	
43045	0	33376	
43046	0	33508	
43047	0	33852	
43048	0	34676	
43049	0	35740	
43050	0	35884	
43051	0	35632	
43052	0	35056	
43053	0	34484	
43054	0	33904	
43055	0	33876	
43056	0	34392	
43057	0	34688	
43058	0	34856	
43059	0	35300	
43060	0	35900	
43061	0	36072	
43062	0	35684	
43063	0	34688	
43064	0	33320	
43065	0	32240	
43066	0	32288	
43067	0	33316	
43068	0	34428	
43069	0	35636	
43070	0	36588	
43071	0	36972	
43072	0	36720	
43073	0	36864	
43074	0	36988	
43075	0	36768	
43076	0	36344	
43077	0	35752	
43078	0	34916	
43079	0	33720	
43080	0	32408	
43081	0	30704	
43082	0	29480	
43083	0	28816	
43084	0	28896	
43085	0	29464	
43086	0	30408	
43087	0	31416	
43088	0	32164	
43089	0	32544	
43090	0	32540	
43091	0	32200	
43092	0	31960	
43093	0	31560	
43094	0	31208	
43095	0	30976	
43096	0	30970	
43097	0	31544	
43098	0	32216	
43099	0	32216	
43100	0	31796	
43101	0	31880	
43102	0	32192	
43103	0	33128	
43104	0	34020	
43105	0	34556	
43106	0	34732	
43107	0	34544	
43108	0	34412	
43109	0	34580	
43110	0	34684	
43111	0	34212	
43112	0	33472	
43113	0	32980	
43114	0	32552	
43115	0	31640	
43116	0	30448	
43117	0	29560	
43118	0	29300	
43119	0	29780	
43120	0	30732	
43121	0	31920	
43122	0	33052	
43123	0	33936	
43124	0	34496	
43125	0	34860	
43126	0	35224	
43127	0	34952	
43128	0	33832	
43129	0	32424	
43130	0	31424	
43131	0	31052	
43132	0	31228	
43133	0	31724	
43134	0	32260	
43135	0	32334	
43136	0	32332	
43137	0	31844	
43138	0	30956	
43139	0	30316	
43140	0	30312	
43141	0	30512	
43142	0	30816	
43143	0	31300	
43144	0	31708	
43145	0	32744	
43146	0	34112	
43147	0	35180	
43148	0	35392	
43149	0	35192	
43150	0	35116	
43151	0	35868	
43152	0	36972	
43153	0	37040	
43154	0	36404	
43155	0	35456	
43156	0	34692	
43157	0	34456	
43158	0	34076	
43159	0	33756	
43160	0	33616	
43161	0	33936	
43162	0	34216	
43163	0	34368	
43164	0	34336	
43165	0	34056	
43166	0	32980	
43167	0	31400	
43168	0	30100	
43169	0	29356	
43170	0	28860	
43171	0	28972	
43172	0	29312	
43173	0	30152	
43174	0	31188	
43175	0	32440	
43176	0	33404	
43177	0	34560	
43178	0	35648	
43179	0	36656	
43180	0	37540	
43181	0	38636	
43182	0	39388	
43183	0	39712	
43184	0	39964	
43185	0	40296	
43186	0	40524	
43187	0	40448	
43188	0	40588	
43189	0	40344	
43190	0	39596	
43191	0	38880	
43192	0	38508	
43193	0	38304	
43194	0	38256	
43195	0	38868	
43196	0	39620	
43197	0	39740	
43198	0	39380	
43199	0	38900	
43200	0	38876	
43201	0	38502	
43202	0	38176	
43203	0	38028	
43204	0	37904	
43205	0	37728	
43206	0	37396	
43207	0	36700	
43208	0	35340	
43209	0	34576	
43210	0	34344	
43211	0	33872	
43212	0	34052	
43213	0	34580	
43214	0	35012	
43215	0	35912	
43216	0	36904	
43217	0	36768	
43218	0	36516	
43219	0	36260	
43220	0	36300	
43221	0	36276	
43222	0	35568	
43223	0	34312	
43224	0	33232	
43225	0	33016	
43226	0	32960	
43227	0	33088	
43228	0	32756	
43229	0	32540	
43230	0	32188	
43231	0	31936	
43232	0	31060	
43233	0	30476	
43234	0	30280	
43235	0	30064	
43236	0	29940	
43237	0	29864	
43238	0	30440	
43239	0	30708	
43240	0	30394	
43241	0	30288	
43242	0	30476	
43243	0	30536	
43244	0	31016	
43245	0	31768	
43246	0	32980	
43247	0	33928	
43248	0	34824	
43249	0	35304	
43250	0	35176	
43251	0	35124	
43252	0	34620	
43253	0	34552	
43254	0	34696	
43255	0	35164	
43256	0	35240	
43257	0	34052	
43258	0	32548	
43259	0	31404	
43260	0	31172	
43261	0	31326	
43262	0	31500	
43263	0	31480	
43264	0	31564	
43265	0	32488	
43266	0	33488	
43267	0	33820	
43268	0	33980	
43269	0	33880	
43270	0	33680	
43271	0	33420	
43272	0	33016	
43273	0	32836	
43274	0	33352	
43275	0	33788	
43276	0	34096	
43277	0	34184	
43278	0	34144	
43279	0	33496	
43280	0	32744	
43281	0	31960	
43282	0	31522	
43283	0	31528	
43284	0	32188	
43285	0	33332	
43286	0	34692	
43287	0	35792	
43288	0	36876	
43289	0	37836	
43290	0	38784	
43291	0	39364	
43292	0	39636	
43293	0	38828	
43294	0	38128	
43295	0	37792	
43296	0	36936	
43297	0	36368	
43298	0	36072	
43299	0	35826	
43300	0	35492	
43301	0	34976	
43302	0	34876	
43303	0	35352	
43304	0	35964	
43305	0	36644	
43306	0	37044	
43307	0	37348	
43308	0	37368	
43309	0	36824	
43310	0	36116	
43311	0	35996	
43312	0	36284	
43313	0	36760	
43314	0	36568	
43315	0	35688	
43316	0	34220	
43317	0	33784	
43318	0	34236	
43319	0	35080	
43320	0	35208	
43321	0	34852	
43322	0	34344	
43323	0	33924	
43324	0	33528	
43325	0	33288	
43326	0	33212	
43327	0	33228	
43328	0	32904	
43329	0	32128	
43330	0	31368	
43331	0	30988	
43332	0	30896	
43333	0	31064	
43334	0	31488	
43335	0	32456	
43336	0	33400	
43337	0	33900	
43338	0	33472	
43339	0	32256	
43340	0	31288	
43341	0	30788	
43342	0	30572	
43343	0	30924	
43344	0	31584	
43345	0	32608	
43346	0	33660	
43347	0	34024	
43348	0	34188	
43349	0	34532	
43350	0	34944	
43351	0	35388	
43352	0	36000	
43353	0	36928	
43354	0	37148	
43355	0	36848	
43356	0	35756	
43357	0	34436	
43358	0	33252	
43359	0	32064	
43360	0	31340	
43361	0	30896	
43362	0	30876	
43363	0	31324	
43364	0	31532	
43365	0	31300	
43366	0	31372	
43367	0	31312	
43368	0	31452	
43369	0	32104	
43370	0	32652	
43371	0	33200	
43372	0	33256	
43373	0	32920	
43374	0	32292	
43375	0	31804	
43376	0	31500	
43377	0	31244	
43378	0	31488	
43379	0	31956	
43380	0	32817	
43381	0	33488	
43382	0	33668	
43383	0	33884	
43384	0	34016	
43385	0	34074	
43386	0	34352	
43387	0	34252	
43388	0	33284	
43389	0	32632	
43390	0	32494	
43391	0	32376	
43392	0	32124	
43393	0	32500	
43394	0	33520	
43395	0	34412	
43396	0	34124	
43397	0	33020	
43398	0	31608	
43399	0	30296	
43400	0	29628	
43401	0	29428	
43402	0	29012	
43403	0	28912	
43404	0	29168	
43405	0	29930	
43406	0	30224	
43407	0	30440	
43408	0	30836	
43409	0	31048	
43410	0	31296	
43411	0	31296	
43412	0	31044	
43413	0	31120	
43414	0	31280	
43415	0	30868	
43416	0	30080	
43417	0	29712	
43418	0	29864	
43419	0	29528	
43420	0	29424	
43421	0	29532	
43422	0	29474	
43423	0	28890	
43424	0	28576	
43425	0	28764	
43426	0	29160	
43427	0	29832	
43428	0	31128	
43429	0	32392	
43430	0	32384	
43431	0	31716	
43432	0	30616	
43433	0	29550	
43434	0	29108	
43435	0	29266	
43436	0	30208	
43437	0	30752	
43438	0	31028	
43439	0	31796	
43440	0	32624	
43441	0	33116	
43442	0	33268	
43443	0	33348	
43444	0	32840	
43445	0	31992	
43446	0	30727	
43447	0	29720	
43448	0	29290	
43449	0	28952	
43450	0	28464	
43451	0	28044	
43452	0	28260	
43453	0	29224	
43454	0	30088	
43455	0	30816	
43456	0	31132	
43457	0	30988	
43458	0	30696	
43459	0	30516	
43460	0	30104	
43461	0	29604	
43462	0	29448	
43463	0	29598	
43464	0	29676	
43465	0	30164	
43466	0	30916	
43467	0	31804	
43468	0	32536	
43469	0	32592	
43470	0	31756	
43471	0	31476	
43472	0	31728	
43473	0	31928	
43474	0	31956	
43475	0	31872	
43476	0	31692	
43477	0	30936	
43478	0	29504	
43479	0	28330	
43480	0	28016	
43481	0	28668	
43482	0	29012	
43483	0	29284	
43484	0	29468	
43485	0	29832	
43486	0	30260	
43487	0	30452	
43488	0	31084	
43489	0	31572	
43490	0	31696	
43491	0	31660	
43492	0	31752	
43493	0	31928	
43494	0	31820	
43495	0	31332	
43496	0	30816	
43497	0	31044	
43498	0	30720	
43499	0	30184	
43500	0	29644	
43501	0	29256	
43502	0	29032	
43503	0	29056	
43504	0	29376	
43505	0	29932	
43506	0	30200	
43507	0	29672	
43508	0	29018	
43509	0	28688	
43510	0	28884	
43511	0	29344	
43512	0	29616	
43513	0	29904	
43514	0	30156	
43515	0	30044	
43516	0	29256	
43517	0	28420	
43518	0	28248	
43519	0	28352	
43520	0	28924	
43521	0	29992	
43522	0	31000	
43523	0	32130	
43524	0	32868	
43525	0	33162	
43526	0	33264	
43527	0	33556	
43528	0	33536	
43529	0	33696	
43530	0	33588	
43531	0	33196	
43532	0	32984	
43533	0	33140	
43534	0	33416	
43535	0	33332	
43536	0	32864	
43537	0	32360	
43538	0	31548	
43539	0	31180	
43540	0	31052	
43541	0	31308	
43542	0	31956	
43543	0	32680	
43544	0	33088	
43545	0	33440	
43546	0	33612	
43547	0	33636	
43548	0	33928	
43549	0	34580	
43550	0	34772	
43551	0	34564	
43552	0	34380	
43553	0	33548	
43554	0	32228	
43555	0	31404	
43556	0	31456	
43557	0	32188	
43558	0	32776	
43559	0	33180	
43560	0	33372	
43561	0	33404	
43562	0	32860	
43563	0	32324	
43564	0	32164	
43565	0	31872	
43566	0	31608	
43567	0	31672	
43568	0	31464	
43569	0	31100	
43570	0	30964	
43571	0	30812	
43572	0	30760	
43573	0	30944	
43574	0	31080	
43575	0	31264	
43576	0	32276	
43577	0	32900	
43578	0	33016	
43579	0	33292	
43580	0	33544	
43581	0	33264	
43582	0	32704	
43583	0	32228	
43584	0	32072	
43585	0	32092	
43586	0	32424	
43587	0	32572	
43588	0	32872	
43589	0	33360	
43590	0	33748	
43591	0	34008	
43592	0	33636	
43593	0	32884	
43594	0	32896	
43595	0	33424	
43596	0	34508	
43597	0	34600	
43598	0	34492	
43599	0	34212	
43600	0	34592	
43601	0	35220	
43602	0	35732	
43603	0	36512	
43604	0	37588	
43605	0	38792	
43606	0	39436	
43607	0	39488	
43608	0	39192	
43609	0	39316	
43610	0	39368	
43611	0	39128	
43612	0	38800	
43613	0	38576	
43614	0	38784	
43615	0	39032	
43616	0	38500	
43617	0	37460	
43618	0	36888	
43619	0	37024	
43620	0	37360	
43621	0	37776	
43622	0	38176	
43623	0	38652	
43624	0	38540	
43625	0	37876	
43626	0	36896	
43627	0	36480	
43628	0	36416	
43629	0	35852	
43630	0	34404	
43631	0	33020	
43632	0	31820	
43633	0	30952	
43634	0	30808	
43635	0	32192	
43636	0	33448	
43637	0	34400	
43638	0	34948	
43639	0	35348	
43640	0	36024	
43641	0	36556	
43642	0	36444	
43643	0	36224	
43644	0	35908	
43645	0	35160	
43646	0	34120	
43647	0	33076	
43648	0	32300	
43649	0	31772	
43650	0	31258	
43651	0	31092	
43652	0	31802	
43653	0	33024	
43654	0	34208	
43655	0	34764	
43656	0	34588	
43657	0	33900	
43658	0	33544	
43659	0	33292	
43660	0	33392	
43661	0	33976	
43662	0	34484	
43663	0	34448	
43664	0	34452	
43665	0	34528	
43666	0	34128	
43667	0	33904	
43668	0	34064	
43669	0	34316	
43670	0	34244	
43671	0	34116	
43672	0	34216	
43673	0	34872	
43674	0	35976	
43675	0	37130	
43676	0	37792	
43677	0	37844	
43678	0	37188	
43679	0	36664	
43680	0	36476	
43681	0	36624	
43682	0	37300	
43683	0	38076	
43684	0	38664	
43685	0	38748	
43686	0	38324	
43687	0	38416	
43688	0	38508	
43689	0	38208	
43690	0	37308	
43691	0	36248	
43692	0	35556	
43693	0	34468	
43694	0	33512	
43695	0	33292	
43696	0	33312	
43697	0	32940	
43698	0	32724	
43699	0	32584	
43700	0	32788	
43701	0	32436	
43702	0	31244	
43703	0	30368	
43704	0	29984	
43705	0	30420	
43706	0	31180	
43707	0	31864	
43708	0	32804	
43709	0	33464	
43710	0	33756	
43711	0	33500	
43712	0	32706	
43713	0	32108	
43714	0	31836	
43715	0	31592	
43716	0	31828	
43717	0	32316	
43718	0	32396	
43719	0	32516	
43720	0	32796	
43721	0	32944	
43722	0	33160	
43723	0	33592	
43724	0	33324	
43725	0	32776	
43726	0	32448	
43727	0	32240	
43728	0	31456	
43729	0	30700	
43730	0	30308	
43731	0	31232	
43732	0	32536	
43733	0	33280	
43734	0	33680	
43735	0	34156	
43736	0	34328	
43737	0	34212	
43738	0	33296	
43739	0	31780	
43740	0	30228	
43741	0	28496	
43742	0	27180	
43743	0	26448	
43744	0	26560	
43745	0	27072	
43746	0	28580	
43747	0	30200	
43748	0	31560	
43749	0	32116	
43750	0	32580	
43751	0	32768	
43752	0	32952	
43753	0	33460	
43754	0	33524	
43755	0	32988	
43756	0	31856	
43757	0	30396	
43758	0	29268	
43759	0	28632	
43760	0	28056	
43761	0	27840	
43762	0	28000	
43763	0	28080	
43764	0	28412	
43765	0	29060	
43766	0	29512	
43767	0	29824	
43768	0	29988	
43769	0	30052	
43770	0	30636	
43771	0	31500	
43772	0	32092	
43773	0	31884	
43774	0	31424	
43775	0	31180	
43776	0	30764	
43777	0	30528	
43778	0	30540	
43779	0	30444	
43780	0	30496	
43781	0	30048	
43782	0	29120	
43783	0	28444	
43784	0	28008	
43785	0	28080	
43786	0	28336	
43787	0	28708	
43788	0	29344	
43789	0	30184	
43790	0	31424	
43791	0	32696	
43792	0	33572	
43793	0	34556	
43794	0	35556	
43795	0	35454	
43796	0	34524	
43797	0	33708	
43798	0	33488	
43799	0	33068	
43800	0	32096	
43801	0	30968	
43802	0	29978	
43803	0	29096	
43804	0	28516	
43805	0	28936	
43806	0	30080	
43807	0	31265	
43808	0	31912	
43809	0	32396	
43810	0	33212	
43811	0	34400	
43812	0	35280	
43813	0	35860	
43814	0	35788	
43815	0	35032	
43816	0	34464	
43817	0	33228	
43818	0	31498	
43819	0	30372	
43820	0	30228	
43821	0	30936	
43822	0	31400	
43823	0	31260	
43824	0	31144	
43825	0	31196	
43826	0	31776	
43827	0	32260	
43828	0	32276	
43829	0	31581	
43830	0	31212	
43831	0	31236	
43832	0	31672	
43833	0	32056	
43834	0	32120	
43835	0	32208	
43836	0	32188	
43837	0	32504	
43838	0	32820	
43839	0	32940	
43840	0	32932	
43841	0	32952	
43842	0	32724	
43843	0	32360	
43844	0	32704	
43845	0	32576	
43846	0	32496	
43847	0	33228	
43848	0	34244	
43849	0	34536	
43850	0	33808	
43851	0	32160	
43852	0	30544	
43853	0	29856	
43854	0	30180	
43855	0	29712	
43856	0	28796	
43857	0	27796	
43858	0	27244	
43859	0	26624	
43860	0	25884	
43861	0	25504	
43862	0	25392	
43863	0	25442	
43864	0	25722	
43865	0	26748	
43866	0	28092	
43867	0	29492	
43868	0	30436	
43869	0	31000	
43870	0	31132	
43871	0	31216	
43872	0	31424	
43873	0	31672	
43874	0	32192	
43875	0	32384	
43876	0	32212	
43877	0	31564	
43878	0	30772	
43879	0	29936	
43880	0	29704	
43881	0	30252	
43882	0	30986	
43883	0	31584	
43884	0	32344	
43885	0	33088	
43886	0	33144	
43887	0	32800	
43888	0	32984	
43889	0	33900	
43890	0	34656	
43891	0	34352	
43892	0	34036	
43893	0	34056	
43894	0	33464	
43895	0	32360	
43896	0	31688	
43897	0	31372	
43898	0	31188	
43899	0	30754	
43900	0	30468	
43901	0	30416	
43902	0	30256	
43903	0	30120	
43904	0	29996	
43905	0	30008	
43906	0	31052	
43907	0	32648	
43908	0	34368	
43909	0	35248	
43910	0	35096	
43911	0	34944	
43912	0	34380	
43913	0	33920	
43914	0	33928	
43915	0	34116	
43916	0	34428	
43917	0	33984	
43918	0	33232	
43919	0	32372	
43920	0	31612	
43921	0	31432	
43922	0	31496	
43923	0	31952	
43924	0	32096	
43925	0	32024	
43926	0	32536	
43927	0	33584	
43928	0	34096	
43929	0	34264	
43930	0	34452	
43931	0	34380	
43932	0	34032	
43933	0	33860	
43934	0	34376	
43935	0	35516	
43936	0	36336	
43937	0	35940	
43938	0	34900	
43939	0	34000	
43940	0	33912	
43941	0	34908	
43942	0	35292	
43943	0	35008	
43944	0	35064	
43945	0	35304	
43946	0	35320	
43947	0	35424	
43948	0	35400	
43949	0	35240	
43950	0	34944	
43951	0	34984	
43952	0	35228	
43953	0	35660	
43954	0	36304	
43955	0	36256	
43956	0	35684	
43957	0	34696	
43958	0	33264	
43959	0	32592	
43960	0	32784	
43961	0	33340	
43962	0	34316	
43963	0	35408	
43964	0	36576	
43965	0	37752	
43966	0	38296	
43967	0	38412	
43968	0	37892	
43969	0	36708	
43970	0	35604	
43971	0	35180	
43972	0	35012	
43973	0	34600	
43974	0	33784	
43975	0	32848	
43976	0	32144	
43977	0	31980	
43978	0	32056	
43979	0	31832	
43980	0	31504	
43981	0	31192	
43982	0	31084	
43983	0	30752	
43984	0	30632	
43985	0	31104	
43986	0	31696	
43987	0	32560	
43988	0	33388	
43989	0	33908	
43990	0	34528	
43991	0	34580	
43992	0	34648	
43993	0	34648	
43994	0	34284	
43995	0	33780	
43996	0	33120	
43997	0	32948	
43998	0	33544	
43999	0	34284	
44000	0	34576	
44001	0	35104	
44002	0	35632	
44003	0	35744	
44004	0	35468	
44005	0	34656	
44006	0	33864	
44007	0	33456	
44008	0	33504	
44009	0	33900	
44010	0	34088	
44011	0	33632	
44012	0	32864	
44013	0	32232	
44014	0	32056	
44015	0	32248	
44016	0	31652	
44017	0	30380	
44018	0	29536	
44019	0	29648	
44020	0	29992	
44021	0	29988	
44022	0	29528	
44023	0	29120	
44024	0	28344	
44025	0	28024	
44026	0	27912	
44027	0	28744	
44028	0	30540	
44029	0	32468	
44030	0	33654	
44031	0	33808	
44032	0	33580	
44033	0	32768	
44034	0	31904	
44035	0	31296	
44036	0	30740	
44037	0	30312	
44038	0	29780	
44039	0	29820	
44040	0	30896	
44041	0	31912	
44042	0	32536	
44043	0	32924	
44044	0	32264	
44045	0	31244	
44046	0	29976	
44047	0	29584	
44048	0	30248	
44049	0	30848	
44050	0	31720	
44051	0	32096	
44052	0	31768	
44053	0	31344	
44054	0	31268	
44055	0	31416	
44056	0	31264	
44057	0	30876	
44058	0	30620	
44059	0	31056	
44060	0	31688	
44061	0	32880	
44062	0	34268	
44063	0	35776	
44064	0	37268	
44065	0	38292	
44066	0	39164	
44067	0	39212	
44068	0	38628	
44069	0	37948	
44070	0	37392	
44071	0	36820	
44072	0	36332	
44073	0	35996	
44074	0	35804	
44075	0	35448	
44076	0	35368	
44077	0	35232	
44078	0	35256	
44079	0	35536	
44080	0	35476	
44081	0	34772	
44082	0	34416	
44083	0	34584	
44084	0	34780	
44085	0	34752	
44086	0	34540	
44087	0	34284	
44088	0	33580	
44089	0	33004	
44090	0	32404	
44091	0	31784	
44092	0	31172	
44093	0	30080	
44094	0	28976	
44095	0	28512	
44096	0	28736	
44097	0	29452	
44098	0	30732	
44099	0	32024	
44100	0	32712	
44101	0	32188	
44102	0	30932	
44103	0	29292	
44104	0	28428	
44105	0	28276	
44106	0	28512	
44107	0	29196	
44108	0	29676	
44109	0	29832	
44110	0	30116	
44111	0	29948	
44112	0	29872	
44113	0	30156	
44114	0	30788	
44115	0	30948	
44116	0	31044	
44117	0	31540	
44118	0	32308	
44119	0	33100	
44120	0	32944	
44121	0	32508	
44122	0	32060	
44123	0	32076	
44124	0	32668	
44125	0	33384	
44126	0	34232	
44127	0	34728	
44128	0	34504	
44129	0	33872	
44130	0	33296	
44131	0	33348	
44132	0	33368	
44133	0	33320	
44134	0	33412	
44135	0	33380	
44136	0	32896	
44137	0	33048	
44138	0	33564	
44139	0	34148	
44140	0	34256	
44141	0	34000	
44142	0	33344	
44143	0	32380	
44144	0	31148	
44145	0	30548	
44146	0	30524	
44147	0	30820	
44148	0	31216	
44149	0	31900	
44150	0	32560	
44151	0	33700	
44152	0	34864	
44153	0	35520	
44154	0	36080	
44155	0	36512	
44156	0	37196	
44157	0	37516	
44158	0	36940	
44159	0	35740	
44160	0	33848	
44161	0	31744	
44162	0	30012	
44163	0	28672	
44164	0	27664	
44165	0	27640	
44166	0	28244	
44167	0	28980	
44168	0	29488	
44169	0	29336	
44170	0	29176	
44171	0	29012	
44172	0	28856	
44173	0	28948	
44174	0	29392	
44175	0	28816	
44176	0	28060	
44177	0	27322	
44178	0	27356	
44179	0	27716	
44180	0	28100	
44181	0	28244	
44182	0	27984	
44183	0	27808	
44184	0	28314	
44185	0	29208	
44186	0	29960	
44187	0	30256	
44188	0	29996	
44189	0	29400	
44190	0	28412	
44191	0	27672	
44192	0	27620	
44193	0	27912	
44194	0	28500	
44195	0	29016	
44196	0	29772	
44197	0	31232	
44198	0	32248	
44199	0	33072	
44200	0	33072	
44201	0	32372	
44202	0	31460	
44203	0	31228	
44204	0	31144	
44205	0	31316	
44206	0	31488	
44207	0	31524	
44208	0	31416	
44209	0	31604	
44210	0	32096	
44211	0	32090	
44212	0	31576	
44213	0	31160	
44214	0	31340	
44215	0	31776	
44216	0	32276	
44217	0	32720	
44218	0	32860	
44219	0	32928	
44220	0	33004	
44221	0	32928	
44222	0	32424	
44223	0	31724	
44224	0	31384	
44225	0	31472	
44226	0	31836	
44227	0	32080	
44228	0	32304	
44229	0	32212	
44230	0	31824	
44231	0	31584	
44232	0	31988	
44233	0	32912	
44234	0	33508	
44235	0	33416	
44236	0	32896	
44237	0	31960	
44238	0	31072	
44239	0	30408	
44240	0	29984	
44241	0	29508	
44242	0	28884	
44243	0	28632	
44244	0	29266	
44245	0	30180	
44246	0	30828	
44247	0	31272	
44248	0	31364	
44249	0	31148	
44250	0	31052	
44251	0	30840	
44252	0	31028	
44253	0	31072	
44254	0	31120	
44255	0	30644	
44256	0	30456	
44257	0	30556	
44258	0	30360	
44259	0	30212	
44260	0	30372	
44261	0	30948	
44262	0	31960	
44263	0	32980	
44264	0	33964	
44265	0	34872	
44266	0	35312	
44267	0	35520	
44268	0	35744	
44269	0	35768	
44270	0	35864	
44271	0	35756	
44272	0	35496	
44273	0	35304	
44274	0	35192	
44275	0	35528	
44276	0	35192	
44277	0	35136	
44278	0	35488	
44279	0	35220	
44280	0	34992	
44281	0	35048	
44282	0	35248	
44283	0	35668	
44284	0	36400	
44285	0	37068	
44286	0	37376	
44287	0	37332	
44288	0	37224	
44289	0	36792	
44290	0	36636	
44291	0	37264	
44292	0	37980	
44293	0	38492	
44294	0	38964	
44295	0	39408	
44296	0	39116	
44297	0	38388	
44298	0	37220	
44299	0	36400	
44300	0	36192	
44301	0	35536	
44302	0	34416	
44303	0	33628	
44304	0	33272	
44305	0	33616	
44306	0	34576	
44307	0	35924	
44308	0	37476	
44309	0	38056	
44310	0	37768	
44311	0	37512	
44312	0	37528	
44313	0	36916	
44314	0	36064	
44315	0	35368	
44316	0	34752	
44317	0	34036	
44318	0	33700	
44319	0	33976	
44320	0	34964	
44321	0	36668	
44322	0	37944	
44323	0	37844	
44324	0	37676	
44325	0	37224	
44326	0	36488	
44327	0	34392	
44328	0	31996	
44329	0	30376	
44330	0	29740	
44331	0	29740	
44332	0	29844	
44333	0	29456	
44334	0	29616	
44335	0	30288	
44336	0	31416	
44337	0	32146	
44338	0	32672	
44339	0	32768	
44340	0	33264	
44341	0	34396	
44342	0	35528	
44343	0	36348	
44344	0	37104	
44345	0	37496	
44346	0	36884	
44347	0	35904	
44348	0	35200	
44349	0	34768	
44350	0	34624	
44351	0	33788	
44352	0	32564	
44353	0	32212	
44354	0	31848	
44355	0	31412	
44356	0	31164	
44357	0	30912	
44358	0	30500	
44359	0	29984	
44360	0	29556	
44361	0	29488	
44362	0	29288	
44363	0	29258	
44364	0	29648	
44365	0	30648	
44366	0	31352	
44367	0	31184	
44368	0	30532	
44369	0	29976	
44370	0	29680	
44371	0	29090	
44372	0	28664	
44373	0	28648	
44374	0	28556	
44375	0	28564	
44376	0	28568	
44377	0	28560	
44378	0	28212	
44379	0	28068	
44380	0	28464	
44381	0	28848	
44382	0	29408	
44383	0	29984	
44384	0	30636	
44385	0	30874	
44386	0	30692	
44387	0	29772	
44388	0	28572	
44389	0	28104	
44390	0	28300	
44391	0	29184	
44392	0	30588	
44393	0	32324	
44394	0	33436	
44395	0	34224	
44396	0	34688	
44397	0	35208	
44398	0	35372	
44399	0	35604	
44400	0	35020	
44401	0	33992	
44402	0	32960	
44403	0	32248	
44404	0	31832	
44405	0	31312	
44406	0	31404	
44407	0	31944	
44408	0	32896	
44409	0	33736	
44410	0	34124	
44411	0	34548	
44412	0	35104	
44413	0	35164	
44414	0	35528	
44415	0	36096	
44416	0	36968	
44417	0	37448	
44418	0	37020	
44419	0	36048	
44420	0	35304	
44421	0	34492	
44422	0	32944	
44423	0	31648	
44424	0	30684	
44425	0	31176	
44426	0	31716	
44427	0	31816	
44428	0	31360	
44429	0	30688	
44430	0	30804	
44431	0	30804	
44432	0	30124	
44433	0	29404	
44434	0	28884	
44435	0	29156	
44436	0	29016	
44437	0	28880	
44438	0	28992	
44439	0	28888	
44440	0	28722	
44441	0	28012	
44442	0	27648	
44443	0	27580	
44444	0	27920	
44445	0	28532	
44446	0	29358	
44447	0	30536	
44448	0	31512	
44449	0	32528	
44450	0	33096	
44451	0	33712	
44452	0	34504	
44453	0	34732	
44454	0	34968	
44455	0	34988	
44456	0	34548	
44457	0	33728	
44458	0	32772	
44459	0	31384	
44460	0	30188	
44461	0	29584	
44462	0	29636	
44463	0	30336	
44464	0	31116	
44465	0	31616	
44466	0	31704	
44467	0	31808	
44468	0	32324	
44469	0	33080	
44470	0	33856	
44471	0	34776	
44472	0	35548	
44473	0	35724	
44474	0	34639	
44475	0	34024	
44476	0	34124	
44477	0	34456	
44478	0	34456	
44479	0	34332	
44480	0	34188	
44481	0	33952	
44482	0	33644	
44483	0	33624	
44484	0	33840	
44485	0	33260	
44486	0	32736	
44487	0	32144	
44488	0	31620	
44489	0	31784	
44490	0	32464	
44491	0	33296	
44492	0	34532	
44493	0	35512	
44494	0	36068	
44495	0	36692	
44496	0	37136	
44497	0	37464	
44498	0	37424	
44499	0	37524	
44500	0	37432	
44501	0	37128	
44502	0	36436	
44503	0	35436	
44504	0	34972	
44505	0	34608	
44506	0	34648	
44507	0	34872	
44508	0	35196	
44509	0	35520	
44510	0	35880	
44511	0	36704	
44512	0	36636	
44513	0	35812	
44514	0	34832	
44515	0	34256	
44516	0	33952	
44517	0	33704	
44518	0	33440	
44519	0	33472	
44520	0	33890	
44521	0	34128	
44522	0	34200	
44523	0	34032	
44524	0	33796	
44525	0	33904	
44526	0	33936	
44527	0	33672	
44528	0	32868	
44529	0	31688	
44530	0	31212	
44531	0	31276	
44532	0	31712	
44533	0	32876	
44534	0	35036	
44535	0	37704	
44536	0	39976	
44537	0	41000	
44538	0	41580	
44539	0	41224	
44540	0	39692	
44541	0	37696	
44542	0	35884	
44543	0	34296	
44544	0	32608	
44545	0	31308	
44546	0	30996	
44547	0	31652	
44548	0	32056	
44549	0	32372	
44550	0	32304	
44551	0	31988	
44552	0	31296	
44553	0	30040	
44554	0	28912	
44555	0	27864	
44556	0	27144	
44557	0	26668	
44558	0	26080	
44559	0	24912	
44560	0	23704	
44561	0	22984	
44562	0	22308	
44563	0	21784	
44564	0	21576	
44565	0	21872	
44566	0	22616	
44567	0	22716	
44568	0	22368	
44569	0	22480	
44570	0	22836	
44571	0	23624	
44572	0	24128	
44573	0	24570	
44574	0	24448	
44575	0	23940	
44576	0	22956	
44577	0	21708	
44578	0	20788	
44579	0	20005	
44580	0	19084	
44581	0	18360	
44582	0	18077	
44583	0	18238	
44584	0	18788	
44585	0	19456	
44586	0	20538	
44587	0	21088	
44588	0	21208	
44589	0	21552	
44590	0	22144	
44591	0	22844	
44592	0	23540	
44593	0	23544	
44594	0	23426	
44595	0	24292	
44596	0	26788	
44597	0	28816	
44598	0	29044	
44599	0	28100	
44600	0	27260	
44601	0	26824	
44602	0	26660	
44603	0	26440	
44604	0	25984	
44605	0	25324	
44606	0	24656	
44607	0	23908	
44608	0	23160	
44609	0	22840	
44610	0	23032	
44611	0	23308	
44612	0	23852	
44613	0	24628	
44614	0	26072	
44615	0	26684	
44616	0	26812	
44617	0	26380	
44618	0	26232	
44619	0	26128	
44620	0	25920	
44621	0	25760	
44622	0	25304	
44623	0	24508	
44624	0	23864	
44625	0	23588	
44626	0	23688	
44627	0	23592	
44628	0	24044	
44629	0	24840	
44630	0	26136	
44631	0	27000	
44632	0	27488	
44633	0	27680	
44634	0	27920	
44635	0	27976	
44636	0	28144	
44637	0	28472	
44638	0	28756	
44639	0	28772	
44640	0	29232	
44641	0	29848	
44642	0	30396	
44643	0	30504	
44644	0	30520	
44645	0	30736	
44646	0	30568	
44647	0	30424	
44648	0	30376	
44649	0	30536	
44650	0	30896	
44651	0	31332	
44652	0	31788	
44653	0	32218	
44654	0	32448	
44655	0	32384	
44656	0	32140	
44657	0	32268	
44658	0	32664	
44659	0	33028	
44660	0	33108	
44661	0	32668	
44662	0	31612	
44663	0	30692	
44664	0	29704	
44665	0	28848	
44666	0	29104	
44667	0	29814	
44668	0	30396	
44669	0	30804	
44670	0	31848	
44671	0	32628	
44672	0	32728	
44673	0	32660	
44674	0	32272	
44675	0	32000	
44676	0	32032	
44677	0	32764	
44678	0	33637	
44679	0	34436	
44680	0	35208	
44681	0	35792	
44682	0	35452	
44683	0	34824	
44684	0	34384	
44685	0	33692	
44686	0	32972	
44687	0	32448	
44688	0	32044	
44689	0	31812	
44690	0	31792	
44691	0	31636	
44692	0	31868	
44693	0	32262	
44694	0	32452	
44695	0	32552	
44696	0	32532	
44697	0	32344	
44698	0	31664	
44699	0	31088	
44700	0	31076	
44701	0	30456	
44702	0	29616	
44703	0	28752	
44704	0	27458	
44705	0	26904	
44706	0	27080	
44707	0	28026	
44708	0	29188	
44709	0	30608	
44710	0	32088	
44711	0	32880	
44712	0	32964	
44713	0	32506	
44714	0	32492	
44715	0	33088	
44716	0	33336	
44717	0	32684	
44718	0	31336	
44719	0	29900	
44720	0	29024	
44721	0	28420	
44722	0	28180	
44723	0	27968	
44724	0	28484	
44725	0	29688	
44726	0	30708	
44727	0	31320	
44728	0	31884	
44729	0	32194	
44730	0	32248	
44731	0	32178	
44732	0	32180	
44733	0	32800	
44734	0	33700	
44735	0	33920	
44736	0	34252	
44737	0	34356	
44738	0	33940	
44739	0	33980	
44740	0	34388	
44741	0	34496	
44742	0	34280	
44743	0	33660	
44744	0	32564	
44745	0	31364	
44746	0	30376	
44747	0	30016	
44748	0	29800	
44749	0	29692	
44750	0	30400	
44751	0	31564	
44752	0	33208	
44753	0	34532	
44754	0	34708	
44755	0	34864	
44756	0	35248	
44757	0	35528	
44758	0	36168	
44759	0	36884	
44760	0	37360	
44761	0	37656	
44762	0	37752	
44763	0	37404	
44764	0	36688	
44765	0	36436	
44766	0	36648	
44767	0	36848	
44768	0	37160	
44769	0	37464	
44770	0	37360	
44771	0	37324	
44772	0	36640	
44773	0	35944	
44774	0	35496	
44775	0	35040	
44776	0	34640	
44777	0	34788	
44778	0	35300	
44779	0	35676	
44780	0	36012	
44781	0	35776	
44782	0	35344	
44783	0	34296	
44784	0	33812	
44785	0	33884	
44786	0	34280	
44787	0	34436	
44788	0	34644	
44789	0	34752	
44790	0	34524	
44791	0	33848	
44792	0	33316	
44793	0	33204	
44794	0	33260	
44795	0	33184	
44796	0	33508	
44797	0	34516	
44798	0	35612	
44799	0	36484	
44800	0	36516	
44801	0	36200	
44802	0	35744	
44803	0	35128	
44804	0	34496	
44805	0	34048	
44806	0	33568	
44807	0	33632	
44808	0	34336	
44809	0	35492	
44810	0	36162	
44811	0	36968	
44812	0	37656	
44813	0	37336	
44814	0	36504	
44815	0	35468	
44816	0	34356	
44817	0	33672	
44818	0	33100	
44819	0	32576	
44820	0	32484	
44821	0	32488	
44822	0	32192	
44823	0	32364	
44824	0	32524	
44825	0	32400	
44826	0	31892	
44827	0	31236	
44828	0	30824	
44829	0	30848	
44830	0	31340	
44831	0	31916	
44832	0	33144	
44833	0	34204	
44834	0	35028	
44835	0	35812	
44836	0	36472	
44837	0	36824	
44838	0	36972	
44839	0	36776	
44840	0	36728	
44841	0	36752	
44842	0	37000	
44843	0	36856	
44844	0	36104	
44845	0	35252	
44846	0	34128	
44847	0	33040	
44848	0	32712	
44849	0	33016	
44850	0	33724	
44851	0	34236	
44852	0	34658	
44853	0	35368	
44854	0	35616	
44855	0	35530	
44856	0	35676	
44857	0	35952	
44858	0	35804	
44859	0	34660	
44860	0	33728	
44861	0	32768	
44862	0	31916	
44863	0	31808	
44864	0	32120	
44865	0	32272	
44866	0	32596	
44867	0	33436	
44868	0	33984	
44869	0	34172	
44870	0	33860	
44871	0	34036	
44872	0	33692	
44873	0	33212	
44874	0	33296	
44875	0	33508	
44876	0	33484	
44877	0	33008	
44878	0	32172	
44879	0	31818	
44880	0	31468	
44881	0	31280	
44882	0	31532	
44883	0	32044	
44884	0	32388	
44885	0	32412	
44886	0	32080	
44887	0	31860	
44888	0	31476	
44889	0	31704	
44890	0	31820	
44891	0	31832	
44892	0	31980	
44893	0	32368	
44894	0	32740	
44895	0	33056	
44896	0	32632	
44897	0	31828	
44898	0	31104	
44899	0	30488	
44900	0	29960	
44901	0	29784	
44902	0	30552	
44903	0	31246	
44904	0	31848	
44905	0	32056	
44906	0	31884	
44907	0	31576	
44908	0	31040	
44909	0	30684	
44910	0	30808	
44911	0	30988	
44912	0	31216	
44913	0	32448	
44914	0	34064	
44915	0	36064	
44916	0	37784	
44917	0	38376	
44918	0	38040	
44919	0	37356	
44920	0	36736	
44921	0	36168	
44922	0	36024	
44923	0	35908	
44924	0	35856	
44925	0	36208	
44926	0	36432	
44927	0	37136	
44928	0	37728	
44929	0	37710	
44930	0	37396	
44931	0	37004	
44932	0	36844	
44933	0	36584	
44934	0	37024	
44935	0	37824	
44936	0	38052	
44937	0	37432	
44938	0	36104	
44939	0	34932	
44940	0	34608	
44941	0	34772	
44942	0	35424	
44943	0	36580	
44944	0	37968	
44945	0	38772	
44946	0	38564	
44947	0	37804	
44948	0	37448	
44949	0	37508	
44950	0	37556	
44951	0	37372	
44952	0	37404	
44953	0	37448	
44954	0	36928	
44955	0	36876	
44956	0	36584	
44957	0	35688	
44958	0	34620	
44959	0	33996	
44960	0	33144	
44961	0	32284	
44962	0	31004	
44963	0	29884	
44964	0	29288	
44965	0	29648	
44966	0	31236	
44967	0	33204	
44968	0	34028	
44969	0	34264	
44970	0	34136	
44971	0	34140	
44972	0	34020	
44973	0	33600	
44974	0	33220	
44975	0	33264	
44976	0	33828	
44977	0	34396	
44978	0	34896	
44979	0	35436	
44980	0	35048	
44981	0	33880	
44982	0	32568	
44983	0	32160	
44984	0	31748	
44985	0	31456	
44986	0	31664	
44987	0	32084	
44988	0	32244	
44989	0	32076	
44990	0	31824	
44991	0	31824	
44992	0	31744	
44993	0	31668	
44994	0	32148	
44995	0	33220	
44996	0	33944	
44997	0	33556	
44998	0	32536	
44999	0	31196	
45000	0	30048	
45001	0	29992	
45002	0	30484	
45003	0	31160	
45004	0	31492	
45005	0	31748	
45006	0	31728	
45007	0	31552	
45008	0	31508	
45009	0	31568	
45010	0	31824	
45011	0	32264	
45012	0	32992	
45013	0	34416	
45014	0	35404	
45015	0	36032	
45016	0	35856	
45017	0	35716	
45018	0	35720	
45019	0	35052	
45020	0	34168	
45021	0	33376	
45022	0	32624	
45023	0	32564	
45024	0	32644	
45025	0	33236	
45026	0	33898	
45027	0	34324	
45028	0	34320	
45029	0	34092	
45030	0	33288	
45031	0	32720	
45032	0	32928	
45033	0	33480	
45034	0	34298	
45035	0	34868	
45036	0	35016	
45037	0	35124	
45038	0	34592	
45039	0	34396	
45040	0	33880	
45041	0	33324	
45042	0	32728	
45043	0	32472	
45044	0	32656	
45045	0	32856	
45046	0	32924	
45047	0	33052	
45048	0	33524	
45049	0	33808	
45050	0	34304	
45051	0	34804	
45052	0	35504	
45053	0	36296	
45054	0	36792	
45055	0	37016	
45056	0	36496	
45057	0	35776	
45058	0	35524	
45059	0	35220	
45060	0	34968	
45061	0	34812	
45062	0	34892	
45063	0	35116	
45064	0	35184	
45065	0	35400	
45066	0	35520	
45067	0	35124	
45068	0	34528	
45069	0	33904	
45070	0	33072	
45071	0	32728	
45072	0	32892	
45073	0	33444	
45074	0	33984	
45075	0	34464	
45076	0	35316	
45077	0	35284	
45078	0	35048	
45079	0	34904	
45080	0	34304	
45081	0	33128	
45082	0	31552	
45083	0	29832	
45084	0	28940	
45085	0	28716	
45086	0	28904	
45087	0	29628	
45088	0	30340	
45089	0	30916	
45090	0	31516	
45091	0	32488	
45092	0	33472	
45093	0	34472	
45094	0	35032	
45095	0	35504	
45096	0	35108	
45097	0	34480	
45098	0	34604	
45099	0	35352	
45100	0	36192	
45101	0	36900	
45102	0	37368	
45103	0	36816	
45104	0	35876	
45105	0	35596	
45106	0	35896	
45107	0	36184	
45108	0	36304	
45109	0	36232	
45110	0	36360	
45111	0	36536	
45112	0	36816	
45113	0	36592	
45114	0	35880	
45115	0	35528	
45116	0	35296	
45117	0	34964	
45118	0	34916	
45119	0	35384	
45120	0	36180	
45121	0	37292	
45122	0	38020	
45123	0	38204	
45124	0	38004	
45125	0	37976	
45126	0	38332	
45127	0	38572	
45128	0	38104	
45129	0	37384	
45130	0	36668	
45131	0	36072	
45132	0	35944	
45133	0	36208	
45134	0	36484	
45135	0	36936	
45136	0	37240	
45137	0	36672	
45138	0	36052	
45139	0	35592	
45140	0	34964	
45141	0	34600	
45142	0	34916	
45143	0	36056	
45144	0	37208	
45145	0	37992	
45146	0	38264	
45147	0	38752	
45148	0	39352	
45149	0	39720	
45150	0	39764	
45151	0	39372	
45152	0	38700	
45153	0	38216	
45154	0	37904	
45155	0	37492	
45156	0	37288	
45157	0	36868	
45158	0	35972	
45159	0	35200	
45160	0	34608	
45161	0	34056	
45162	0	34076	
45163	0	33700	
45164	0	33128	
45165	0	32928	
45166	0	33200	
45167	0	33560	
45168	0	33444	
45169	0	32876	
45170	0	32364	
45171	0	32132	
45172	0	32500	
45173	0	32640	
45174	0	33032	
45175	0	33616	
45176	0	34624	
45177	0	34576	
45178	0	34448	
45179	0	34240	
45180	0	33680	
45181	0	32976	
45182	0	32312	
45183	0	32520	
45184	0	32648	
45185	0	32324	
45186	0	31780	
45187	0	31044	
45188	0	30580	
45189	0	30476	
45190	0	30336	
45191	0	30216	
45192	0	30672	
45193	0	31520	
45194	0	32496	
45195	0	33056	
45196	0	32968	
45197	0	32808	
45198	0	32092	
45199	0	31568	
45200	0	31652	
45201	0	32452	
45202	0	33364	
45203	0	33780	
45204	0	33896	
45205	0	33736	
45206	0	33696	
45207	0	33832	
45208	0	33992	
45209	0	34216	
45210	0	34012	
45211	0	33280	
45212	0	32956	
45213	0	33080	
45214	0	33998	
45215	0	34860	
45216	0	35012	
45217	0	33896	
45218	0	32552	
45219	0	31156	
45220	0	30104	
45221	0	29096	
45222	0	28356	
45223	0	28488	
45224	0	29040	
45225	0	29684	
45226	0	30688	
45227	0	31156	
45228	0	31796	
45229	0	32524	
45230	0	32896	
45231	0	32492	
45232	0	32024	
45233	0	32312	
45234	0	32952	
45235	0	33328	
45236	0	33504	
45237	0	33540	
45238	0	33620	
45239	0	33772	
45240	0	33616	
45241	0	33048	
45242	0	32396	
45243	0	31952	
45244	0	31540	
45245	0	31172	
45246	0	30872	
45247	0	30186	
45248	0	29728	
45249	0	29632	
45250	0	29844	
45251	0	30156	
45252	0	30352	
45253	0	30508	
45254	0	30840	
45255	0	31184	
45256	0	31472	
45257	0	31992	
45258	0	32312	
45259	0	32268	
45260	0	32028	
45261	0	31636	
45262	0	31212	
45263	0	30904	
45264	0	30780	
45265	0	30832	
45266	0	31540	
45267	0	32568	
45268	0	32752	
45269	0	32540	
45270	0	32072	
45271	0	31424	
45272	0	30852	
45273	0	30772	
45274	0	31122	
45275	0	31824	
45276	0	32526	
45277	0	33240	
45278	0	33684	
45279	0	34004	
45280	0	33756	
45281	0	33260	
45282	0	33320	
45283	0	33040	
45284	0	32124	
45285	0	31552	
45286	0	31744	
45287	0	32468	
45288	0	32908	
45289	0	33240	
45290	0	33272	
45291	0	32516	
45292	0	31760	
45293	0	30984	
45294	0	30460	
45295	0	30160	
45296	0	30264	
45297	0	30328	
45298	0	30516	
45299	0	30588	
45300	0	30794	
45301	0	31164	
45302	0	31920	
45303	0	32348	
45304	0	32012	
45305	0	31472	
45306	0	30580	
45307	0	29276	
45308	0	28888	
45309	0	29712	
45310	0	30744	
45311	0	31560	
45312	0	32540	
45313	0	33496	
45314	0	34528	
45315	0	35220	
45316	0	35120	
45317	0	34488	
45318	0	33732	
45319	0	32960	
45320	0	32592	
45321	0	32576	
45322	0	33184	
45323	0	33764	
45324	0	33832	
45325	0	33552	
45326	0	33180	
45327	0	33076	
45328	0	33064	
45329	0	33716	
45330	0	34916	
45331	0	36208	
45332	0	37336	
45333	0	38008	
45334	0	38284	
45335	0	37864	
45336	0	36988	
45337	0	36314	
45338	0	35596	
45339	0	35188	
45340	0	35162	
45341	0	34820	
45342	0	34132	
45343	0	33496	
45344	0	33312	
45345	0	33188	
45346	0	33296	
45347	0	33464	
45348	0	33800	
45349	0	34208	
45350	0	34240	
45351	0	33908	
45352	0	33600	
45353	0	33724	
45354	0	33860	
45355	0	33892	
45356	0	33632	
45357	0	33016	
45358	0	32904	
45359	0	32900	
45360	0	33500	
45361	0	34088	
45362	0	34496	
45363	0	34900	
45364	0	35000	
45365	0	35088	
45366	0	34424	
45367	0	34196	
45368	0	34288	
45369	0	34836	
45370	0	35744	
45371	0	36428	
45372	0	36892	
45373	0	37080	
45374	0	37004	
45375	0	37196	
45376	0	37352	
45377	0	37232	
45378	0	37568	
45379	0	37924	
45380	0	37360	
45381	0	36420	
45382	0	35560	
45383	0	35100	
45384	0	34456	
45385	0	33384	
45386	0	32956	
45387	0	33016	
45388	0	33316	
45389	0	33768	
45390	0	33664	
45391	0	33232	
45392	0	32912	
45393	0	33368	
45394	0	34132	
45395	0	34916	
45396	0	35736	
45397	0	36812	
45398	0	38092	
45399	0	39156	
45400	0	39920	
45401	0	40176	
45402	0	40260	
45403	0	39916	
45404	0	39092	
45405	0	38364	
45406	0	38408	
45407	0	38748	
45408	0	39208	
45409	0	40240	
45410	0	40836	
45411	0	40392	
45412	0	39508	
45413	0	38456	
45414	0	37728	
45415	0	37100	
45416	0	36512	
45417	0	36016	
45418	0	35624	
45419	0	35456	
45420	0	35336	
45421	0	35032	
45422	0	34564	
45423	0	34420	
45424	0	34413	
45425	0	34180	
45426	0	33732	
45427	0	33872	
45428	0	34168	
45429	0	33976	
45430	0	33736	
45431	0	33982	
45432	0	34632	
45433	0	35084	
45434	0	35280	
45435	0	35364	
45436	0	35872	
45437	0	36436	
45438	0	36664	
45439	0	36704	
45440	0	36664	
45441	0	35636	
45442	0	34728	
45443	0	33688	
45444	0	32388	
45445	0	31400	
45446	0	30740	
45447	0	30044	
45448	0	30240	
45449	0	30904	
45450	0	31904	
45451	0	33532	
45452	0	35128	
45453	0	35988	
45454	0	36132	
45455	0	35588	
45456	0	34952	
45457	0	34552	
45458	0	33736	
45459	0	32928	
45460	0	32188	
45461	0	31552	
45462	0	30904	
45463	0	30828	
45464	0	31312	
45465	0	31620	
45466	0	31864	
45467	0	32020	
45468	0	31616	
45469	0	30756	
45470	0	30436	
45471	0	30128	
45472	0	30108	
45473	0	30202	
45474	0	30144	
45475	0	30428	
45476	0	30712	
45477	0	30740	
45478	0	30796	
45479	0	31036	
45480	0	31564	
45481	0	31732	
45482	0	31132	
45483	0	30456	
45484	0	30124	
45485	0	30600	
45486	0	30884	
45487	0	31272	
45488	0	31504	
45489	0	31312	
45490	0	30888	
45491	0	30784	
45492	0	31192	
45493	0	31372	
45494	0	31716	
45495	0	32504	
45496	0	33268	
45497	0	34024	
45498	0	34824	
45499	0	35292	
45500	0	35264	
45501	0	35504	
45502	0	36052	
45503	0	36072	
45504	0	36008	
45505	0	35960	
45506	0	35532	
45507	0	35160	
45508	0	34972	
45509	0	34804	
45510	0	34716	
45511	0	34460	
45512	0	34148	
45513	0	33960	
45514	0	33700	
45515	0	33564	
45516	0	33552	
45517	0	33480	
45518	0	33432	
45519	0	33640	
45520	0	33988	
45521	0	33798	
45522	0	32736	
45523	0	32068	
45524	0	32116	
45525	0	32656	
45526	0	32884	
45527	0	32732	
45528	0	32772	
45529	0	33184	
45530	0	33696	
45531	0	34192	
45532	0	34632	
45533	0	34760	
45534	0	33880	
45535	0	32876	
45536	0	32224	
45537	0	32132	
45538	0	31730	
45539	0	31132	
45540	0	30316	
45541	0	29024	
45542	0	28108	
45543	0	28312	
45544	0	28496	
45545	0	29112	
45546	0	29776	
45547	0	30260	
45548	0	30188	
45549	0	29640	
45550	0	29296	
45551	0	29592	
45552	0	29900	
45553	0	29468	
45554	0	28744	
45555	0	28188	
45556	0	28160	
45557	0	28360	
45558	0	29244	
45559	0	29888	
45560	0	29820	
45561	0	29076	
45562	0	28356	
45563	0	27896	
45564	0	27328	
45565	0	26636	
45566	0	26812	
45567	0	27780	
45568	0	29280	
45569	0	30608	
45570	0	31120	
45571	0	30862	
45572	0	30636	
45573	0	31124	
45574	0	31452	
45575	0	31616	
45576	0	31684	
45577	0	31732	
45578	0	31434	
45579	0	31672	
45580	0	31832	
45581	0	31072	
45582	0	30172	
45583	0	29348	
45584	0	29192	
45585	0	29788	
45586	0	30620	
45587	0	31800	
45588	0	32888	
45589	0	33176	
45590	0	32692	
45591	0	31888	
45592	0	31404	
45593	0	30800	
45594	0	30600	
45595	0	30908	
45596	0	31136	
45597	0	31512	
45598	0	31508	
45599	0	31536	
45600	0	32056	
45601	0	32024	
45602	0	32080	
45603	0	32340	
45604	0	32128	
45605	0	31296	
45606	0	31096	
45607	0	31188	
45608	0	31396	
45609	0	31892	
45610	0	32264	
45611	0	32324	
45612	0	32104	
45613	0	31772	
45614	0	31756	
45615	0	31740	
45616	0	31964	
45617	0	32428	
45618	0	32704	
45619	0	32588	
45620	0	32168	
45621	0	31828	
45622	0	31840	
45623	0	32388	
45624	0	32812	
45625	0	32872	
45626	0	32752	
45627	0	32528	
45628	0	31808	
45629	0	31242	
45630	0	31396	
45631	0	31348	
45632	0	31028	
45633	0	30744	
45634	0	30840	
45635	0	30612	
45636	0	30516	
45637	0	30688	
45638	0	30976	
45639	0	30980	
45640	0	30764	
45641	0	30136	
45642	0	29292	
45643	0	28624	
45644	0	28376	
45645	0	28604	
45646	0	29344	
45647	0	30356	
45648	0	31568	
45649	0	32280	
45650	0	32412	
45651	0	32100	
45652	0	31704	
45653	0	30724	
45654	0	29552	
45655	0	28508	
45656	0	28144	
45657	0	28800	
45658	0	29408	
45659	0	29684	
45660	0	29772	
45661	0	29880	
45662	0	30272	
45663	0	31036	
45664	0	32152	
45665	0	33300	
45666	0	33916	
45667	0	33924	
45668	0	33992	
45669	0	33528	
45670	0	32788	
45671	0	32520	
45672	0	32852	
45673	0	33920	
45674	0	34796	
45675	0	35140	
45676	0	34776	
45677	0	34252	
45678	0	33420	
45679	0	33288	
45680	0	33460	
45681	0	33240	
45682	0	32740	
45683	0	32816	
45684	0	33104	
45685	0	33472	
45686	0	33852	
45687	0	34380	
45688	0	35088	
45689	0	35372	
45690	0	35512	
45691	0	35980	
45692	0	36476	
45693	0	36624	
45694	0	36452	
45695	0	35608	
45696	0	35020	
45697	0	34668	
45698	0	34400	
45699	0	34192	
45700	0	34124	
45701	0	34248	
45702	0	34256	
45703	0	33976	
45704	0	33680	
45705	0	33496	
45706	0	32830	
45707	0	32872	
45708	0	33472	
45709	0	33880	
45710	0	34564	
45711	0	35588	
45712	0	36284	
45713	0	36144	
45714	0	35492	
45715	0	34716	
45716	0	34248	
45717	0	34644	
45718	0	35320	
45719	0	35902	
45720	0	36840	
45721	0	37232	
45722	0	37564	
45723	0	37456	
45724	0	36808	
45725	0	36596	
45726	0	36608	
45727	0	36168	
45728	0	35900	
45729	0	36440	
45730	0	37016	
45731	0	36876	
45732	0	36532	
45733	0	35928	
45734	0	35020	
45735	0	33772	
45736	0	32728	
45737	0	32052	
45738	0	31312	
45739	0	31368	
45740	0	31892	
45741	0	32316	
45742	0	32924	
45743	0	33496	
45744	0	34104	
45745	0	34412	
45746	0	33868	
45747	0	33320	
45748	0	32944	
45749	0	32412	
45750	0	32100	
45751	0	31816	
45752	0	32172	
45753	0	32844	
45754	0	33752	
45755	0	33624	
45756	0	32996	
45757	0	32328	
45758	0	31784	
45759	0	31736	
45760	0	32072	
45761	0	32392	
45762	0	32208	
45763	0	32096	
45764	0	32128	
45765	0	31376	
45766	0	30852	
45767	0	30744	
45768	0	30288	
45769	0	29832	
45770	0	29228	
45771	0	29224	
45772	0	29224	
45773	0	28734	
45774	0	28396	
45775	0	28074	
45776	0	27496	
45777	0	27272	
45778	0	27760	
45779	0	28780	
45780	0	29432	
45781	0	28904	
45782	0	28140	
45783	0	27956	
45784	0	28204	
45785	0	28916	
45786	0	29637	
45787	0	30716	
45788	0	32128	
45789	0	33316	
45790	0	33844	
45791	0	33572	
45792	0	33380	
45793	0	33656	
45794	0	34284	
45795	0	34748	
45796	0	34984	
45797	0	35412	
45798	0	35936	
45799	0	36216	
45800	0	36220	
45801	0	35864	
45802	0	34792	
45803	0	34136	
45804	0	33072	
45805	0	31508	
45806	0	30308	
45807	0	29464	
45808	0	28624	
45809	0	28256	
45810	0	28664	
45811	0	29208	
45812	0	29600	
45813	0	29736	
45814	0	29872	
45815	0	29828	
45816	0	29344	
45817	0	28980	
45818	0	29330	
45819	0	30116	
45820	0	30660	
45821	0	30832	
45822	0	31192	
45823	0	31364	
45824	0	31828	
45825	0	31616	
45826	0	30932	
45827	0	30756	
45828	0	30744	
45829	0	30652	
45830	0	31304	
45831	0	31884	
45832	0	32056	
45833	0	32456	
45834	0	33380	
45835	0	34268	
45836	0	34752	
45837	0	34520	
45838	0	33728	
45839	0	33352	
45840	0	33344	
45841	0	33192	
45842	0	33216	
45843	0	33080	
45844	0	33096	
45845	0	33092	
45846	0	33500	
45847	0	33982	
45848	0	33916	
45849	0	33740	
45850	0	33264	
45851	0	32984	
45852	0	32744	
45853	0	31800	
45854	0	30692	
45855	0	29836	
45856	0	29432	
45857	0	29636	
45858	0	29972	
45859	0	30784	
45860	0	32080	
45861	0	33713	
45862	0	35616	
45863	0	37020	
45864	0	37984	
45865	0	38520	
45866	0	37936	
45867	0	36924	
45868	0	36060	
45869	0	35568	
45870	0	35716	
45871	0	36272	
45872	0	37208	
45873	0	38072	
45874	0	38912	
45875	0	39072	
45876	0	38312	
45877	0	37256	
45878	0	36824	
45879	0	36728	
45880	0	36856	
45881	0	36720	
45882	0	36716	
45883	0	36196	
45884	0	35348	
45885	0	34276	
45886	0	33392	
45887	0	33344	
45888	0	34216	
45889	0	35644	
45890	0	37184	
45891	0	38384	
45892	0	38652	
45893	0	38044	
45894	0	37436	
45895	0	37092	
45896	0	36912	
45897	0	36664	
45898	0	36480	
45899	0	36636	
45900	0	37228	
45901	0	37444	
45902	0	36796	
45903	0	36200	
45904	0	36036	
45905	0	36104	
45906	0	36136	
45907	0	35976	
45908	0	35584	
45909	0	34956	
45910	0	34440	
45911	0	34464	
45912	0	34536	
45913	0	34980	
45914	0	35020	
45915	0	34756	
45916	0	34816	
45917	0	34900	
45918	0	34512	
45919	0	34076	
45920	0	33176	
45921	0	31560	
45922	0	29928	
45923	0	29384	
45924	0	29516	
45925	0	30024	
45926	0	30800	
45927	0	31720	
45928	0	33332	
45929	0	35764	
45930	0	37432	
45931	0	37840	
45932	0	37852	
45933	0	37736	
45934	0	37184	
45935	0	36420	
45936	0	35632	
45937	0	34912	
45938	0	34232	
45939	0	33600	
45940	0	33376	
45941	0	33184	
45942	0	32784	
45943	0	32504	
45944	0	32324	
45945	0	32548	
45946	0	33112	
45947	0	33448	
45948	0	33056	
45949	0	32156	
45950	0	31256	
45951	0	30844	
45952	0	30320	
45953	0	29512	
45954	0	29360	
45955	0	29808	
45956	0	31100	
45957	0	32720	
45958	0	34168	
45959	0	35020	
45960	0	35172	
45961	0	35136	
45962	0	35000	
45963	0	35064	
45964	0	35068	
45965	0	34596	
45966	0	34152	
45967	0	33760	
45968	0	33904	
45969	0	34200	
45970	0	34204	
45971	0	34168	
45972	0	34832	
45973	0	35668	
45974	0	36364	
45975	0	36532	
45976	0	36160	
45977	0	36156	
45978	0	36512	
45979	0	36936	
45980	0	37176	
45981	0	36908	
45982	0	36672	
45983	0	36788	
45984	0	36524	
45985	0	35556	
45986	0	34264	
45987	0	33676	
45988	0	33188	
45989	0	33272	
45990	0	33452	
45991	0	33720	
45992	0	34360	
45993	0	35432	
45994	0	36800	
45995	0	38072	
45996	0	39152	
45997	0	39864	
45998	0	39988	
45999	0	39412	
46000	0	38880	
46001	0	38596	
46002	0	38668	
46003	0	38916	
46004	0	39048	
46005	0	39068	
46006	0	38884	
46007	0	38536	
46008	0	38248	
46009	0	38432	
46010	0	38036	
46011	0	37708	
46012	0	37936	
46013	0	38220	
46014	0	38132	
46015	0	37772	
46016	0	37696	
46017	0	36928	
46018	0	36200	
46019	0	35344	
46020	0	34668	
46021	0	33848	
46022	0	33168	
46023	0	32416	
46024	0	31992	
46025	0	32096	
46026	0	32160	
46027	0	32460	
46028	0	33500	
46029	0	34488	
46030	0	34908	
46031	0	35440	
46032	0	35632	
46033	0	35608	
46034	0	35152	
46035	0	34448	
46036	0	33816	
46037	0	32804	
46038	0	32912	
46039	0	33452	
46040	0	33208	
46041	0	32912	
46042	0	33072	
46043	0	32748	
46044	0	32008	
46045	0	31444	
46046	0	30876	
46047	0	30676	
46048	0	30752	
46049	0	30532	
46050	0	30456	
46051	0	30616	
46052	0	30754	
46053	0	30788	
46054	0	31108	
46055	0	30632	
46056	0	30304	
46057	0	29996	
46058	0	29720	
46059	0	29564	
46060	0	29712	
46061	0	30664	
46062	0	31580	
46063	0	31942	
46064	0	32032	
46065	0	31864	
46066	0	31492	
46067	0	31264	
46068	0	30936	
46069	0	30344	
46070	0	29664	
46071	0	28776	
46072	0	27872	
46073	0	27800	
46074	0	28456	
46075	0	29572	
46076	0	31068	
46077	0	32220	
46078	0	32624	
46079	0	32628	
46080	0	32724	
46081	0	32872	
46082	0	32990	
46083	0	33536	
46084	0	34080	
46085	0	34712	
46086	0	35312	
46087	0	34992	
46088	0	33832	
46089	0	33044	
46090	0	31824	
46091	0	31598	
46092	0	32768	
46093	0	33972	
46094	0	34008	
46095	0	33128	
46096	0	31472	
46097	0	29952	
46098	0	28904	
46099	0	29556	
46100	0	32140	
46101	0	34372	
46102	0	35504	
46103	0	35228	
46104	0	34020	
46105	0	33088	
46106	0	33380	
46107	0	33476	
46108	0	33728	
46109	0	34348	
46110	0	35064	
46111	0	35632	
46112	0	36162	
46113	0	36112	
46114	0	35692	
46115	0	35264	
46116	0	34864	
46117	0	34448	
46118	0	33968	
46119	0	33720	
46120	0	33596	
46121	0	33732	
46122	0	34008	
46123	0	34484	
46124	0	34772	
46125	0	34746	
46126	0	34588	
46127	0	34688	
46128	0	34552	
46129	0	34352	
46130	0	34104	
46131	0	34236	
46132	0	34192	
46133	0	34116	
46134	0	34036	
46135	0	34348	
46136	0	34432	
46137	0	34296	
46138	0	34412	
46139	0	34344	
46140	0	33936	
46141	0	33400	
46142	0	33208	
46143	0	33232	
46144	0	33180	
46145	0	33336	
46146	0	33300	
46147	0	33364	
46148	0	33556	
46149	0	33712	
46150	0	33888	
46151	0	33804	
46152	0	33340	
46153	0	32656	
46154	0	31552	
46155	0	30388	
46156	0	29220	
46157	0	28672	
46158	0	29012	
46159	0	30064	
46160	0	30768	
46161	0	31076	
46162	0	31576	
46163	0	32608	
46164	0	33852	
46165	0	34404	
46166	0	33784	
46167	0	32956	
46168	0	32764	
46169	0	32364	
46170	0	31788	
46171	0	31068	
46172	0	30704	
46173	0	30592	
46174	0	30320	
46175	0	30128	
46176	0	30160	
46177	0	30172	
46178	0	30476	
46179	0	31220	
46180	0	31516	
46181	0	31300	
46182	0	31160	
46183	0	31344	
46184	0	30976	
46185	0	30696	
46186	0	30768	
46187	0	31532	
46188	0	32316	
46189	0	32836	
46190	0	32964	
46191	0	33064	
46192	0	33280	
46193	0	33720	
46194	0	34008	
46195	0	34152	
46196	0	34224	
46197	0	33680	
46198	0	32860	
46199	0	32168	
46200	0	31836	
46201	0	31448	
46202	0	30756	
46203	0	29850	
46204	0	29256	
46205	0	29380	
46206	0	29202	
46207	0	28608	
46208	0	28092	
46209	0	27914	
46210	0	28012	
46211	0	28732	
46212	0	29340	
46213	0	29508	
46214	0	28868	
46215	0	28288	
46216	0	27964	
46217	0	27808	
46218	0	27308	
46219	0	26768	
46220	0	26788	
46221	0	27020	
46222	0	26488	
46223	0	25880	
46224	0	24956	
46225	0	24100	
46226	0	23668	
46227	0	23776	
46228	0	24298	
46229	0	25260	
46230	0	25960	
46231	0	26312	
46232	0	26270	
46233	0	26204	
46234	0	26608	
46235	0	27120	
46236	0	27896	
46237	0	29052	
46238	0	30544	
46239	0	31608	
46240	0	32108	
46241	0	31952	
46242	0	31292	
46243	0	30804	
46244	0	31032	
46245	0	31256	
46246	0	31704	
46247	0	32480	
46248	0	33304	
46249	0	33668	
46250	0	33252	
46251	0	32992	
46252	0	32904	
46253	0	32972	
46254	0	33008	
46255	0	32860	
46256	0	32168	
46257	0	31288	
46258	0	30408	
46259	0	29752	
46260	0	29304	
46261	0	29128	
46262	0	28536	
46263	0	27504	
46264	0	26526	
46265	0	25896	
46266	0	26084	
46267	0	27244	
46268	0	28328	
46269	0	28992	
46270	0	29128	
46271	0	29008	
46272	0	28882	
46273	0	28728	
46274	0	29060	
46275	0	29644	
46276	0	30168	
46277	0	29712	
46278	0	28740	
46279	0	27644	
46280	0	26256	
46281	0	25010	
46282	0	24792	
46283	0	25604	
46284	0	26392	
46285	0	27036	
46286	0	27784	
46287	0	28336	
46288	0	28696	
46289	0	28890	
46290	0	29668	
46291	0	30264	
46292	0	30776	
46293	0	31330	
46294	0	31788	
46295	0	32784	
46296	0	33708	
46297	0	33668	
46298	0	33076	
46299	0	32744	
46300	0	32992	
46301	0	33716	
46302	0	34008	
46303	0	33652	
46304	0	32252	
46305	0	30520	
46306	0	29220	
46307	0	28248	
46308	0	28004	
46309	0	28352	
46310	0	29228	
46311	0	30228	
46312	0	31008	
46313	0	31864	
46314	0	32668	
46315	0	33392	
46316	0	33580	
46317	0	33530	
46318	0	33164	
46319	0	33124	
46320	0	32920	
46321	0	32712	
46322	0	32280	
46323	0	31684	
46324	0	31616	
46325	0	31688	
46326	0	32088	
46327	0	32180	
46328	0	32372	
46329	0	32372	
46330	0	32120	
46331	0	31496	
46332	0	30756	
46333	0	30468	
46334	0	30896	
46335	0	31776	
46336	0	32316	
46337	0	32704	
46338	0	33160	
46339	0	33632	
46340	0	34256	
46341	0	34528	
46342	0	33988	
46343	0	33268	
46344	0	33532	
46345	0	33896	
46346	0	34280	
46347	0	34908	
46348	0	35546	
46349	0	35764	
46350	0	35608	
46351	0	35480	
46352	0	35456	
46353	0	35392	
46354	0	34976	
46355	0	34436	
46356	0	34048	
46357	0	33400	
46358	0	33232	
46359	0	33200	
46360	0	33112	
46361	0	33100	
46362	0	33136	
46363	0	33068	
46364	0	33096	
46365	0	33104	
46366	0	32648	
46367	0	32740	
46368	0	32804	
46369	0	32296	
46370	0	32020	
46371	0	32600	
46372	0	33348	
46373	0	34048	
46374	0	34368	
46375	0	34148	
46376	0	34484	
46377	0	34976	
46378	0	35324	
46379	0	35784	
46380	0	35532	
46381	0	35112	
46382	0	34756	
46383	0	34424	
46384	0	33768	
46385	0	33644	
46386	0	33752	
46387	0	34864	
46388	0	35564	
46389	0	35984	
46390	0	36192	
46391	0	35672	
46392	0	34796	
46393	0	34088	
46394	0	33924	
46395	0	33848	
46396	0	33580	
46397	0	32972	
46398	0	33040	
46399	0	33872	
46400	0	34800	
46401	0	35456	
46402	0	34796	
46403	0	33908	
46404	0	33388	
46405	0	33376	
46406	0	33704	
46407	0	34304	
46408	0	34880	
46409	0	35184	
46410	0	34992	
46411	0	34708	
46412	0	34564	
46413	0	34496	
46414	0	34012	
46415	0	33904	
46416	0	33392	
46417	0	33080	
46418	0	33144	
46419	0	33112	
46420	0	33616	
46421	0	34416	
46422	0	35016	
46423	0	35200	
46424	0	35444	
46425	0	35664	
46426	0	35960	
46427	0	35918	
46428	0	35564	
46429	0	35776	
46430	0	35984	
46431	0	36136	
46432	0	36656	
46433	0	36900	
46434	0	37032	
46435	0	37404	
46436	0	37760	
46437	0	38012	
46438	0	38004	
46439	0	37928	
46440	0	37544	
46441	0	37708	
46442	0	37864	
46443	0	37792	
46444	0	37844	
46445	0	36768	
46446	0	35176	
46447	0	32940	
46448	0	30992	
46449	0	30272	
46450	0	30204	
46451	0	30316	
46452	0	30772	
46453	0	31212	
46454	0	30796	
46455	0	30364	
46456	0	30400	
46457	0	31112	
46458	0	31816	
46459	0	31792	
46460	0	31208	
46461	0	29818	
46462	0	28592	
46463	0	27588	
46464	0	26784	
46465	0	26316	
46466	0	26320	
46467	0	26760	
46468	0	27420	
46469	0	27980	
46470	0	28520	
46471	0	28700	
46472	0	28716	
46473	0	29076	
46474	0	29565	
46475	0	29784	
46476	0	29672	
46477	0	30000	
46478	0	30080	
46479	0	30432	
46480	0	30548	
46481	0	30636	
46482	0	30752	
46483	0	30696	
46484	0	30480	
46485	0	30660	
46486	0	31564	
46487	0	32676	
46488	0	33616	
46489	0	33964	
46490	0	33368	
46491	0	31872	
46492	0	30900	
46493	0	30748	
46494	0	30728	
46495	0	30832	
46496	0	30468	
46497	0	30096	
46498	0	29952	
46499	0	29896	
46500	0	29892	
46501	0	29724	
46502	0	29040	
46503	0	28500	
46504	0	28800	
46505	0	29256	
46506	0	29008	
46507	0	28312	
46508	0	28160	
46509	0	28808	
46510	0	29372	
46511	0	30228	
46512	0	31074	
46513	0	31420	
46514	0	31372	
46515	0	31704	
46516	0	32353	
46517	0	32620	
46518	0	32260	
46519	0	31612	
46520	0	31440	
46521	0	31904	
46522	0	32112	
46523	0	32288	
46524	0	32068	
46525	0	31088	
46526	0	30124	
46527	0	29448	
46528	0	29748	
46529	0	30630	
46530	0	32652	
46531	0	33988	
46532	0	34336	
46533	0	34808	
46534	0	34284	
46535	0	33220	
46536	0	31732	
46537	0	30520	
46538	0	29424	
46539	0	28908	
46540	0	28652	
46541	0	28362	
46542	0	28640	
46543	0	29108	
46544	0	29708	
46545	0	30140	
46546	0	29916	
46547	0	29436	
46548	0	29460	
46549	0	29640	
46550	0	29794	
46551	0	29912	
46552	0	29864	
46553	0	29996	
46554	0	30800	
46555	0	31120	
46556	0	30906	
46557	0	31008	
46558	0	31204	
46559	0	31932	
46560	0	32316	
46561	0	32508	
46562	0	32804	
46563	0	33000	
46564	0	33112	
46565	0	32592	
46566	0	31312	
46567	0	30356	
46568	0	29940	
46569	0	29656	
46570	0	29844	
46571	0	30164	
46572	0	30196	
46573	0	30392	
46574	0	30528	
46575	0	30472	
46576	0	30890	
46577	0	31312	
46578	0	32096	
46579	0	32693	
46580	0	33216	
46581	0	34076	
46582	0	34180	
46583	0	32968	
46584	0	31596	
46585	0	30616	
46586	0	30152	
46587	0	29908	
46588	0	30000	
46589	0	30460	
46590	0	30708	
46591	0	30624	
46592	0	30516	
46593	0	30168	
46594	0	30280	
46595	0	30412	
46596	0	30448	
46597	0	30104	
46598	0	29890	
46599	0	29640	
46600	0	29252	
46601	0	28972	
46602	0	28480	
46603	0	27936	
46604	0	27368	
46605	0	26848	
46606	0	26484	
46607	0	26396	
46608	0	26608	
46609	0	26728	
46610	0	26400	
46611	0	25972	
46612	0	25896	
46613	0	25924	
46614	0	26792	
46615	0	27920	
46616	0	28496	
46617	0	28880	
46618	0	29476	
46619	0	29432	
46620	0	29316	
46621	0	29160	
46622	0	29008	
46623	0	29072	
46624	0	29508	
46625	0	29468	
46626	0	29724	
46627	0	30088	
46628	0	30336	
46629	0	30684	
46630	0	31184	
46631	0	31672	
46632	0	32300	
46633	0	32592	
46634	0	32768	
46635	0	33396	
46636	0	34344	
46637	0	34772	
46638	0	35040	
46639	0	34856	
46640	0	34380	
46641	0	34392	
46642	0	34436	
46643	0	34744	
46644	0	35136	
46645	0	35048	
46646	0	34612	
46647	0	34520	
46648	0	34240	
46649	0	34348	
46650	0	34736	
46651	0	34888	
46652	0	34848	
46653	0	34172	
46654	0	33796	
46655	0	33730	
46656	0	34132	
46657	0	34296	
46658	0	35412	
46659	0	37120	
46660	0	38112	
46661	0	37480	
46662	0	36224	
46663	0	34788	
46664	0	33392	
46665	0	32776	
46666	0	32828	
46667	0	33372	
46668	0	34144	
46669	0	35164	
46670	0	35708	
46671	0	34928	
46672	0	33612	
46673	0	32416	
46674	0	31116	
46675	0	30504	
46676	0	29904	
46677	0	29988	
46678	0	30208	
46679	0	29936	
46680	0	29152	
46681	0	28516	
46682	0	28508	
46683	0	28832	
46684	0	29464	
46685	0	30353	
46686	0	31144	
46687	0	31968	
46688	0	32824	
46689	0	33396	
46690	0	34100	
46691	0	34676	
46692	0	34964	
46693	0	34832	
46694	0	34424	
46695	0	33884	
46696	0	33544	
46697	0	33498	
46698	0	33820	
46699	0	34156	
46700	0	34392	
46701	0	34856	
46702	0	34884	
46703	0	35096	
46704	0	35468	
46705	0	35408	
46706	0	35436	
46707	0	36160	
46708	0	36608	
46709	0	37188	
46710	0	37616	
46711	0	37820	
46712	0	37696	
46713	0	36568	
46714	0	35272	
46715	0	34440	
46716	0	33308	
46717	0	32448	
46718	0	32284	
46719	0	32744	
46720	0	33680	
46721	0	34684	
46722	0	35668	
46723	0	36360	
46724	0	35976	
46725	0	35960	
46726	0	36224	
46727	0	36468	
46728	0	36552	
46729	0	36860	
46730	0	37008	
46731	0	37096	
46732	0	37160	
46733	0	37356	
46734	0	37324	
46735	0	36892	
46736	0	36140	
46737	0	35400	
46738	0	34644	
46739	0	34112	
46740	0	33924	
46741	0	33524	
46742	0	33388	
46743	0	33712	
46744	0	34108	
46745	0	34232	
46746	0	34204	
46747	0	34416	
46748	0	34120	
46749	0	33472	
46750	0	32388	
46751	0	31944	
46752	0	31916	
46753	0	31712	
46754	0	31648	
46755	0	31940	
46756	0	32312	
46757	0	32732	
46758	0	32856	
46759	0	33056	
46760	0	33412	
46761	0	33300	
46762	0	32808	
46763	0	32666	
46764	0	32628	
46765	0	32544	
46766	0	32896	
46767	0	33008	
46768	0	33188	
46769	0	33204	
46770	0	33424	
46771	0	33692	
46772	0	34132	
46773	0	34824	
46774	0	35756	
46775	0	36792	
46776	0	38140	
46777	0	39432	
46778	0	40212	
46779	0	40238	
46780	0	39196	
46781	0	37604	
46782	0	36540	
46783	0	35956	
46784	0	35720	
46785	0	35776	
46786	0	35932	
46787	0	35888	
46788	0	35960	
46789	0	35704	
46790	0	35280	
46791	0	34884	
46792	0	33748	
46793	0	32704	
46794	0	31808	
46795	0	31476	
46796	0	31508	
46797	0	31936	
46798	0	32340	
46799	0	32352	
46800	0	32300	
46801	0	32296	
46802	0	32460	
46803	0	32580	
46804	0	32424	
46805	0	31600	
46806	0	31096	
46807	0	30800	
46808	0	30540	
46809	0	30716	
46810	0	30596	
46811	0	30612	
46812	0	30780	
46813	0	31920	
46814	0	33096	
46815	0	34312	
46816	0	35520	
46817	0	36696	
46818	0	37572	
46819	0	38356	
46820	0	38584	
46821	0	37952	
46822	0	36980	
46823	0	35844	
46824	0	35204	
46825	0	35072	
46826	0	35040	
46827	0	34720	
46828	0	33804	
46829	0	33112	
46830	0	32592	
46831	0	31636	
46832	0	31112	
46833	0	31360	
46834	0	31852	
46835	0	31656	
46836	0	30896	
46837	0	30524	
46838	0	30980	
46839	0	31364	
46840	0	31888	
46841	0	32408	
46842	0	33280	
46843	0	34256	
46844	0	35125	
46845	0	35868	
46846	0	35912	
46847	0	35304	
46848	0	34880	
46849	0	34864	
46850	0	35028	
46851	0	35080	
46852	0	35684	
46853	0	36568	
46854	0	37272	
46855	0	37616	
46856	0	37576	
46857	0	37044	
46858	0	35852	
46859	0	34124	
46860	0	32472	
46861	0	30948	
46862	0	30192	
46863	0	30536	
46864	0	32028	
46865	0	34004	
46866	0	35512	
46867	0	36644	
46868	0	37656	
46869	0	37800	
46870	0	37252	
46871	0	36304	
46872	0	35068	
46873	0	34528	
46874	0	34364	
46875	0	34660	
46876	0	35288	
46877	0	35818	
46878	0	35380	
46879	0	34800	
46880	0	34168	
46881	0	33300	
46882	0	32260	
46883	0	31750	
46884	0	32488	
46885	0	33464	
46886	0	34120	
46887	0	34520	
46888	0	34608	
46889	0	34620	
46890	0	33764	
46891	0	32652	
46892	0	31316	
46893	0	30292	
46894	0	29344	
46895	0	28440	
46896	0	28016	
46897	0	28008	
46898	0	28252	
46899	0	28168	
46900	0	27656	
46901	0	26788	
46902	0	25388	
46903	0	24240	
46904	0	23956	
46905	0	24380	
46906	0	25248	
46907	0	26648	
46908	0	27932	
46909	0	28072	
46910	0	27604	
46911	0	26988	
46912	0	26740	
46913	0	27540	
46914	0	28440	
46915	0	29164	
46916	0	29180	
46917	0	28816	
46918	0	28284	
46919	0	27936	
46920	0	27874	
46921	0	28304	
46922	0	29104	
46923	0	30224	
46924	0	30612	
46925	0	30280	
46926	0	29628	
46927	0	29184	
46928	0	29284	
46929	0	29760	
46930	0	30296	
46931	0	30708	
46932	0	31440	
46933	0	32172	
46934	0	32088	
46935	0	31312	
46936	0	30444	
46937	0	29684	
46938	0	29060	
46939	0	28672	
46940	0	29136	
46941	0	29716	
46942	0	30056	
46943	0	29884	
46944	0	29808	
46945	0	30112	
46946	0	30860	
46947	0	31660	
46948	0	32168	
46949	0	32524	
46950	0	33024	
46951	0	33560	
46952	0	33248	
46953	0	32664	
46954	0	32408	
46955	0	32328	
46956	0	32200	
46957	0	31772	
46958	0	31008	
46959	0	30728	
46960	0	30548	
46961	0	30840	
46962	0	31508	
46963	0	31520	
46964	0	31212	
46965	0	30644	
46966	0	30298	
46967	0	31000	
46968	0	33620	
46969	0	36872	
46970	0	39112	
46971	0	39852	
46972	0	39412	
46973	0	38456	
46974	0	37252	
46975	0	36116	
46976	0	35432	
46977	0	35388	
46978	0	35912	
46979	0	35752	
46980	0	35304	
46981	0	35012	
46982	0	34800	
46983	0	34444	
46984	0	34392	
46985	0	34532	
46986	0	34552	
46987	0	35360	
46988	0	36704	
46989	0	38176	
46990	0	39480	
46991	0	40672	
46992	0	40696	
46993	0	39720	
46994	0	38364	
46995	0	36952	
46996	0	35584	
46997	0	34872	
46998	0	34908	
46999	0	35032	
47000	0	34740	
47001	0	33952	
47002	0	33052	
47003	0	32080	
47004	0	30528	
47005	0	29328	
47006	0	28748	
47007	0	28656	
47008	0	28904	
47009	0	29400	
47010	0	29596	
47011	0	30192	
47012	0	31108	
47013	0	31768	
47014	0	32456	
47015	0	32664	
47016	0	32602	
47017	0	32552	
47018	0	32396	
47019	0	32436	
47020	0	32116	
47021	0	32040	
47022	0	32128	
47023	0	32696	
47024	0	33220	
47025	0	32524	
47026	0	31472	
47027	0	30944	
47028	0	30524	
47029	0	30128	
47030	0	29964	
47031	0	30528	
47032	0	31488	
47033	0	32520	
47034	0	33740	
47035	0	35120	
47036	0	35688	
47037	0	35208	
47038	0	34152	
47039	0	32232	
47040	0	30240	
47041	0	28992	
47042	0	28436	
47043	0	28660	
47044	0	29040	
47045	0	29484	
47046	0	29944	
47047	0	29968	
47048	0	29697	
47049	0	29364	
47050	0	29504	
47051	0	29742	
47052	0	29672	
47053	0	29344	
47054	0	30124	
47055	0	31044	
47056	0	30928	
47057	0	29580	
47058	0	28152	
47059	0	27032	
47060	0	26168	
47061	0	25952	
47062	0	26572	
47063	0	27920	
47064	0	28784	
47065	0	28480	
47066	0	27420	
47067	0	26556	
47068	0	26248	
47069	0	26544	
47070	0	27756	
47071	0	29132	
47072	0	30528	
47073	0	30912	
47074	0	31084	
47075	0	30784	
47076	0	30604	
47077	0	30856	
47078	0	31688	
47079	0	32520	
47080	0	32792	
47081	0	32184	
47082	0	31112	
47083	0	30234	
47084	0	29892	
47085	0	30316	
47086	0	30544	
47087	0	30228	
47088	0	29704	
47089	0	29376	
47090	0	28788	
47091	0	28428	
47092	0	28692	
47093	0	29076	
47094	0	28984	
47095	0	28724	
47096	0	28372	
47097	0	27932	
47098	0	27604	
47099	0	27500	
47100	0	27360	
47101	0	26760	
47102	0	26368	
47103	0	26408	
47104	0	26848	
47105	0	27673	
47106	0	28608	
47107	0	29264	
47108	0	29624	
47109	0	30132	
47110	0	30812	
47111	0	31376	
47112	0	31722	
47113	0	32258	
47114	0	33188	
47115	0	33740	
47116	0	33996	
47117	0	34608	
47118	0	35364	
47119	0	35536	
47120	0	34760	
47121	0	33788	
47122	0	33056	
47123	0	32296	
47124	0	31032	
47125	0	29700	
47126	0	29300	
47127	0	29752	
47128	0	29764	
47129	0	29216	
47130	0	28344	
47131	0	27456	
47132	0	27496	
47133	0	27692	
47134	0	27856	
47135	0	28112	
47136	0	28700	
47137	0	29132	
47138	0	29396	
47139	0	29908	
47140	0	30356	
47141	0	30488	
47142	0	30528	
47143	0	30816	
47144	0	31268	
47145	0	32040	
47146	0	32878	
47147	0	33712	
47148	0	34192	
47149	0	34672	
47150	0	35400	
47151	0	36144	
47152	0	36940	
47153	0	37344	
47154	0	37512	
47155	0	37604	
47156	0	36752	
47157	0	35252	
47158	0	33976	
47159	0	33088	
47160	0	33184	
47161	0	33196	
47162	0	32916	
47163	0	32028	
47164	0	31100	
47165	0	30276	
47166	0	29524	
47167	0	28660	
47168	0	28276	
47169	0	28908	
47170	0	29372	
47171	0	29612	
47172	0	29872	
47173	0	30282	
47174	0	31196	
47175	0	32056	
47176	0	32456	
47177	0	32800	
47178	0	32512	
47179	0	31948	
47180	0	32016	
47181	0	32032	
47182	0	31928	
47183	0	31976	
47184	0	31924	
47185	0	31472	
47186	0	31088	
47187	0	30852	
47188	0	31324	
47189	0	32304	
47190	0	33472	
47191	0	33792	
47192	0	34440	
47193	0	34516	
47194	0	34188	
47195	0	33600	
47196	0	33028	
47197	0	32672	
47198	0	32404	
47199	0	32324	
47200	0	32464	
47201	0	31962	
47202	0	31044	
47203	0	30316	
47204	0	29636	
47205	0	29384	
47206	0	29420	
47207	0	29824	
47208	0	29992	
47209	0	30400	
47210	0	30580	
47211	0	30816	
47212	0	31428	
47213	0	32020	
47214	0	32292	
47215	0	32552	
47216	0	32520	
47217	0	32580	
47218	0	33080	
47219	0	33532	
47220	0	33660	
47221	0	33176	
47222	0	31984	
47223	0	30792	
47224	0	30036	
47225	0	28868	
47226	0	28212	
47227	0	28052	
47228	0	28668	
47229	0	29476	
47230	0	29976	
47231	0	30552	
47232	0	31540	
47233	0	32220	
47234	0	32524	
47235	0	32812	
47236	0	33008	
47237	0	33704	
47238	0	34440	
47239	0	35216	
47240	0	35664	
47241	0	36044	
47242	0	36196	
47243	0	36200	
47244	0	36058	
47245	0	35188	
47246	0	34128	
47247	0	33100	
47248	0	32424	
47249	0	32332	
47250	0	32624	
47251	0	32510	
47252	0	31880	
47253	0	31372	
47254	0	31616	
47255	0	31880	
47256	0	32160	
47257	0	32948	
47258	0	33520	
47259	0	33076	
47260	0	32288	
47261	0	31548	
47262	0	31064	
47263	0	30896	
47264	0	31120	
47265	0	31712	
47266	0	32480	
47267	0	32896	
47268	0	33140	
47269	0	32724	
47270	0	32772	
47271	0	32732	
47272	0	32456	
47273	0	32380	
47274	0	32912	
47275	0	33340	
47276	0	32952	
47277	0	31944	
47278	0	30772	
47279	0	29320	
47280	0	28696	
47281	0	29132	
47282	0	30012	
47283	0	30820	
47284	0	31808	
47285	0	32496	
47286	0	32952	
47287	0	33628	
47288	0	34080	
47289	0	33848	
47290	0	33228	
47291	0	32564	
47292	0	31596	
47293	0	30736	
47294	0	29672	
47295	0	28376	
47296	0	27354	
47297	0	27584	
47298	0	28824	
47299	0	30432	
47300	0	31724	
47301	0	32784	
47302	0	33232	
47303	0	33088	
47304	0	32664	
47305	0	32376	
47306	0	32448	
47307	0	32856	
47308	0	33668	
47309	0	33800	
47310	0	33396	
47311	0	32468	
47312	0	32060	
47313	0	31840	
47314	0	31228	
47315	0	30272	
47316	0	29342	
47317	0	28800	
47318	0	28464	
47319	0	28084	
47320	0	28624	
47321	0	29696	
47322	0	30236	
47323	0	30504	
47324	0	30288	
47325	0	29848	
47326	0	28936	
47327	0	27936	
47328	0	27204	
47329	0	27528	
47330	0	28124	
47331	0	29152	
47332	0	30090	
47333	0	30660	
47334	0	30726	
47335	0	30868	
47336	0	31764	
47337	0	32924	
47338	0	33612	
47339	0	33812	
47340	0	33912	
47341	0	34032	
47342	0	34208	
47343	0	34376	
47344	0	34384	
47345	0	34464	
47346	0	34348	
47347	0	34124	
47348	0	34068	
47349	0	34232	
47350	0	34384	
47351	0	34088	
47352	0	33608	
47353	0	33272	
47354	0	33344	
47355	0	33520	
47356	0	33384	
47357	0	33504	
47358	0	34280	
47359	0	35124	
47360	0	35816	
47361	0	35828	
47362	0	35368	
47363	0	34876	
47364	0	34668	
47365	0	34460	
47366	0	35008	
47367	0	36000	
47368	0	37120	
47369	0	37924	
47370	0	38616	
47371	0	39272	
47372	0	39700	
47373	0	39540	
47374	0	39148	
47375	0	38864	
47376	0	38216	
47377	0	37944	
47378	0	38216	
47379	0	39036	
47380	0	40176	
47381	0	41142	
47382	0	41860	
47383	0	42416	
47384	0	42160	
47385	0	41148	
47386	0	39728	
47387	0	37792	
47388	0	35956	
47389	0	33144	
47390	0	30268	
47391	0	28952	
47392	0	29016	
47393	0	29864	
47394	0	31264	
47395	0	32624	
47396	0	34204	
47397	0	35912	
47398	0	37616	
47399	0	38568	
47400	0	39132	
47401	0	39528	
47402	0	40352	
47403	0	41272	
47404	0	41680	
47405	0	41672	
47406	0	41172	
47407	0	40344	
47408	0	39880	
47409	0	39860	
47410	0	39556	
47411	0	39324	
47412	0	39888	
47413	0	40208	
47414	0	40488	
47415	0	41076	
47416	0	41624	
47417	0	41984	
47418	0	42548	
47419	0	43324	
47420	0	43632	
47421	0	42896	
47422	0	41860	
47423	0	40824	
47424	0	40508	
47425	0	40312	
47426	0	39876	
47427	0	39604	
47428	0	39840	
47429	0	40680	
47430	0	41072	
47431	0	40684	
47432	0	40080	
47433	0	40056	
47434	0	40032	
47435	0	40264	
47436	0	40440	
47437	0	40208	
47438	0	39920	
47439	0	39720	
47440	0	39688	
47441	0	39008	
47442	0	37968	
47443	0	36988	
47444	0	36800	
47445	0	36628	
47446	0	36564	
47447	0	36420	
47448	0	36420	
47449	0	36672	
47450	0	37376	
47451	0	38112	
47452	0	38752	
47453	0	39400	
47454	0	40576	
47455	0	42052	
47456	0	43812	
47457	0	45592	
47458	0	46484	
47459	0	46464	
47460	0	45576	
47461	0	44156	
47462	0	42768	
47463	0	41464	
47464	0	40356	
47465	0	40012	
47466	0	40224	
47467	0	40364	
47468	0	40228	
47469	0	40304	
47470	0	40212	
47471	0	39732	
47472	0	39492	
47473	0	38984	
47474	0	38796	
47475	0	39108	
47476	0	39940	
47477	0	41004	
47478	0	41472	
47479	0	41080	
47480	0	40416	
47481	0	39596	
47482	0	38452	
47483	0	37496	
47484	0	36968	
47485	0	37104	
47486	0	37800	
47487	0	38724	
47488	0	39616	
47489	0	40276	
47490	0	39964	
47491	0	38592	
47492	0	36820	
47493	0	36080	
47494	0	36532	
47495	0	37572	
47496	0	38496	
47497	0	39204	
47498	0	39376	
47499	0	38728	
47500	0	38488	
47501	0	38064	
47502	0	36512	
47503	0	34576	
47504	0	33660	
47505	0	33220	
47506	0	33452	
47507	0	33384	
47508	0	33376	
47509	0	33664	
47510	0	33728	
47511	0	33456	
47512	0	32852	
47513	0	32344	
47514	0	32464	
47515	0	32780	
47516	0	33128	
47517	0	33592	
47518	0	34160	
47519	0	35008	
47520	0	35760	
47521	0	35496	
47522	0	34896	
47523	0	34252	
47524	0	33892	
47525	0	33896	
47526	0	33964	
47527	0	33968	
47528	0	34656	
47529	0	35252	
47530	0	35120	
47531	0	35040	
47532	0	34988	
47533	0	34948	
47534	0	35400	
47535	0	36056	
47536	0	36480	
47537	0	36280	
47538	0	35592	
47539	0	34232	
47540	0	33112	
47541	0	33008	
47542	0	33480	
47543	0	33540	
47544	0	33148	
47545	0	32920	
47546	0	33312	
47547	0	33482	
47548	0	33524	
47549	0	34424	
47550	0	35864	
47551	0	37480	
47552	0	38564	
47553	0	38600	
47554	0	37932	
47555	0	37000	
47556	0	36592	
47557	0	36504	
47558	0	36544	
47559	0	36248	
47560	0	35912	
47561	0	35636	
47562	0	34848	
47563	0	34156	
47564	0	33128	
47565	0	31568	
47566	0	29664	
47567	0	28172	
47568	0	27972	
47569	0	28680	
47570	0	30580	
47571	0	32512	
47572	0	34394	
47573	0	36124	
47574	0	37228	
47575	0	37868	
47576	0	37140	
47577	0	36024	
47578	0	34768	
47579	0	33952	
47580	0	33824	
47581	0	34340	
47582	0	34800	
47583	0	35584	
47584	0	36188	
47585	0	35760	
47586	0	35364	
47587	0	35132	
47588	0	35088	
47589	0	34568	
47590	0	33132	
47591	0	31888	
47592	0	31128	
47593	0	31400	
47594	0	32276	
47595	0	33416	
47596	0	34404	
47597	0	35124	
47598	0	34960	
47599	0	34260	
47600	0	33620	
47601	0	33276	
47602	0	32864	
47603	0	32104	
47604	0	32124	
47605	0	33416	
47606	0	34928	
47607	0	36092	
47608	0	36584	
47609	0	36384	
47610	0	36240	
47611	0	36488	
47612	0	37168	
47613	0	37856	
47614	0	38480	
47615	0	38376	
47616	0	37672	
47617	0	36528	
47618	0	35464	
47619	0	34252	
47620	0	33356	
47621	0	32668	
47622	0	32064	
47623	0	31392	
47624	0	30634	
47625	0	30788	
47626	0	30528	
47627	0	29960	
47628	0	29984	
47629	0	31544	
47630	0	34424	
47631	0	37148	
47632	0	39084	
47633	0	40402	
47634	0	41628	
47635	0	42448	
47636	0	42436	
47637	0	41648	
47638	0	40744	
47639	0	39520	
47640	0	38976	
47641	0	38976	
47642	0	38744	
47643	0	38284	
47644	0	38280	
47645	0	37104	
47646	0	35744	
47647	0	36568	
47648	0	39020	
47649	0	43440	
47650	0	49924	
47651	0	55520	
47652	0	56552	
47653	0	51656	
47654	0	45764	
47655	0	42816	
47656	0	45036	
47657	0	49356	
47658	0	53548	
47659	0	56336	
47660	0	58488	
47661	0	59868	
47662	0	59884	
47663	0	57920	
47664	0	54344	
47665	0	50168	
47666	0	44404	
47667	0	40528	
47668	0	40328	
47669	0	42072	
47670	0	43944	
47671	0	43844	
47672	0	42732	
47673	0	42104	
47674	0	42312	
47675	0	41272	
47676	0	38788	
47677	0	36040	
47678	0	34164	
47679	0	32605	
47680	0	31768	
47681	0	31616	
47682	0	33896	
47683	0	35592	
47684	0	35356	
47685	0	34844	
47686	0	34888	
47687	0	36136	
47688	0	39448	
47689	0	43736	
47690	0	48544	
47691	0	52964	
47692	0	57080	
47693	0	60736	
47694	0	64552	
47695	0	65452	
47696	0	63304	
47697	0	60736	
47698	0	58908	
47699	0	56460	
47700	0	53184	
47701	0	49732	
47702	0	47040	
47703	0	46348	
47704	0	49060	
47705	0	54496	
47706	0	60968	
47707	0	65464	
47708	0	65480	
47709	0	65464	
47710	0	65472	
47711	0	65480	
47712	0	65472	
47713	0	65480	
47714	0	65468	
47715	0	65472	
47716	0	65476	
47717	0	65464	
47718	0	57040	
47719	0	51660	
47720	0	47488	
47721	0	44660	
47722	0	43304	
47723	0	44008	
47724	0	46500	
47725	0	50136	
47726	0	53784	
47727	0	56544	
47728	0	57088	
47729	0	56812	
47730	0	57016	
47731	0	57504	
47732	0	58424	
47733	0	59000	
47734	0	59080	
47735	0	58236	
47736	0	56040	
47737	0	52328	
47738	0	48456	
47739	0	46264	
47740	0	46168	
47741	0	47596	
47742	0	49420	
47743	0	51200	
47744	0	51888	
47745	0	51488	
47746	0	49516	
47747	0	45336	
47748	0	41884	
47749	0	40392	
47750	0	41032	
47751	0	41812	
47752	0	42192	
47753	0	42324	
47754	0	42340	
47755	0	42988	
47756	0	44152	
47757	0	44988	
47758	0	44856	
47759	0	43824	
47760	0	42612	
47761	0	42048	
47762	0	40752	
47763	0	37104	
47764	0	29976	
47765	0	21752	
47766	0	13904	
47767	0	8464	
47768	0	6629	
47769	0	8418	
47770	0	13330	
47771	0	19652	
47772	0	24348	
47773	0	26730	
47774	0	27290	
47775	0	27392	
47776	0	27488	
47777	0	27544	
47778	0	26312	
47779	0	22384	
47780	0	17540	
47781	0	14240	
47782	0	12880	
47783	0	12852	
47784	0	13153	
47785	0	12590	
47786	0	11496	
47787	0	10980	
47788	0	10762	
47789	0	10228	
47790	0	9438	
47791	0	9222	
47792	0	9488	
47793	0	9488	
47794	0	9216	
47795	0	7836	
47796	0	5972	
47797	0	3944	
47798	0	2697	
47799	0	2058	
47800	0	2404	
47801	0	4308	
47802	0	6580	
47803	0	8774	
47804	0	10980	
47805	0	12352	
47806	0	12856	
47807	0	13380	
47808	0	13600	
47809	0	12568	
47810	0	9364	
47811	0	6832	
47812	0	5048	
47813	0	3909	
47814	0	3313	
47815	0	3148	
47816	0	3696	
47817	0	4040	
47818	0	3740	
47819	0	3052	
47820	0	3089	
47821	0	3712	
47822	0	5205	
47823	0	6615	
47824	0	7872	
47825	0	8320	
47826	0	8629	
47827	0	9480	
47828	0	10148	
47829	0	10604	
47830	0	11382	
47831	0	11408	
47832	0	11168	
47833	0	10602	
47834	0	9388	
47835	0	8027	
47836	0	6568	
47837	0	5632	
47838	0	5617	
47839	0	5698	
47840	0	5578	
47841	0	5574	
47842	0	6146	
47843	0	7030	
47844	0	8648	
47845	0	10908	
47846	0	13128	
47847	0	14884	
47848	0	16376	
47849	0	17174	
47850	0	17036	
47851	0	16106	
47852	0	15120	
47853	0	14492	
47854	0	14048	
47855	0	13204	
47856	0	11408	
47857	0	9580	
47858	0	7696	
47859	0	4996	
47860	0	1276	
47861	0	61	
47862	0	60	
47863	0	61	
47864	0	60	
47865	0	60	
47866	0	8780	
47867	0	14994	
47868	0	19316	
47869	0	22116	
47870	0	23520	
47871	0	23448	
47872	0	21824	
47873	0	18908	
47874	0	16152	
47875	0	14448	
47876	0	12844	
47877	0	9436	
47878	0	4540	
47879	0	668	
47880	0	60	
47881	0	60	
47882	0	61	
47883	0	5888	
47884	0	7260	
47885	0	6122	
47886	0	4569	
47887	0	3588	
47888	0	5117	
47889	0	8959	
47890	0	13748	
47891	0	18156	
47892	0	21312	
47893	0	22860	
47894	0	23496	
47895	0	24524	
47896	0	25880	
47897	0	27316	
47898	0	28196	
47899	0	28236	
47900	0	27424	
47901	0	26944	
47902	0	26324	
47903	0	25932	
47904	0	25320	
47905	0	24148	
47906	0	22645	
47907	0	20944	
47908	0	19776	
47909	0	19498	
47910	0	19744	
47911	0	20190	
47912	0	20430	
47913	0	19642	
47914	0	17866	
47915	0	16120	
47916	0	15205	
47917	0	14380	
47918	0	13500	
47919	0	12768	
47920	0	12284	
47921	0	12365	
47922	0	12728	
47923	0	13077	
47924	0	13609	
47925	0	13980	
47926	0	14924	
47927	0	16044	
47928	0	17508	
47929	0	18396	
47930	0	19034	
47931	0	19668	
47932	0	20324	
47933	0	20536	
47934	0	20293	
47935	0	19794	
47936	0	18448	
47937	0	17008	
47938	0	16224	
47939	0	15648	
47940	0	15676	
47941	0	16384	
47942	0	18100	
47943	0	20002	
47944	0	22856	
47945	0	25880	
47946	0	27992	
47947	0	27580	
47948	0	25472	
47949	0	23856	
47950	0	22996	
47951	0	22088	
47952	0	20928	
47953	0	19872	
47954	0	19380	
47955	0	19732	
47956	0	21556	
47957	0	24472	
47958	0	27200	
47959	0	29188	
47960	0	29740	
47961	0	29558	
47962	0	28916	
47963	0	28812	
47964	0	29096	
47965	0	29496	
47966	0	29076	
47967	0	26632	
47968	0	22496	
47969	0	17748	
47970	0	13792	
47971	0	12538	
47972	0	14872	
47973	0	18024	
47974	0	21762	
47975	0	25008	
47976	0	27228	
47977	0	28500	
47978	0	28872	
47979	0	28520	
47980	0	28520	
47981	0	28576	
47982	0	28400	
47983	0	28632	
47984	0	29660	
47985	0	30704	
47986	0	31448	
47987	0	32240	
47988	0	33288	
47989	0	34820	
47990	0	36096	
47991	0	36876	
47992	0	36084	
47993	0	33872	
47994	0	31644	
47995	0	30776	
47996	0	31148	
47997	0	31816	
47998	0	33656	
47999	0	36058	
48000	0	37584	
48001	0	37780	
48002	0	37200	
48003	0	36452	
48004	0	36616	
48005	0	37104	
48006	0	37816	
48007	0	37524	
48008	0	36824	
48009	0	36568	
48010	0	36104	
48011	0	35340	
48012	0	34592	
48013	0	34172	
48014	0	33788	
48015	0	33316	
48016	0	33404	
48017	0	33328	
48018	0	33168	
48019	0	32872	
48020	0	31800	
48021	0	30076	
48022	0	28272	
48023	0	27040	
48024	0	26508	
48025	0	26556	
48026	0	27002	
48027	0	27212	
48028	0	27354	
48029	0	27444	
48030	0	28048	
48031	0	28612	
48032	0	28652	
48033	0	28428	
48034	0	28884	
48035	0	30344	
48036	0	31408	
48037	0	31676	
48038	0	31504	
48039	0	31328	
48040	0	31448	
48041	0	32040	
48042	0	32412	
48043	0	32396	
48044	0	31862	
48045	0	31244	
48046	0	30832	
48047	0	30704	
48048	0	30768	
48049	0	30980	
48050	0	31824	
48051	0	32316	
48052	0	32552	
48053	0	33024	
48054	0	33660	
48055	0	34016	
48056	0	33376	
48057	0	32260	
48058	0	30344	
48059	0	29068	
48060	0	29244	
48061	0	30336	
48062	0	31368	
48063	0	32336	
48064	0	33072	
48065	0	33204	
48066	0	32792	
48067	0	31892	
48068	0	30892	
48069	0	29876	
48070	0	29440	
48071	0	29008	
48072	0	29004	
48073	0	29240	
48074	0	29812	
48075	0	30988	
48076	0	32436	
48077	0	33612	
48078	0	34816	
48079	0	35872	
48080	0	36980	
48081	0	37656	
48082	0	37836	
48083	0	37208	
48084	0	35972	
48085	0	34708	
48086	0	33724	
48087	0	32452	
48088	0	31900	
48089	0	32404	
48090	0	33242	
48091	0	33740	
48092	0	34248	
48093	0	34624	
48094	0	35000	
48095	0	35256	
48096	0	35616	
48097	0	36128	
48098	0	36176	
48099	0	35980	
48100	0	35596	
48101	0	35112	
48102	0	34976	
48103	0	34804	
48104	0	34072	
48105	0	33284	
48106	0	32928	
48107	0	32920	
48108	0	33196	
48109	0	33556	
48110	0	34304	
48111	0	35240	
48112	0	35664	
48113	0	35368	
48114	0	34896	
48115	0	34092	
48116	0	33480	
48117	0	33584	
48118	0	33748	
48119	0	33396	
48120	0	32936	
48121	0	32556	
48122	0	31688	
48123	0	31084	
48124	0	30584	
48125	0	30632	
48126	0	31484	
48127	0	32792	
48128	0	33972	
48129	0	35404	
48130	0	37268	
48131	0	38572	
48132	0	39532	
48133	0	39992	
48134	0	40324	
48135	0	40752	
48136	0	41020	
48137	0	41048	
48138	0	40624	
48139	0	39578	
48140	0	38524	
48141	0	38192	
48142	0	37892	
48143	0	37612	
48144	0	37392	
48145	0	37144	
48146	0	36284	
48147	0	34808	
48148	0	32996	
48149	0	31460	
48150	0	30576	
48151	0	30532	
48152	0	31268	
48153	0	32426	
48154	0	33716	
48155	0	34632	
48156	0	36352	
48157	0	37824	
48158	0	38480	
48159	0	38680	
48160	0	39144	
48161	0	39448	
48162	0	39304	
48163	0	39180	
48164	0	39024	
48165	0	38696	
48166	0	38688	
48167	0	38640	
48168	0	38468	
48169	0	38456	
48170	0	38596	
48171	0	38548	
48172	0	38116	
48173	0	37164	
48174	0	35592	
48175	0	34720	
48176	0	34728	
48177	0	34452	
48178	0	34180	
48179	0	34256	
48180	0	33620	
48181	0	32268	
48182	0	30636	
48183	0	28756	
48184	0	27316	
48185	0	27192	
48186	0	28244	
48187	0	29728	
48188	0	31784	
48189	0	34640	
48190	0	37660	
48191	0	40112	
48192	0	41120	
48193	0	41476	
48194	0	41572	
48195	0	41320	
48196	0	40576	
48197	0	39324	
48198	0	37016	
48199	0	33892	
48200	0	31276	
48201	0	30424	
48202	0	31384	
48203	0	32780	
48204	0	34484	
48205	0	36484	
48206	0	37804	
48207	0	38148	
48208	0	38120	
48209	0	37568	
48210	0	36332	
48211	0	34504	
48212	0	32772	
48213	0	32048	
48214	0	32976	
48215	0	35436	
48216	0	37932	
48217	0	40132	
48218	0	41652	
48219	0	42288	
48220	0	41760	
48221	0	40560	
48222	0	38944	
48223	0	37232	
48224	0	34892	
48225	0	33260	
48226	0	33040	
48227	0	34072	
48228	0	35416	
48229	0	36168	
48230	0	36372	
48231	0	36600	
48232	0	37036	
48233	0	37716	
48234	0	38592	
48235	0	39816	
48236	0	40752	
48237	0	40852	
48238	0	40176	
48239	0	39272	
48240	0	38360	
48241	0	37260	
48242	0	36864	
48243	0	36840	
48244	0	36688	
48245	0	35360	
48246	0	33596	
48247	0	31884	
48248	0	31180	
48249	0	32056	
48250	0	33676	
48251	0	35544	
48252	0	36100	
48253	0	35772	
48254	0	35048	
48255	0	34340	
48256	0	34222	
48257	0	34268	
48258	0	34292	
48259	0	33704	
48260	0	32180	
48261	0	29980	
48262	0	28052	
48263	0	27616	
48264	0	28392	
48265	0	30008	
48266	0	30976	
48267	0	32172	
48268	0	33188	
48269	0	33816	
48270	0	35296	
48271	0	36936	
48272	0	38952	
48273	0	40964	
48274	0	42204	
48275	0	42816	
48276	0	43240	
48277	0	44224	
48278	0	44788	
48279	0	44740	
48280	0	44904	
48281	0	44992	
48282	0	44880	
48283	0	44944	
48284	0	44944	
48285	0	45392	
48286	0	45452	
48287	0	44768	
48288	0	43712	
48289	0	42508	
48290	0	41000	
48291	0	39340	
48292	0	38016	
48293	0	36856	
48294	0	36152	
48295	0	35736	
48296	0	35300	
48297	0	34936	
48298	0	34652	
48299	0	35240	
48300	0	36312	
48301	0	37364	
48302	0	38208	
48303	0	38984	
48304	0	39792	
48305	0	40304	
48306	0	40568	
48307	0	40052	
48308	0	39016	
48309	0	38160	
48310	0	37860	
48311	0	37992	
48312	0	38036	
48313	0	37908	
48314	0	38304	
48315	0	38916	
48316	0	38896	
48317	0	37696	
48318	0	36768	
48319	0	36568	
48320	0	36820	
48321	0	36781	
48322	0	36224	
48323	0	35648	
48324	0	34736	
48325	0	33280	
48326	0	31724	
48327	0	30504	
48328	0	29424	
48329	0	29168	
48330	0	29216	
48331	0	28760	
48332	0	28668	
48333	0	28616	
48334	0	28816	
48335	0	29560	
48336	0	30428	
48337	0	32064	
48338	0	33940	
48339	0	35980	
48340	0	38048	
48341	0	39688	
48342	0	41516	
48343	0	42976	
48344	0	43816	
48345	0	43948	
48346	0	42512	
48347	0	40560	
48348	0	38544	
48349	0	36456	
48350	0	34908	
48351	0	34900	
48352	0	35420	
48353	0	35832	
48354	0	36172	
48355	0	36392	
48356	0	35856	
48357	0	35304	
48358	0	34644	
48359	0	33784	
48360	0	33544	
48361	0	34256	
48362	0	35104	
48363	0	35610	
48364	0	35644	
48365	0	34408	
48366	0	32856	
48367	0	31960	
48368	0	31610	
48369	0	32044	
48370	0	32752	
48371	0	33124	
48372	0	34452	
48373	0	36032	
48374	0	37616	
48375	0	38208	
48376	0	38456	
48377	0	38616	
48378	0	37880	
48379	0	37048	
48380	0	36508	
48381	0	36172	
48382	0	35748	
48383	0	35216	
48384	0	35400	
48385	0	35684	
48386	0	36020	
48387	0	36028	
48388	0	35672	
48389	0	34728	
48390	0	33912	
48391	0	33236	
48392	0	31952	
48393	0	30780	
48394	0	31032	
48395	0	32124	
48396	0	33304	
48397	0	34248	
48398	0	34976	
48399	0	35200	
48400	0	34544	
48401	0	33076	
48402	0	31696	
48403	0	30776	
48404	0	30748	
48405	0	31740	
48406	0	33156	
48407	0	33968	
48408	0	34656	
48409	0	35384	
48410	0	36496	
48411	0	37408	
48412	0	37864	
48413	0	38112	
48414	0	37576	
48415	0	36076	
48416	0	34960	
48417	0	34592	
48418	0	34756	
48419	0	35196	
48420	0	35460	
48421	0	35536	
48422	0	35696	
48423	0	35952	
48424	0	36130	
48425	0	36492	
48426	0	36608	
48427	0	36736	
48428	0	36960	
48429	0	36436	
48430	0	35376	
48431	0	34056	
48432	0	32296	
48433	0	30488	
48434	0	28672	
48435	0	27380	
48436	0	27426	
48437	0	28046	
48438	0	28800	
48439	0	30004	
48440	0	31924	
48441	0	33980	
48442	0	35804	
48443	0	37372	
48444	0	39136	
48445	0	40032	
48446	0	40672	
48447	0	41056	
48448	0	40936	
48449	0	40572	
48450	0	40348	
48451	0	40568	
48452	0	40416	
48453	0	40032	
48454	0	39376	
48455	0	39096	
48456	0	38944	
48457	0	38900	
48458	0	39060	
48459	0	39192	
48460	0	38336	
48461	0	37276	
48462	0	36664	
48463	0	36680	
48464	0	36176	
48465	0	34784	
48466	0	33160	
48467	0	31572	
48468	0	30128	
48469	0	29804	
48470	0	30632	
48471	0	31824	
48472	0	33244	
48473	0	34756	
48474	0	36132	
48475	0	37292	
48476	0	38640	
48477	0	40288	
48478	0	41112	
48479	0	41360	
48480	0	40248	
48481	0	38516	
48482	0	37100	
48483	0	35480	
48484	0	34008	
48485	0	33488	
48486	0	33952	
48487	0	35064	
48488	0	36956	
48489	0	38956	
48490	0	40506	
48491	0	40280	
48492	0	38072	
48493	0	35432	
48494	0	33636	
48495	0	32408	
48496	0	32384	
48497	0	33104	
48498	0	34728	
48499	0	35804	
48500	0	35168	
48501	0	33690	
48502	0	32372	
48503	0	31708	
48504	0	31872	
48505	0	32812	
48506	0	33864	
48507	0	35200	
48508	0	36168	
48509	0	36300	
48510	0	35848	
48511	0	34744	
48512	0	33812	
48513	0	33852	
48514	0	34624	
48515	0	34824	
48516	0	34412	
48517	0	33636	
48518	0	32780	
48519	0	32262	
48520	0	32640	
48521	0	33216	
48522	0	33672	
48523	0	33816	
48524	0	34048	
48525	0	34716	
48526	0	35080	
48527	0	35288	
48528	0	35620	
48529	0	35940	
48530	0	35888	
48531	0	35612	
48532	0	35344	
48533	0	34824	
48534	0	34576	
48535	0	34212	
48536	0	33428	
48537	0	32924	
48538	0	32720	
48539	0	32888	
48540	0	32980	
48541	0	33080	
48542	0	33480	
48543	0	33948	
48544	0	33372	
48545	0	32292	
48546	0	30816	
48547	0	29620	
48548	0	28952	
48549	0	28936	
48550	0	29356	
48551	0	29848	
48552	0	30684	
48553	0	31912	
48554	0	33146	
48555	0	33756	
48556	0	34064	
48557	0	33696	
48558	0	33040	
48559	0	33116	
48560	0	33016	
48561	0	32276	
48562	0	32212	
48563	0	33124	
48564	0	34336	
48565	0	35520	
48566	0	36256	
48567	0	36708	
48568	0	36720	
48569	0	35784	
48570	0	35112	
48571	0	34224	
48572	0	34344	
48573	0	35904	
48574	0	38120	
48575	0	39952	
48576	0	40712	
48577	0	40516	
48578	0	39252	
48579	0	37244	
48580	0	34772	
48581	0	32628	
48582	0	31288	
48583	0	30184	
48584	0	28388	
48585	0	26740	
48586	0	25892	
48587	0	25929	
48588	0	26904	
48589	0	28676	
48590	0	30948	
48591	0	33280	
48592	0	34832	
48593	0	35976	
48594	0	36954	
48595	0	37580	
48596	0	37768	
48597	0	37440	
48598	0	36992	
48599	0	36516	
48600	0	35352	
48601	0	34668	
48602	0	33616	
48603	0	32036	
48604	0	31192	
48605	0	29864	
48606	0	27588	
48607	0	25568	
48608	0	24940	
48609	0	25996	
48610	0	28344	
48611	0	31020	
48612	0	33788	
48613	0	36012	
48614	0	37712	
48615	0	38900	
48616	0	39656	
48617	0	40244	
48618	0	40588	
48619	0	40408	
48620	0	39764	
48621	0	38536	
48622	0	37452	
48623	0	36328	
48624	0	35540	
48625	0	34808	
48626	0	34704	
48627	0	35160	
48628	0	35204	
48629	0	35288	
48630	0	35564	
48631	0	35908	
48632	0	35456	
48633	0	34256	
48634	0	32472	
48635	0	30804	
48636	0	28992	
48637	0	27316	
48638	0	26212	
48639	0	26312	
48640	0	27664	
48641	0	30432	
48642	0	33680	
48643	0	36236	
48644	0	37944	
48645	0	38732	
48646	0	38520	
48647	0	37480	
48648	0	36972	
48649	0	37200	
48650	0	38052	
48651	0	39372	
48652	0	40044	
48653	0	40196	
48654	0	39824	
48655	0	38860	
48656	0	38272	
48657	0	37748	
48658	0	36996	
48659	0	36572	
48660	0	36410	
48661	0	36120	
48662	0	35648	
48663	0	35268	
48664	0	35092	
48665	0	34576	
48666	0	34232	
48667	0	33476	
48668	0	32368	
48669	0	31432	
48670	0	31012	
48671	0	31400	
48672	0	32512	
48673	0	33372	
48674	0	33756	
48675	0	33104	
48676	0	31920	
48677	0	30576	
48678	0	30192	
48679	0	30476	
48680	0	31848	
48681	0	33756	
48682	0	35864	
48683	0	37736	
48684	0	39416	
48685	0	40588	
48686	0	41400	
48687	0	42392	
48688	0	44084	
48689	0	45832	
48690	0	46324	
48691	0	45684	
48692	0	44696	
48693	0	43424	
48694	0	41832	
48695	0	40084	
48696	0	39088	
48697	0	39424	
48698	0	40688	
48699	0	41560	
48700	0	41876	
48701	0	41456	
48702	0	40096	
48703	0	37882	
48704	0	35704	
48705	0	33912	
48706	0	32676	
48707	0	32340	
48708	0	32472	
48709	0	34288	
48710	0	36632	
48711	0	37428	
48712	0	36632	
48713	0	34728	
48714	0	32788	
48715	0	30980	
48716	0	29492	
48717	0	28224	
48718	0	28272	
48719	0	29292	
48720	0	30280	
48721	0	30452	
48722	0	29884	
48723	0	29740	
48724	0	29796	
48725	0	29760	
48726	0	29304	
48727	0	28344	
48728	0	26616	
48729	0	25832	
48730	0	26072	
48731	0	27192	
48732	0	28936	
48733	0	30184	
48734	0	30304	
48735	0	29840	
48736	0	29008	
48737	0	27960	
48738	0	27232	
48739	0	27416	
48740	0	28012	
48741	0	28104	
48742	0	27898	
48743	0	27984	
48744	0	28364	
48745	0	28592	
48746	0	28696	
48747	0	28700	
48748	0	28796	
48749	0	28148	
48750	0	29588	
48751	0	33832	
48752	0	37052	
48753	0	37256	
48754	0	34412	
48755	0	31672	
48756	0	29748	
48757	0	28488	
48758	0	27292	
48759	0	26288	
48760	0	25440	
48761	0	25064	
48762	0	24712	
48763	0	24408	
48764	0	25097	
48765	0	26280	
48766	0	27492	
48767	0	28160	
48768	0	27642	
48769	0	27408	
48770	0	27300	
48771	0	27376	
48772	0	27784	
48773	0	28344	
48774	0	29240	
48775	0	29716	
48776	0	31264	
48777	0	33748	
48778	0	35904	
48779	0	36628	
48780	0	36032	
48781	0	35700	
48782	0	36016	
48783	0	36920	
48784	0	37592	
48785	0	36724	
48786	0	34016	
48787	0	30724	
48788	0	27190	
48789	0	24656	
48790	0	22916	
48791	0	22444	
48792	0	22284	
48793	0	22752	
48794	0	24820	
48795	0	27880	
48796	0	30488	
48797	0	31368	
48798	0	30416	
48799	0	29156	
48800	0	29020	
48801	0	31640	
48802	0	35432	
48803	0	37608	
48804	0	36808	
48805	0	33640	
48806	0	29412	
48807	0	25652	
48808	0	22800	
48809	0	21416	
48810	0	21522	
48811	0	22496	
48812	0	24420	
48813	0	27252	
48814	0	29552	
48815	0	30796	
48816	0	31356	
48817	0	31504	
48818	0	31576	
48819	0	31862	
48820	0	32516	
48821	0	32836	
48822	0	32832	
48823	0	32088	
48824	0	31260	
48825	0	30893	
48826	0	32020	
48827	0	34272	
48828	0	36234	
48829	0	36872	
48830	0	36928	
48831	0	36404	
48832	0	35896	
48833	0	35464	
48834	0	34972	
48835	0	34948	
48836	0	35216	
48837	0	34984	
48838	0	34228	
48839	0	34048	
48840	0	34268	
48841	0	34904	
48842	0	35740	
48843	0	36360	
48844	0	35548	
48845	0	33384	
48846	0	31280	
48847	0	30064	
48848	0	29240	
48849	0	29344	
48850	0	30244	
48851	0	31552	
48852	0	33136	
48853	0	34384	
48854	0	35152	
48855	0	36136	
48856	0	38304	
48857	0	39596	
48858	0	38392	
48859	0	35476	
48860	0	32668	
48861	0	30844	
48862	0	29944	
48863	0	29980	
48864	0	29300	
48865	0	27840	
48866	0	26580	
48867	0	25808	
48868	0	25084	
48869	0	25472	
48870	0	26924	
48871	0	27840	
48872	0	29000	
48873	0	30720	
48874	0	32480	
48875	0	34516	
48876	0	36424	
48877	0	38296	
48878	0	39444	
48879	0	39712	
48880	0	39328	
48881	0	38472	
48882	0	37196	
48883	0	35864	
48884	0	34980	
48885	0	34460	
48886	0	34064	
48887	0	33424	
48888	0	32048	
48889	0	29952	
48890	0	27904	
48891	0	26780	
48892	0	27200	
48893	0	28532	
48894	0	30328	
48895	0	32524	
48896	0	34412	
48897	0	36312	
48898	0	37264	
48899	0	37416	
48900	0	37006	
48901	0	36500	
48902	0	35884	
48903	0	35476	
48904	0	34908	
48905	0	34504	
48906	0	34344	
48907	0	34152	
48908	0	34160	
48909	0	34180	
48910	0	33708	
48911	0	33592	
48912	0	33456	
48913	0	33562	
48914	0	33568	
48915	0	34100	
48916	0	35340	
48917	0	37112	
48918	0	38192	
48919	0	38120	
48920	0	37844	
48921	0	37348	
48922	0	37032	
48923	0	38260	
48924	0	39996	
48925	0	39780	
48926	0	37500	
48927	0	34772	
48928	0	32712	
48929	0	31600	
48930	0	31032	
48931	0	30844	
48932	0	30320	
48933	0	29412	
48934	0	27848	
48935	0	27056	
48936	0	26828	
48937	0	27216	
48938	0	28008	
48939	0	29128	
48940	0	29844	
48941	0	29936	
48942	0	30040	
48943	0	30652	
48944	0	31352	
48945	0	32408	
48946	0	33448	
48947	0	34292	
48948	0	34292	
48949	0	33776	
48950	0	32704	
48951	0	31600	
48952	0	31184	
48953	0	31244	
48954	0	31504	
48955	0	31628	
48956	0	31560	
48957	0	31880	
48958	0	32576	
48959	0	33800	
48960	0	34856	
48961	0	35612	
48962	0	36064	
48963	0	36368	
48964	0	36124	
48965	0	35792	
48966	0	34956	
48967	0	34188	
48968	0	34532	
48969	0	35356	
48970	0	36052	
48971	0	36436	
48972	0	36388	
48973	0	36496	
48974	0	36664	
48975	0	37244	
48976	0	37912	
48977	0	39376	
48978	0	40792	
48979	0	41232	
48980	0	40048	
48981	0	38044	
48982	0	36120	
48983	0	34480	
48984	0	33160	
48985	0	31636	
48986	0	30032	
48987	0	28056	
48988	0	26468	
48989	0	25000	
48990	0	23692	
48991	0	23044	
48992	0	23268	
48993	0	24768	
48994	0	27104	
48995	0	29912	
48996	0	31816	
48997	0	33076	
48998	0	33588	
48999	0	33752	
49000	0	33928	
49001	0	34144	
49002	0	34890	
49003	0	35952	
49004	0	37228	
49005	0	38112	
49006	0	38688	
49007	0	38992	
49008	0	38964	
49009	0	38824	
49010	0	38756	
49011	0	38104	
49012	0	37092	
49013	0	36088	
49014	0	35136	
49015	0	33960	
49016	0	32592	
49017	0	31672	
49018	0	31776	
49019	0	32312	
49020	0	32400	
49021	0	32256	
49022	0	32080	
49023	0	32368	
49024	0	32836	
49025	0	33628	
49026	0	34484	
49027	0	35368	
49028	0	36048	
49029	0	36120	
49030	0	35456	
49031	0	34576	
49032	0	33008	
49033	0	31628	
49034	0	30940	
49035	0	31080	
49036	0	31460	
49037	0	32218	
49038	0	32512	
49039	0	32760	
49040	0	32920	
49041	0	32792	
49042	0	32826	
49043	0	32716	
49044	0	32004	
49045	0	31460	
49046	0	30584	
49047	0	29340	
49048	0	28288	
49049	0	27956	
49050	0	27704	
49051	0	27932	
49052	0	28288	
49053	0	28960	
49054	0	29992	
49055	0	31356	
49056	0	32532	
49057	0	32732	
49058	0	31716	
49059	0	30244	
49060	0	29244	
49061	0	28752	
49062	0	29152	
49063	0	30260	
49064	0	31884	
49065	0	33832	
49066	0	36176	
49067	0	38456	
49068	0	39888	
49069	0	40600	
49070	0	40416	
49071	0	39476	
49072	0	37656	
49073	0	35588	
49074	0	35060	
49075	0	35692	
49076	0	36620	
49077	0	37800	
49078	0	37752	
49079	0	36068	
49080	0	35824	
49081	0	35456	
49082	0	33896	
49083	0	30968	
49084	0	28408	
49085	0	27044	
49086	0	26916	
49087	0	28296	
49088	0	29964	
49089	0	31492	
49090	0	32340	
49091	0	32616	
49092	0	32784	
49093	0	33104	
49094	0	32228	
49095	0	29712	
49096	0	26240	
49097	0	22766	
49098	0	20872	
49099	0	21200	
49100	0	23176	
49101	0	25704	
49102	0	27864	
49103	0	29256	
49104	0	30364	
49105	0	31388	
49106	0	32376	
49107	0	32884	
49108	0	33112	
49109	0	33048	
49110	0	33520	
49111	0	34872	
49112	0	36480	
49113	0	37948	
49114	0	39000	
49115	0	39500	
49116	0	39700	
49117	0	39708	
49118	0	39576	
49119	0	38920	
49120	0	38240	
49121	0	37744	
49122	0	36948	
49123	0	36556	
49124	0	36508	
49125	0	36016	
49126	0	34676	
49127	0	33748	
49128	0	33612	
49129	0	33824	
49130	0	33676	
49131	0	32888	
49132	0	31904	
49133	0	31018	
49134	0	30592	
49135	0	30636	
49136	0	30856	
49137	0	30644	
49138	0	30972	
49139	0	31264	
49140	0	31620	
49141	0	32576	
49142	0	34148	
49143	0	35276	
49144	0	35328	
49145	0	34752	
49146	0	34440	
49147	0	33904	
49148	0	31992	
49149	0	29728	
49150	0	28032	
49151	0	26476	
49152	0	24164	
49153	0	22358	
49154	0	21832	
49155	0	22160	
49156	0	22776	
49157	0	23260	
49158	0	25136	
49159	0	27548	
49160	0	29888	
49161	0	31976	
49162	0	33580	
49163	0	35296	
49164	0	36568	
49165	0	36928	
49166	0	37204	
49167	0	37608	
49168	0	37956	
49169	0	38432	
49170	0	39176	
49171	0	39640	
49172	0	39188	
49173	0	38276	
49174	0	37500	
49175	0	36860	
49176	0	36660	
49177	0	36356	
49178	0	35980	
49179	0	35896	
49180	0	35220	
49181	0	34020	
49182	0	32648	
49183	0	31604	
49184	0	30856	
49185	0	30336	
49186	0	29976	
49187	0	29696	
49188	0	29624	
49189	0	29336	
49190	0	28760	
49191	0	28216	
49192	0	28064	
49193	0	28788	
49194	0	30184	
49195	0	32176	
49196	0	34492	
49197	0	36216	
49198	0	37216	
49199	0	37512	
49200	0	37384	
49201	0	37552	
49202	0	38516	
49203	0	39044	
49204	0	38948	
49205	0	38432	
49206	0	37736	
49207	0	37236	
49208	0	36524	
49209	0	36172	
49210	0	35696	
49211	0	35692	
49212	0	35644	
49213	0	35204	
49214	0	34724	
49215	0	34320	
49216	0	34180	
49217	0	34648	
49218	0	35404	
49219	0	35988	
49220	0	36952	
49221	0	38852	
49222	0	40428	
49223	0	41760	
49224	0	41720	
49225	0	41620	
49226	0	40984	
49227	0	39312	
49228	0	36964	
49229	0	34420	
49230	0	31440	
49231	0	28688	
49232	0	27320	
49233	0	27644	
49234	0	29060	
49235	0	30612	
49236	0	32240	
49237	0	34554	
49238	0	37096	
49239	0	38852	
49240	0	39696	
49241	0	40372	
49242	0	40624	
49243	0	40892	
49244	0	40628	
49245	0	40372	
49246	0	39912	
49247	0	39296	
49248	0	39068	
49249	0	38684	
49250	0	37836	
49251	0	37156	
49252	0	36828	
49253	0	36704	
49254	0	36756	
49255	0	37140	
49256	0	37688	
49257	0	37824	
49258	0	37280	
49259	0	36556	
49260	0	35256	
49261	0	33176	
49262	0	31048	
49263	0	29280	
49264	0	28324	
49265	0	27948	
49266	0	29280	
49267	0	31068	
49268	0	32058	
49269	0	33336	
49270	0	34468	
49271	0	35228	
49272	0	35992	
49273	0	36600	
49274	0	38188	
49275	0	39672	
49276	0	40728	
49277	0	41120	
49278	0	40440	
49279	0	38872	
49280	0	37296	
49281	0	36164	
49282	0	35772	
49283	0	36168	
49284	0	36748	
49285	0	37876	
49286	0	39272	
49287	0	39148	
49288	0	36696	
49289	0	32876	
49290	0	29600	
49291	0	27620	
49292	0	26772	
49293	0	26664	
49294	0	27872	
49295	0	30336	
49296	0	31684	
49297	0	32213	
49298	0	32160	
49299	0	32452	
49300	0	33188	
49301	0	33948	
49302	0	35280	
49303	0	36568	
49304	0	38284	
49305	0	40224	
49306	0	42344	
49307	0	44568	
49308	0	45652	
49309	0	45632	
49310	0	44992	
49311	0	44080	
49312	0	43244	
49313	0	42328	
49314	0	41456	
49315	0	41052	
49316	0	41176	
49317	0	41148	
49318	0	40352	
49319	0	38440	
49320	0	36224	
49321	0	34196	
49322	0	32944	
49323	0	32670	
49324	0	32252	
49325	0	31368	
49326	0	29660	
49327	0	27656	
49328	0	26404	
49329	0	26924	
49330	0	28920	
49331	0	31500	
49332	0	33928	
49333	0	35320	
49334	0	35988	
49335	0	36496	
49336	0	35992	
49337	0	35296	
49338	0	35976	
49339	0	36600	
49340	0	36808	
49341	0	36876	
49342	0	36856	
49343	0	36820	
49344	0	36676	
49345	0	36292	
49346	0	35272	
49347	0	33368	
49348	0	31322	
49349	0	29472	
49350	0	27532	
49351	0	25876	
49352	0	25636	
49353	0	27052	
49354	0	29084	
49355	0	31516	
49356	0	33640	
49357	0	35212	
49358	0	36356	
49359	0	37420	
49360	0	38024	
49361	0	37932	
49362	0	37960	
49363	0	38072	
49364	0	39328	
49365	0	40800	
49366	0	41580	
49367	0	41088	
49368	0	40304	
49369	0	39844	
49370	0	39856	
49371	0	39456	
49372	0	38804	
49373	0	38672	
49374	0	39448	
49375	0	40212	
49376	0	40072	
49377	0	39428	
49378	0	38636	
49379	0	38344	
49380	0	38240	
49381	0	38536	
49382	0	38880	
49383	0	39160	
49384	0	38684	
49385	0	36864	
49386	0	34144	
49387	0	32072	
49388	0	30896	
49389	0	30192	
49390	0	30772	
49391	0	31932	
49392	0	32640	
49393	0	33048	
49394	0	33164	
49395	0	32008	
49396	0	31460	
49397	0	31652	
49398	0	32384	
49399	0	33128	
49400	0	33960	
49401	0	35040	
49402	0	35904	
49403	0	36496	
49404	0	36584	
49405	0	36052	
49406	0	35584	
49407	0	35192	
49408	0	34636	
49409	0	34388	
49410	0	34808	
49411	0	35916	
49412	0	36792	
49413	0	36732	
49414	0	36852	
49415	0	36780	
49416	0	37056	
49417	0	36960	
49418	0	36360	
49419	0	34684	
49420	0	32676	
49421	0	30948	
49422	0	29992	
49423	0	29492	
49424	0	29404	
49425	0	30408	
49426	0	31352	
49427	0	32064	
49428	0	32856	
49429	0	34456	
49430	0	36464	
49431	0	38228	
49432	0	39256	
49433	0	40096	
49434	0	40484	
49435	0	40608	
49436	0	40420	
49437	0	40276	
49438	0	41996	
49439	0	43500	
49440	0	43660	
49441	0	42248	
49442	0	39780	
49443	0	36980	
49444	0	34760	
49445	0	32768	
49446	0	31592	
49447	0	30969	
49448	0	31020	
49449	0	31048	
49450	0	30512	
49451	0	29937	
49452	0	29652	
49453	0	30516	
49454	0	31368	
49455	0	31940	
49456	0	31624	
49457	0	30752	
49458	0	30210	
49459	0	29904	
49460	0	29736	
49461	0	29956	
49462	0	30284	
49463	0	30444	
49464	0	30080	
49465	0	29396	
49466	0	29084	
49467	0	29164	
49468	0	28712	
49469	0	28248	
49470	0	27708	
49471	0	27568	
49472	0	27584	
49473	0	27436	
49474	0	26818	
49475	0	25930	
49476	0	25564	
49477	0	26138	
49478	0	27564	
49479	0	28732	
49480	0	29904	
49481	0	31036	
49482	0	31556	
49483	0	31664	
49484	0	31352	
49485	0	31072	
49486	0	31296	
49487	0	31376	
49488	0	30664	
49489	0	29420	
49490	0	28428	
49491	0	27708	
49492	0	27442	
49493	0	27552	
49494	0	27812	
49495	0	28560	
49496	0	29524	
49497	0	30316	
49498	0	31352	
49499	0	32672	
49500	0	34180	
49501	0	35724	
49502	0	36104	
49503	0	35812	
49504	0	35820	
49505	0	36148	
49506	0	35808	
49507	0	34648	
49508	0	33028	
49509	0	31272	
49510	0	28964	
49511	0	26648	
49512	0	24888	
49513	0	23900	
49514	0	24290	
49515	0	25378	
49516	0	26756	
49517	0	29452	
49518	0	33304	
49519	0	36744	
49520	0	38896	
49521	0	39340	
49522	0	38312	
49523	0	36900	
49524	0	36336	
49525	0	35980	
49526	0	36304	
49527	0	37296	
49528	0	37944	
49529	0	37716	
49530	0	36340	
49531	0	33976	
49532	0	31096	
49533	0	28232	
49534	0	25784	
49535	0	24060	
49536	0	23788	
49537	0	24508	
49538	0	25492	
49539	0	27216	
49540	0	29804	
49541	0	32596	
49542	0	34656	
49543	0	35520	
49544	0	36296	
49545	0	37404	
49546	0	37720	
49547	0	35568	
49548	0	32216	
49549	0	29184	
49550	0	27688	
49551	0	27716	
49552	0	29056	
49553	0	30524	
49554	0	31924	
49555	0	32928	
49556	0	33644	
49557	0	34424	
49558	0	34704	
49559	0	34392	
49560	0	33632	
49561	0	32456	
49562	0	31756	
49563	0	31112	
49564	0	31380	
49565	0	31760	
49566	0	33028	
49567	0	35200	
49568	0	36800	
49569	0	36780	
49570	0	35792	
49571	0	35316	
49572	0	35168	
49573	0	34476	
49574	0	33872	
49575	0	33628	
49576	0	33328	
49577	0	33428	
49578	0	33544	
49579	0	33888	
49580	0	33856	
49581	0	33392	
49582	0	32144	
49583	0	29200	
49584	0	25304	
49585	0	21916	
49586	0	21688	
49587	0	23608	
49588	0	26908	
49589	0	30412	
49590	0	33192	
49591	0	35496	
49592	0	37848	
49593	0	39952	
49594	0	41140	
49595	0	41408	
49596	0	41560	
49597	0	41376	
49598	0	40232	
49599	0	38320	
49600	0	35340	
49601	0	32128	
49602	0	30092	
49603	0	28874	
49604	0	28016	
49605	0	28044	
49606	0	29144	
49607	0	31792	
49608	0	34944	
49609	0	37644	
49610	0	38946	
49611	0	39404	
49612	0	39584	
49613	0	39716	
49614	0	39408	
49615	0	39544	
49616	0	39752	
49617	0	40308	
49618	0	41188	
49619	0	42708	
49620	0	44704	
49621	0	46776	
49622	0	49028	
49623	0	50088	
49624	0	47384	
49625	0	42412	
49626	0	36908	
49627	0	33488	
49628	0	33052	
49629	0	34364	
49630	0	37992	
49631	0	41860	
49632	0	45400	
49633	0	46552	
49634	0	46400	
49635	0	49328	
49636	0	52916	
49637	0	53640	
49638	0	53248	
49639	0	53132	
49640	0	54208	
49641	0	54728	
49642	0	54000	
49643	0	52932	
49644	0	51104	
49645	0	48912	
49646	0	48540	
49647	0	50880	
49648	0	53944	
49649	0	55712	
49650	0	56928	
49651	0	56780	
49652	0	56212	
49653	0	55592	
49654	0	54300	
49655	0	53272	
49656	0	54348	
49657	0	56896	
49658	0	59352	
49659	0	61304	
49660	0	62316	
49661	0	62452	
49662	0	62092	
49663	0	61648	
49664	0	61876	
49665	0	61992	
49666	0	60816	
49667	0	58096	
49668	0	55556	
49669	0	53564	
49670	0	52752	
49671	0	52600	
49672	0	52960	
49673	0	53780	
49674	0	54848	
49675	0	55880	
49676	0	57256	
49677	0	59584	
49678	0	62400	
49679	0	64580	
49680	0	63632	
49681	0	61412	
49682	0	59720	
49683	0	58808	
49684	0	58780	
49685	0	58000	
49686	0	56552	
49687	0	55128	
49688	0	54032	
49689	0	53800	
49690	0	53340	
49691	0	53420	
49692	0	53648	
49693	0	53980	
49694	0	53956	
49695	0	53456	
49696	0	53480	
49697	0	53400	
49698	0	51816	
49699	0	49480	
49700	0	48008	
49701	0	48156	
49702	0	51432	
49703	0	56792	
49704	0	61144	
49705	0	63592	
49706	0	64700	
49707	0	64844	
49708	0	64500	
49709	0	63160	
49710	0	61204	
49711	0	59240	
49712	0	57952	
49713	0	57944	
49714	0	58168	
49715	0	57656	
49716	0	56896	
49717	0	54980	
49718	0	52640	
49719	0	50648	
49720	0	49168	
49721	0	48016	
49722	0	46664	
49723	0	44544	
49724	0	43032	
49725	0	42280	
49726	0	42412	
49727	0	42580	
49728	0	42224	
49729	0	41292	
49730	0	39616	
49731	0	36660	
49732	0	32912	
49733	0	29872	
49734	0	27920	
49735	0	27696	
49736	0	28704	
49737	0	30760	
49738	0	33240	
49739	0	36800	
49740	0	40172	
49741	0	42752	
49742	0	45124	
49743	0	47320	
49744	0	48584	
49745	0	48068	
49746	0	45904	
49747	0	42816	
49748	0	39864	
49749	0	37980	
49750	0	37248	
49751	0	37876	
49752	0	39172	
49753	0	40152	
49754	0	40848	
49755	0	41232	
49756	0	40640	
49757	0	39140	
49758	0	36892	
49759	0	34368	
49760	0	32572	
49761	0	30860	
49762	0	29348	
49763	0	27996	
49764	0	27590	
49765	0	28012	
49766	0	28300	
49767	0	28002	
49768	0	27444	
49769	0	26340	
49770	0	25212	
49771	0	24365	
49772	0	24146	
49773	0	24620	
49774	0	25248	
49775	0	25088	
49776	0	24292	
49777	0	23476	
49778	0	23200	
49779	0	23248	
49780	0	23944	
49781	0	24768	
49782	0	24896	
49783	0	24725	
49784	0	24780	
49785	0	25284	
49786	0	25492	
49787	0	25312	
49788	0	24984	
49789	0	24730	
49790	0	25760	
49791	0	27408	
49792	0	28768	
49793	0	28968	
49794	0	28420	
49795	0	27796	
49796	0	26732	
49797	0	25124	
49798	0	24064	
49799	0	23608	
49800	0	23140	
49801	0	23024	
49802	0	23316	
49803	0	23904	
49804	0	24804	
49805	0	25092	
49806	0	24656	
49807	0	24600	
49808	0	24948	
49809	0	25172	
49810	0	24476	
49811	0	23380	
49812	0	22060	
49813	0	20080	
49814	0	18522	
49815	0	17645	
49816	0	17028	
49817	0	17216	
49818	0	16948	
49819	0	16108	
49820	0	15692	
49821	0	15520	
49822	0	16044	
49823	0	17848	
49824	0	20504	
49825	0	23464	
49826	0	26508	
49827	0	28040	
49828	0	28492	
49829	0	28892	
49830	0	29000	
49831	0	29624	
49832	0	30608	
49833	0	31448	
49834	0	32240	
49835	0	32292	
49836	0	32540	
49837	0	32644	
49838	0	32196	
49839	0	31328	
49840	0	30580	
49841	0	29856	
49842	0	28896	
49843	0	27752	
49844	0	26776	
49845	0	26436	
49846	0	25952	
49847	0	24748	
49848	0	23548	
49849	0	21872	
49850	0	20484	
49851	0	20296	
49852	0	20424	
49853	0	20456	
49854	0	20768	
49855	0	21160	
49856	0	21252	
49857	0	21144	
49858	0	21312	
49859	0	21780	
49860	0	21872	
49861	0	21560	
49862	0	20828	
49863	0	20138	
49864	0	19592	
49865	0	19700	
49866	0	19508	
49867	0	19042	
49868	0	18664	
49869	0	19128	
49870	0	19980	
49871	0	20896	
49872	0	21924	
49873	0	23672	
49874	0	25220	
49875	0	25517	
49876	0	25032	
49877	0	24516	
49878	0	25044	
49879	0	26632	
49880	0	29176	
49881	0	31352	
49882	0	32236	
49883	0	32176	
49884	0	32148	
49885	0	31504	
49886	0	30122	
49887	0	28660	
49888	0	27797	
49889	0	27292	
49890	0	26868	
49891	0	26232	
49892	0	25216	
49893	0	23444	
49894	0	21720	
49895	0	20448	
49896	0	19992	
49897	0	18716	
49898	0	16188	
49899	0	13452	
49900	0	12348	
49901	0	12770	
49902	0	14406	
49903	0	15364	
49904	0	16060	
49905	0	16616	
49906	0	17488	
49907	0	19288	
49908	0	21882	
49909	0	24888	
49910	0	28616	
49911	0	32332	
49912	0	34984	
49913	0	36176	
49914	0	35464	
49915	0	33328	
49916	0	30952	
49917	0	29268	
49918	0	28484	
49919	0	28356	
49920	0	28932	
49921	0	29584	
49922	0	29876	
49923	0	29488	
49924	0	28736	
49925	0	27752	
49926	0	27306	
49927	0	27352	
49928	0	26916	
49929	0	25960	
49930	0	24952	
49931	0	23480	
49932	0	22520	
49933	0	22492	
49934	0	23496	
49935	0	24908	
49936	0	26328	
49937	0	26648	
49938	0	25496	
49939	0	24956	
49940	0	25976	
49941	0	27904	
49942	0	29332	
49943	0	29978	
49944	0	29634	
49945	0	28400	
49946	0	27240	
49947	0	27240	
49948	0	28128	
49949	0	29160	
49950	0	29604	
49951	0	29788	
49952	0	29632	
49953	0	29672	
49954	0	29492	
49955	0	28832	
49956	0	28100	
49957	0	26392	
49958	0	25312	
49959	0	25092	
49960	0	25720	
49961	0	26412	
49962	0	27196	
49963	0	27784	
49964	0	27960	
49965	0	27500	
49966	0	26592	
49967	0	24600	
49968	0	22028	
49969	0	20476	
49970	0	19534	
49971	0	18528	
49972	0	19524	
49973	0	22472	
49974	0	24676	
49975	0	25320	
49976	0	24604	
49977	0	23756	
49978	0	23016	
49979	0	22928	
49980	0	23360	
49981	0	24226	
49982	0	25120	
49983	0	26040	
49984	0	26868	
49985	0	28736	
49986	0	31100	
49987	0	32984	
49988	0	34004	
49989	0	33984	
49990	0	32600	
49991	0	30744	
49992	0	28884	
49993	0	27690	
49994	0	26848	
49995	0	25220	
49996	0	23284	
49997	0	21788	
49998	0	21916	
49999	0	23296	
50000	0	25192	
50001	0	26824	
50002	0	28278	
50003	0	28908	
50004	0	28872	
50005	0	28728	
50006	0	28692	
50007	0	28788	
50008	0	28748	
50009	0	29236	
50010	0	30040	
50011	0	30308	
50012	0	30584	
50013	0	31072	
50014	0	30650	
50015	0	29764	
50016	0	28556	
50017	0	26732	
50018	0	25304	
50019	0	24688	
50020	0	24292	
50021	0	23884	
50022	0	23684	
50023	0	23104	
50024	0	22042	
50025	0	21740	
50026	0	21512	
50027	0	21112	
50028	0	20108	
50029	0	19080	
50030	0	17988	
50031	0	17504	
50032	0	18058	
50033	0	19416	
50034	0	20788	
50035	0	21700	
50036	0	22860	
50037	0	24672	
50038	0	26922	
50039	0	28444	
50040	0	27552	
50041	0	24472	
50042	0	20536	
50043	0	17780	
50044	0	17974	
50045	0	19760	
50046	0	21904	
50047	0	24036	
50048	0	25728	
50049	0	26836	
50050	0	27764	
50051	0	29120	
50052	0	29128	
50053	0	28448	
50054	0	27876	
50055	0	27664	
50056	0	27332	
50057	0	27492	
50058	0	29076	
50059	0	31236	
50060	0	32784	
50061	0	32652	
50062	0	31968	
50063	0	30708	
50064	0	29256	
50065	0	27910	
50066	0	26236	
50067	0	25048	
50068	0	25680	
50069	0	28360	
50070	0	31680	
50071	0	34428	
50072	0	36152	
50073	0	37152	
50074	0	37680	
50075	0	38208	
50076	0	39040	
50077	0	39060	
50078	0	38216	
50079	0	35020	
50080	0	30402	
50081	0	26688	
50082	0	23248	
50083	0	20300	
50084	0	18496	
50085	0	18733	
50086	0	20464	
50087	0	23720	
50088	0	28872	
50089	0	33676	
50090	0	36328	
50091	0	37048	
50092	0	36508	
50093	0	36204	
50094	0	36520	
50095	0	36384	
50096	0	36576	
50097	0	37568	
50098	0	38720	
50099	0	39248	
50100	0	39848	
50101	0	40900	
50102	0	40700	
50103	0	39120	
50104	0	36136	
50105	0	33568	
50106	0	32332	
50107	0	31316	
50108	0	30144	
50109	0	28724	
50110	0	27080	
50111	0	25060	
50112	0	23548	
50113	0	23132	
50114	0	23496	
50115	0	23588	
50116	0	24228	
50117	0	25172	
50118	0	26464	
50119	0	28912	
50120	0	31764	
50121	0	34480	
50122	0	36112	
50123	0	36408	
50124	0	35752	
50125	0	34188	
50126	0	31624	
50127	0	30020	
50128	0	29752	
50129	0	30524	
50130	0	32056	
50131	0	33024	
50132	0	33532	
50133	0	33868	
50134	0	33456	
50135	0	32964	
50136	0	33196	
50137	0	34400	
50138	0	35892	
50139	0	36700	
50140	0	36172	
50141	0	35544	
50142	0	35224	
50143	0	35356	
50144	0	35720	
50145	0	35088	
50146	0	33828	
50147	0	33056	
50148	0	33048	
50149	0	33728	
50150	0	34424	
50151	0	33604	
50152	0	31132	
50153	0	27570	
50154	0	24092	
50155	0	21632	
50156	0	21200	
50157	0	21609	
50158	0	22088	
50159	0	22930	
50160	0	25450	
50161	0	28360	
50162	0	31180	
50163	0	33772	
50164	0	35644	
50165	0	36448	
50166	0	36252	
50167	0	35924	
50168	0	34920	
50169	0	34060	
50170	0	34688	
50171	0	36172	
50172	0	36844	
50173	0	36212	
50174	0	34960	
50175	0	33796	
50176	0	33024	
50177	0	32156	
50178	0	31224	
50179	0	30920	
50180	0	31788	
50181	0	32904	
50182	0	35480	
50183	0	38696	
50184	0	39792	
50185	0	39148	
50186	0	36986	
50187	0	34432	
50188	0	32424	
50189	0	30716	
50190	0	29700	
50191	0	30448	
50192	0	32492	
50193	0	35152	
50194	0	37704	
50195	0	39020	
50196	0	39960	
50197	0	40768	
50198	0	40728	
50199	0	39064	
50200	0	36314	
50201	0	33600	
50202	0	31488	
50203	0	29982	
50204	0	30212	
50205	0	31000	
50206	0	30840	
50207	0	30712	
50208	0	30936	
50209	0	31664	
50210	0	33512	
50211	0	35880	
50212	0	37840	
50213	0	39948	
50214	0	41708	
50215	0	41532	
50216	0	39824	
50217	0	37848	
50218	0	36492	
50219	0	35784	
50220	0	35768	
50221	0	36024	
50222	0	36472	
50223	0	37840	
50224	0	39848	
50225	0	41960	
50226	0	42664	
50227	0	42936	
50228	0	42748	
50229	0	41300	
50230	0	39220	
50231	0	37408	
50232	0	35248	
50233	0	33264	
50234	0	32316	
50235	0	31964	
50236	0	32616	
50237	0	34460	
50238	0	36652	
50239	0	37692	
50240	0	37176	
50241	0	36160	
50242	0	35060	
50243	0	35020	
50244	0	34776	
50245	0	34004	
50246	0	32420	
50247	0	31292	
50248	0	30648	
50249	0	29456	
50250	0	28072	
50251	0	25936	
50252	0	23018	
50253	0	20680	
50254	0	19384	
50255	0	19004	
50256	0	18798	
50257	0	18472	
50258	0	17352	
50259	0	16186	
50260	0	16732	
50261	0	18148	
50262	0	20568	
50263	0	23780	
50264	0	27152	
50265	0	30408	
50266	0	33364	
50267	0	36340	
50268	0	38680	
50269	0	40636	
50270	0	41864	
50271	0	42392	
50272	0	42460	
50273	0	42696	
50274	0	42904	
50275	0	42432	
50276	0	41868	
50277	0	41188	
50278	0	40004	
50279	0	38736	
50280	0	37824	
50281	0	36560	
50282	0	35056	
50283	0	32772	
50284	0	29628	
50285	0	26928	
50286	0	25552	
50287	0	25436	
50288	0	26420	
50289	0	28388	
50290	0	31017	
50291	0	33336	
50292	0	33832	
50293	0	32948	
50294	0	31716	
50295	0	30352	
50296	0	29656	
50297	0	30034	
50298	0	31876	
50299	0	34884	
50300	0	35776	
50301	0	34992	
50302	0	34336	
50303	0	33448	
50304	0	31708	
50305	0	30776	
50306	0	30708	
50307	0	30832	
50308	0	30612	
50309	0	30740	
50310	0	31000	
50311	0	31072	
50312	0	31408	
50313	0	31460	
50314	0	31640	
50315	0	32472	
50316	0	33268	
50317	0	33548	
50318	0	33512	
50319	0	34076	
50320	0	34160	
50321	0	32772	
50322	0	30796	
50323	0	28760	
50324	0	27344	
50325	0	26436	
50326	0	26148	
50327	0	26920	
50328	0	28248	
50329	0	29576	
50330	0	30664	
50331	0	31444	
50332	0	32012	
50333	0	32212	
50334	0	32416	
50335	0	32588	
50336	0	32148	
50337	0	31664	
50338	0	30592	
50339	0	30436	
50340	0	31112	
50341	0	32212	
50342	0	33296	
50343	0	33828	
50344	0	33536	
50345	0	32924	
50346	0	32196	
50347	0	31776	
50348	0	32208	
50349	0	32608	
50350	0	32920	
50351	0	33364	
50352	0	33272	
50353	0	33216	
50354	0	32988	
50355	0	32396	
50356	0	32388	
50357	0	32944	
50358	0	34148	
50359	0	35160	
50360	0	35424	
50361	0	36036	
50362	0	36092	
50363	0	35344	
50364	0	34864	
50365	0	34544	
50366	0	34476	
50367	0	34136	
50368	0	33404	
50369	0	33004	
50370	0	32544	
50371	0	32300	
50372	0	31988	
50373	0	31644	
50374	0	32052	
50375	0	32772	
50376	0	33080	
50377	0	32764	
50378	0	31448	
50379	0	30044	
50380	0	29696	
50381	0	30224	
50382	0	31008	
50383	0	30760	
50384	0	29300	
50385	0	27252	
50386	0	25076	
50387	0	23536	
50388	0	23528	
50389	0	24668	
50390	0	25892	
50391	0	26416	
50392	0	26836	
50393	0	27796	
50394	0	28840	
50395	0	30136	
50396	0	31916	
50397	0	32889	
50398	0	33920	
50399	0	34972	
50400	0	35466	
50401	0	35940	
50402	0	36436	
50403	0	37120	
50404	0	36860	
50405	0	36084	
50406	0	35896	
50407	0	35812	
50408	0	35572	
50409	0	35076	
50410	0	33912	
50411	0	32168	
50412	0	30940	
50413	0	31024	
50414	0	31468	
50415	0	32068	
50416	0	32596	
50417	0	32484	
50418	0	31680	
50419	0	30592	
50420	0	30000	
50421	0	29436	
50422	0	29320	
50423	0	29148	
50424	0	29028	
50425	0	28512	
50426	0	27932	
50427	0	27296	
50428	0	26050	
50429	0	24688	
50430	0	23000	
50431	0	22176	
50432	0	22986	
50433	0	24332	
50434	0	27056	
50435	0	30420	
50436	0	32440	
50437	0	32580	
50438	0	31148	
50439	0	29049	
50440	0	27006	
50441	0	25340	
50442	0	24788	
50443	0	25056	
50444	0	25588	
50445	0	26240	
50446	0	26848	
50447	0	28096	
50448	0	29572	
50449	0	29616	
50450	0	27644	
50451	0	25364	
50452	0	24988	
50453	0	26360	
50454	0	28580	
50455	0	30636	
50456	0	31036	
50457	0	31216	
50458	0	31792	
50459	0	32148	
50460	0	32736	
50461	0	34156	
50462	0	36026	
50463	0	37684	
50464	0	38608	
50465	0	38760	
50466	0	38664	
50467	0	39060	
50468	0	39736	
50469	0	39784	
50470	0	39816	
50471	0	39516	
50472	0	38324	
50473	0	36772	
50474	0	35624	
50475	0	34864	
50476	0	34608	
50477	0	35068	
50478	0	35408	
50479	0	35236	
50480	0	34048	
50481	0	32276	
50482	0	29900	
50483	0	27864	
50484	0	25136	
50485	0	23056	
50486	0	21940	
50487	0	24200	
50488	0	28820	
50489	0	32072	
50490	0	33332	
50491	0	32912	
50492	0	32104	
50493	0	31588	
50494	0	31376	
50495	0	31488	
50496	0	31964	
50497	0	32608	
50498	0	32868	
50499	0	32692	
50500	0	32112	
50501	0	31328	
50502	0	30988	
50503	0	30932	
50504	0	30732	
50505	0	30952	
50506	0	30608	
50507	0	29824	
50508	0	29568	
50509	0	29556	
50510	0	29708	
50511	0	30012	
50512	0	30720	
50513	0	31096	
50514	0	30840	
50515	0	30640	
50516	0	30504	
50517	0	31100	
50518	0	31158	
50519	0	30448	
50520	0	29544	
50521	0	28540	
50522	0	27820	
50523	0	28264	
50524	0	29828	
50525	0	31588	
50526	0	33072	
50527	0	34312	
50528	0	35744	
50529	0	36996	
50530	0	37168	
50531	0	36140	
50532	0	34808	
50533	0	33776	
50534	0	33372	
50535	0	33328	
50536	0	33160	
50537	0	32644	
50538	0	32616	
50539	0	33236	
50540	0	33964	
50541	0	34560	
50542	0	34448	
50543	0	33536	
50544	0	32012	
50545	0	31524	
50546	0	31744	
50547	0	32264	
50548	0	33112	
50549	0	33816	
50550	0	34488	
50551	0	34772	
50552	0	34120	
50553	0	32676	
50554	0	31328	
50555	0	30036	
50556	0	29032	
50557	0	28572	
50558	0	27496	
50559	0	26528	
50560	0	26682	
50561	0	27928	
50562	0	29980	
50563	0	32364	
50564	0	33668	
50565	0	33880	
50566	0	33270	
50567	0	32328	
50568	0	31048	
50569	0	29128	
50570	0	27432	
50571	0	26060	
50572	0	25956	
50573	0	26968	
50574	0	28636	
50575	0	30880	
50576	0	32532	
50577	0	33076	
50578	0	33424	
50579	0	32592	
50580	0	31240	
50581	0	29784	
50582	0	28272	
50583	0	27368	
50584	0	27136	
50585	0	26944	
50586	0	27116	
50587	0	28500	
50588	0	30344	
50589	0	32016	
50590	0	33288	
50591	0	33476	
50592	0	32872	
50593	0	32448	
50594	0	32592	
50595	0	32972	
50596	0	33120	
50597	0	33188	
50598	0	32292	
50599	0	30004	
50600	0	27124	
50601	0	24140	
50602	0	22536	
50603	0	22256	
50604	0	22652	
50605	0	22784	
50606	0	22816	
50607	0	22444	
50608	0	22104	
50609	0	22408	
50610	0	23654	
50611	0	25632	
50612	0	28100	
50613	0	31196	
50614	0	35128	
50615	0	38256	
50616	0	39984	
50617	0	40752	
50618	0	40620	
50619	0	40260	
50620	0	40184	
50621	0	40388	
50622	0	40800	
50623	0	40104	
50624	0	38656	
50625	0	36332	
50626	0	34452	
50627	0	32764	
50628	0	32074	
50629	0	32084	
50630	0	32256	
50631	0	32024	
50632	0	31192	
50633	0	30344	
50634	0	29616	
50635	0	29264	
50636	0	29588	
50637	0	29912	
50638	0	29980	
50639	0	29304	
50640	0	27772	
50641	0	24800	
50642	0	21268	
50643	0	19028	
50644	0	18584	
50645	0	20033	
50646	0	22620	
50647	0	25129	
50648	0	27340	
50649	0	29488	
50650	0	31204	
50651	0	31432	
50652	0	31508	
50653	0	31060	
50654	0	30116	
50655	0	29136	
50656	0	28988	
50657	0	28696	
50658	0	27600	
50659	0	26012	
50660	0	24828	
50661	0	24308	
50662	0	24173	
50663	0	24148	
50664	0	24152	
50665	0	25348	
50666	0	27580	
50667	0	29608	
50668	0	31784	
50669	0	33856	
50670	0	35620	
50671	0	37544	
50672	0	38788	
50673	0	38328	
50674	0	36376	
50675	0	34304	
50676	0	32340	
50677	0	30968	
50678	0	30424	
50679	0	31020	
50680	0	33012	
50681	0	35240	
50682	0	36856	
50683	0	37952	
50684	0	38744	
50685	0	40256	
50686	0	42200	
50687	0	42888	
50688	0	42256	
50689	0	41436	
50690	0	40440	
50691	0	39072	
50692	0	37796	
50693	0	36464	
50694	0	35412	
50695	0	34528	
50696	0	33812	
50697	0	34316	
50698	0	35104	
50699	0	35036	
50700	0	34392	
50701	0	33288	
50702	0	32400	
50703	0	31740	
50704	0	31692	
50705	0	32112	
50706	0	32052	
50707	0	31264	
50708	0	29916	
50709	0	28624	
50710	0	28008	
50711	0	28260	
50712	0	28978	
50713	0	29812	
50714	0	30720	
50715	0	31344	
50716	0	32408	
50717	0	33956	
50718	0	35352	
50719	0	36076	
50720	0	35980	
50721	0	36004	
50722	0	36508	
50723	0	37160	
50724	0	37156	
50725	0	36424	
50726	0	35996	
50727	0	35420	
50728	0	35084	
50729	0	35348	
50730	0	35416	
50731	0	34604	
50732	0	33356	
50733	0	32372	
50734	0	32040	
50735	0	32168	
50736	0	33204	
50737	0	34500	
50738	0	35560	
50739	0	35612	
50740	0	34324	
50741	0	32724	
50742	0	31492	
50743	0	30184	
50744	0	28616	
50745	0	27188	
50746	0	26520	
50747	0	25848	
50748	0	25192	
50749	0	24344	
50750	0	22876	
50751	0	21920	
50752	0	21636	
50753	0	21760	
50754	0	22500	
50755	0	23630	
50756	0	24736	
50757	0	27080	
50758	0	29880	
50759	0	32596	
50760	0	35036	
50761	0	36888	
50762	0	38132	
50763	0	38920	
50764	0	39080	
50765	0	39312	
50766	0	40288	
50767	0	41136	
50768	0	40988	
50769	0	41152	
50770	0	41020	
50771	0	40448	
50772	0	39472	
50773	0	38376	
50774	0	37620	
50775	0	37080	
50776	0	35912	
50777	0	34220	
50778	0	32948	
50779	0	31548	
50780	0	30296	
50781	0	29572	
50782	0	29222	
50783	0	28252	
50784	0	26796	
50785	0	24964	
50786	0	22562	
50787	0	20173	
50788	0	19188	
50789	0	19483	
50790	0	20488	
50791	0	21200	
50792	0	22282	
50793	0	24996	
50794	0	28336	
50795	0	30280	
50796	0	30896	
50797	0	31380	
50798	0	31916	
50799	0	32448	
50800	0	32922	
50801	0	33152	
50802	0	33396	
50803	0	33304	
50804	0	33136	
50805	0	32908	
50806	0	32462	
50807	0	31476	
50808	0	31194	
50809	0	31524	
50810	0	31932	
50811	0	32104	
50812	0	31672	
50813	0	31028	
50814	0	30040	
50815	0	29304	
50816	0	29476	
50817	0	29436	
50818	0	29208	
50819	0	28020	
50820	0	26288	
50821	0	24344	
50822	0	22908	
50823	0	21924	
50824	0	22256	
50825	0	23638	
50826	0	24716	
50827	0	25564	
50828	0	26332	
50829	0	27232	
50830	0	28500	
50831	0	29316	
50832	0	29356	
50833	0	27700	
50834	0	25528	
50835	0	23760	
50836	0	22808	
50837	0	22600	
50838	0	22836	
50839	0	23608	
50840	0	24538	
50841	0	26048	
50842	0	27708	
50843	0	28924	
50844	0	29760	
50845	0	30880	
50846	0	31388	
50847	0	31072	
50848	0	30380	
50849	0	30052	
50850	0	30468	
50851	0	31112	
50852	0	30972	
50853	0	29888	
50854	0	28456	
50855	0	27176	
50856	0	26904	
50857	0	27516	
50858	0	28568	
50859	0	29800	
50860	0	31588	
50861	0	33388	
50862	0	35084	
50863	0	36168	
50864	0	36000	
50865	0	35476	
50866	0	34600	
50867	0	33100	
50868	0	32116	
50869	0	31488	
50870	0	29952	
50871	0	28676	
50872	0	28192	
50873	0	28896	
50874	0	30544	
50875	0	32012	
50876	0	33296	
50877	0	34208	
50878	0	35384	
50879	0	37088	
50880	0	37692	
50881	0	37904	
50882	0	37180	
50883	0	35600	
50884	0	33608	
50885	0	31980	
50886	0	31348	
50887	0	31208	
50888	0	31178	
50889	0	31840	
50890	0	32688	
50891	0	33628	
50892	0	34272	
50893	0	34142	
50894	0	34080	
50895	0	34228	
50896	0	34148	
50897	0	33672	
50898	0	33168	
50899	0	32716	
50900	0	32352	
50901	0	32132	
50902	0	31780	
50903	0	32176	
50904	0	33488	
50905	0	35480	
50906	0	37412	
50907	0	38864	
50908	0	39776	
50909	0	40288	
50910	0	40288	
50911	0	39880	
50912	0	39568	
50913	0	39640	
50914	0	39840	
50915	0	39896	
50916	0	39960	
50917	0	39400	
50918	0	37504	
50919	0	34712	
50920	0	31648	
50921	0	30024	
50922	0	30108	
50923	0	31744	
50924	0	34556	
50925	0	37316	
50926	0	39424	
50927	0	41092	
50928	0	42376	
50929	0	43552	
50930	0	44776	
50931	0	45408	
50932	0	45108	
50933	0	44352	
50934	0	43476	
50935	0	42732	
50936	0	41704	
50937	0	40336	
50938	0	39504	
50939	0	38624	
50940	0	38288	
50941	0	38600	
50942	0	37924	
50943	0	36740	
50944	0	35140	
50945	0	32608	
50946	0	30380	
50947	0	29308	
50948	0	30032	
50949	0	32576	
50950	0	35216	
50951	0	36928	
50952	0	36948	
50953	0	35344	
50954	0	34632	
50955	0	35652	
50956	0	37252	
50957	0	38732	
50958	0	40300	
50959	0	40080	
50960	0	38936	
50961	0	37568	
50962	0	36940	
50963	0	37904	
50964	0	39400	
50965	0	40488	
50966	0	41272	
50967	0	41744	
50968	0	42040	
50969	0	41948	
50970	0	41544	
50971	0	41496	
50972	0	41312	
50973	0	41324	
50974	0	41868	
50975	0	42092	
50976	0	42004	
50977	0	41692	
50978	0	41840	
50979	0	41996	
50980	0	42068	
50981	0	42608	
50982	0	43032	
50983	0	42628	
50984	0	41672	
50985	0	39764	
50986	0	38080	
50987	0	37960	
50988	0	38680	
50989	0	39124	
50990	0	40484	
50991	0	42480	
50992	0	44576	
50993	0	46376	
50994	0	46208	
50995	0	43868	
50996	0	38900	
50997	0	32456	
50998	0	27956	
50999	0	28496	
51000	0	34968	
51001	0	44776	
51002	0	52424	
51003	0	55992	
51004	0	56720	
51005	0	54784	
51006	0	51976	
51007	0	49684	
51008	0	47952	
51009	0	46296	
51010	0	44496	
51011	0	42720	
51012	0	43252	
51013	0	47096	
51014	0	51224	
51015	0	53100	
51016	0	53120	
51017	0	53492	
51018	0	53884	
51019	0	52992	
51020	0	51896	
51021	0	50920	
51022	0	50760	
51023	0	51856	
51024	0	52688	
51025	0	52488	
51026	0	52472	
51027	0	53596	
51028	0	56376	
51029	0	59576	
51030	0	62376	
51031	0	63660	
51032	0	62888	
51033	0	61936	
51034	0	62444	
51035	0	63256	
51036	0	63368	
51037	0	62016	
51038	0	60112	
51039	0	59888	
51040	0	59152	
51041	0	56604	
51042	0	54004	
51043	0	52112	
51044	0	50672	
51045	0	49752	
51046	0	48464	
51047	0	46944	
51048	0	47756	
51049	0	49376	
51050	0	50268	
51051	0	50592	
51052	0	51436	
51053	0	52320	
51054	0	53444	
51055	0	54760	
51056	0	56320	
51057	0	57024	
51058	0	56576	
51059	0	55056	
51060	0	53136	
51061	0	52088	
51062	0	51724	
51063	0	52036	
51064	0	52800	
51065	0	52184	
51066	0	50624	
51067	0	48776	
51068	0	47008	
51069	0	44932	
51070	0	43236	
51071	0	43936	
51072	0	45836	
51073	0	46032	
51074	0	44652	
51075	0	42628	
51076	0	40296	
51077	0	38640	
51078	0	38028	
51079	0	37380	
51080	0	37060	
51081	0	37472	
51082	0	37892	
51083	0	36980	
51084	0	32924	
51085	0	26640	
51086	0	21584	
51087	0	19088	
51088	0	20032	
51089	0	23832	
51090	0	29348	
51091	0	34216	
51092	0	38140	
51093	0	40880	
51094	0	42456	
51095	0	43436	
51096	0	44476	
51097	0	45084	
51098	0	45304	
51099	0	45172	
51100	0	44952	
51101	0	44368	
51102	0	43248	
51103	0	40632	
51104	0	37124	
51105	0	33876	
51106	0	30928	
51107	0	28984	
51108	0	27512	
51109	0	25716	
51110	0	23480	
51111	0	20480	
51112	0	16724	
51113	0	12646	
51114	0	8396	
51115	0	5222	
51116	0	4308	
51117	0	5520	
51118	0	8200	
51119	0	11233	
51120	0	14792	
51121	0	18404	
51122	0	21040	
51123	0	21758	
51124	0	20432	
51125	0	17284	
51126	0	12252	
51127	0	8012	
51128	0	6065	
51129	0	5692	
51130	0	7471	
51131	0	10168	
51132	0	11421	
51133	0	10105	
51134	0	7176	
51135	0	5222	
51136	0	4593	
51137	0	4776	
51138	0	4508	
51139	0	4673	
51140	0	5542	
51141	0	6991	
51142	0	8752	
51143	0	9668	
51144	0	10258	
51145	0	9204	
51146	0	7346	
51147	0	5102	
51148	0	3178	
51149	0	2897	
51150	0	3568	
51151	0	4132	
51152	0	4774	
51153	0	5537	
51154	0	6063	
51155	0	6360	
51156	0	5718	
51157	0	3633	
51158	0	1218	
51159	0	60	
51160	0	60	
51161	0	60	
51162	0	60	
51163	0	60	
51164	0	59	
51165	0	59	
51166	0	62	
51167	0	60	
51168	0	3172	
51169	0	3860	
51170	0	3185	
51171	0	1209	
51172	0	61	
51173	0	61	
51174	0	60	
51175	0	61	
51176	0	60	
51177	0	60	
51178	0	60	
51179	0	60	
51180	0	61	
51181	0	61	
51182	0	59	
51183	0	59	
51184	0	60	
51185	0	61	
51186	0	60	
51187	0	60	
51188	0	60	
51189	0	59	
51190	0	60	
51191	0	61	
51192	0	61	
51193	0	60	
51194	0	61	
51195	0	60	
51196	0	59	
51197	0	60	
51198	0	60	
51199	0	59	
51200	0	61	
51201	0	8093	
51202	0	10768	
51203	0	11242	
51204	0	10430	
51205	0	9422	
51206	0	8340	
51207	0	7600	
51208	0	7628	
51209	0	7554	
51210	0	7421	
51211	0	7912	
51212	0	9244	
51213	0	10225	
51214	0	9796	
51215	0	8376	
51216	0	7449	
51217	0	8015	
51218	0	9904	
51219	0	11892	
51220	0	12834	
51221	0	12113	
51222	0	9026	
51223	0	5072	
51224	0	1598	
51225	0	187	
51226	0	863	
51227	0	1934	
51228	0	4472	
51229	0	8870	
51230	0	14293	
51231	0	18820	
51232	0	21600	
51233	0	23000	
51234	0	22948	
51235	0	22368	
51236	0	21632	
51237	0	20544	
51238	0	19812	
51239	0	19520	
51240	0	18612	
51241	0	15748	
51242	0	12976	
51243	0	10782	
51244	0	9524	
51245	0	9333	
51246	0	8789	
51247	0	6620	
51248	0	4752	
51249	0	5054	
51250	0	7450	
51251	0	12314	
51252	0	16900	
51253	0	21186	
51254	0	25028	
51255	0	28780	
51256	0	32740	
51257	0	36572	
51258	0	39952	
51259	0	42848	
51260	0	44672	
51261	0	45308	
51262	0	44844	
51263	0	43296	
51264	0	40804	
51265	0	37428	
51266	0	33360	
51267	0	29936	
51268	0	27848	
51269	0	26418	
51270	0	25808	
51271	0	25340	
51272	0	24536	
51273	0	23864	
51274	0	24108	
51275	0	25568	
51276	0	28076	
51277	0	32336	
51278	0	35780	
51279	0	36104	
51280	0	34224	
51281	0	30932	
51282	0	28368	
51283	0	26394	
51284	0	25312	
51285	0	24826	
51286	0	26212	
51287	0	28304	
51288	0	28764	
51289	0	27816	
51290	0	26248	
51291	0	25772	
51292	0	26132	
51293	0	26736	
51294	0	27040	
51295	0	27252	
51296	0	28040	
51297	0	28748	
51298	0	29280	
51299	0	31848	
51300	0	34376	
51301	0	35000	
51302	0	34588	
51303	0	33276	
51304	0	31308	
51305	0	28388	
51306	0	25336	
51307	0	23968	
51308	0	24388	
51309	0	26138	
51310	0	27824	
51311	0	29376	
51312	0	31088	
51313	0	31200	
51314	0	29732	
51315	0	27676	
51316	0	26056	
51317	0	26100	
51318	0	27748	
51319	0	30800	
51320	0	34032	
51321	0	35412	
51322	0	35576	
51323	0	34664	
51324	0	33128	
51325	0	31656	
51326	0	31360	
51327	0	31528	
51328	0	31824	
51329	0	32044	
51330	0	32968	
51331	0	34856	
51332	0	37752	
51333	0	41336	
51334	0	45044	
51335	0	47920	
51336	0	49776	
51337	0	50416	
51338	0	49960	
51339	0	49120	
51340	0	48352	
51341	0	47728	
51342	0	46856	
51343	0	45872	
51344	0	45224	
51345	0	45076	
51346	0	44188	
51347	0	42304	
51348	0	40972	
51349	0	40776	
51350	0	41368	
51351	0	42080	
51352	0	42764	
51353	0	43452	
51354	0	42704	
51355	0	40880	
51356	0	40364	
51357	0	42444	
51358	0	43948	
51359	0	43656	
51360	0	41316	
51361	0	38700	
51362	0	36632	
51363	0	34404	
51364	0	32969	
51365	0	32928	
51366	0	33808	
51367	0	34000	
51368	0	34616	
51369	0	35240	
51370	0	36464	
51371	0	37992	
51372	0	39396	
51373	0	40064	
51374	0	40352	
51375	0	40852	
51376	0	41152	
51377	0	40048	
51378	0	38480	
51379	0	37460	
51380	0	37444	
51381	0	39420	
51382	0	41336	
51383	0	43044	
51384	0	44700	
51385	0	44628	
51386	0	43116	
51387	0	42664	
51388	0	43712	
51389	0	44752	
51390	0	45808	
51391	0	46356	
51392	0	45576	
51393	0	43364	
51394	0	40890	
51395	0	39308	
51396	0	39608	
51397	0	40728	
51398	0	39836	
51399	0	37088	
51400	0	35060	
51401	0	35484	
51402	0	37120	
51403	0	37840	
51404	0	36908	
51405	0	35792	
51406	0	35740	
51407	0	35748	
51408	0	35724	
51409	0	36800	
51410	0	38584	
51411	0	40372	
51412	0	41768	
51413	0	43584	
51414	0	46076	
51415	0	49360	
51416	0	52048	
51417	0	52232	
51418	0	49864	
51419	0	45532	
51420	0	41552	
51421	0	39432	
51422	0	39576	
51423	0	40920	
51424	0	43772	
51425	0	47132	
51426	0	49284	
51427	0	49384	
51428	0	49324	
51429	0	48312	
51430	0	46788	
51431	0	45088	
51432	0	43640	
51433	0	42928	
51434	0	43268	
51435	0	44208	
51436	0	43988	
51437	0	43312	
51438	0	42788	
51439	0	43116	
51440	0	43704	
51441	0	44728	
51442	0	45756	
51443	0	45784	
51444	0	45088	
51445	0	43424	
51446	0	40776	
51447	0	38421	
51448	0	37120	
51449	0	37532	
51450	0	38496	
51451	0	38896	
51452	0	38608	
51453	0	38312	
51454	0	38992	
51455	0	38864	
51456	0	36724	
51457	0	33280	
51458	0	29652	
51459	0	28076	
51460	0	29164	
51461	0	31952	
51462	0	35936	
51463	0	38618	
51464	0	39344	
51465	0	38592	
51466	0	37688	
51467	0	38540	
51468	0	41212	
51469	0	43920	
51470	0	46652	
51471	0	49940	
51472	0	52184	
51473	0	52192	
51474	0	50344	
51475	0	47600	
51476	0	45588	
51477	0	44024	
51478	0	43364	
51479	0	43720	
51480	0	44424	
51481	0	43984	
51482	0	42588	
51483	0	42138	
51484	0	42788	
51485	0	44384	
51486	0	45648	
51487	0	46976	
51488	0	48632	
51489	0	49972	
51490	0	50932	
51491	0	49480	
51492	0	47108	
51493	0	45824	
51494	0	44808	
51495	0	43224	
51496	0	40648	
51497	0	38016	
51498	0	35784	
51499	0	34804	
51500	0	34636	
51501	0	35000	
51502	0	35844	
51503	0	36172	
51504	0	36784	
51505	0	38156	
51506	0	39136	
51507	0	39108	
51508	0	38456	
51509	0	36932	
51510	0	35388	
51511	0	34260	
51512	0	33592	
51513	0	33880	
51514	0	35912	
51515	0	38096	
51516	0	39696	
51517	0	39496	
51518	0	37728	
51519	0	36704	
51520	0	36200	
51521	0	37124	
51522	0	40736	
51523	0	44288	
51524	0	45848	
51525	0	45036	
51526	0	42916	
51527	0	41216	
51528	0	39916	
51529	0	39304	
51530	0	39536	
51531	0	40208	
51532	0	40968	
51533	0	41966	
51534	0	42700	
51535	0	43244	
51536	0	43728	
51537	0	42980	
51538	0	40236	
51539	0	34628	
51540	0	28152	
51541	0	23080	
51542	0	20358	
51543	0	20008	
51544	0	20916	
51545	0	22652	
51546	0	25356	
51547	0	28348	
51548	0	31636	
51549	0	36040	
51550	0	41508	
51551	0	44524	
51552	0	45164	
51553	0	44668	
51554	0	45344	
51555	0	46368	
51556	0	46080	
51557	0	44028	
51558	0	41916	
51559	0	40308	
51560	0	39472	
51561	0	39856	
51562	0	40644	
51563	0	40376	
51564	0	39272	
51565	0	38088	
51566	0	36636	
51567	0	35900	
51568	0	35988	
51569	0	36224	
51570	0	35952	
51571	0	36192	
51572	0	36500	
51573	0	35752	
51574	0	34088	
51575	0	32268	
51576	0	30648	
51577	0	29920	
51578	0	29976	
51579	0	30976	
51580	0	31928	
51581	0	31768	
51582	0	31404	
51583	0	31348	
51584	0	31308	
51585	0	31136	
51586	0	31040	
51587	0	31288	
51588	0	31464	
51589	0	31360	
51590	0	31224	
51591	0	31280	
51592	0	32500	
51593	0	34092	
51594	0	34644	
51595	0	33592	
51596	0	31976	
51597	0	31244	
51598	0	31000	
51599	0	31012	
51600	0	30620	
51601	0	29522	
51602	0	27396	
51603	0	24988	
51604	0	22200	
51605	0	20780	
51606	0	20616	
51607	0	21448	
51608	0	22628	
51609	0	24204	
51610	0	26124	
51611	0	27544	
51612	0	28484	
51613	0	28804	
51614	0	29604	
51615	0	30980	
51616	0	31284	
51617	0	30700	
51618	0	29730	
51619	0	28500	
51620	0	27388	
51621	0	26660	
51622	0	26568	
51623	0	25936	
51624	0	24412	
51625	0	22548	
51626	0	21632	
51627	0	22152	
51628	0	24304	
51629	0	28000	
51630	0	33004	
51631	0	38268	
51632	0	42852	
51633	0	45304	
51634	0	45508	
51635	0	43296	
51636	0	40760	
51637	0	38968	
51638	0	37856	
51639	0	37248	
51640	0	36884	
51641	0	35528	
51642	0	33320	
51643	0	31088	
51644	0	29944	
51645	0	29972	
51646	0	30712	
51647	0	31948	
51648	0	32772	
51649	0	33920	
51650	0	34634	
51651	0	34984	
51652	0	34548	
51653	0	33516	
51654	0	32112	
51655	0	30404	
51656	0	29176	
51657	0	28188	
51658	0	28016	
51659	0	28224	
51660	0	28736	
51661	0	29960	
51662	0	32004	
51663	0	34672	
51664	0	37152	
51665	0	38616	
51666	0	39428	
51667	0	39932	
51668	0	40048	
51669	0	39848	
51670	0	39032	
51671	0	36528	
51672	0	33516	
51673	0	30968	
51674	0	30292	
51675	0	30120	
51676	0	30196	
51677	0	30864	
51678	0	31708	
51679	0	32212	
51680	0	32528	
51681	0	32672	
51682	0	32280	
51683	0	31392	
51684	0	31524	
51685	0	33624	
51686	0	37160	
51687	0	40792	
51688	0	43668	
51689	0	45896	
51690	0	47352	
51691	0	47620	
51692	0	46840	
51693	0	45736	
51694	0	45332	
51695	0	44864	
51696	0	44076	
51697	0	43276	
51698	0	42312	
51699	0	40324	
51700	0	38300	
51701	0	36976	
51702	0	35936	
51703	0	35140	
51704	0	34832	
51705	0	35868	
51706	0	37464	
51707	0	39360	
51708	0	44028	
51709	0	45920	
51710	0	41556	
51711	0	35904	
51712	0	30948	
51713	0	27604	
51714	0	25328	
51715	0	24520	
51716	0	25016	
51717	0	26428	
51718	0	27764	
51719	0	28500	
51720	0	29112	
51721	0	30488	
51722	0	32174	
51723	0	33512	
51724	0	34020	
51725	0	33892	
51726	0	33592	
51727	0	33792	
51728	0	34912	
51729	0	36940	
51730	0	38708	
51731	0	39928	
51732	0	41952	
51733	0	42684	
51734	0	40744	
51735	0	37520	
51736	0	35152	
51737	0	34048	
51738	0	34140	
51739	0	35040	
51740	0	36216	
51741	0	37504	
51742	0	38912	
51743	0	40156	
51744	0	41368	
51745	0	42200	
51746	0	42548	
51747	0	41984	
51748	0	41388	
51749	0	40408	
51750	0	39056	
51751	0	37752	
51752	0	36832	
51753	0	36228	
51754	0	35292	
51755	0	34640	
51756	0	33980	
51757	0	33704	
51758	0	35208	
51759	0	38124	
51760	0	39848	
51761	0	40168	
51762	0	38984	
51763	0	37512	
51764	0	35872	
51765	0	34540	
51766	0	35564	
51767	0	37308	
51768	0	37092	
51769	0	35140	
51770	0	32372	
51771	0	30472	
51772	0	30968	
51773	0	31936	
51774	0	32008	
51775	0	30816	
51776	0	28912	
51777	0	27992	
51778	0	27536	
51779	0	27372	
51780	0	27036	
51781	0	26378	
51782	0	25914	
51783	0	25732	
51784	0	25716	
51785	0	26336	
51786	0	27360	
51787	0	28028	
51788	0	29920	
51789	0	32536	
51790	0	35332	
51791	0	37488	
51792	0	36584	
51793	0	33580	
51794	0	29956	
51795	0	27668	
51796	0	28420	
51797	0	30896	
51798	0	32880	
51799	0	34932	
51800	0	38244	
51801	0	39448	
51802	0	36612	
51803	0	30084	
51804	0	23236	
51805	0	17960	
51806	0	15098	
51807	0	15109	
51808	0	16956	
51809	0	19332	
51810	0	21820	
51811	0	23880	
51812	0	25928	
51813	0	27712	
51814	0	29624	
51815	0	31292	
51816	0	33056	
51817	0	34308	
51818	0	35000	
51819	0	35064	
51820	0	34568	
51821	0	33720	
51822	0	33048	
51823	0	32376	
51824	0	31920	
51825	0	31680	
51826	0	31556	
51827	0	31284	
51828	0	30956	
51829	0	31188	
51830	0	31292	
51831	0	31148	
51832	0	30516	
51833	0	29348	
51834	0	28696	
51835	0	28052	
51836	0	27276	
51837	0	26916	
51838	0	26880	
51839	0	27152	
51840	0	27280	
51841	0	27076	
51842	0	27032	
51843	0	27552	
51844	0	28888	
51845	0	30626	
51846	0	31684	
51847	0	32464	
51848	0	32892	
51849	0	32988	
51850	0	32512	
51851	0	31564	
51852	0	31168	
51853	0	31020	
51854	0	30688	
51855	0	30176	
51856	0	29920	
51857	0	29860	
51858	0	30100	
51859	0	30496	
51860	0	30688	
51861	0	30440	
51862	0	30124	
51863	0	29344	
51864	0	28936	
51865	0	29260	
51866	0	29876	
51867	0	30604	
51868	0	30736	
51869	0	30208	
51870	0	29180	
51871	0	29056	
51872	0	29176	
51873	0	30040	
51874	0	31484	
51875	0	33304	
51876	0	35368	
51877	0	36256	
51878	0	36008	
51879	0	35152	
51880	0	34328	
51881	0	33376	
51882	0	31748	
51883	0	29696	
51884	0	28264	
51885	0	26945	
51886	0	26344	
51887	0	26192	
51888	0	26656	
51889	0	28520	
51890	0	31324	
51891	0	34324	
51892	0	36608	
51893	0	37532	
51894	0	37452	
51895	0	36468	
51896	0	35844	
51897	0	35648	
51898	0	35512	
51899	0	35524	
51900	0	35432	
51901	0	35584	
51902	0	36040	
51903	0	36376	
51904	0	36328	
51905	0	35824	
51906	0	34996	
51907	0	33752	
51908	0	32380	
51909	0	30944	
51910	0	29804	
51911	0	29168	
51912	0	29236	
51913	0	30586	
51914	0	31684	
51915	0	31732	
51916	0	30860	
51917	0	29888	
51918	0	29484	
51919	0	30764	
51920	0	33356	
51921	0	35384	
51922	0	36936	
51923	0	37484	
51924	0	36084	
51925	0	35408	
51926	0	35092	
51927	0	34064	
51928	0	33628	
51929	0	34016	
51930	0	34252	
51931	0	34924	
51932	0	35508	
51933	0	35528	
51934	0	34424	
51935	0	32500	
51936	0	30708	
51937	0	29868	
51938	0	29556	
51939	0	30072	
51940	0	30884	
51941	0	30928	
51942	0	30632	
51943	0	30088	
51944	0	29184	
51945	0	28668	
51946	0	29388	
51947	0	31082	
51948	0	32892	
51949	0	34372	
51950	0	36020	
51951	0	37900	
51952	0	39640	
51953	0	40160	
51954	0	39444	
51955	0	37764	
51956	0	36356	
51957	0	36024	
51958	0	36532	
51959	0	36828	
51960	0	36112	
51961	0	34556	
51962	0	33052	
51963	0	32768	
51964	0	34272	
51965	0	34872	
51966	0	34404	
51967	0	33400	
51968	0	30692	
51969	0	29144	
51970	0	29108	
51971	0	29672	
51972	0	32600	
51973	0	36196	
51974	0	37148	
51975	0	38464	
51976	0	41716	
51977	0	42708	
51978	0	41672	
51979	0	40068	
51980	0	38896	
51981	0	38472	
51982	0	38240	
51983	0	37280	
51984	0	36160	
51985	0	34544	
51986	0	33664	
51987	0	33840	
51988	0	34804	
51989	0	35468	
51990	0	35792	
51991	0	36536	
51992	0	38520	
51993	0	40560	
51994	0	42028	
51995	0	44664	
51996	0	47240	
51997	0	47072	
51998	0	45568	
51999	0	43732	
52000	0	40888	
52001	0	38248	
52002	0	36688	
52003	0	36844	
52004	0	37952	
52005	0	38328	
52006	0	37328	
52007	0	36040	
52008	0	34616	
52009	0	34384	
52010	0	34796	
52011	0	35340	
52012	0	35336	
52013	0	35540	
52014	0	35940	
52015	0	38328	
52016	0	39724	
52017	0	38504	
52018	0	36292	
52019	0	35840	
52020	0	36048	
52021	0	36080	
52022	0	36160	
52023	0	36388	
52024	0	36296	
52025	0	36356	
52026	0	36888	
52027	0	37912	
52028	0	39048	
52029	0	40432	
52030	0	41648	
52031	0	42020	
52032	0	42180	
52033	0	42744	
52034	0	42936	
52035	0	42008	
52036	0	40372	
52037	0	38428	
52038	0	36860	
52039	0	36332	
52040	0	36388	
52041	0	37032	
52042	0	37680	
52043	0	37944	
52044	0	38312	
52045	0	38148	
52046	0	37320	
52047	0	36804	
52048	0	37704	
52049	0	38912	
52050	0	38896	
52051	0	38620	
52052	0	38340	
52053	0	38856	
52054	0	39116	
52055	0	38448	
52056	0	36896	
52057	0	35624	
52058	0	34616	
52059	0	34156	
52060	0	34616	
52061	0	35908	
52062	0	37336	
52063	0	38236	
52064	0	38840	
52065	0	38552	
52066	0	38040	
52067	0	37972	
52068	0	38466	
52069	0	38576	
52070	0	37252	
52071	0	35616	
52072	0	35104	
52073	0	35768	
52074	0	37180	
52075	0	38704	
52076	0	39832	
52077	0	41640	
52078	0	42908	
52079	0	43228	
52080	0	43296	
52081	0	42904	
52082	0	41568	
52083	0	38914	
52084	0	36540	
52085	0	35392	
52086	0	35444	
52087	0	36028	
52088	0	36548	
52089	0	36476	
52090	0	36296	
52091	0	36512	
52092	0	37268	
52093	0	38004	
52094	0	38916	
52095	0	38840	
52096	0	37352	
52097	0	35276	
52098	0	34700	
52099	0	34888	
52100	0	35392	
52101	0	35332	
52102	0	34764	
52103	0	34006	
52104	0	33308	
52105	0	32796	
52106	0	32608	
52107	0	32548	
52108	0	32192	
52109	0	32316	
52110	0	32400	
52111	0	33840	
52112	0	36280	
52113	0	38156	
52114	0	39764	
52115	0	41648	
52116	0	43020	
52117	0	43392	
52118	0	43496	
52119	0	43260	
52120	0	41736	
52121	0	39388	
52122	0	37872	
52123	0	37306	
52124	0	36908	
52125	0	35856	
52126	0	33700	
52127	0	31808	
52128	0	31124	
52129	0	31852	
52130	0	33148	
52131	0	33592	
52132	0	33864	
52133	0	33732	
52134	0	33436	
52135	0	33468	
52136	0	33466	
52137	0	33072	
52138	0	32344	
52139	0	32384	
52140	0	32492	
52141	0	32844	
52142	0	32836	
52143	0	32168	
52144	0	31856	
52145	0	31428	
52146	0	30328	
52147	0	29156	
52148	0	28372	
52149	0	28932	
52150	0	29788	
52151	0	30928	
52152	0	32300	
52153	0	33044	
52154	0	32594	
52155	0	32688	
52156	0	34200	
52157	0	36576	
52158	0	38664	
52159	0	39808	
52160	0	39728	
52161	0	39196	
52162	0	38360	
52163	0	37640	
52164	0	37160	
52165	0	36849	
52166	0	37044	
52167	0	36656	
52168	0	36060	
52169	0	35261	
52170	0	34184	
52171	0	33772	
52172	0	33140	
52173	0	32828	
52174	0	32916	
52175	0	33104	
52176	0	32824	
52177	0	32344	
52178	0	32044	
52179	0	32208	
52180	0	33160	
52181	0	33892	
52182	0	34584	
52183	0	34596	
52184	0	33928	
52185	0	33764	
52186	0	34716	
52187	0	35396	
52188	0	35484	
52189	0	34648	
52190	0	32744	
52191	0	30232	
52192	0	28516	
52193	0	27316	
52194	0	26088	
52195	0	25860	
52196	0	26196	
52197	0	25856	
52198	0	25600	
52199	0	25460	
52200	0	25626	
52201	0	24544	
52202	0	22488	
52203	0	21216	
52204	0	22148	
52205	0	23856	
52206	0	25664	
52207	0	27128	
52208	0	28020	
52209	0	28644	
52210	0	30020	
52211	0	31844	
52212	0	34076	
52213	0	35972	
52214	0	36932	
52215	0	36864	
52216	0	36268	
52217	0	35876	
52218	0	35428	
52219	0	34340	
52220	0	32608	
52221	0	31204	
52222	0	29928	
52223	0	29193	
52224	0	29428	
52225	0	30588	
52226	0	32036	
52227	0	33036	
52228	0	32920	
52229	0	31548	
52230	0	29688	
52231	0	27780	
52232	0	25448	
52233	0	23824	
52234	0	22844	
52235	0	23048	
52236	0	24006	
52237	0	25712	
52238	0	28524	
52239	0	30740	
52240	0	30480	
52241	0	29752	
52242	0	29940	
52243	0	30376	
52244	0	29868	
52245	0	29964	
52246	0	30024	
52247	0	29272	
52248	0	27772	
52249	0	26850	
52250	0	26480	
52251	0	26466	
52252	0	26780	
52253	0	26588	
52254	0	26572	
52255	0	26868	
52256	0	26632	
52257	0	26068	
52258	0	25794	
52259	0	26180	
52260	0	26364	
52261	0	27260	
52262	0	28848	
52263	0	31360	
52264	0	33716	
52265	0	34828	
52266	0	34404	
52267	0	33232	
52268	0	32150	
52269	0	31876	
52270	0	32000	
52271	0	32336	
52272	0	33012	
52273	0	33560	
52274	0	33936	
52275	0	33036	
52276	0	31400	
52277	0	29992	
52278	0	28840	
52279	0	27344	
52280	0	26416	
52281	0	27148	
52282	0	29312	
52283	0	31232	
52284	0	32492	
52285	0	33720	
52286	0	34024	
52287	0	34152	
52288	0	34260	
52289	0	33812	
52290	0	33172	
52291	0	33052	
52292	0	33496	
52293	0	33740	
52294	0	33944	
52295	0	33944	
52296	0	33788	
52297	0	33668	
52298	0	33676	
52299	0	32776	
52300	0	31380	
52301	0	30740	
52302	0	31048	
52303	0	32424	
52304	0	34432	
52305	0	35892	
52306	0	36980	
52307	0	37520	
52308	0	37344	
52309	0	36492	
52310	0	34048	
52311	0	31712	
52312	0	30056	
52313	0	29160	
52314	0	28736	
52315	0	28442	
52316	0	28256	
52317	0	28356	
52318	0	28480	
52319	0	28540	
52320	0	28660	
52321	0	28024	
52322	0	26936	
52323	0	25124	
52324	0	23004	
52325	0	20744	
52326	0	19448	
52327	0	20196	
52328	0	22229	
52329	0	24282	
52330	0	26416	
52331	0	28416	
52332	0	29924	
52333	0	31500	
52334	0	33220	
52335	0	34444	
52336	0	35544	
52337	0	36144	
52338	0	36404	
52339	0	37012	
52340	0	37864	
52341	0	37544	
52342	0	36912	
52343	0	36496	
52344	0	36388	
52345	0	36128	
52346	0	34860	
52347	0	33416	
52348	0	32944	
52349	0	33244	
52350	0	33760	
52351	0	33768	
52352	0	33816	
52353	0	33076	
52354	0	31644	
52355	0	31276	
52356	0	31080	
52357	0	30420	
52358	0	29140	
52359	0	27412	
52360	0	26192	
52361	0	25672	
52362	0	25828	
52363	0	26692	
52364	0	28086	
52365	0	29468	
52366	0	30784	
52367	0	31952	
52368	0	32976	
52369	0	34264	
52370	0	35368	
52371	0	36008	
52372	0	36932	
52373	0	38080	
52374	0	38700	
52375	0	38456	
52376	0	37284	
52377	0	35068	
52378	0	32604	
52379	0	30952	
52380	0	29444	
52381	0	28112	
52382	0	26704	
52383	0	25425	
52384	0	24268	
52385	0	24164	
52386	0	25592	
52387	0	27792	
52388	0	30112	
52389	0	31752	
52390	0	32412	
52391	0	32712	
52392	0	33440	
52393	0	34272	
52394	0	35548	
52395	0	36712	
52396	0	38288	
52397	0	39376	
52398	0	39296	
52399	0	38856	
52400	0	38436	
52401	0	37588	
52402	0	35992	
52403	0	34132	
52404	0	32464	
52405	0	31660	
52406	0	32176	
52407	0	32404	
52408	0	32240	
52409	0	32248	
52410	0	32292	
52411	0	32344	
52412	0	32664	
52413	0	32476	
52414	0	32432	
52415	0	32384	
52416	0	32052	
52417	0	31364	
52418	0	31176	
52419	0	30720	
52420	0	29780	
52421	0	29148	
52422	0	28512	
52423	0	28364	
52424	0	28664	
52425	0	29864	
52426	0	31252	
52427	0	32580	
52428	0	34268	
52429	0	36508	
52430	0	39008	
52431	0	41464	
52432	0	43428	
52433	0	44484	
52434	0	44716	
52435	0	44132	
52436	0	42672	
52437	0	41716	
52438	0	40808	
52439	0	40188	
52440	0	39792	
52441	0	39328	
52442	0	38492	
52443	0	38036	
52444	0	38216	
52445	0	37628	
52446	0	37092	
52447	0	35988	
52448	0	35512	
52449	0	35872	
52450	0	36268	
52451	0	36408	
52452	0	36268	
52453	0	35200	
52454	0	33944	
52455	0	33160	
52456	0	32668	
52457	0	32832	
52458	0	32624	
52459	0	32404	
52460	0	32242	
52461	0	32472	
52462	0	33680	
52463	0	35528	
52464	0	36852	
52465	0	37644	
52466	0	37908	
52467	0	37620	
52468	0	37416	
52469	0	37840	
52470	0	39076	
52471	0	40684	
52472	0	41560	
52473	0	41032	
52474	0	39832	
52475	0	38028	
52476	0	35698	
52477	0	33012	
52478	0	30788	
52479	0	29984	
52480	0	30284	
52481	0	31712	
52482	0	33708	
52483	0	35640	
52484	0	36936	
52485	0	38064	
52486	0	38856	
52487	0	38872	
52488	0	38384	
52489	0	37748	
52490	0	37236	
52491	0	36856	
52492	0	36540	
52493	0	36520	
52494	0	36688	
52495	0	37108	
52496	0	37624	
52497	0	37928	
52498	0	37524	
52499	0	36416	
52500	0	35576	
52501	0	35240	
52502	0	35536	
52503	0	36240	
52504	0	36792	
52505	0	37568	
52506	0	38212	
52507	0	38052	
52508	0	37564	
52509	0	36808	
52510	0	35204	
52511	0	33836	
52512	0	33696	
52513	0	34576	
52514	0	35860	
52515	0	36152	
52516	0	36160	
52517	0	35392	
52518	0	34544	
52519	0	34820	
52520	0	35868	
52521	0	35540	
52522	0	33800	
52523	0	31576	
52524	0	30316	
52525	0	30176	
52526	0	31116	
52527	0	31992	
52528	0	32280	
52529	0	32212	
52530	0	31952	
52531	0	31700	
52532	0	31428	
52533	0	30952	
52534	0	30132	
52535	0	28804	
52536	0	28088	
52537	0	28772	
52538	0	29832	
52539	0	31932	
52540	0	34964	
52541	0	37744	
52542	0	40384	
52543	0	42756	
52544	0	44528	
52545	0	45020	
52546	0	44668	
52547	0	43352	
52548	0	41544	
52549	0	39456	
52550	0	37956	
52551	0	38412	
52552	0	39808	
52553	0	40708	
52554	0	40980	
52555	0	41276	
52556	0	41640	
52557	0	41756	
52558	0	41000	
52559	0	40000	
52560	0	38616	
52561	0	37248	
52562	0	35696	
52563	0	34168	
52564	0	32440	
52565	0	30816	
52566	0	28568	
52567	0	25888	
52568	0	23824	
52569	0	22688	
52570	0	23480	
52571	0	25886	
52572	0	28012	
52573	0	29550	
52574	0	31048	
52575	0	31692	
52576	0	32050	
52577	0	32200	
52578	0	32812	
52579	0	34172	
52580	0	36392	
52581	0	38928	
52582	0	42048	
52583	0	45348	
52584	0	46560	
52585	0	45024	
52586	0	42776	
52587	0	42024	
52588	0	42256	
52589	0	42124	
52590	0	41216	
52591	0	39828	
52592	0	38128	
52593	0	37116	
52594	0	37000	
52595	0	36508	
52596	0	35256	
52597	0	33680	
52598	0	32000	
52599	0	30544	
52600	0	30632	
52601	0	32250	
52602	0	33412	
52603	0	33296	
52604	0	32276	
52605	0	31324	
52606	0	30892	
52607	0	32120	
52608	0	34488	
52609	0	35836	
52610	0	35552	
52611	0	34120	
52612	0	31776	
52613	0	29152	
52614	0	27674	
52615	0	26908	
52616	0	26312	
52617	0	25961	
52618	0	26676	
52619	0	27020	
52620	0	27188	
52621	0	26064	
52622	0	25460	
52623	0	25592	
52624	0	25800	
52625	0	25664	
52626	0	24800	
52627	0	23756	
52628	0	24140	
52629	0	26088	
52630	0	27104	
52631	0	25946	
52632	0	24000	
52633	0	22510	
52634	0	21602	
52635	0	20440	
52636	0	19540	
52637	0	19114	
52638	0	19716	
52639	0	20952	
52640	0	24344	
52641	0	29024	
52642	0	31776	
52643	0	31484	
52644	0	29516	
52645	0	27716	
52646	0	25956	
52647	0	24276	
52648	0	22988	
52649	0	23824	
52650	0	25800	
52651	0	26584	
52652	0	26460	
52653	0	26140	
52654	0	26148	
52655	0	26212	
52656	0	25952	
52657	0	25604	
52658	0	26290	
52659	0	27776	
52660	0	29396	
52661	0	30032	
52662	0	29492	
52663	0	28352	
52664	0	25896	
52665	0	24204	
52666	0	23584	
52667	0	24170	
52668	0	25020	
52669	0	25984	
52670	0	27542	
52671	0	29976	
52672	0	32072	
52673	0	32776	
52674	0	32232	
52675	0	31176	
52676	0	30552	
52677	0	30096	
52678	0	29072	
52679	0	27896	
52680	0	27312	
52681	0	27476	
52682	0	28368	
52683	0	29712	
52684	0	30844	
52685	0	31776	
52686	0	32764	
52687	0	33604	
52688	0	33832	
52689	0	33960	
52690	0	34010	
52691	0	33780	
52692	0	33208	
52693	0	32560	
52694	0	32148	
52695	0	31976	
52696	0	31352	
52697	0	29856	
52698	0	28148	
52699	0	26998	
52700	0	27188	
52701	0	27232	
52702	0	25682	
52703	0	23424	
52704	0	20884	
52705	0	18240	
52706	0	16740	
52707	0	17454	
52708	0	19964	
52709	0	22108	
52710	0	24562	
52711	0	27416	
52712	0	30136	
52713	0	32792	
52714	0	35216	
52715	0	37100	
52716	0	37996	
52717	0	38404	
52718	0	38912	
52719	0	39652	
52720	0	40016	
52721	0	39672	
52722	0	38908	
52723	0	38572	
52724	0	38408	
52725	0	37708	
52726	0	36688	
52727	0	34972	
52728	0	33080	
52729	0	31400	
52730	0	30580	
52731	0	30544	
52732	0	30776	
52733	0	31208	
52734	0	31604	
52735	0	31072	
52736	0	30148	
52737	0	29836	
52738	0	29940	
52739	0	30652	
52740	0	31804	
52741	0	32352	
52742	0	32636	
52743	0	31900	
52744	0	30544	
52745	0	28900	
52746	0	27236	
52747	0	26232	
52748	0	27144	
52749	0	29100	
52750	0	30572	
52751	0	31092	
52752	0	30680	
52753	0	29688	
52754	0	29224	
52755	0	29432	
52756	0	29840	
52757	0	30536	
52758	0	31132	
52759	0	31356	
52760	0	31776	
52761	0	31864	
52762	0	31788	
52763	0	31452	
52764	0	30752	
52765	0	30076	
52766	0	29532	
52767	0	28704	
52768	0	27876	
52769	0	27688	
52770	0	27764	
52771	0	27812	
52772	0	27756	
52773	0	27357	
52774	0	27004	
52775	0	26644	
52776	0	26256	
52777	0	27544	
52778	0	28832	
52779	0	28912	
52780	0	28120	
52781	0	27812	
52782	0	28540	
52783	0	29824	
52784	0	31252	
52785	0	31968	
52786	0	31728	
52787	0	31328	
52788	0	30880	
52789	0	30360	
52790	0	29776	
52791	0	29400	
52792	0	28960	
52793	0	28568	
52794	0	28508	
52795	0	28976	
52796	0	29408	
52797	0	29848	
52798	0	30314	
52799	0	30880	
52800	0	31120	
52801	0	31336	
52802	0	30912	
52803	0	30640	
52804	0	30660	
52805	0	31132	
52806	0	32096	
52807	0	33428	
52808	0	34988	
52809	0	36260	
52810	0	37084	
52811	0	36900	
52812	0	36072	
52813	0	35168	
52814	0	34120	
52815	0	32840	
52816	0	31384	
52817	0	30440	
52818	0	30604	
52819	0	31156	
52820	0	31940	
52821	0	32376	
52822	0	32468	
52823	0	32608	
52824	0	32512	
52825	0	32864	
52826	0	32912	
52827	0	32500	
52828	0	31628	
52829	0	31008	
52830	0	31400	
52831	0	32352	
52832	0	34140	
52833	0	35176	
52834	0	35132	
52835	0	34192	
52836	0	33000	
52837	0	31096	
52838	0	29150	
52839	0	28032	
52840	0	27704	
52841	0	28444	
52842	0	28772	
52843	0	29292	
52844	0	30192	
52845	0	31408	
52846	0	32268	
52847	0	32704	
52848	0	32568	
52849	0	32092	
52850	0	31908	
52851	0	32092	
52852	0	32272	
52853	0	32908	
52854	0	33272	
52855	0	32522	
52856	0	32084	
52857	0	32740	
52858	0	33152	
52859	0	33536	
52860	0	33904	
52861	0	33876	
52862	0	33808	
52863	0	33904	
52864	0	33944	
52865	0	33864	
52866	0	34188	
52867	0	34220	
52868	0	33884	
52869	0	33388	
52870	0	32584	
52871	0	32398	
52872	0	33016	
52873	0	33216	
52874	0	33552	
52875	0	34000	
52876	0	34524	
52877	0	35384	
52878	0	35968	
52879	0	36048	
52880	0	36120	
52881	0	36020	
52882	0	36020	
52883	0	35556	
52884	0	34592	
52885	0	33448	
52886	0	32524	
52887	0	32056	
52888	0	31916	
52889	0	32212	
52890	0	32644	
52891	0	33268	
52892	0	34080	
52893	0	34180	
52894	0	33964	
52895	0	33772	
52896	0	33600	
52897	0	33624	
52898	0	34260	
52899	0	35188	
52900	0	36036	
52901	0	36780	
52902	0	36664	
52903	0	35200	
52904	0	33840	
52905	0	33388	
52906	0	34072	
52907	0	34984	
52908	0	35700	
52909	0	35588	
52910	0	35008	
52911	0	33692	
52912	0	31648	
52913	0	29900	
52914	0	29688	
52915	0	30148	
52916	0	30464	
52917	0	30744	
52918	0	30964	
52919	0	31116	
52920	0	31564	
52921	0	31408	
52922	0	30938	
52923	0	30576	
52924	0	30476	
52925	0	30484	
52926	0	30452	
52927	0	30320	
52928	0	30364	
52929	0	30676	
52930	0	30740	
52931	0	30996	
52932	0	31352	
52933	0	31964	
52934	0	32356	
52935	0	31852	
52936	0	31180	
52937	0	30196	
52938	0	30148	
52939	0	30508	
52940	0	31052	
52941	0	31628	
52942	0	32248	
52943	0	32664	
52944	0	33188	
52945	0	32700	
52946	0	32184	
52947	0	31936	
52948	0	31532	
52949	0	30766	
52950	0	30176	
52951	0	30084	
52952	0	30580	
52953	0	31268	
52954	0	32124	
52955	0	33112	
52956	0	33440	
52957	0	33092	
52958	0	31988	
52959	0	30800	
52960	0	30108	
52961	0	30300	
52962	0	31276	
52963	0	32736	
52964	0	33496	
52965	0	34052	
52966	0	34200	
52967	0	34504	
52968	0	34648	
52969	0	34740	
52970	0	34892	
52971	0	35040	
52972	0	34760	
52973	0	34312	
52974	0	34352	
52975	0	34956	
52976	0	35200	
52977	0	34608	
52978	0	34152	
52979	0	33824	
52980	0	33792	
52981	0	33964	
52982	0	33136	
52983	0	32236	
52984	0	31468	
52985	0	30832	
52986	0	30112	
52987	0	29388	
52988	0	28748	
52989	0	28332	
52990	0	28132	
52991	0	28672	
52992	0	30340	
52993	0	31552	
52994	0	32312	
52995	0	31824	
52996	0	29936	
52997	0	28244	
52998	0	27344	
52999	0	27012	
53000	0	26920	
53001	0	27244	
53002	0	27340	
53003	0	27632	
53004	0	28444	
53005	0	28520	
53006	0	27901	
53007	0	27716	
53008	0	28272	
53009	0	30100	
53010	0	31756	
53011	0	32944	
53012	0	34884	
53013	0	36832	
53014	0	36720	
53015	0	34572	
53016	0	32136	
53017	0	30712	
53018	0	29860	
53019	0	30224	
53020	0	30336	
53021	0	30052	
53022	0	30152	
53023	0	30000	
53024	0	29860	
53025	0	29168	
53026	0	28722	
53027	0	28548	
53028	0	28480	
53029	0	28560	
53030	0	28921	
53031	0	29552	
53032	0	30144	
53033	0	30616	
53034	0	30964	
53035	0	31084	
53036	0	31064	
53037	0	30482	
53038	0	29592	
53039	0	28984	
53040	0	28828	
53041	0	28796	
53042	0	28392	
53043	0	27840	
53044	0	27368	
53045	0	27232	
53046	0	27532	
53047	0	28172	
53048	0	29016	
53049	0	29324	
53050	0	29604	
53051	0	30072	
53052	0	30408	
53053	0	31380	
53054	0	32060	
53055	0	32004	
53056	0	31196	
53057	0	31548	
53058	0	32828	
53059	0	34876	
53060	0	36314	
53061	0	36900	
53062	0	36808	
53063	0	36028	
53064	0	35244	
53065	0	34648	
53066	0	33220	
53067	0	31732	
53068	0	31116	
53069	0	30624	
53070	0	29856	
53071	0	29292	
53072	0	29288	
53073	0	29460	
53074	0	29760	
53075	0	30716	
53076	0	31600	
53077	0	32388	
53078	0	33380	
53079	0	34572	
53080	0	35768	
53081	0	36784	
53082	0	37416	
53083	0	37050	
53084	0	36112	
53085	0	34764	
53086	0	33424	
53087	0	32108	
53088	0	31116	
53089	0	30360	
53090	0	30028	
53091	0	29612	
53092	0	29052	
53093	0	29004	
53094	0	29172	
53095	0	28954	
53096	0	28760	
53097	0	28576	
53098	0	28224	
53099	0	28480	
53100	0	29146	
53101	0	29818	
53102	0	30672	
53103	0	31552	
53104	0	32432	
53105	0	33032	
53106	0	32428	
53107	0	31756	
53108	0	31616	
53109	0	31340	
53110	0	30680	
53111	0	29968	
53112	0	29352	
53113	0	29464	
53114	0	30412	
53115	0	31160	
53116	0	31928	
53117	0	32836	
53118	0	33384	
53119	0	33472	
53120	0	33408	
53121	0	33112	
53122	0	33312	
53123	0	33520	
53124	0	33476	
53125	0	33116	
53126	0	32628	
53127	0	31952	
53128	0	31272	
53129	0	30460	
53130	0	30400	
53131	0	30696	
53132	0	31080	
53133	0	31260	
53134	0	30992	
53135	0	30896	
53136	0	30480	
53137	0	30240	
53138	0	30336	
53139	0	30644	
53140	0	31368	
53141	0	32288	
53142	0	33296	
53143	0	34208	
53144	0	34932	
53145	0	35336	
53146	0	35224	
53147	0	35296	
53148	0	35496	
53149	0	35368	
53150	0	35408	
53151	0	35792	
53152	0	36016	
53153	0	35932	
53154	0	34920	
53155	0	34120	
53156	0	33592	
53157	0	33196	
53158	0	33256	
53159	0	33404	
53160	0	33352	
53161	0	32952	
53162	0	32320	
53163	0	31828	
53164	0	31172	
53165	0	30920	
53166	0	30600	
53167	0	30256	
53168	0	30240	
53169	0	29984	
53170	0	29560	
53171	0	29568	
53172	0	29832	
53173	0	29880	
53174	0	29428	
53175	0	29164	
53176	0	29096	
53177	0	29112	
53178	0	28570	
53179	0	28120	
53180	0	28148	
53181	0	28572	
53182	0	29288	
53183	0	30248	
53184	0	30960	
53185	0	30897	
53186	0	30268	
53187	0	29512	
53188	0	27884	
53189	0	26688	
53190	0	26648	
53191	0	27580	
53192	0	28504	
53193	0	29032	
53194	0	29508	
53195	0	29856	
53196	0	30497	
53197	0	32128	
53198	0	35032	
53199	0	37456	
53200	0	38396	
53201	0	38320	
53202	0	36728	
53203	0	34172	
53204	0	31808	
53205	0	29656	
53206	0	28218	
53207	0	28292	
53208	0	29096	
53209	0	30548	
53210	0	32244	
53211	0	33592	
53212	0	34392	
53213	0	35184	
53214	0	35676	
53215	0	35672	
53216	0	35344	
53217	0	34600	
53218	0	33276	
53219	0	31756	
53220	0	30376	
53221	0	29308	
53222	0	29200	
53223	0	30260	
53224	0	31896	
53225	0	33376	
53226	0	34392	
53227	0	34884	
53228	0	34840	
53229	0	34540	
53230	0	33380	
53231	0	32404	
53232	0	32196	
53233	0	32232	
53234	0	32016	
53235	0	31432	
53236	0	30760	
53237	0	30012	
53238	0	29560	
53239	0	29800	
53240	0	30256	
53241	0	30504	
53242	0	30496	
53243	0	30204	
53244	0	30084	
53245	0	30368	
53246	0	31496	
53247	0	32984	
53248	0	34180	
53249	0	34684	
53250	0	34944	
53251	0	34160	
53252	0	33392	
53253	0	32460	
53254	0	31144	
53255	0	28944	
53256	0	27004	
53257	0	25596	
53258	0	24976	
53259	0	25576	
53260	0	27180	
53261	0	28816	
53262	0	30240	
53263	0	31672	
53264	0	33196	
53265	0	34200	
53266	0	35052	
53267	0	36160	
53268	0	36456	
53269	0	36260	
53270	0	35276	
53271	0	33608	
53272	0	32712	
53273	0	32186	
53274	0	32010	
53275	0	32624	
53276	0	33644	
53277	0	34304	
53278	0	34624	
53279	0	34906	
53280	0	35270	
53281	0	35936	
53282	0	36216	
53283	0	35776	
53284	0	35360	
53285	0	35444	
53286	0	36412	
53287	0	37536	
53288	0	37992	
53289	0	37964	
53290	0	37400	
53291	0	36764	
53292	0	36000	
53293	0	35300	
53294	0	34836	
53295	0	34176	
53296	0	33600	
53297	0	33128	
53298	0	32832	
53299	0	32816	
53300	0	32428	
53301	0	31936	
53302	0	31494	
53303	0	31160	
53304	0	30880	
53305	0	31360	
53306	0	31832	
53307	0	32192	
53308	0	33080	
53309	0	33732	
53310	0	33916	
53311	0	33704	
53312	0	33388	
53313	0	33560	
53314	0	33576	
53315	0	33136	
53316	0	32244	
53317	0	31076	
53318	0	30052	
53319	0	29848	
53320	0	30132	
53321	0	30624	
53322	0	31140	
53323	0	32208	
53324	0	33244	
53325	0	33832	
53326	0	34344	
53327	0	34356	
53328	0	33760	
53329	0	33064	
53330	0	32452	
53331	0	32600	
53332	0	33436	
53333	0	34860	
53334	0	36024	
53335	0	36452	
53336	0	36184	
53337	0	35260	
53338	0	34468	
53339	0	33584	
53340	0	33168	
53341	0	33420	
53342	0	33564	
53343	0	33320	
53344	0	32916	
53345	0	32560	
53346	0	32316	
53347	0	32180	
53348	0	32148	
53349	0	32528	
53350	0	32904	
53351	0	33232	
53352	0	33384	
53353	0	33300	
53354	0	33112	
53355	0	32744	
53356	0	32636	
53357	0	32472	
53358	0	32464	
53359	0	32792	
53360	0	33308	
53361	0	34072	
53362	0	35280	
53363	0	36288	
53364	0	36776	
53365	0	36424	
53366	0	35272	
53367	0	34280	
53368	0	34098	
53369	0	34524	
53370	0	34464	
53371	0	33930	
53372	0	32972	
53373	0	31416	
53374	0	30324	
53375	0	30056	
53376	0	30468	
53377	0	31080	
53378	0	31640	
53379	0	32588	
53380	0	33464	
53381	0	34000	
53382	0	33448	
53383	0	33084	
53384	0	33176	
53385	0	33004	
53386	0	33240	
53387	0	33640	
53388	0	33908	
53389	0	33744	
53390	0	33300	
53391	0	32400	
53392	0	31472	
53393	0	30612	
53394	0	30048	
53395	0	29608	
53396	0	29830	
53397	0	30472	
53398	0	31244	
53399	0	31908	
53400	0	32580	
53401	0	33112	
53402	0	33008	
53403	0	32916	
53404	0	32280	
53405	0	31476	
53406	0	30700	
53407	0	30600	
53408	0	30564	
53409	0	30556	
53410	0	30320	
53411	0	29656	
53412	0	29324	
53413	0	29756	
53414	0	30528	
53415	0	31376	
53416	0	32264	
53417	0	33580	
53418	0	35180	
53419	0	36144	
53420	0	36092	
53421	0	35296	
53422	0	34400	
53423	0	33736	
53424	0	33496	
53425	0	33028	
53426	0	32464	
53427	0	31748	
53428	0	31364	
53429	0	31048	
53430	0	30336	
53431	0	29540	
53432	0	29056	
53433	0	28412	
53434	0	28324	
53435	0	28544	
53436	0	29124	
53437	0	29988	
53438	0	30964	
53439	0	31500	
53440	0	31600	
53441	0	31544	
53442	0	31816	
53443	0	32068	
53444	0	32832	
53445	0	34304	
53446	0	36160	
53447	0	37072	
53448	0	37188	
53449	0	37064	
53450	0	37600	
53451	0	38492	
53452	0	38752	
53453	0	38216	
53454	0	37260	
53455	0	35976	
53456	0	34548	
53457	0	33580	
53458	0	33324	
53459	0	33120	
53460	0	33212	
53461	0	33384	
53462	0	34052	
53463	0	34848	
53464	0	35508	
53465	0	35944	
53466	0	35928	
53467	0	35088	
53468	0	34152	
53469	0	33744	
53470	0	33672	
53471	0	32940	
53472	0	32244	
53473	0	32202	
53474	0	31960	
53475	0	32032	
53476	0	32884	
53477	0	34160	
53478	0	35408	
53479	0	36100	
53480	0	36380	
53481	0	37024	
53482	0	37608	
53483	0	37696	
53484	0	37656	
53485	0	37416	
53486	0	36572	
53487	0	35412	
53488	0	34252	
53489	0	33504	
53490	0	33056	
53491	0	32576	
53492	0	32376	
53493	0	33348	
53494	0	34344	
53495	0	35392	
53496	0	35952	
53497	0	35656	
53498	0	35128	
53499	0	34512	
53500	0	33828	
53501	0	33568	
53502	0	33306	
53503	0	33370	
53504	0	33500	
53505	0	32888	
53506	0	31844	
53507	0	30640	
53508	0	29860	
53509	0	29696	
53510	0	29880	
53511	0	30384	
53512	0	30996	
53513	0	32342	
53514	0	33526	
53515	0	34100	
53516	0	35200	
53517	0	35856	
53518	0	35980	
53519	0	36260	
53520	0	36032	
53521	0	35400	
53522	0	34596	
53523	0	33920	
53524	0	33532	
53525	0	33568	
53526	0	34456	
53527	0	35904	
53528	0	36960	
53529	0	37748	
53530	0	38080	
53531	0	38256	
53532	0	38380	
53533	0	38540	
53534	0	38780	
53535	0	38836	
53536	0	38472	
53537	0	38064	
53538	0	37852	
53539	0	37776	
53540	0	37472	
53541	0	37304	
53542	0	36788	
53543	0	36324	
53544	0	36456	
53545	0	37264	
53546	0	38272	
53547	0	39088	
53548	0	40048	
53549	0	40716	
53550	0	40640	
53551	0	39940	
53552	0	38684	
53553	0	37608	
53554	0	36812	
53555	0	36624	
53556	0	36728	
53557	0	37024	
53558	0	36968	
53559	0	37220	
53560	0	37372	
53561	0	37548	
53562	0	37188	
53563	0	36172	
53564	0	35160	
53565	0	34356	
53566	0	33456	
53567	0	32604	
53568	0	31976	
53569	0	32088	
53570	0	33564	
53571	0	35600	
53572	0	37112	
53573	0	38068	
53574	0	38472	
53575	0	38536	
53576	0	38626	
53577	0	38592	
53578	0	38300	
53579	0	37176	
53580	0	35564	
53581	0	34384	
53582	0	34040	
53583	0	33576	
53584	0	33248	
53585	0	33512	
53586	0	33876	
53587	0	34200	
53588	0	34492	
53589	0	34776	
53590	0	35196	
53591	0	35904	
53592	0	36332	
53593	0	36888	
53594	0	36928	
53595	0	36576	
53596	0	36396	
53597	0	36496	
53598	0	36616	
53599	0	36420	
53600	0	35852	
53601	0	35312	
53602	0	35176	
53603	0	35536	
53604	0	36320	
53605	0	37036	
53606	0	37972	
53607	0	38644	
53608	0	38816	
53609	0	38692	
53610	0	38120	
53611	0	37512	
53612	0	37284	
53613	0	37552	
53614	0	38600	
53615	0	40324	
53616	0	41420	
53617	0	41000	
53618	0	39768	
53619	0	38232	
53620	0	36904	
53621	0	35992	
53622	0	35240	
53623	0	34332	
53624	0	33940	
53625	0	34200	
53626	0	35216	
53627	0	36756	
53628	0	38256	
53629	0	39264	
53630	0	39388	
53631	0	38792	
53632	0	38060	
53633	0	37136	
53634	0	35952	
53635	0	34826	
53636	0	33596	
53637	0	32568	
53638	0	32268	
53639	0	32568	
53640	0	33108	
53641	0	33194	
53642	0	33256	
53643	0	33560	
53644	0	34332	
53645	0	35652	
53646	0	36820	
53647	0	38040	
53648	0	39120	
53649	0	40328	
53650	0	41320	
53651	0	41456	
53652	0	41164	
53653	0	40756	
53654	0	39936	
53655	0	38620	
53656	0	37232	
53657	0	36428	
53658	0	36216	
53659	0	36292	
53660	0	36328	
53661	0	36624	
53662	0	36884	
53663	0	37324	
53664	0	37688	
53665	0	38392	
53666	0	39540	
53667	0	39940	
53668	0	40016	
53669	0	40432	
53670	0	40604	
53671	0	39856	
53672	0	38920	
53673	0	38248	
53674	0	37896	
53675	0	37588	
53676	0	37368	
53677	0	37064	
53678	0	36928	
53679	0	37380	
53680	0	37656	
53681	0	37660	
53682	0	37096	
53683	0	36708	
53684	0	36764	
53685	0	36928	
53686	0	37556	
53687	0	38420	
53688	0	39140	
53689	0	40144	
53690	0	40596	
53691	0	40020	
53692	0	38840	
53693	0	37600	
53694	0	36352	
53695	0	35876	
53696	0	35876	
53697	0	35904	
53698	0	35560	
53699	0	34664	
53700	0	34056	
53701	0	33336	
53702	0	32410	
53703	0	31440	
53704	0	30476	
53705	0	29852	
53706	0	28928	
53707	0	27924	
53708	0	26828	
53709	0	25372	
53710	0	24568	
53711	0	24320	
53712	0	25236	
53713	0	25788	
53714	0	26508	
53715	0	27922	
53716	0	29884	
53717	0	32144	
53718	0	34452	
53719	0	35964	
53720	0	36664	
53721	0	36736	
53722	0	36296	
53723	0	35808	
53724	0	35376	
53725	0	34916	
53726	0	34440	
53727	0	34232	
53728	0	34080	
53729	0	33700	
53730	0	33624	
53731	0	34156	
53732	0	34988	
53733	0	35596	
53734	0	35640	
53735	0	34368	
53736	0	31560	
53737	0	27673	
53738	0	24044	
53739	0	21602	
53740	0	21128	
53741	0	21900	
53742	0	23376	
53743	0	26036	
53744	0	28608	
53745	0	30392	
53746	0	31584	
53747	0	32424	
53748	0	32832	
53749	0	32968	
53750	0	33012	
53751	0	33076	
53752	0	33036	
53753	0	32680	
53754	0	32196	
53755	0	32004	
53756	0	31960	
53757	0	32072	
53758	0	32748	
53759	0	33064	
53760	0	33260	
53761	0	33376	
53762	0	33880	
53763	0	34184	
53764	0	34560	
53765	0	34612	
53766	0	33880	
53767	0	32620	
53768	0	31388	
53769	0	31036	
53770	0	31016	
53771	0	31024	
53772	0	30504	
53773	0	29268	
53774	0	28540	
53775	0	28568	
53776	0	28996	
53777	0	29908	
53778	0	30908	
53779	0	32372	
53780	0	34044	
53781	0	35536	
53782	0	36256	
53783	0	37036	
53784	0	37696	
53785	0	37336	
53786	0	36572	
53787	0	35866	
53788	0	35236	
53789	0	35092	
53790	0	34560	
53791	0	33544	
53792	0	32540	
53793	0	31568	
53794	0	30564	
53795	0	29528	
53796	0	28816	
53797	0	28326	
53798	0	28444	
53799	0	29324	
53800	0	30468	
53801	0	31300	
53802	0	31760	
53803	0	32296	
53804	0	32684	
53805	0	32724	
53806	0	32452	
53807	0	31904	
53808	0	31628	
53809	0	31916	
53810	0	32364	
53811	0	32428	
53812	0	32468	
53813	0	32704	
53814	0	33068	
53815	0	33280	
53816	0	32832	
53817	0	31948	
53818	0	31308	
53819	0	30768	
53820	0	30372	
53821	0	29736	
53822	0	29220	
53823	0	29200	
53824	0	29584	
53825	0	30112	
53826	0	30732	
53827	0	31328	
53828	0	31704	
53829	0	31800	
53830	0	31552	
53831	0	31248	
53832	0	31096	
53833	0	31500	
53834	0	32220	
53835	0	32976	
53836	0	33048	
53837	0	32408	
53838	0	31056	
53839	0	29900	
53840	0	28984	
53841	0	28864	
53842	0	28344	
53843	0	27924	
53844	0	28084	
53845	0	28600	
53846	0	28952	
53847	0	29412	
53848	0	29312	
53849	0	29172	
53850	0	29288	
53851	0	30084	
53852	0	30024	
53853	0	28856	
53854	0	27396	
53855	0	26636	
53856	0	27168	
53857	0	28584	
53858	0	29580	
53859	0	30448	
53860	0	30836	
53861	0	30770	
53862	0	30850	
53863	0	30700	
53864	0	30876	
53865	0	31440	
53866	0	31424	
53867	0	30928	
53868	0	29904	
53869	0	29016	
53870	0	28656	
53871	0	29028	
53872	0	29260	
53873	0	29028	
53874	0	28596	
53875	0	27956	
53876	0	27984	
53877	0	28384	
53878	0	28600	
53879	0	28656	
53880	0	29400	
53881	0	29988	
53882	0	30540	
53883	0	31108	
53884	0	31176	
53885	0	30812	
53886	0	30308	
53887	0	29596	
53888	0	29132	
53889	0	29940	
53890	0	31064	
53891	0	32480	
53892	0	33272	
53893	0	33336	
53894	0	33672	
53895	0	34128	
53896	0	34564	
53897	0	34520	
53898	0	34180	
53899	0	33540	
53900	0	32476	
53901	0	31144	
53902	0	30344	
53903	0	29872	
53904	0	29156	
53905	0	28024	
53906	0	27108	
53907	0	26360	
53908	0	26080	
53909	0	25544	
53910	0	24684	
53911	0	23692	
53912	0	22720	
53913	0	21748	
53914	0	21356	
53915	0	21872	
53916	0	23092	
53917	0	24736	
53918	0	26828	
53919	0	29112	
53920	0	31052	
53921	0	32600	
53922	0	33596	
53923	0	34476	
53924	0	34744	
53925	0	34888	
53926	0	35184	
53927	0	35872	
53928	0	36112	
53929	0	36260	
53930	0	36132	
53931	0	35752	
53932	0	35044	
53933	0	34308	
53934	0	33912	
53935	0	33588	
53936	0	33008	
53937	0	32020	
53938	0	30844	
53939	0	29868	
53940	0	29516	
53941	0	29440	
53942	0	29368	
53943	0	29464	
53944	0	29244	
53945	0	29114	
53946	0	30072	
53947	0	31960	
53948	0	34088	
53949	0	36088	
53950	0	36552	
53951	0	35712	
53952	0	34632	
53953	0	33704	
53954	0	32632	
53955	0	31636	
53956	0	30890	
53957	0	30200	
53958	0	29452	
53959	0	29492	
53960	0	30052	
53961	0	30772	
53962	0	32020	
53963	0	33564	
53964	0	35140	
53965	0	36128	
53966	0	36776	
53967	0	36744	
53968	0	36392	
53969	0	35940	
53970	0	35852	
53971	0	36208	
53972	0	36436	
53973	0	36464	
53974	0	35744	
53975	0	35060	
53976	0	35056	
53977	0	35480	
53978	0	35692	
53979	0	35204	
53980	0	35432	
53981	0	35416	
53982	0	34520	
53983	0	33896	
53984	0	33696	
53985	0	33676	
53986	0	33588	
53987	0	33600	
53988	0	34092	
53989	0	34604	
53990	0	35108	
53991	0	35732	
53992	0	36120	
53993	0	36024	
53994	0	35896	
53995	0	35616	
53996	0	35732	
53997	0	36032	
53998	0	35584	
53999	0	34732	
